gid,role,role_score,cluster_id,priority_score,evidence
100000000343175100,coordinator,1.0,11,0.9272808969491285,"coordinator: достижим от нескольких seed и связывает сообщества; in/out 178,712/4,000,039 KZT. входящие seed могут быть неполными."
100000000456947100,peripheral,0.85,17,0.0,peripheral: недостаточно наблюдаемых связей; in/out 0/0 KZT. ноль наблюдаемых связей.
100000000580561100,peripheral,0.35,23,0.5227418246167831,"peripheral: недостаточно наблюдаемых связей; in/out 27,980/1,488,077 KZT. входящие seed могут быть неполными."
100000001415126100,peripheral,0.6,49,0.3152616901378241,"peripheral: недостаточно наблюдаемых связей; in/out 27,000/0 KZT. входящие seed могут быть неполными."
100000001429930100,peripheral,0.6,12,0.3122245187869628,"peripheral: недостаточно наблюдаемых связей; in/out 26,000/0 KZT. входящие seed могут быть неполными."
100000001616816100,consolidator,0.725,2,0.8562520791381192,"consolidator: получает от 5 плательщиков; in/out 176,195/181,326 KZT. входящие seed могут быть неполными."
100000001732159100,peripheral,0.35,42,0.7641022748553539,"peripheral: недостаточно наблюдаемых связей; in/out 2,378,100/1,505,966 KZT. входящие seed могут быть неполными."
100000002527114100,distributor,0.999352,22,0.5700014500667554,"distributor: веер на 111 получателей; in/out 129,000/3,289,249 KZT. входящие seed могут быть неполными."
100000002916006100,peripheral,0.6,49,0.034582132564841495,"peripheral: недостаточно наблюдаемых связей; in/out 0/32,000 KZT. входящие seed могут быть неполными."
100000003016635100,coordinator,1.0,16,0.948856876758355,"coordinator: достижим от нескольких seed и связывает сообщества; in/out 586,981/9,414,081 KZT. входящие seed могут быть неполными."
100000003200071100,peripheral,0.6,61,0.034582132564841495,"peripheral: недостаточно наблюдаемых связей; in/out 0/30,000 KZT. входящие seed могут быть неполными."
100000003265658100,peripheral,0.85,63,0.0,peripheral: недостаточно наблюдаемых связей; in/out 0/0 KZT. ноль наблюдаемых связей.
100000003349739100,peripheral,0.85,64,0.0,peripheral: недостаточно наблюдаемых связей; in/out 0/0 KZT. ноль наблюдаемых связей.
100000003684369100,coordinator,1.0,3,0.9940251695452551,"coordinator: достижим от нескольких seed и связывает сообщества; in/out 3,848,436/8,588,655 KZT. входящие seed могут быть неполными."
100000003770083100,peripheral,0.85,67,0.0,peripheral: недостаточно наблюдаемых связей; in/out 0/0 KZT. ноль наблюдаемых связей.
100000003975102100,peripheral,0.35,16,0.3494821644289471,"peripheral: недостаточно наблюдаемых связей; in/out 25,650/88,500 KZT. входящие seed могут быть неполными."
100000003977183100,peripheral,0.35,2,0.5662221542256571,"peripheral: недостаточно наблюдаемых связей; in/out 123,800/766,000 KZT. входящие seed могут быть неполными."
100000004007116100,consolidator,0.165,34,0.5909384544639849,"consolidator: получает от 3 плательщиков; in/out 764,704/148,000 KZT. входящие seed могут быть неполными."
100000004019124100,consolidator,0.615,16,0.6303964207137949,"consolidator: получает от 3 плательщиков; in/out 193,000/0 KZT. входящие seed могут быть неполными."
100000004021459100,peripheral,0.85,69,0.0,peripheral: недостаточно наблюдаемых связей; in/out 0/0 KZT. ноль наблюдаемых связей.
100000004041163100,peripheral,0.35,49,0.5293847297710491,"peripheral: недостаточно наблюдаемых связей; in/out 50,000/866,000 KZT. входящие seed могут быть неполными."
100000004174835100,peripheral,0.85,72,0.0,peripheral: недостаточно наблюдаемых связей; in/out 0/0 KZT. ноль наблюдаемых связей.
100000004193835100,peripheral,0.35,16,0.43902428477851346,"peripheral: недостаточно наблюдаемых связей; in/out 47,000/5,000 KZT. входящие seed могут быть неполными."
100000004269433100,peripheral,0.6,4,0.034582132564841495,"peripheral: недостаточно наблюдаемых связей; in/out 0/1,372,000 KZT. входящие seed могут быть неполными."
100000004358004100,distributor,0.716837,3,0.13811239193083574,"distributor: веер на 11 получателей; in/out 0/980,850 KZT. входящие seed могут быть неполными."
100000004388983100,peripheral,0.6,73,0.08396974063400577,"peripheral: недостаточно наблюдаемых связей; in/out 0/450,816 KZT. входящие seed могут быть неполными."
100000004714705100,peripheral,0.6,49,0.034582132564841495,"peripheral: недостаточно наблюдаемых связей; in/out 0/36,550 KZT. входящие seed могут быть неполными."
100000004723755100,peripheral,0.6,3,0.034582132564841495,"peripheral: недостаточно наблюдаемых связей; in/out 0/95,000 KZT. входящие seed могут быть неполными."
100000004813068100,peripheral,0.6,21,0.10677233429394813,"peripheral: недостаточно наблюдаемых связей; in/out 0/297,000 KZT. входящие seed могут быть неполными."
100000004971871100,peripheral,0.35,52,0.21887497028016334,"peripheral: недостаточно наблюдаемых связей; in/out 25,400/5,650 KZT. входящие seed могут быть неполными."
100000005017150100,peripheral,0.85,75,0.0,peripheral: недостаточно наблюдаемых связей; in/out 0/0 KZT. ноль наблюдаемых связей.
100000005087431100,peripheral,0.85,76,0.0,peripheral: недостаточно наблюдаемых связей; in/out 0/0 KZT. ноль наблюдаемых связей.
100000005235389100,peripheral,0.85,77,0.0,peripheral: недостаточно наблюдаемых связей; in/out 0/0 KZT. ноль наблюдаемых связей.
100000005264990100,peripheral,0.35,49,0.46141578963500934,"peripheral: недостаточно наблюдаемых связей; in/out 17,070/122,000 KZT. входящие seed могут быть неполными."
100000005370580100,peripheral,0.6,12,0.30719278714598364,"peripheral: недостаточно наблюдаемых связей; in/out 24,075/0 KZT. входящие seed могут быть неполными."
100000005382566100,consolidator,0.835,49,0.7803664066789178,"consolidator: получает от 7 плательщиков; in/out 393,066/50,000 KZT. входящие seed могут быть неполными."
100000005386383100,peripheral,0.35,49,0.5870644135694607,"peripheral: недостаточно наблюдаемых связей; in/out 37,500/29,000 KZT. входящие seed могут быть неполными."
100000005392290100,peripheral,0.6,68,0.034582132564841495,"peripheral: недостаточно наблюдаемых связей; in/out 0/81,465 KZT. входящие seed могут быть неполными."
100000005395727100,peripheral,0.6,4,0.32237299300361244,"peripheral: недостаточно наблюдаемых связей; in/out 17,000/0 KZT. входящие seed могут быть неполными."
100000005409680100,peripheral,0.6,43,0.5474756784582044,"peripheral: недостаточно наблюдаемых связей; in/out 55,060/0 KZT. входящие seed могут быть неполными."
100000005417257100,peripheral,0.6,49,0.08396974063400577,"peripheral: недостаточно наблюдаемых связей; in/out 0/106,000 KZT. входящие seed могут быть неполными."
100000005454368100,peripheral,0.6,12,0.47926894308433365,"peripheral: недостаточно наблюдаемых связей; in/out 48,600/0 KZT. входящие seed могут быть неполными."
100000005480435100,peripheral,0.85,78,0.0,peripheral: недостаточно наблюдаемых связей; in/out 0/0 KZT. ноль наблюдаемых связей.
100000005485830100,peripheral,0.6,55,0.12438760806916425,"peripheral: недостаточно наблюдаемых связей; in/out 0/275,885 KZT. входящие seed могут быть неполными."
100000005493505100,consolidator,0.615,3,0.5875236038366701,"consolidator: получает от 3 плательщиков; in/out 62,020/0 KZT. входящие seed могут быть неполными."
100000005495722100,peripheral,0.85,79,0.0,peripheral: недостаточно наблюдаемых связей; in/out 0/0 KZT. ноль наблюдаемых связей.
100000005498992100,distributor,0.866333,5,0.14211095100864554,"distributor: веер на 16 получателей; in/out 0/2,262,868 KZT. входящие seed могут быть неполными."
100000005519347100,peripheral,0.35,16,0.5922119361363731,"peripheral: недостаточно наблюдаемых связей; in/out 73,100/99,000 KZT. входящие seed могут быть неполными."
100000005523088100,peripheral,0.6,49,0.5084014603236933,"peripheral: недостаточно наблюдаемых связей; in/out 700,000/0 KZT. входящие seed могут быть неполными."
100000005543136100,peripheral,0.6,3,0.034582132564841495,"peripheral: недостаточно наблюдаемых связей; in/out 0/10,000 KZT. входящие seed могут быть неполными."
100000005550592100,peripheral,0.85,80,0.0,peripheral: недостаточно наблюдаемых связей; in/out 0/0 KZT. ноль наблюдаемых связей.
100000005560900100,peripheral,0.85,81,0.0,peripheral: недостаточно наблюдаемых связей; in/out 0/0 KZT. ноль наблюдаемых связей.
100000005568407100,peripheral,0.85,82,0.0,peripheral: недостаточно наблюдаемых связей; in/out 0/0 KZT. ноль наблюдаемых связей.
100000005668605100,consolidator,0.615,49,0.6052509616836207,"consolidator: получает от 3 плательщиков; in/out 94,500/0 KZT. входящие seed могут быть неполными."
100000005744674100,peripheral,0.6,49,0.034582132564841495,"peripheral: недостаточно наблюдаемых связей; in/out 0/50,066 KZT. входящие seed могут быть неполными."
100000006232815100,peripheral,0.35,27,0.39245197796943626,"peripheral: недостаточно наблюдаемых связей; in/out 160,000/296,500 KZT. входящие seed могут быть неполными."
100000006249740100,peripheral,0.6,83,0.10677233429394813,"peripheral: недостаточно наблюдаемых связей; in/out 0/93,007 KZT. входящие seed могут быть неполными."
100000006831291100,peripheral,0.6,83,0.034582132564841495,"peripheral: недостаточно наблюдаемых связей; in/out 0/15,000 KZT. входящие seed могут быть неполными."
100000006866783100,coordinator,1.0,0,0.9536234929727708,"coordinator: достижим от нескольких seed и связывает сообщества; in/out 838,812/3,948,037 KZT. входящие seed могут быть неполными."
100000007018630100,peripheral,0.6,37,0.034582132564841495,"peripheral: недостаточно наблюдаемых связей; in/out 0/200,000 KZT. входящие seed могут быть неполными."
100000007747786100,distributor,0.989625,2,0.14654178674351584,"distributor: веер на 31 получателей; in/out 0/4,238,009 KZT. входящие seed могут быть неполными."
100000007982728100,peripheral,0.6,2,0.13422190201729106,"peripheral: недостаточно наблюдаемых связей; in/out 0/1,804,384 KZT. входящие seed могут быть неполными."
100000008117324100,peripheral,0.85,86,0.0,peripheral: недостаточно наблюдаемых связей; in/out 0/0 KZT. ноль наблюдаемых связей.
100000008205000100,peripheral,0.85,87,0.0,peripheral: недостаточно наблюдаемых связей; in/out 0/0 KZT. ноль наблюдаемых связей.
100000008314203100,peripheral,0.35,42,0.6808214281072466,"peripheral: недостаточно наблюдаемых связей; in/out 382,076/327,000 KZT. входящие seed могут быть неполными."
100000008418835100,peripheral,0.35,4,0.48820764833263813,"peripheral: недостаточно наблюдаемых связей; in/out 1,372,000/186,179 KZT. входящие seed могут быть неполными."
100000008513251100,peripheral,0.85,88,0.0,peripheral: недостаточно наблюдаемых связей; in/out 0/0 KZT. ноль наблюдаемых связей.
100000008516839100,consolidator,0.5025,49,0.5910719957234674,"consolidator: получает от 3 плательщиков; in/out 155,000/0 KZT. входящие seed могут быть неполными."
100000008522127100,peripheral,0.6,59,0.034582132564841495,"peripheral: недостаточно наблюдаемых связей; in/out 0/145,000 KZT. входящие seed могут быть неполными."
100000008571433100,peripheral,0.35,58,0.5154067306612043,"peripheral: недостаточно наблюдаемых связей; in/out 350,000/1,434,000 KZT. входящие seed могут быть неполными."
100000008575624100,peripheral,0.6,71,0.10677233429394813,"peripheral: недостаточно наблюдаемых связей; in/out 0/89,500 KZT. входящие seed могут быть неполными."
100000008601794100,peripheral,0.35,39,0.4753119603073619,"peripheral: недостаточно наблюдаемых связей; in/out 494,400/871,400 KZT. входящие seed могут быть неполными."
100000008637537100,consolidator,0.615,42,0.8635442502861508,"consolidator: получает от 3 плательщиков; in/out 619,890/2,351,495 KZT. входящие seed могут быть неполными."
100000008650785100,peripheral,0.35,16,0.678791096887945,"peripheral: недостаточно наблюдаемых связей; in/out 92,000/120,120 KZT. входящие seed могут быть неполными."
100000008654653100,peripheral,0.6,16,0.034582132564841495,"peripheral: недостаточно наблюдаемых связей; in/out 0/54,000 KZT. входящие seed могут быть неполными."
100000008659445100,consolidator,0.165,9,0.5407117998855624,"consolidator: получает от 3 плательщиков; in/out 138,490/875,150 KZT. входящие seed могут быть неполными."
100000008669037100,peripheral,0.85,89,0.0,peripheral: недостаточно наблюдаемых связей; in/out 0/0 KZT. ноль наблюдаемых связей.
100000008673001100,peripheral,0.6,49,0.2927361023002037,"peripheral: недостаточно наблюдаемых связей; in/out 80,000/0 KZT. входящие seed могут быть неполными."
100000008680731100,distributor,0.988329,8,0.1461095100864553,"distributor: веер на 27 получателей; in/out 0/1,464,354 KZT. входящие seed могут быть неполными."
100000008701222100,peripheral,0.85,90,0.0,peripheral: недостаточно наблюдаемых связей; in/out 0/0 KZT. ноль наблюдаемых связей.
100000008738325100,peripheral,0.35,49,0.3175922898139986,"peripheral: недостаточно наблюдаемых связей; in/out 36,550/54,000 KZT. входящие seed могут быть неполными."
100000003134937100,terminal,0.602017,16,0.27002143628469627,"terminal: возможный конечный получатель в наблюдаемом графе; in/out 10,286/0 KZT."
100000005074393100,consolidator,0.67,12,0.9407644374325074,"consolidator: получает от 4 плательщиков; in/out 563,026/685,500 KZT."
100000001924185100,terminal,0.880054,11,0.6016957845960682,"terminal: возможный конечный получатель в наблюдаемом графе; in/out 151,000/0 KZT."
100000004070318100,coordinator,1.0,0,0.8596474292509921,"coordinator: достижим от нескольких seed и связывает сообщества; in/out 207,247/551,860 KZT."
100000005807278100,terminal,0.58019,55,0.18638977410437413,"terminal: возможный конечный получатель в наблюдаемом графе; in/out 8,385/0 KZT."
100000003377795100,terminal,0.573969,2,0.18362458824761982,"terminal: возможный конечный получатель в наблюдаемом графе; in/out 7,000/0 KZT."
100000004330371100,peripheral,0.35,16,0.6619896199002937,"peripheral: недостаточно наблюдаемых связей; in/out 264,171/90,681 KZT."
100000008165763100,distributor,0.896102,3,0.967153130524203,"distributor: веер на 17 получателей; in/out 1,165,815/1,267,858 KZT."
100000001684867100,terminal,0.719515,16,0.3222426511532366,"terminal: возможный конечный получатель в наблюдаемом графе; in/out 30,550/0 KZT."
100000003900547100,terminal,0.681777,16,0.3054702123499728,"terminal: возможный конечный получатель в наблюдаемом графе; in/out 23,700/0 KZT."
100000006656003100,peripheral,0.35,22,0.25673799914428364,"peripheral: недостаточно наблюдаемых связей; in/out 20,000/9,000 KZT."
100000008237827100,terminal,0.745626,3,0.3918546449133268,"terminal: возможный конечный получатель в наблюдаемом графе; in/out 40,001/0 KZT."
100000003014659100,terminal,0.930236,11,0.4830482792813379,"terminal: возможный конечный получатель в наблюдаемом графе; in/out 280,000/0 KZT."
100000007939160100,peripheral,0.35,23,0.47731534665922815,"peripheral: недостаточно наблюдаемых связей; in/out 795,000/14,300 KZT."
100000007274584100,terminal,0.738996,3,0.3889081353938345,"terminal: возможный конечный получатель в наблюдаемом графе; in/out 38,000/0 KZT."
100000001524952100,terminal,0.849048,0,0.30588206784870775,"terminal: возможный конечный получатель в наблюдаемом графе; in/out 103,807/0 KZT."
100000003131693100,terminal,0.945331,3,0.4806125778235716,"terminal: возможный конечный получатель в наблюдаемом графе; in/out 353,277/0 KZT."
100000008383405100,terminal,0.69065,21,0.23548315579068418,"terminal: возможный конечный получатель в наблюдаемом графе; in/out 25,000/0 KZT."
100000008736173100,terminal,0.720739,22,0.24885577591761077,"terminal: возможный конечный получатель в наблюдаемом графе; in/out 31,060/0 KZT."
100000002861485100,terminal,0.709927,16,0.3179815450788939,"terminal: возможный конечный получатель в наблюдаемом графе; in/out 29,323/0 KZT."
100000008745474100,terminal,0.74685,22,0.2604604903328419,"terminal: возможный конечный получатель в наблюдаемом графе; in/out 40,559/0 KZT."
100000008691330100,terminal,0.67117,22,0.2268249508949453,"terminal: возможный конечный получатель в наблюдаемом графе; in/out 21,440/0 KZT."
100000007639767100,coordinator,1.0,0,0.8223371798292864,"coordinator: достижим от нескольких seed и связывает сообщества; in/out 90,913/822,244 KZT."
100000002921047100,peripheral,0.35,2,0.6557060617504082,"peripheral: недостаточно наблюдаемых связей; in/out 338,000/163,000 KZT."
100000004783447100,terminal,0.700442,22,0.2398349236963959,"terminal: возможный конечный получатель в наблюдаемом графе; in/out 26,200/0 KZT."
100000008696919100,terminal,0.723187,22,0.24994371789403869,"terminal: возможный конечный получатель в наблюдаемом графе; in/out 31,945/0 KZT."
100000008736940100,consolidator,0.2775,9,0.6226498690510875,"consolidator: получает от 3 плательщиков; in/out 451,090/182,100 KZT."
100000005940652100,terminal,0.580496,42,0.3184638924201264,"terminal: возможный конечный получатель в наблюдаемом графе; in/out 8,395/0 KZT."
100000004180097100,consolidator,0.2775,0,0.7079496443674185,"consolidator: получает от 3 плательщиков; in/out 104,854/47,800 KZT."
100000005539201100,peripheral,0.35,16,0.458633536526624,"peripheral: недостаточно наблюдаемых связей; in/out 45,504/25,000 KZT."
100000005620225100,terminal,0.76888,0,0.40665269341534416,"terminal: возможный конечный получатель в наблюдаемом графе; in/out 49,846/0 KZT."
100000004388353100,terminal,0.798255,11,0.563611545813098,"terminal: возможный конечный получатель в наблюдаемом графе; in/out 62,960/0 KZT."
100000007442518100,consolidator,0.725,33,0.931546657805914,"consolidator: получает от 5 плательщиков; in/out 510,000/4,419,999 KZT."
100000000267734100,peripheral,0.35,2,0.5937902747039963,"peripheral: недостаточно наблюдаемых связей; in/out 180,000/282,000 KZT."
100000001987030100,peripheral,0.35,4,0.6200007718296388,"peripheral: недостаточно наблюдаемых связей; in/out 30,864/19,000 KZT."
100000002603478100,terminal,0.678819,8,0.23022476957128257,"terminal: возможный конечный получатель в наблюдаемом графе; in/out 23,500/0 KZT."
100000001380054100,peripheral,0.35,27,0.5554921174645054,"peripheral: недостаточно наблюдаемых связей; in/out 127,050/360,000 KZT."
100000002992171100,terminal,0.621192,22,0.20461280220954184,"terminal: возможный конечный получатель в наблюдаемом графе; in/out 14,627/0 KZT."
100000002781227100,transit,0.722071,59,0.5711766142913414,"transit: наблюдаемый pass-through 1.11; in/out 191,168/212,420 KZT."
100000008745643100,terminal,0.66709,22,0.22501171426756542,"terminal: возможный конечный получатель в наблюдаемом графе; in/out 20,313/0 KZT."
100000002836736100,terminal,0.968178,2,0.6051019141278191,"terminal: возможный конечный получатель в наблюдаемом графе; in/out 509,000/0 KZT."
100000004188160100,peripheral,0.35,16,0.6671141822151158,"peripheral: недостаточно наблюдаемых связей; in/out 87,862/133,846 KZT."
100000004841728100,terminal,0.78112,22,0.2756916780028329,"terminal: возможный конечный получатель в наблюдаемом графе; in/out 52,208/0 KZT."
100000001554432100,terminal,0.785403,3,0.40953370203028056,"terminal: возможный конечный получатель в наблюдаемом графе; in/out 53,920/0 KZT."
100000008768896100,terminal,0.762251,22,0.267305458601201,"terminal: возможный конечный получатель в наблюдаемом графе; in/out 47,060/0 KZT."
100000008232832100,peripheral,0.35,42,0.5135627974237711,"peripheral: недостаточно наблюдаемых связей; in/out 337,000/138,000 KZT."
100000002864256100,terminal,0.868223,3,0.44634240556609195,"terminal: возможный конечный получатель в наблюдаемом графе; in/out 135,780/0 KZT."
100000001929088100,terminal,0.952471,2,0.5621791878712783,"terminal: возможный конечный получатель в наблюдаемом графе; in/out 396,010/0 KZT."
100000002794197100,terminal,0.718699,2,0.2479491576039208,"terminal: возможный конечный получатель в наблюдаемом графе; in/out 30,100/0 KZT."
100000005669845100,terminal,0.660664,27,0.2221558665794421,"terminal: возможный конечный получатель в наблюдаемом графе; in/out 20,000/0 KZT."
100000002211413100,terminal,0.736344,22,0.25579140601733874,"terminal: возможный конечный получатель в наблюдаемом графе; in/out 37,000/0 KZT."
100000002784085100,terminal,0.904635,5,0.3305874168967585,"terminal: возможный конечный получатель в наблюдаемом графе; in/out 200,000/0 KZT."
100000008782421100,terminal,0.768472,22,0.27007064445795526,"terminal: возможный конечный получатель в наблюдаемом графе; in/out 49,680/0 KZT."
100000003739818100,terminal,0.791115,3,0.41207223330861237,"terminal: возможный конечный получатель в наблюдаемом графе; in/out 57,293/0 KZT."
100000002214570100,terminal,0.701972,22,0.24051488743166335,"terminal: возможный конечный получатель в наблюдаемом графе; in/out 26,471/0 KZT."
100000006443391100,consolidator,0.2775,5,0.5406450995071922,"consolidator: получает от 3 плательщиков; in/out 86,776/60,042 KZT."
100000005473151100,consolidator,0.39,18,0.8498423358588549,"consolidator: получает от 3 плательщиков; in/out 1,220,000/225,000 KZT."
100000005124479100,peripheral,0.35,0,0.7685068424829627,"peripheral: недостаточно наблюдаемых связей; in/out 137,753/22,000 KZT."
100000005527892100,consolidator,0.615,35,0.8620726938027847,"consolidator: получает от 3 плательщиков; in/out 220,001/552,419 KZT."
100000008028628100,terminal,0.790911,22,0.2800434459085446,"terminal: возможный конечный получатель в наблюдаемом графе; in/out 57,224/0 KZT."
100000001953577100,terminal,0.632004,22,0.2094178792720985,"terminal: возможный конечный получатель в наблюдаемом графе; in/out 15,600/0 KZT."
100000008193577100,peripheral,0.35,9,0.581176294231562,"peripheral: недостаточно наблюдаемых связей; in/out 154,300/480,180 KZT."
100000008753193100,terminal,0.732774,22,0.2542048239683814,"terminal: возможный конечный получатель в наблюдаемом графе; in/out 35,225/0 KZT."
100000008746025100,terminal,0.672801,22,0.22755024554589726,"terminal: возможный конечный получатель в наблюдаемом графе; in/out 22,000/0 KZT."
100000002934441100,terminal,0.796419,0,0.4188920406501584,"terminal: возможный конечный получатель в наблюдаемом графе; in/out 60,846/0 KZT."
100000003701161100,consolidator,0.5575,29,0.8855481713197925,"consolidator: получает от 4 плательщиков; in/out 1,527,103/349,000 KZT."
100000006707582100,distributor,0.80647,11,0.5350845833879366,"distributor: веер на 14 получателей; in/out 39,520/961,138 KZT."
100000003239379100,terminal,0.833341,8,0.2989011068332953,"terminal: возможный конечный получатель в наблюдаемом графе; in/out 92,500/0 KZT."
100000000979923100,terminal,0.839155,11,0.44256777157508226,"terminal: возможный конечный получатель в наблюдаемом графе; in/out 97,900/0 KZT."
100000001111763100,terminal,0.640265,22,0.21308968344254275,"terminal: возможный конечный получатель в наблюдаемом графе; in/out 17,144/0 KZT."
100000003865939100,terminal,0.821102,68,0.29346139695115564,"terminal: возможный конечный получатель в наблюдаемом графе; in/out 81,465/0 KZT."
100000002858835100,terminal,0.686061,22,0.23344326458488182,"terminal: возможный конечный получатель в наблюдаемом графе; in/out 24,400/0 KZT."
100000003404627100,consolidator,0.67,42,0.6785151877128883,"consolidator: получает от 4 плательщиков; in/out 877,700/0 KZT."
100000008691027100,terminal,0.644549,22,0.2149935819012916,"terminal: возможный конечный получатель в наблюдаемом графе; in/out 17,534/0 KZT."
100000004071080100,consolidator,0.72,0,0.7015408438350172,"consolidator: получает от 9 плательщиков; in/out 238,600/46,500 KZT."
100000002864680100,terminal,0.789687,8,0.2794994749203306,"terminal: возможный конечный получатель в наблюдаемом графе; in/out 55,932/0 KZT."
100000001330685100,consolidator,0.5025,10,0.7048221088945605,"consolidator: получает от 3 плательщиков; in/out 2,435,923/100,500 KZT."
100000008745725100,terminal,0.762251,22,0.267305458601201,"terminal: возможный конечный получатель в наблюдаемом графе; in/out 47,060/0 KZT."
100000002621949100,terminal,0.885562,3,0.45404866123245646,"terminal: возможный конечный получатель в наблюдаемом графе; in/out 164,612/0 KZT."
100000007908818100,consolidator,0.67,3,0.9426234604009006,"consolidator: получает от 4 плательщиков; in/out 727,475/302,000 KZT."
100000008691495100,terminal,0.703808,22,0.24133084391398427,"terminal: возможный конечный получатель в наблюдаемом графе; in/out 27,000/0 KZT."
100000003832231100,terminal,0.731346,3,0.3855083167174972,"terminal: возможный конечный получатель в наблюдаемом графе; in/out 35,000/0 KZT."
100000002371751100,peripheral,0.35,37,0.3651695494616,"peripheral: недостаточно наблюдаемых связей; in/out 200,000/250,000 KZT."
100000002894076100,consolidator,0.67,2,0.6843307440952254,"consolidator: получает от 4 плательщиков; in/out 1,122,782/0 KZT."
100000001362940100,terminal,0.820592,3,0.42517286794143194,"terminal: возможный конечный получатель в наблюдаемом графе; in/out 81,000/0 KZT."
100000008741372100,terminal,0.734202,22,0.2548394567879644,"terminal: возможный конечный получатель в наблюдаемом графе; in/out 35,975/0 KZT."
100000002618492100,terminal,0.933908,11,0.6239016636734789,"terminal: возможный конечный получатель в наблюдаемом графе; in/out 296,500/0 KZT."
100000002750332100,terminal,0.605689,5,0.19772250302549835,"terminal: возможный конечный получатель в наблюдаемом графе; in/out 11,360/0 KZT."
100000004948177100,consolidator,0.39,16,0.5888111008359203,"consolidator: получает от 3 плательщиков; in/out 437,163/0 KZT."
100000002511825100,terminal,0.801417,0,0.28471253022404774,"terminal: возможный конечный получатель в наблюдаемом графе; in/out 65,000/0 KZT."
100000008566737100,terminal,0.914733,0,0.6034140284128735,"terminal: возможный конечный получатель в наблюдаемом графе; in/out 230,000/0 KZT."
100000008661585100,terminal,0.750725,22,0.2621830651288528,"terminal: возможный конечный получатель в наблюдаемом графе; in/out 43,141/0 KZT."
100000004759121100,consolidator,0.6675,0,0.8356072395306372,"consolidator: получает от 6 плательщиков; in/out 710,000/312,000 KZT."
100000004360785100,terminal,0.836197,16,0.374101218696301,"terminal: возможный конечный получатель в наблюдаемом графе; in/out 94,705/0 KZT."
100000005092518100,terminal,0.697994,22,0.23874698171996797,"terminal: возможный конечный получатель в наблюдаемом графе; in/out 26,144/0 KZT."
100000008737958100,terminal,0.78418,22,0.4134523307680187,"terminal: возможный конечный получатель в наблюдаемом графе; in/out 53,373/0 KZT."
100000003044518100,terminal,0.728694,2,0.25239158734100153,"terminal: возможный конечный получатель в наблюдаемом графе; in/out 34,423/0 KZT."
100000004159526100,consolidator,0.5575,40,0.8489156297372964,"consolidator: получает от 4 плательщиков; in/out 275,037/68,000 KZT."
100000007544358100,transit,0.786822,16,0.618676354532852,"transit: наблюдаемый pass-through 1.09; in/out 322,500/350,000 KZT."
100000005901606100,terminal,0.73359,22,0.2545674712938574,"terminal: возможный конечный получатель в наблюдаемом графе; in/out 35,660/0 KZT."
100000006658598100,terminal,0.58325,16,0.26168054779874883,"terminal: возможный конечный получатель в наблюдаемом графе; in/out 9,000/0 KZT."
100000002793851100,terminal,0.605077,16,0.27138136375523114,"terminal: возможный конечный получатель в наблюдаемом графе; in/out 11,052/0 KZT."
100000005612411100,consolidator,0.5025,3,0.8349489393269462,"consolidator: получает от 3 плательщиков; in/out 115,500/506,997 KZT."
100000007511163100,peripheral,0.35,16,0.7092701196661134,"peripheral: недостаточно наблюдаемых связей; in/out 63,666/82,052 KZT."
100000002648315100,peripheral,0.35,2,0.397648725980447,"peripheral: недостаточно наблюдаемых связей; in/out 132,000/76,000 KZT."
100000004739664100,transit,0.583333,22,0.23321125390402977,"transit: наблюдаемый pass-through 0.83; in/out 12,000/10,000 KZT."
100000003713616100,terminal,0.633432,16,0.2839833583155213,"terminal: возможный конечный получатель в наблюдаемом графе; in/out 15,893/0 KZT."
100000003476560100,terminal,0.77296,3,0.40400333031677194,"terminal: возможный конечный получатель в наблюдаемом графе; in/out 50,000/0 KZT."
100000008782800100,terminal,0.751133,22,0.26236438879159085,"terminal: возможный конечный получатель в наблюдаемом графе; in/out 43,381/0 KZT."
100000004218576100,terminal,0.697994,22,0.23874698171996797,"terminal: возможный конечный получатель в наблюдаемом графе; in/out 26,144/0 KZT."
100000003299365100,transit,1.0,3,0.4971076750302988,"transit: наблюдаемый pass-through 1.00; in/out 200,000/200,000 KZT."
100000008730021100,terminal,0.815186,4,0.36476305006529464,"terminal: возможный конечный получатель в наблюдаемом графе; in/out 75,555/0 KZT."
100000002757797100,terminal,0.84354,8,0.3034341984017449,"terminal: возможный конечный получатель в наблюдаемом графе; in/out 100,000/0 KZT."
100000002845605100,terminal,0.791727,0,0.28040609323402055,"terminal: возможный конечный получатель в наблюдаемом графе; in/out 57,567/0 KZT."
100000000817146100,terminal,0.808862,16,0.4199598126377148,"terminal: возможный конечный получатель в наблюдаемом графе; in/out 70,020/0 KZT."
100000002957306100,terminal,0.952675,11,0.6339713965634299,"terminal: возможный конечный получатель в наблюдаемом графе; in/out 398,490/0 KZT."
100000008188026100,peripheral,0.35,4,0.7257185036226612,"peripheral: недостаточно наблюдаемых связей; in/out 86,468/337,983 KZT."
100000004790991100,terminal,0.91922,16,0.4110005840634814,"terminal: возможный конечный получатель в наблюдаемом графе; in/out 239,413/0 KZT."
100000002973903100,consolidator,0.615,8,0.591695986708431,"consolidator: получает от 3 плательщиков; in/out 92,880/0 KZT."
100000004325327100,transit,0.971158,0,0.6031530288203684,"transit: наблюдаемый pass-through 0.99; in/out 70,817/70,000 KZT."
100000001477796100,terminal,0.894436,3,0.3260543253283089,"terminal: возможный конечный получатель в наблюдаемом графе; in/out 182,000/0 KZT."
100000007536804100,peripheral,0.35,2,0.38740393903575066,"peripheral: недостаточно наблюдаемых связей; in/out 100,000/55,000 KZT."
100000008665380100,peripheral,0.35,0,0.5590208694920542,"peripheral: недостаточно наблюдаемых связей; in/out 69,100/18,200 KZT."
100000001870116100,terminal,0.683715,22,0.2324006535241384,"terminal: возможный конечный получатель в наблюдаемом графе; in/out 24,000/0 KZT."
100000001074553100,terminal,0.708296,5,0.4536569757225929,"terminal: возможный конечный получатель в наблюдаемом графе; in/out 28,971/0 KZT."
100000000978041100,terminal,0.752765,22,0.2630896834425428,"terminal: возможный конечный получатель в наблюдаемом графе; in/out 44,445/0 KZT."
100000002603769100,consolidator,0.5025,0,0.6397120682529325,"consolidator: получает от 3 плательщиков; in/out 1,185,368/0 KZT."
100000005034574100,terminal,0.924728,73,0.3395176072866044,"terminal: возможный конечный получатель в наблюдаемом графе; in/out 258,816/0 KZT."
100000002958286100,terminal,0.924524,5,0.33942694545523544,"terminal: возможный конечный получатель в наблюдаемом графе; in/out 257,000/0 KZT."
100000005634552100,peripheral,0.35,0,0.5020671357093157,"peripheral: недостаточно наблюдаемых связей; in/out 25,850/1,196,000 KZT."
100000008736760100,terminal,0.786831,22,0.2782302092811647,"terminal: возможный конечный получатель в наблюдаемом графе; in/out 54,757/0 KZT."
100000008701944100,terminal,0.780916,4,0.34953186239530376,"terminal: возможный конечный получатель в наблюдаемом графе; in/out 52,124/0 KZT."
100000008748408100,distributor,0.983141,2,0.493508164869931,"distributor: веер на 21 получателей; in/out 360,000/1,499,960 KZT."
100000008486520100,peripheral,0.35,16,0.39097916504962443,"peripheral: недостаточно наблюдаемых связей; in/out 35,720/14,000 KZT."
100000003163256100,transit,0.719132,16,0.33857662651834614,"transit: наблюдаемый pass-through 1.11; in/out 13,485/15,000 KZT."
100000003102157100,terminal,0.837829,0,0.3008956671234131,"terminal: возможный конечный получатель в наблюдаемом графе; in/out 96,746/0 KZT."
100000004741837100,terminal,0.695648,16,0.3116352168830644,"terminal: возможный конечный получатель в наблюдаемом графе; in/out 25,596/0 KZT."
100000008443341100,peripheral,0.35,8,0.591524873978361,"peripheral: недостаточно наблюдаемых связей; in/out 34,500/50,000 KZT."
100000004792397100,terminal,0.812738,22,0.2897442618650269,"terminal: возможный конечный получатель в наблюдаемом графе; in/out 73,520/0 KZT."
100000003809101100,peripheral,0.35,11,0.8003577751283989,"peripheral: недостаточно наблюдаемых связей; in/out 166,050/55,200 KZT."
100000002838861100,consolidator,0.725,5,0.729335492445254,"consolidator: получает от 5 плательщиков; in/out 554,524/10,000 KZT."
100000008560717100,consolidator,0.7225,10,0.7095818550414328,"consolidator: получает от 7 плательщиков; in/out 529,000/25,000 KZT."
100000008693069100,terminal,0.660664,22,0.2221558665794421,"terminal: возможный конечный получатель в наблюдаемом графе; in/out 20,000/0 KZT."
100000008672162100,terminal,0.631494,22,0.20919122469367604,"terminal: возможный конечный получатель в наблюдаемом графе; in/out 15,550/0 KZT."
100000007311010100,peripheral,0.35,3,0.6569898639222536,"peripheral: недостаточно наблюдаемых связей; in/out 64,480/20,000 KZT."
100000005505655100,peripheral,0.35,13,0.6286627552581467,"peripheral: недостаточно наблюдаемых связей; in/out 33,070/20,000 KZT."
100000004707703100,transit,0.920079,16,0.7921873860307103,"transit: наблюдаемый pass-through 0.97; in/out 239,300/231,650 KZT."
100000004005964100,consolidator,0.2775,34,0.5689327339649588,"consolidator: получает от 3 плательщиков; in/out 97,900/72,000 KZT."
100000008244300100,consolidator,0.6125,10,0.5696304726047003,"consolidator: получает от 5 плательщиков; in/out 65,430/0 KZT."
100000002692044100,terminal,0.838339,8,0.3011223217018356,"terminal: возможный конечный получатель в наблюдаемом графе; in/out 97,000/0 KZT."
100000001103905100,terminal,0.648629,22,0.2168068185286715,"terminal: возможный конечный получатель в наблюдаемом графе; in/out 18,000/0 KZT."
100000008755361100,terminal,0.621192,22,0.20461280220954184,"terminal: возможный конечный получатель в наблюдаемом графе; in/out 14,627/0 KZT."
100000002810870100,terminal,0.726451,22,0.2513943071959426,"terminal: возможный конечный получатель в наблюдаемом графе; in/out 33,677/0 KZT."
100000005897462100,terminal,0.839869,11,0.44288508798487375,"terminal: возможный конечный получатель в наблюдаемом графе; in/out 98,400/0 KZT."
100000000941942100,terminal,0.865367,3,0.4450731399269261,"terminal: возможный конечный получатель в наблюдаемом графе; in/out 130,000/0 KZT."
100000008723830100,transit,0.973982,16,0.6284678323207034,"transit: наблюдаемый pass-through 0.99; in/out 459,785/455,000 KZT."
100000008776576100,terminal,0.621804,22,0.20488478770364885,"terminal: возможный конечный получатель в наблюдаемом графе; in/out 14,765/0 KZT."
100000005432267100,terminal,0.944923,3,0.6168319794554845,"terminal: возможный конечный получатель в наблюдаемом графе; in/out 350,001/0 KZT."
100000006745291100,terminal,0.822529,11,0.4351788323185093,"terminal: возможный конечный получатель в наблюдаемом графе; in/out 82,534/0 KZT."
100000008670667100,terminal,0.630882,22,0.20891923919956903,"terminal: возможный конечный получатель в наблюдаемом графе; in/out 15,534/0 KZT."
100000002480800100,terminal,0.973277,3,0.6294339740157746,"terminal: возможный конечный получатель в наблюдаемом графе; in/out 569,251/0 KZT."
100000002182176100,terminal,0.749909,0,0.26182041780337684,"terminal: возможный конечный получатель в наблюдаемом графе; in/out 42,465/0 KZT."
100000008219168100,terminal,0.783976,2,0.2769609436419988,"terminal: возможный конечный получатель в наблюдаемом графе; in/out 53,200/0 KZT."
100000004226848100,terminal,0.937171,3,0.47698610456881185,"terminal: возможный конечный получатель в наблюдаемом графе; in/out 301,866/0 KZT."
100000006326645100,terminal,0.694424,22,0.23716039967101057,"terminal: возможный конечный получатель в наблюдаемом графе; in/out 25,264/0 KZT."
100000003589877100,peripheral,0.35,42,0.764975827766142,"peripheral: недостаточно наблюдаемых связей; in/out 176,000/416,129 KZT."
100000003942602100,transit,1.0,22,0.28071805354138246,"transit: наблюдаемый pass-through 1.00; in/out 30,000/30,000 KZT."
100000000922570100,transit,0.846129,8,0.30202358391309597,"transit: наблюдаемый pass-through 1.06; in/out 47,101/50,000 KZT."
100000005079754100,peripheral,0.35,3,0.6237387199712358,"peripheral: недостаточно наблюдаемых связей; in/out 70,000/122,000 KZT."
100000003187359100,terminal,0.653422,22,0.21893737156584284,"terminal: возможный конечный получатель в наблюдаемом графе; in/out 19,072/0 KZT."
100000000998559100,terminal,0.84354,3,0.43537232397044373,"terminal: возможный конечный получатель в наблюдаемом графе; in/out 100,000/0 KZT."
100000008690932100,terminal,0.676167,22,0.22904616576348566,"terminal: возможный конечный получатель в наблюдаемом графе; in/out 23,000/0 KZT."
100000008773876100,terminal,0.697688,22,0.23861098897291447,"terminal: возможный конечный получатель в наблюдаемом графе; in/out 26,120/0 KZT."
100000006789108100,terminal,0.737772,11,0.39750884138469245,"terminal: возможный конечный получатель в наблюдаемом графе; in/out 37,500/0 KZT."
100000004058740100,terminal,0.714619,22,0.24613592097654094,"terminal: возможный конечный получатель в наблюдаемом графе; in/out 30,000/0 KZT."
100000007641801100,terminal,0.904635,2,0.3305874168967585,"terminal: возможный конечный получатель в наблюдаемом графе; in/out 200,000/0 KZT."
100000000555721100,terminal,0.8568,0,0.5196587889592204,"terminal: возможный конечный получатель в наблюдаемом графе; in/out 113,000/0 KZT."
100000008729801100,terminal,0.644549,22,0.2149935819012916,"terminal: возможный конечный получатель в наблюдаемом графе; in/out 17,534/0 KZT."
100000004664905100,terminal,0.940435,16,0.5568301398205077,"terminal: возможный конечный получатель в наблюдаемом графе; in/out 329,020/0 KZT."
100000003057225100,terminal,0.917588,16,0.41027528941252944,"terminal: возможный конечный получатель в наблюдаемом графе; in/out 236,000/0 KZT."
100000000703902100,terminal,0.695444,22,0.23761370882785554,"terminal: возможный конечный получатель в наблюдаемом графе; in/out 25,499/0 KZT."
100000008720798100,terminal,0.630882,22,0.20891923919956903,"terminal: возможный конечный получатель в наблюдаемом графе; in/out 15,534/0 KZT."
100000001411870100,terminal,0.986537,2,0.5773197137099003,"terminal: возможный конечный получатель в наблюдаемом графе; in/out 900,000/0 KZT."
100000008556318100,terminal,0.893518,3,0.6031298749295699,"terminal: возможный конечный получатель в наблюдаемом графе; in/out 180,132/0 KZT."
100000002720627100,terminal,0.902493,11,0.47071827021515483,"terminal: возможный конечный получатель в наблюдаемом графе; in/out 199,300/0 KZT."
100000003022835100,terminal,0.862613,3,0.4438492052034446,"terminal: возможный конечный получатель в наблюдаемом графе; in/out 125,000/0 KZT."
100000008304115100,terminal,0.778876,8,0.27469439785777394,"terminal: возможный конечный получатель в наблюдаемом графе; in/out 51,000/0 KZT."
100000003886323100,peripheral,0.35,16,0.5649138885310387,"peripheral: недостаточно наблюдаемых связей; in/out 78,168/7,650 KZT."
100000000607731100,peripheral,0.35,27,0.25673799914428364,"peripheral: недостаточно наблюдаемых связей; in/out 20,000/66,666 KZT."
100000005961971100,terminal,0.763373,22,0.26780409867373045,"terminal: возможный конечный получатель в наблюдаемом графе; in/out 47,353/0 KZT."
100000000440392100,terminal,0.850884,16,0.3806288705548686,"terminal: возможный конечный получатель в наблюдаемом графе; in/out 105,705/0 KZT."
100000004105288100,terminal,0.910245,3,0.6151137356386792,"terminal: возможный конечный получатель в наблюдаемом графе; in/out 215,000/0 KZT."
100000008169544100,peripheral,0.35,16,0.6331210914266738,"peripheral: недостаточно наблюдаемых связей; in/out 137,104/42,800 KZT."
100000004186824100,peripheral,0.35,16,0.6002064700281415,"peripheral: недостаточно наблюдаемых связей; in/out 451,700/7,000 KZT."
100000008672200100,terminal,0.581618,22,0.18702440692395708,"terminal: возможный конечный получатель в наблюдаемом графе; in/out 8,511/0 KZT."
100000002188829100,terminal,0.953184,3,0.48410305833127787,"terminal: возможный конечный получатель в наблюдаемом графе; in/out 400,000/0 KZT."
100000008717341100,terminal,0.621192,22,0.20461280220954184,"terminal: возможный конечный получатель в наблюдаемом графе; in/out 14,627/0 KZT."
100000002214301100,peripheral,0.35,0,0.36990337815015695,"peripheral: недостаточно наблюдаемых связей; in/out 21,438/8,000 KZT."
100000002565277100,terminal,0.96369,3,0.48877214264678104,"terminal: возможный конечный получатель в наблюдаемом графе; in/out 483,319/0 KZT."
100000005546031100,consolidator,0.2775,71,0.4810127044933317,"consolidator: получает от 3 плательщиков; in/out 66,800/8,000 KZT."
100000003449074100,terminal,0.594062,0,0.1925547786374657,"terminal: возможный конечный получатель в наблюдаемом графе; in/out 10,000/0 KZT."
100000008748914100,distributor,0.7767,3,0.6014631853668205,"distributor: веер на 13 получателей; in/out 180,000/4,471,847 KZT."
100000004744306100,peripheral,0.35,49,0.5499964547145231,"peripheral: недостаточно наблюдаемых связей; in/out 69,000/92,000 KZT."
100000003158727100,consolidator,0.615,2,0.6423759504436986,"consolidator: получает от 3 плательщиков; in/out 367,940/0 KZT."
100000001389255100,terminal,0.635675,22,0.2110497922367404,"terminal: возможный конечный получатель в наблюдаемом графе; in/out 16,136/0 KZT."
100000008695495100,terminal,0.669334,22,0.22600899441262437,"terminal: возможный конечный получатель в наблюдаемом графе; in/out 21,000/0 KZT."
100000004015047100,consolidator,0.945,2,0.7265091048309005,"consolidator: получает от 9 плательщиков; in/out 919,104/69,195 KZT."
100000005183943100,terminal,0.978377,23,0.3633616689366498,"terminal: возможный конечный получатель в наблюдаемом графе; in/out 680,900/0 KZT."
100000003004487100,consolidator,0.445,36,0.7828328242047599,"consolidator: получает от 4 плательщиков; in/out 183,703/265,015 KZT."
100000003042994100,terminal,0.93248,16,0.41689360310246604,"terminal: возможный конечный получатель в наблюдаемом графе; in/out 286,086/0 KZT."
100000001899164100,consolidator,0.67,8,0.8754656922145703,"consolidator: получает от 4 плательщиков; in/out 291,675/76,500 KZT."
100000003946524100,transit,0.794534,3,0.792219789386664,"transit: наблюдаемый pass-through 1.08; in/out 133,757/144,750 KZT."
100000008717340100,terminal,0.748481,22,0.26118578498379386,"terminal: возможный конечный получатель в наблюдаемом графе; in/out 41,500/0 KZT."
100000003831324100,terminal,0.935539,2,0.5905960211087802,"terminal: возможный конечный получатель в наблюдаемом графе; in/out 300,000/0 KZT."
100000008129393100,terminal,0.594062,83,0.1925547786374657,"terminal: возможный конечный получатель в наблюдаемом графе; in/out 10,000/0 KZT."
100000004388209100,terminal,0.606505,22,0.19808515035097432,"terminal: возможный конечный получатель в наблюдаемом графе; in/out 11,800/0 KZT."
100000000706545100,consolidator,0.39,16,0.6649818849045657,"consolidator: получает от 3 плательщиков; in/out 1,070,300/75,800 KZT."
100000004497606100,terminal,0.630882,22,0.20891923919956903,"terminal: возможный конечный получатель в наблюдаемом графе; in/out 15,534/0 KZT."
100000008470470100,terminal,0.726247,22,0.2513036453645736,"terminal: возможный конечный получатель в наблюдаемом графе; in/out 33,547/0 KZT."
100000004318918100,terminal,0.81539,11,0.4320056682205945,"terminal: возможный конечный получатель в наблюдаемом графе; in/out 75,600/0 KZT."
100000005228059100,terminal,0.696974,22,0.23829367256312298,"terminal: возможный конечный получатель в наблюдаемом графе; in/out 26,000/0 KZT."
100000001609499100,consolidator,0.39,0,0.658456272113625,"consolidator: получает от 3 плательщиков; in/out 263,113/21,000 KZT."
100000002824176100,terminal,0.874955,2,0.39132696665640976,"terminal: возможный конечный получатель в наблюдаемом графе; in/out 144,000/0 KZT."
100000001363952100,peripheral,0.35,1,0.5276104221802724,"peripheral: недостаточно наблюдаемых связей; in/out 196,655/91,000 KZT."
100000001049200100,peripheral,0.35,43,0.7829063270450343,"peripheral: недостаточно наблюдаемых связей; in/out 76,624/36,000 KZT."
100000002662768100,terminal,0.823957,3,0.29473066259032155,"terminal: возможный конечный получатель в наблюдаемом графе; in/out 84,300/0 KZT."
100000004737477100,transit,0.541413,0,0.5425204161828974,"transit: наблюдаемый pass-through 0.82; in/out 49,598/40,500 KZT."
100000008680451100,terminal,0.679635,22,0.23058741689675855,"terminal: возможный конечный получатель в наблюдаемом графе; in/out 23,534/0 KZT."
100000001952325100,terminal,0.818042,22,0.29210146948062077,"terminal: возможный конечный получатель в наблюдаемом графе; in/out 77,888/0 KZT."
100000008751429100,consolidator,0.2775,9,0.5461078994162691,"consolidator: получает от 3 плательщиков; in/out 386,200/72,600 KZT."
100000001960517100,terminal,0.904635,2,0.40451826312059835,"terminal: возможный конечный получатель в наблюдаемом графе; in/out 200,000/0 KZT."
100000008686234100,terminal,0.741954,0,0.25828460637998607,"terminal: возможный конечный получатель в наблюдаемом графе; in/out 39,778/0 KZT."
100000004213658100,terminal,0.694832,22,0.23734172333374856,"terminal: возможный конечный получатель в наблюдаемом графе; in/out 25,347/0 KZT."
100000001194266100,terminal,0.77296,3,0.40400333031677194,"terminal: возможный конечный получатель в наблюдаемом графе; in/out 50,000/0 KZT."
100000002243354100,terminal,0.668314,22,0.22555568525577938,"terminal: возможный конечный получатель в наблюдаемом графе; in/out 20,879/0 KZT."
100000006069103100,consolidator,0.39,6,0.7667433152985783,"consolidator: получает от 3 плательщиков; in/out 228,818/270,000 KZT."
100000002760175100,terminal,0.896782,11,0.468179738936823,"terminal: возможный конечный получатель в наблюдаемом графе; in/out 187,410/0 KZT."
100000003567087100,terminal,0.797643,22,0.2830352863437213,"terminal: возможный конечный получатель в наблюдаемом графе; in/out 62,115/0 KZT."
100000008229700100,peripheral,0.35,8,0.26480690213612407,"peripheral: недостаточно наблюдаемых связей; in/out 23,500/7,200 KZT."
100000004076740100,consolidator,0.2775,62,0.7262389682977912,"consolidator: получает от 3 плательщиков; in/out 93,250/125,000 KZT."
100000003284932100,terminal,0.805802,3,0.41859988516717994,"terminal: возможный конечный получатель в наблюдаемом графе; in/out 69,925/0 KZT."
100000008071620100,terminal,0.760517,0,0.2665348330345645,"terminal: возможный конечный получатель в наблюдаемом графе; in/out 46,968/0 KZT."
100000003235780100,terminal,0.801417,0,0.49504410174253854,"terminal: возможный конечный получатель в наблюдаемом графе; in/out 65,000/0 KZT."
100000005363908100,transit,1.0,71,0.2539274823718448,"transit: наблюдаемый pass-through 1.00; in/out 19,500/19,500 KZT."
100000001851289100,terminal,0.853128,16,0.38162615069992745,"terminal: возможный конечный получатель в наблюдаемом графе; in/out 109,510/0 KZT."
100000002870937100,terminal,0.823549,2,0.29454933892758356,"terminal: возможный конечный получатель в наблюдаемом графе; in/out 83,700/0 KZT."
100000002152857100,peripheral,0.35,48,0.43072298507471707,"peripheral: недостаточно наблюдаемых связей; in/out 105,000/1,230,000 KZT."
100000002600345100,terminal,0.781732,16,0.4862952350154306,"terminal: возможный конечный получатель в наблюдаемом графе; in/out 52,400/0 KZT."
100000002580377100,peripheral,0.35,16,0.39297372533974234,"peripheral: недостаточно наблюдаемых связей; in/out 37,750/5,000 KZT."
100000004094958100,transit,0.935897,71,0.29209611337819114,"transit: наблюдаемый pass-through 1.03; in/out 39,000/40,000 KZT."
100000002609774100,peripheral,0.35,18,0.43497390272158637,"peripheral: недостаточно наблюдаемых связей; in/out 7,700/27,500 KZT."
100000002596035100,terminal,0.915549,11,0.4765206274227704,"terminal: возможный конечный получатель в наблюдаемом графе; in/out 231,570/0 KZT."
100000004664515100,terminal,0.738282,0,0.25665269341534425,"terminal: возможный конечный получатель в наблюдаемом графе; in/out 37,691/0 KZT."
100000000661912100,consolidator,0.5,0,0.7744030969786176,"consolidator: получает от 5 плательщиков; in/out 393,036/430,700 KZT."
100000004144536100,consolidator,0.3325,34,0.49409602977073863,"consolidator: получает от 4 плательщиков; in/out 168,000/0 KZT."
100000006177176100,terminal,0.58223,16,0.2612272386419039,"terminal: возможный конечный получатель в наблюдаемом графе; in/out 8,911/0 KZT."
100000002158488100,terminal,0.722983,22,0.2498530560626697,"terminal: возможный конечный получатель в наблюдаемом графе; in/out 31,723/0 KZT."
100000000041368100,terminal,0.883726,3,0.4532327047501355,"terminal: возможный конечный получатель в наблюдаемом графе; in/out 160,000/0 KZT."
100000008722328100,terminal,0.681165,22,0.23126738063202598,"terminal: возможный конечный получатель в наблюдаемом графе; in/out 23,677/0 KZT."
100000008735384100,terminal,0.74073,22,0.25774063539177217,"terminal: возможный конечный получатель в наблюдаемом графе; in/out 39,220/0 KZT."
100000004480280100,peripheral,0.35,3,0.624409469705163,"peripheral: недостаточно наблюдаемых связей; in/out 146,694/295,850 KZT."
100000004286573100,terminal,0.637919,8,0.21204707238179935,"terminal: возможный конечный получатель в наблюдаемом графе; in/out 16,590/0 KZT."
100000001746925100,peripheral,0.35,3,0.5763690274683138,"peripheral: недостаточно наблюдаемых связей; in/out 65,250/5,000 KZT."
100000001660397100,transit,0.979424,0,0.6474365181109637,"transit: наблюдаемый pass-through 1.01; in/out 48,600/49,000 KZT."
100000002591469100,terminal,0.917384,2,0.33625378135732065,"terminal: возможный конечный получатель в наблюдаемом графе; in/out 235,670/0 KZT."
100000002731501100,consolidator,0.2775,34,0.6539217343594813,"consolidator: получает от 3 плательщиков; in/out 570,370/833,960 KZT."
100000000089154100,distributor,0.836239,0,0.41760552415807717,"distributor: веер на 15 получателей; in/out 10,000/425,500 KZT."
100000008732098100,terminal,0.632514,22,0.209644533850521,"terminal: возможный конечный получатель в наблюдаемом графе; in/out 15,677/0 KZT."
100000005456919100,peripheral,0.35,9,0.5275448894434678,"peripheral: недостаточно наблюдаемых связей; in/out 479,950/5,000 KZT."
100000000507799100,peripheral,0.35,19,0.4003121107707802,"peripheral: недостаточно наблюдаемых связей; in/out 5,132/8,000 KZT."
100000008716439100,terminal,0.609973,22,0.1996264014842472,"terminal: возможный конечный получатель в наблюдаемом графе; in/out 12,267/0 KZT."
100000002981527100,terminal,0.888214,5,0.3232891394715546,"terminal: возможный конечный получатель в наблюдаемом графе; in/out 168,000/0 KZT."
100000002844652100,terminal,0.796827,2,0.28267263901824535,"terminal: возможный конечный получатель в наблюдаемом графе; in/out 61,360/0 KZT."
100000002605548100,terminal,0.858024,11,0.5901754624042131,"terminal: возможный конечный получатель в наблюдаемом графе; in/out 116,695/0 KZT."
100000002750956100,terminal,0.763781,0,0.2679854223364684,"terminal: возможный конечный получатель в наблюдаемом графе; in/out 47,416/0 KZT."
100000002982252100,terminal,0.667294,22,0.2251023760989344,"terminal: возможный конечный получатель в наблюдаемом графе; in/out 20,320/0 KZT."
100000000961900100,terminal,0.734712,0,0.39146683666103776,"terminal: возможный конечный получатель в наблюдаемом графе; in/out 36,000/0 KZT."
100000007175718100,terminal,0.660664,55,0.2221558665794421,"terminal: возможный конечный получатель в наблюдаемом графе; in/out 20,000/0 KZT."
100000002306369100,peripheral,0.35,3,0.5040689970730681,"peripheral: недостаточно наблюдаемых связей; in/out 73,166/260,900 KZT."
100000000667713100,peripheral,0.35,16,0.8163400574323559,"peripheral: недостаточно наблюдаемых связей; in/out 119,495/79,236 KZT."
100000001072022100,consolidator,0.615,3,0.672372848637639,"consolidator: получает от 3 плательщиков; in/out 1,684,000/0 KZT."
100000008116374100,terminal,0.721759,16,0.32323993129829554,"terminal: возможный конечный получатель в наблюдаемом графе; in/out 31,284/0 KZT."
100000000703894100,peripheral,0.35,27,0.3457225866329509,"peripheral: недостаточно наблюдаемых связей; in/out 120,000/35,000 KZT."
100000008066326100,terminal,0.65383,0,0.21911869522858082,"terminal: возможный конечный получатель в наблюдаемом графе; in/out 19,320/0 KZT."
100000004662806100,peripheral,0.35,8,0.6710356504888073,"peripheral: недостаточно наблюдаемых связей; in/out 106,585/59,900 KZT."
100000005778283100,consolidator,0.615,2,0.6554312541608336,"consolidator: получает от 3 плательщиков; in/out 615,760/0 KZT."
100000004408683100,terminal,0.856392,16,0.5194774652964823,"terminal: возможный конечный получатель в наблюдаемом графе; in/out 112,920/0 KZT."
100000002704875100,consolidator,0.615,1,0.6394626038506943,"consolidator: получает от 3 плательщиков; in/out 244,891/0 KZT."
100000008349675100,peripheral,0.35,2,0.30084498010529903,"peripheral: недостаточно наблюдаемых связей; in/out 46,520/36,650 KZT."
100000006889963100,consolidator,0.67,10,0.7919927966138871,"consolidator: получает от 4 плательщиков; in/out 1,431,000/443,476 KZT."
100000008771819100,terminal,0.739914,22,0.2573779880662962,"terminal: возможный конечный получатель в наблюдаемом графе; in/out 38,900/0 KZT."
100000008586731100,terminal,0.607729,8,0.19862912133918828,"terminal: возможный конечный получатель в наблюдаемом графе; in/out 12,000/0 KZT."
100000005844459100,terminal,0.920444,0,0.5479452803463464,"terminal: возможный конечный получатель в наблюдаемом графе; in/out 243,400/0 KZT."
100000008172352100,consolidator,0.39,41,0.7874330232495674,"consolidator: получает от 3 плательщиков; in/out 90,265/289,510 KZT."
100000001162560100,distributor,0.746931,5,0.48565683720971164,"distributor: веер на 12 получателей; in/out 331,300/2,904,398 KZT."
100000008779584100,terminal,0.721963,22,0.24939974690582473,"terminal: возможный конечный получатель в наблюдаемом графе; in/out 31,400/0 KZT."
100000007631637100,terminal,0.629964,22,0.20851126095840858,"terminal: возможный конечный получатель в наблюдаемом графе; in/out 15,341/0 KZT."
100000007347733100,terminal,0.676677,83,0.22927282034190813,"terminal: возможный конечный получатель в наблюдаемом графе; in/out 23,007/0 KZT."
100000001463701100,terminal,0.977561,11,0.6404825494535955,"terminal: возможный конечный получатель в наблюдаемом графе; in/out 621,000/0 KZT."
100000008664469100,terminal,0.69065,3,0.367421281359383,"terminal: возможный конечный получатель в наблюдаемом графе; in/out 25,000/0 KZT."
100000003923946100,peripheral,0.35,2,0.5345319669046193,"peripheral: недостаточно наблюдаемых связей; in/out 282,000/675,000 KZT."
100000006562026100,terminal,0.813758,83,0.5005291425403626,"terminal: возможный конечный получатель в наблюдаемом графе; in/out 75,000/0 KZT."
100000008776298100,terminal,0.750317,22,0.2620017414661149,"terminal: возможный конечный получатель в наблюдаемом графе; in/out 42,800/0 KZT."
100000006446271100,terminal,0.81947,3,0.5610749531635535,"terminal: возможный конечный получатель в наблюдаемом графе; in/out 80,000/0 KZT."
100000004588479100,terminal,0.891886,16,0.39885189866003623,"terminal: возможный конечный получатель в наблюдаемом графе; in/out 177,633/0 KZT."
100000002324543100,terminal,0.718903,5,0.24803981943528983,"terminal: возможный конечный получатель в наблюдаемом графе; in/out 30,202/0 KZT."
100000007129492100,peripheral,0.35,11,0.6609833154816949,"peripheral: недостаточно наблюдаемых связей; in/out 50,990/37,000 KZT."
100000003877908100,terminal,0.743994,3,0.39112935026237483,"terminal: возможный конечный получатель в наблюдаемом графе; in/out 40,000/0 KZT."
100000002748180100,peripheral,0.35,24,0.323331531062735,"peripheral: недостаточно наблюдаемых связей; in/out 9,900/679,743 KZT."
100000000945428100,terminal,0.829057,0,0.29699720837454635,"terminal: возможный конечный получатель в наблюдаемом графе; in/out 89,629/0 KZT."
100000003115284100,consolidator,0.89,11,0.9052518619734451,"consolidator: получает от 8 плательщиков; in/out 2,160,500/517,000 KZT."
100000005394708100,peripheral,0.35,49,0.2728758051279645,"peripheral: недостаточно наблюдаемых связей; in/out 26,000/65,000 KZT."
100000008747113100,terminal,0.901473,10,0.6066656863529607,"terminal: возможный конечный получатель в наблюдаемом графе; in/out 197,801/0 KZT."
100000004491881100,terminal,0.640265,22,0.21308968344254275,"terminal: возможный конечный получатель в наблюдаемом графе; in/out 17,144/0 KZT."
100000006008169100,terminal,0.807332,8,0.2873417233337486,"terminal: возможный конечный получатель в наблюдаемом графе; in/out 70,000/0 KZT."
100000002681449100,peripheral,0.35,42,0.5751421234340321,"peripheral: недостаточно наблюдаемых связей; in/out 94,638/133,000 KZT."
100000002645609100,consolidator,0.445,0,0.6051075650244968,"consolidator: получает от 4 плательщиков; in/out 546,821/0 KZT."
100000006369769100,terminal,0.743994,22,0.25919122469367606,"terminal: возможный конечный получатель в наблюдаемом графе; in/out 40,000/0 KZT."
100000002173161100,consolidator,0.5025,16,0.6406186865666224,"consolidator: получает от 3 плательщиков; in/out 1,427,500/0 KZT."
100000008686313100,consolidator,0.6675,0,0.9194835728337917,"consolidator: получает от 6 плательщиков; in/out 1,912,716/333,800 KZT."
100000004692798100,peripheral,0.35,8,0.5082339193618721,"peripheral: недостаточно наблюдаемых связей; in/out 240,305/15,000 KZT."
100000002939838100,consolidator,0.615,16,0.6658554261394807,"consolidator: получает от 3 плательщиков; in/out 571,233/0 KZT."
100000003119550100,terminal,0.669334,22,0.22600899441262437,"terminal: возможный конечный получатель в наблюдаемом графе; in/out 21,000/0 KZT."
100000004315838100,peripheral,0.35,3,0.6540765173292493,"peripheral: недостаточно наблюдаемых связей; in/out 50,000/18,000 KZT."
100000002671806100,terminal,0.611197,8,0.20017037247246117,"terminal: возможный конечный получатель в наблюдаемом графе; in/out 12,440/0 KZT."
100000008716222100,terminal,0.648629,22,0.2168068185286715,"terminal: возможный конечный получатель в наблюдаемом графе; in/out 18,000/0 KZT."
100000005496254100,terminal,0.612217,0,0.20062368162930613,"terminal: возможный конечный получатель в наблюдаемом графе; in/out 12,700/0 KZT."
100000004622227100,peripheral,0.35,0,0.42512542977480533,"peripheral: недостаточно наблюдаемых связей; in/out 24,931/19,000 KZT."
100000000274067100,peripheral,0.35,2,0.6025456079450131,"peripheral: недостаточно наблюдаемых связей; in/out 517,704/2,969,000 KZT."
100000008782056100,terminal,0.709723,22,0.2439600370236851,"terminal: возможный конечный получатель в наблюдаемом графе; in/out 29,082/0 KZT."
100000006788200100,consolidator,0.5575,2,0.8371883128310859,"consolidator: получает от 4 плательщиков; in/out 272,156/64,500 KZT."
100000001164648100,terminal,0.616704,46,0.4488915786790431,"terminal: возможный конечный получатель в наблюдаемом графе; in/out 13,660/0 KZT."
100000005133757100,terminal,0.801417,1,0.5530513810873975,"terminal: возможный конечный получатель в наблюдаемом графе; in/out 65,000/0 KZT."
100000006445501100,terminal,0.832015,11,0.4393946074771675,"terminal: возможный конечный получатель в наблюдаемом графе; in/out 91,000/0 KZT."
100000004390333100,peripheral,0.35,0,0.7363492546879462,"peripheral: недостаточно наблюдаемых связей; in/out 64,558/506,500 KZT."
100000001641789100,terminal,0.646487,2,0.35693767184706776,"terminal: возможный конечный получатель в наблюдаемом графе; in/out 17,826/0 KZT."
100000000968253100,terminal,0.62568,22,0.20660736249965972,"terminal: возможный конечный получатель в наблюдаемом графе; in/out 15,000/0 KZT."
100000001527186100,terminal,0.978173,3,0.4952091326739796,"terminal: возможный конечный получатель в наблюдаемом графе; in/out 678,000/0 KZT."
100000005852946100,terminal,0.682185,3,0.3636588153575697,"terminal: возможный конечный получатель в наблюдаемом графе; in/out 23,746/0 KZT."
100000001530983100,coordinator,0.944249,16,0.9472202320935643,"coordinator: достижим от нескольких seed и связывает сообщества; in/out 564,158/1,829,538 KZT."
100000008221543100,terminal,0.971238,28,0.49658923013338596,"terminal: возможный конечный получатель в наблюдаемом графе; in/out 542,000/0 KZT."
100000001937767100,peripheral,0.35,40,0.6058090858285738,"peripheral: недостаточно наблюдаемых связей; in/out 53,000/1,933,000 KZT."
100000002462183100,terminal,0.851598,55,0.30701534074082015,"terminal: возможный конечный получатель в наблюдаемом графе; in/out 107,500/0 KZT."
100000001805543100,terminal,0.792951,16,0.35488091044607434,"terminal: возможный конечный получатель в наблюдаемом графе; in/out 59,000/0 KZT."
100000002606567100,peripheral,0.35,0,0.2661870314277792,"peripheral: недостаточно наблюдаемых связей; in/out 14,095/53,000 KZT."
100000007281639100,terminal,0.910857,16,0.579625939513132,"terminal: возможный конечный получатель в наблюдаемом графе; in/out 216,770/0 KZT."
100000002991079100,peripheral,0.35,16,0.590661848639833,"peripheral: недостаточно наблюдаемых связей; in/out 148,900/11,000 KZT."
100000002847207100,terminal,0.758681,3,0.39765700212094235,"terminal: возможный конечный получатель в наблюдаемом графе; in/out 46,243/0 KZT."
100000000011452100,consolidator,0.2775,0,0.5033608459257886,"consolidator: получает от 3 плательщиков; in/out 110,000/16,685 KZT."
100000003148220100,peripheral,0.35,52,0.2641038483739193,"peripheral: недостаточно наблюдаемых связей; in/out 5,650/43,400 KZT."
100000002479804100,peripheral,0.35,3,0.3494166316921423,"peripheral: недостаточно наблюдаемых связей; in/out 46,000/35,300 KZT."
100000008745489100,terminal,0.789075,22,0.27922748942622366,"terminal: возможный конечный получатель в наблюдаемом графе; in/out 55,539/0 KZT."
100000002289937100,terminal,0.660664,22,0.2221558665794421,"terminal: возможный конечный получатель в наблюдаемом графе; in/out 20,000/0 KZT."
100000004679953100,consolidator,0.39,1,0.8227514354452139,"consolidator: получает от 3 плательщиков; in/out 343,538/34,100 KZT."
100000003066385100,terminal,0.660664,0,0.35855659187409306,"terminal: возможный конечный получатель в наблюдаемом графе; in/out 20,000/0 KZT."
100000008744849100,terminal,0.752765,22,0.2630896834425428,"terminal: возможный конечный получатель в наблюдаемом графе; in/out 44,445/0 KZT."
100000005093521100,terminal,0.62925,3,0.3401320701173159,"terminal: возможный конечный получатель в наблюдаемом графе; in/out 15,200/0 KZT."
100000006518161100,consolidator,0.5025,16,0.8070810362904622,"consolidator: получает от 3 плательщиков; in/out 594,200/595,899 KZT."
100000001126374100,consolidator,0.445,0,0.724843447406305,"consolidator: получает от 4 плательщиков; in/out 182,500/29,200 KZT."
100000004509286100,terminal,0.743994,3,0.39112935026237483,"terminal: возможный конечный получатель в наблюдаемом графе; in/out 40,000/0 KZT."
100000005056870100,terminal,0.660664,55,0.2221558665794421,"terminal: возможный конечный получатель в наблюдаемом графе; in/out 20,000/0 KZT."
100000008708368100,terminal,0.681165,22,0.23126738063202598,"terminal: возможный конечный получатель в наблюдаемом графе; in/out 23,677/0 KZT."
100000005895525100,terminal,0.860879,55,0.3111404540681094,"terminal: возможный конечный получатель в наблюдаемом графе; in/out 120,000/0 KZT."
100000008716773100,terminal,0.632514,22,0.209644533850521,"terminal: возможный конечный получатель в наблюдаемом графе; in/out 15,677/0 KZT."
100000002778085100,terminal,0.80315,16,0.359414002014524,"terminal: возможный конечный получатель в наблюдаемом графе; in/out 66,208/0 KZT."
100000007055802100,consolidator,0.6675,0,0.6924945634650994,"consolidator: получает от 6 плательщиков; in/out 2,024,999/605,000 KZT."
100000003071930100,consolidator,0.615,5,0.7627573876828304,"consolidator: получает от 3 плательщиков; in/out 477,610/5,000 KZT."
100000002941114100,peripheral,0.35,11,0.6524647569129931,"peripheral: недостаточно наблюдаемых связей; in/out 128,510/15,000 KZT."
100000003888271100,peripheral,0.35,23,0.283233494792777,"peripheral: недостаточно наблюдаемых связей; in/out 12,177/25,590 KZT."
100000007507343100,terminal,0.947983,58,0.3498530560626697,"terminal: возможный конечный получатель в наблюдаемом графе; in/out 370,000/0 KZT."
100000008002020100,peripheral,0.35,8,0.32441705626123735,"peripheral: недостаточно наблюдаемых связей; in/out 73,860/17,000 KZT."
100000001872484100,peripheral,0.35,39,0.4733071673285127,"peripheral: недостаточно наблюдаемых связей; in/out 871,400/514,580 KZT."
100000008769636100,terminal,0.676881,22,0.22936348217327712,"terminal: возможный конечный получатель в наблюдаемом графе; in/out 23,118/0 KZT."
100000004135268100,transit,0.51816,58,0.6126090712269715,"transit: наблюдаемый pass-through 0.81; in/out 1,239,000/1,000,200 KZT."
100000005316708100,peripheral,0.35,2,0.38146558908108164,"peripheral: недостаточно наблюдаемых связей; in/out 90,000/257,500 KZT."
100000008671929100,terminal,0.813758,3,0.42213569659057065,"terminal: возможный конечный получатель в наблюдаемом графе; in/out 75,000/0 KZT."
100000005287097100,coordinator,1.0,16,0.8336570572186799,"coordinator: достижим от нескольких seed и связывает сообщества; in/out 127,173/697,300 KZT."
100000007283257100,terminal,0.899025,73,0.3280942165341112,"terminal: возможный конечный получатель в наблюдаемом графе; in/out 192,000/0 KZT."
100000004847758100,distributor,0.836239,3,0.8289529023697761,"distributor: веер на 15 получателей; in/out 115,171/488,800 KZT."
100000008737422100,terminal,0.817022,22,0.2916481603237758,"terminal: возможный конечный получатель в наблюдаемом графе; in/out 76,903/0 KZT."
100000008555918100,peripheral,0.35,3,0.6325594263451567,"peripheral: недостаточно наблюдаемых связей; in/out 139,211/43,300 KZT."
100000008094734100,consolidator,0.67,0,0.6391801208879415,"consolidator: получает от 4 плательщиков; in/out 236,249/0 KZT."
100000006952718100,terminal,0.810494,16,0.36267782794380776,"terminal: возможный конечный получатель в наблюдаемом графе; in/out 71,489/0 KZT."
100000005339662100,consolidator,0.5575,4,0.8269141712643571,"consolidator: получает от 4 плательщиков; in/out 202,939/295,160 KZT."
100000001716579100,terminal,0.617316,22,0.20289022741353097,"terminal: возможный конечный получатель в наблюдаемом графе; in/out 13,916/0 KZT."
100000002774456100,terminal,0.777448,11,0.4151425675859617,"terminal: возможный конечный получатель в наблюдаемом графе; in/out 50,363/0 KZT."
100000004394765100,consolidator,0.5025,16,0.8183134951970018,"consolidator: получает от 3 плательщиков; in/out 603,844/82,500 KZT."
100000004004621100,consolidator,0.615,12,0.5960487857996679,"consolidator: получает от 3 плательщиков; in/out 75,389/0 KZT."
100000000907277100,terminal,0.644549,22,0.2149935819012916,"terminal: возможный конечный получатель в наблюдаемом графе; in/out 17,534/0 KZT."
100000003835149100,peripheral,0.35,21,0.42212742045007523,"peripheral: недостаточно наблюдаемых связей; in/out 248,500/4,600,440 KZT."
100000004254434100,terminal,0.752765,22,0.2630896834425428,"terminal: возможный конечный получатель в наблюдаемом графе; in/out 44,445/0 KZT."
100000003635170100,consolidator,0.615,53,0.8834538491223578,"consolidator: получает от 3 плательщиков; in/out 268,500/253,500 KZT."
100000006687202100,terminal,0.77296,0,0.27206520474807316,"terminal: возможный конечный получатель в наблюдаемом графе; in/out 50,000/0 KZT."
100000006030946100,terminal,0.812126,22,0.2894722763709199,"terminal: возможный конечный получатель в наблюдаемом графе; in/out 73,289/0 KZT."
100000002615479100,terminal,0.911979,5,0.3338512428260423,"terminal: возможный конечный получатель в наблюдаемом графе; in/out 220,000/0 KZT."
100000002952631100,terminal,0.764393,16,0.3421882540544152,"terminal: возможный конечный получатель в наблюдаемом графе; in/out 48,050/0 KZT."
100000002890167100,terminal,0.85884,16,0.38416468197825926,"terminal: возможный конечный получатель в наблюдаемом графе; in/out 118,150/0 KZT."
100000008687671100,terminal,0.737772,22,0.2564260388369217,"terminal: возможный конечный получатель в наблюдаемом графе; in/out 37,500/0 KZT."
100000000810551100,peripheral,0.35,3,0.5878348913178939,"peripheral: недостаточно наблюдаемых связей; in/out 100,000/7,100 KZT."
100000008724279100,terminal,0.606301,16,0.27192533474344516,"terminal: возможный конечный получатель в наблюдаемом графе; in/out 11,750/0 KZT."
100000002592567100,peripheral,0.35,16,0.484392158431572,"peripheral: недостаточно наблюдаемых связей; in/out 5,297/48,600 KZT."
100000002670860100,terminal,0.959508,24,0.601248786294637,"terminal: возможный конечный получатель в наблюдаемом графе; in/out 450,000/0 KZT."
100000002844897100,terminal,0.603241,5,0.1966345610490704,"terminal: возможный конечный получатель в наблюдаемом графе; in/out 10,800/0 KZT."
100000007938486100,terminal,0.741444,22,0.25805795180156366,"terminal: возможный конечный получатель в наблюдаемом графе; in/out 39,500/0 KZT."
100000008438656100,peripheral,0.35,3,0.6747474148813799,"peripheral: недостаточно наблюдаемых связей; in/out 80,000/5,000 KZT."
100000008304139100,coordinator,0.860475,3,0.855377059618582,"coordinator: достижим от нескольких seed и связывает сообщества; in/out 189,330/1,692,997 KZT."
100000002597003100,peripheral,0.35,0,0.2779730695057484,"peripheral: недостаточно наблюдаемых связей; in/out 17,700/11,000 KZT."
100000002830055100,terminal,0.618438,22,0.20338886748606044,"terminal: возможный конечный получатель в наблюдаемом графе; in/out 14,000/0 KZT."
100000004299488100,consolidator,0.6675,0,0.7688742681876596,"consolidator: получает от 6 плательщиков; in/out 1,749,000/344,999 KZT."
100000002809568100,terminal,0.594062,0,0.1925547786374657,"terminal: возможный конечный получатель в наблюдаемом графе; in/out 10,000/0 KZT."
100000004784224100,peripheral,0.35,21,0.26480690213612407,"peripheral: недостаточно наблюдаемых связей; in/out 23,500/100,000 KZT."
100000003123296100,terminal,0.826201,8,0.2957279427353805,"terminal: возможный конечный получатель в наблюдаемом графе; in/out 86,200/0 KZT."
100000004130144100,terminal,0.904635,2,0.3305874168967585,"terminal: возможный конечный получатель в наблюдаемом графе; in/out 200,000/0 KZT."
100000001253557100,consolidator,0.725,42,0.6481661396621177,"consolidator: получает от 5 плательщиков; in/out 210,200/0 KZT."
100000008767925100,terminal,0.640265,22,0.21308968344254275,"terminal: возможный конечный получатель в наблюдаемом графе; in/out 17,144/0 KZT."
100000007181706100,terminal,0.891274,3,0.5929879178054391,"terminal: возможный конечный получатель в наблюдаемом графе; in/out 176,272/0 KZT."
100000003366154100,peripheral,0.35,3,0.6592084960191319,"peripheral: недостаточно наблюдаемых связей; in/out 125,000/289,170 KZT."
100000007641183100,terminal,0.706052,16,0.3162589702828831,"terminal: возможный конечный получатель в наблюдаемом графе; in/out 28,000/0 KZT."
100000008663007100,terminal,0.618438,22,0.20338886748606044,"terminal: возможный конечный получатель в наблюдаемом графе; in/out 14,000/0 KZT."
100000007334196100,terminal,0.879442,11,0.4604734832704585,"terminal: возможный конечный получатель в наблюдаемом графе; in/out 150,002/0 KZT."
100000003873332100,peripheral,0.35,43,0.48583447635108584,"peripheral: недостаточно наблюдаемых связей; in/out 23,468/286,000 KZT."
100000001550388100,terminal,0.77296,0,0.27206520474807316,"terminal: возможный конечный получатель в наблюдаемом графе; in/out 50,000/0 KZT."
100000008718089100,terminal,0.630882,22,0.20891923919956903,"terminal: возможный конечный получатель в наблюдаемом графе; in/out 15,534/0 KZT."
100000008728457100,terminal,0.755315,11,0.40530575888242587,"terminal: возможный конечный получатель в наблюдаемом графе; in/out 45,000/0 KZT."
100000004206046100,terminal,0.605281,16,0.2714720255866002,"terminal: возможный конечный получатель в наблюдаемом графе; in/out 11,075/0 KZT."
100000006579678100,peripheral,0.35,16,0.7871534362647031,"peripheral: недостаточно наблюдаемых связей; in/out 192,930/1,668,800 KZT."
100000002988894100,peripheral,0.35,3,0.6975086852264322,"peripheral: недостаточно наблюдаемых связей; in/out 306,121/77,500 KZT."
100000008749406100,terminal,0.640265,22,0.21308968344254275,"terminal: возможный конечный получатель в наблюдаемом графе; in/out 17,144/0 KZT."
100000005584222100,peripheral,0.35,0,0.6186823201307879,"peripheral: недостаточно наблюдаемых связей; in/out 192,717/108,587 KZT."
100000003239859100,terminal,0.651281,8,0.21798542233646842,"terminal: возможный конечный получатель в наблюдаемом графе; in/out 18,600/0 KZT."
100000003980083100,terminal,0.714619,61,0.24613592097654094,"terminal: возможный конечный получатель в наблюдаемом графе; in/out 30,000/0 KZT."
100000004351795100,coordinator,1.0,0,0.870474854200928,"coordinator: достижим от нескольких seed и связывает сообщества; in/out 118,333/1,715,161 KZT."
100000002666248100,terminal,0.809066,3,0.42005047446908383,"terminal: возможный конечный получатель в наблюдаемом графе; in/out 70,032/0 KZT."
100000005877725100,terminal,0.807332,22,0.2873417233337486,"terminal: возможный конечный получатель в наблюдаемом графе; in/out 70,000/0 KZT."
100000001697501100,distributor,0.993516,22,0.6200171487519819,"distributor: веер на 38 получателей; in/out 123,700/1,482,606 KZT."
100000006972210100,consolidator,0.615,5,0.6625945700245093,"consolidator: получает от 3 плательщиков; in/out 488,775/0 KZT."
100000008749618100,terminal,0.763169,22,0.26771343684236143,"terminal: возможный конечный получатель в наблюдаемом графе; in/out 47,280/0 KZT."
100000008671026100,terminal,0.679635,22,0.23058741689675855,"terminal: возможный конечный получатель в наблюдаемом графе; in/out 23,534/0 KZT."
100000001696818100,terminal,0.784485,3,0.27718759822042127,"terminal: возможный конечный получатель в наблюдаемом графе; in/out 53,550/0 KZT."
100000008679986100,terminal,0.652709,22,0.21862005515605137,"terminal: возможный конечный получатель в наблюдаемом графе; in/out 19,000/0 KZT."
100000003616818100,consolidator,0.2775,34,0.559639896249637,"consolidator: получает от 3 плательщиков; in/out 78,000/240,100 KZT."
100000004156082100,coordinator,1.0,4,0.940746691958877,"coordinator: достижим от нескольких seed и связывает сообщества; in/out 377,366/2,319,556 KZT."
100000008667058100,terminal,0.644549,22,0.2149935819012916,"terminal: возможный конечный получатель в наблюдаемом графе; in/out 17,534/0 KZT."
100000008628231100,peripheral,0.35,74,0.5892230709507776,"peripheral: недостаточно наблюдаемых связей; in/out 50,000/627,870 KZT."
100000008749063100,terminal,0.652709,22,0.21862005515605137,"terminal: возможный конечный получатель в наблюдаемом графе; in/out 19,000/0 KZT."
100000004494983100,terminal,0.731346,22,0.2535701911487984,"terminal: возможный конечный получатель в наблюдаемом графе; in/out 35,000/0 KZT."
100000007648946100,peripheral,0.35,12,0.25438956207542,"peripheral: недостаточно наблюдаемых связей; in/out 19,550/25,000 KZT."
100000003037660100,terminal,0.783058,3,0.4084910909695371,"terminal: возможный конечный получатель в наблюдаемом графе; in/out 53,000/0 KZT."
100000002679516100,consolidator,0.615,8,0.5982236385669986,"consolidator: получает от 3 плательщиков; in/out 102,335/0 KZT."
100000005588444100,terminal,0.610585,2,0.1998983869783542,"terminal: возможный конечный получатель в наблюдаемом графе; in/out 12,300/0 KZT."
100000001307612100,terminal,0.739506,22,0.25719666440355815,"terminal: возможный конечный получатель в наблюдаемом графе; in/out 38,483/0 KZT."
100000003001564100,peripheral,0.35,16,0.36668179424273417,"peripheral: недостаточно наблюдаемых связей; in/out 23,520/180,000 KZT."
100000002762076100,peripheral,0.35,2,0.5612218825394744,"peripheral: недостаточно наблюдаемых связей; in/out 140,350/30,000 KZT."
100000005514161100,consolidator,0.67,2,0.7716298110595587,"consolidator: получает от 4 плательщиков; in/out 401,500/50,000 KZT."
100000008746673100,terminal,0.783772,22,0.2768702818106298,"terminal: возможный конечный получатель в наблюдаемом графе; in/out 53,048/0 KZT."
100000003265158100,consolidator,0.615,8,0.8171138037348843,"consolidator: получает от 3 плательщиков; in/out 146,100/154,200 KZT."
100000001567366100,terminal,0.984905,16,0.4401936937642974,"terminal: возможный конечный получатель в наблюдаемом графе; in/out 824,070/0 KZT."
100000008777088100,terminal,0.648629,22,0.2168068185286715,"terminal: возможный конечный получатель в наблюдаемом графе; in/out 18,000/0 KZT."
100000002589019100,terminal,0.729918,8,0.25293555832921544,"terminal: возможный конечный получатель в наблюдаемом графе; in/out 34,710/0 KZT."
100000008666075100,terminal,0.701564,22,0.24033356376892537,"terminal: возможный конечный получатель в наблюдаемом графе; in/out 26,217/0 KZT."
100000008137435100,peripheral,0.35,29,0.673359272606199,"peripheral: недостаточно наблюдаемых связей; in/out 93,906/1,419,700 KZT."
100000004403675100,coordinator,1.0,49,0.8735220027835261,"coordinator: достижим от нескольких seed и связывает сообщества; in/out 182,980/264,699 KZT."
100000004677680100,peripheral,0.35,11,0.6654092462503736,"peripheral: недостаточно наблюдаемых связей; in/out 63,000/168,000 KZT."
100000005958064100,peripheral,0.35,40,0.40816167043441015,"peripheral: недостаточно наблюдаемых связей; in/out 5,746/163,987 KZT."
100000002881669100,terminal,0.651281,8,0.21798542233646842,"terminal: возможный конечный получатель в наблюдаемом графе; in/out 18,600/0 KZT."
100000002938501100,peripheral,0.35,16,0.3521039630314133,"peripheral: недостаточно наблюдаемых связей; in/out 8,395/5,000 KZT."
100000006734554100,peripheral,0.35,27,0.24626655762116487,"peripheral: недостаточно наблюдаемых связей; in/out 16,500/25,000 KZT."
100000008003034100,coordinator,1.0,12,0.5380166332296619,"coordinator: достижим от нескольких seed и связывает сообщества; in/out 12,201/135,000 KZT."
100000003970394100,terminal,0.824977,8,0.2951839717471665,"terminal: возможный конечный получатель в наблюдаемом графе; in/out 85,000/0 KZT."
100000003205210100,terminal,0.869243,3,0.44679571472293694,"terminal: возможный конечный получатель в наблюдаемом графе; in/out 137,563/0 KZT."
100000004559194100,terminal,0.93146,16,0.4164402939456211,"terminal: возможный конечный получатель в наблюдаемом графе; in/out 282,145/0 KZT."
100000008173359100,terminal,0.569991,16,0.2557875287597643,"terminal: возможный конечный получатель в наблюдаемом графе; in/out 6,110/0 KZT."
100000007953156100,peripheral,0.35,40,0.38897895386282894,"peripheral: недостаточно наблюдаемых связей; in/out 18,000/10,000 KZT."
100000002224132100,consolidator,0.5,21,0.7395863640034408,"consolidator: получает от 5 плательщиков; in/out 3,951,020/12,115,000 KZT."
100000008547844100,coordinator,1.0,42,0.8865017255339431,"coordinator: достижим от нескольких seed и связывает сообщества; in/out 177,600/2,042,199 KZT."
100000002635780100,terminal,0.885154,2,0.32192921200101965,"terminal: возможный конечный получатель в наблюдаемом графе; in/out 163,000/0 KZT."
100000001279875100,terminal,0.76786,24,0.26979865896384825,"terminal: возможный конечный получатель в наблюдаемом графе; in/out 49,235/0 KZT."
100000001961048100,terminal,0.878015,33,0.428628659368073,"terminal: возможный конечный получатель в наблюдаемом графе; in/out 150,000/0 KZT."
100000000993112100,terminal,0.873017,41,0.31653483303456453,"terminal: возможный конечный получатель в наблюдаемом графе; in/out 141,000/0 KZT."
100000005547096100,peripheral,0.35,71,0.26972488191879695,"peripheral: недостаточно наблюдаемых связей; in/out 8,000/226,300 KZT."
100000000331309100,coordinator,1.0,10,0.9701424597064614,"coordinator: достижим от нескольких seed и связывает сообщества; in/out 984,635/23,001,375 KZT."
100000006684930100,terminal,0.594062,12,0.3336375811852364,"terminal: возможный конечный получатель в наблюдаемом графе; in/out 10,000/0 KZT."
100000004479404100,peripheral,0.35,51,0.7237526287257647,"peripheral: недостаточно наблюдаемых связей; in/out 1,492,000/300,000 KZT."
100000004134060100,terminal,0.828037,35,0.4284820247864002,"terminal: возможный конечный получатель в наблюдаемом графе; in/out 88,179/0 KZT."
100000001083990100,terminal,0.769084,8,0.3442734761759021,"terminal: возможный конечный получатель в наблюдаемом графе; in/out 49,900/0 KZT."
100000004573782100,terminal,0.62568,2,0.20660736249965972,"terminal: возможный конечный получатель в наблюдаемом графе; in/out 15,000/0 KZT."
100000005660203100,peripheral,0.35,16,0.5829268520498536,"peripheral: недостаточно наблюдаемых связей; in/out 572,899/41,000 KZT."
100000008771627100,terminal,0.637103,22,0.21168442505632337,"terminal: возможный конечный получатель в наблюдаемом графе; in/out 16,500/0 KZT."
100000000031787100,transit,1.0,2,0.38146558908108164,"transit: наблюдаемый pass-through 1.00; in/out 90,000/90,000 KZT."
100000001346560100,peripheral,0.35,3,0.5791156817554934,"peripheral: недостаточно наблюдаемых связей; in/out 10,000/22,200 KZT."
100000001703168100,peripheral,0.35,3,0.4275185438189887,"peripheral: недостаточно наблюдаемых связей; in/out 45,000/90,000 KZT."
100000004904960100,terminal,0.723799,0,0.5185545542514954,"terminal: возможный конечный получатель в наблюдаемом графе; in/out 32,000/0 KZT."
100000004467157100,peripheral,0.35,62,0.25673799914428364,"peripheral: недостаточно наблюдаемых связей; in/out 20,000/7,000 KZT."
100000008346837100,coordinator,1.0,12,0.957644717069901,"coordinator: достижим от нескольких seed и связывает сообщества; in/out 254,359/1,258,643 KZT."
100000006385877100,peripheral,0.35,5,0.31208704719505426,"peripheral: недостаточно наблюдаемых связей; in/out 53,707/36,603 KZT."
100000002459093100,peripheral,0.35,48,0.39286673894482765,"peripheral: недостаточно наблюдаемых связей; in/out 500,000/55,000 KZT."
100000005053653100,peripheral,0.35,12,0.6141269702331054,"peripheral: недостаточно наблюдаемых связей; in/out 63,073/25,000 KZT."
100000001557930100,terminal,0.729714,2,0.25284489649784647,"terminal: возможный конечный получатель в наблюдаемом графе; in/out 34,610/0 KZT."
100000002820010100,terminal,0.714619,2,0.24613592097654094,"terminal: возможный конечный получатель в наблюдаемом графе; in/out 30,000/0 KZT."
100000000769919100,terminal,0.922586,37,0.33856565805723005,"terminal: возможный конечный получатель в наблюдаемом графе; in/out 250,000/0 KZT."
100000003188607100,peripheral,0.35,2,0.251388951093513,"peripheral: недостаточно наблюдаемых связей; in/out 18,000/5,000 KZT."
100000002836052100,terminal,0.62568,3,0.3522397555842821,"terminal: возможный конечный получатель в наблюдаемом графе; in/out 15,000/0 KZT."
100000001102676100,transit,1.0,3,0.3805781835367545,"transit: наблюдаемый pass-through 1.00; in/out 50,000/50,000 KZT."
100000003390036100,peripheral,0.35,11,0.8249861833893465,"peripheral: недостаточно наблюдаемых связей; in/out 231,300/62,000 KZT."
100000008335401100,terminal,0.878015,18,0.3926868941269447,"terminal: возможный конечный получатель в наблюдаемом графе; in/out 150,000/0 KZT."
100000006994985100,peripheral,0.35,2,0.4408828523215778,"peripheral: недостаточно наблюдаемых связей; in/out 48,500/10,200 KZT."
100000008356606100,terminal,0.888826,12,0.45996185026031244,"terminal: возможный конечный получатель в наблюдаемом графе; in/out 168,500/0 KZT."
100000007930878100,terminal,0.555814,23,0.1755556852557794,"terminal: возможный конечный получатель в наблюдаемом графе; in/out 5,000/0 KZT."
100000008389800100,consolidator,0.2775,16,0.7379853060414554,"consolidator: получает от 3 плательщиков; in/out 189,000/401,620 KZT."
100000005474472100,terminal,0.84354,21,0.3034341984017449,"terminal: возможный конечный получатель в наблюдаемом графе; in/out 100,000/0 KZT."
100000004486525100,consolidator,0.7775,0,0.8121580988471259,"consolidator: получает от 8 плательщиков; in/out 360,924/271,045 KZT."
100000003031890100,terminal,0.910245,34,0.33308061725940585,"terminal: возможный конечный получатель в наблюдаемом графе; in/out 215,000/0 KZT."
100000008624978100,terminal,0.852822,35,0.43949743729773294,"terminal: возможный конечный получатель в наблюдаемом графе; in/out 109,000/0 KZT."
100000000790311100,terminal,0.758885,4,0.3756821498485807,"terminal: возможный конечный получатель в наблюдаемом графе; in/out 46,300/0 KZT."
100000008546855100,consolidator,0.6675,43,0.749941417070154,"consolidator: получает от 6 плательщиков; in/out 71,790/10,000 KZT."
100000002863356100,peripheral,0.35,22,0.2988050888994967,"peripheral: недостаточно наблюдаемых связей; in/out 45,000/20,000 KZT."
100000000332284100,consolidator,0.8875,10,0.8164449843593289,"consolidator: получает от 10 плательщиков; in/out 107,426/289,500 KZT."
100000002605308100,consolidator,0.615,40,0.6648600846232089,"consolidator: получает от 3 плательщиков; in/out 2,569,522/0 KZT."
100000005931985100,terminal,0.816104,24,0.29124018208261526,"terminal: возможный конечный получатель в наблюдаемом графе; in/out 76,000/0 KZT."
100000001166289100,peripheral,0.35,22,0.5352511451098321,"peripheral: недостаточно наблюдаемых связей; in/out 721,039/25,000 KZT."
100000008477350100,coordinator,1.0,0,0.9397980425007011,"coordinator: достижим от нескольких seed и связывает сообщества; in/out 610,100/3,374,866 KZT."
100000003824464100,terminal,0.904635,29,0.3305874168967585,"terminal: возможный конечный получатель в наблюдаемом графе; in/out 200,000/0 KZT."
100000002738256100,transit,0.587217,58,0.3540634751188983,"transit: наблюдаемый pass-through 1.17; in/out 150,200/175,000 KZT."
100000001857829100,coordinator,1.0,1,0.9385518024221283,"coordinator: достижим от нескольких seed и связывает сообщества; in/out 888,535/2,390,993 KZT."
100000008672762100,terminal,0.613849,22,0.20134897628025808,"terminal: возможный конечный получатель в наблюдаемом графе; in/out 13,000/0 KZT."
100000001737722100,terminal,0.796215,3,0.3563314997479783,"terminal: возможный конечный получатель в наблюдаемом графе; in/out 60,460/0 KZT."
100000005572303100,peripheral,0.35,16,0.5045979672255945,"peripheral: недостаточно наблюдаемых связей; in/out 75,000/20,000 KZT."
100000008733049100,terminal,0.594062,4,0.30242739010243386,"terminal: возможный конечный получатель в наблюдаемом графе; in/out 10,000/0 KZT."
100000000850297100,transit,1.0,11,0.24930372897202613,"transit: наблюдаемый pass-through 1.00; in/out 17,520/17,520 KZT."
100000005140601100,consolidator,0.2775,1,0.5485075497417304,"consolidator: получает от 3 плательщиков; in/out 52,685/195,300 KZT."
100000004410489100,terminal,0.785811,3,0.3517077463481596,"terminal: возможный конечный получатель в наблюдаемом графе; in/out 54,000/0 KZT."
100000006852430100,terminal,0.736344,11,0.40142379910196113,"terminal: возможный конечный получатель в наблюдаемом графе; in/out 37,000/0 KZT."
100000003166755100,terminal,0.684837,3,0.30683013982050766,"terminal: возможный конечный получатель в наблюдаемом графе; in/out 24,010/0 KZT."
100000008258083100,peripheral,0.35,33,0.8041022531299119,"peripheral: недостаточно наблюдаемых связей; in/out 3,149,500/2,045,650 KZT."
100000003054328100,peripheral,0.35,24,0.3998699408489873,"peripheral: недостаточно наблюдаемых связей; in/out 140,000/193,720 KZT."
100000008473207100,terminal,0.907083,3,0.47730775195780883,"terminal: возможный конечный получатель в наблюдаемом графе; in/out 202,000/0 KZT."
100000008104567100,coordinator,1.0,18,0.7597618615558214,"coordinator: достижим от нескольких seed и связывает сообщества; in/out 53,550/40,000 KZT."
100000002721825100,terminal,0.604363,0,0.19713320112159988,"terminal: возможный конечный получатель в наблюдаемом графе; in/out 11,000/0 KZT."
100000003509750100,consolidator,0.2775,2,0.5613624710456477,"consolidator: получает от 3 плательщиков; in/out 82,290/78,400 KZT."
100000007322059100,peripheral,0.35,41,0.48457123064729907,"peripheral: недостаточно наблюдаемых связей; in/out 29,000/22,500 KZT."
100000004441291100,terminal,0.660664,3,0.3540939921481409,"terminal: возможный конечный получатель в наблюдаемом графе; in/out 20,000/0 KZT."
100000006122699100,terminal,0.757661,8,0.47559713891388944,"terminal: возможный конечный получатель в наблюдаемом графе; in/out 45,865/0 KZT."
100000008254069100,peripheral,0.35,49,0.558584678777753,"peripheral: недостаточно наблюдаемых связей; in/out 10,200/107,500 KZT."
100000003336565100,terminal,0.637715,22,0.21195641055043032,"terminal: возможный конечный получатель в наблюдаемом графе; in/out 16,550/0 KZT."
100000002492277100,terminal,0.869957,3,0.38910575178786944,"terminal: возможный конечный получатель в наблюдаемом графе; in/out 138,500/0 KZT."
100000001339466100,terminal,0.714619,3,0.3560085324415091,"terminal: возможный конечный получатель в наблюдаемом графе; in/out 30,000/0 KZT."
100000005022964100,terminal,0.660664,3,0.3540939921481409,"terminal: возможный конечный получатель в наблюдаемом графе; in/out 20,000/0 KZT."
100000003112436100,terminal,0.84354,16,0.43537232397044373,"terminal: возможный конечный получатель в наблюдаемом графе; in/out 100,000/0 KZT."
100000000489417100,consolidator,0.39,12,0.5588420094660382,"consolidator: получает от 3 плательщиков; in/out 73,504/80,000 KZT."
100000002217161100,peripheral,0.35,38,0.8153634698576323,"peripheral: недостаточно наблюдаемых связей; in/out 404,750/995,132 KZT."
100000002469065100,terminal,0.904635,16,0.4625255424654573,"terminal: возможный конечный получатель в наблюдаемом графе; in/out 200,000/0 KZT."
100000007337374100,terminal,0.660664,22,0.2221558665794421,"terminal: возможный конечный получатель в наблюдаемом графе; in/out 20,000/0 KZT."
100000003249054100,consolidator,0.7225,3,0.69396786749758,"consolidator: получает от 7 плательщиков; in/out 99,700/15,000 KZT."
100000003024542100,terminal,0.581006,3,0.31869054699854893,"terminal: возможный конечный получатель в наблюдаемом графе; in/out 8,500/0 KZT."
100000002718366100,consolidator,0.78,5,0.6897572548026434,"consolidator: получает от 6 плательщиков; in/out 2,525,000/0 KZT."
100000005059998100,terminal,0.648629,0,0.2168068185286715,"terminal: возможный конечный получатель в наблюдаемом графе; in/out 18,000/0 KZT."
100000004071070100,peripheral,0.35,0,0.5056915108259656,"peripheral: недостаточно наблюдаемых связей; in/out 41,000/6,000 KZT."
100000001584286100,terminal,0.981437,24,0.6422051242496063,"terminal: возможный конечный получатель в наблюдаемом графе; in/out 738,699/0 KZT."
100000008701256100,terminal,0.792339,0,0.3546089249519674,"terminal: возможный конечный получатель в наблюдаемом графе; in/out 58,250/0 KZT."
100000001490461100,peripheral,0.35,18,0.3583862366724712,"peripheral: недостаточно наблюдаемых связей; in/out 20,000/5,000 KZT."
100000008531186100,terminal,0.862613,3,0.421783691099714,"terminal: возможный конечный получатель в наблюдаемом графе; in/out 125,000/0 KZT."
100000004765639100,peripheral,0.35,0,0.25952542588978517,"peripheral: недостаточно наблюдаемых связей; in/out 5,000/11,000 KZT."
100000002983879100,terminal,0.906369,3,0.5996968933267447,"terminal: возможный конечный получатель в наблюдаемом графе; in/out 200,050/0 KZT."
100000008734364100,terminal,0.700442,22,0.2398349236963959,"terminal: возможный конечный получатель в наблюдаемом графе; in/out 26,200/0 KZT."
100000003192220100,terminal,0.794481,6,0.28163002795750197,"terminal: возможный конечный получатель в наблюдаемом графе; in/out 60,000/0 KZT."
100000008060273100,terminal,0.594062,3,0.3381871717220881,"terminal: возможный конечный получатель в наблюдаемом графе; in/out 10,000/0 KZT."
100000008205937100,terminal,0.731346,12,0.39465299369656914,"terminal: возможный конечный получатель в наблюдаемом графе; in/out 35,000/0 KZT."
100000005507142100,consolidator,0.2775,26,0.5421421627954212,"consolidator: получает от 3 плательщиков; in/out 51,000/100,000 KZT."
100000005539910100,peripheral,0.35,3,0.6226772867259364,"peripheral: недостаточно наблюдаемых связей; in/out 102,000/22,000 KZT."
100000002459163100,terminal,0.666478,39,0.22473972877345844,"terminal: возможный конечный получатель в наблюдаемом графе; in/out 20,180/0 KZT."
100000004666651100,terminal,0.95655,74,0.48559897854886624,"terminal: возможный конечный получатель в наблюдаемом графе; in/out 429,250/0 KZT."
100000003927792100,terminal,0.614869,4,0.3116748969020712,"terminal: возможный конечный получатель в наблюдаемом графе; in/out 13,067/0 KZT."
100000000607941100,peripheral,0.35,16,0.6484641523334032,"peripheral: недостаточно наблюдаемых связей; in/out 50,000/70,000 KZT."
100000004158362100,terminal,0.607729,0,0.27255996756302814,"terminal: возможный конечный получатель в наблюдаемом графе; in/out 12,000/0 KZT."
100000005664922100,peripheral,0.35,21,0.4707233051344963,"peripheral: недостаточно наблюдаемых связей; in/out 22,000/537,000 KZT."
100000007594394100,consolidator,0.78,43,0.780230580939085,"consolidator: получает от 6 плательщиков; in/out 395,385/3,376,312 KZT."
100000000979567100,terminal,0.594062,22,0.1925547786374657,"terminal: возможный конечный получатель в наблюдаемом графе; in/out 10,000/0 KZT."
100000002831727100,peripheral,0.35,43,0.24338558083847733,"peripheral: недостаточно наблюдаемых связей; in/out 6,000/77,000 KZT."
100000003062895100,terminal,0.940231,42,0.5567394779891387,"terminal: возможный конечный получатель в наблюдаемом графе; in/out 328,444/0 KZT."
100000008376089100,terminal,0.867917,33,0.42414089871530786,"terminal: возможный конечный получатель в наблюдаемом графе; in/out 135,000/0 KZT."
100000003219438100,terminal,0.723799,62,0.2502157033881457,"terminal: возможный конечный получатель в наблюдаемом графе; in/out 32,000/0 KZT."
100000000967918100,terminal,0.67066,0,0.30052914254036267,"terminal: возможный конечный получатель в наблюдаемом графе; in/out 21,200/0 KZT."
100000003254723100,terminal,0.927992,3,0.47290632215720707,"terminal: возможный конечный получатель в наблюдаемом графе; in/out 269,850/0 KZT."
100000003823811100,peripheral,0.35,49,0.5733243449963268,"peripheral: недостаточно наблюдаемых связей; in/out 30,000/66,130 KZT."
100000008587459100,peripheral,0.35,0,0.6201289829023829,"peripheral: недостаточно наблюдаемых связей; in/out 181,507/686,500 KZT."
100000008603331100,peripheral,0.35,42,0.649906929194949,"peripheral: недостаточно наблюдаемых связей; in/out 39,500/741,774 KZT."
100000008758168100,peripheral,0.35,35,0.7496778953129761,"peripheral: недостаточно наблюдаемых связей; in/out 75,410/1,533,600 KZT."
100000003724440100,terminal,0.77296,3,0.5404040556114229,"terminal: возможный конечный получатель в наблюдаемом графе; in/out 50,000/0 KZT."
100000000291906100,transit,0.562796,7,0.6765651692773842,"transit: наблюдаемый pass-through 1.17; in/out 388,000/455,854 KZT."
100000005077484100,peripheral,0.35,27,0.4027257885371106,"peripheral: недостаточно наблюдаемых связей; in/out 150,000/13,550 KZT."
100000004192107100,terminal,0.69065,3,0.309414002014524,"terminal: возможный конечный получатель в наблюдаемом графе; in/out 25,000/0 KZT."
100000002193259100,peripheral,0.35,8,0.7339301050695478,"peripheral: недостаточно наблюдаемых связей; in/out 48,000/58,000 KZT."
100000005481280100,peripheral,0.35,4,0.537350272309189,"peripheral: недостаточно наблюдаемых связей; in/out 32,700/50,000 KZT."
100000004527381100,peripheral,0.35,4,0.34535993930747494,"peripheral: недостаточно наблюдаемых связей; in/out 119,333/273,866 KZT."
100000001578517100,terminal,0.714619,16,0.37807404654523974,"terminal: возможный конечный получатель в наблюдаемом графе; in/out 30,000/0 KZT."
100000003741418100,consolidator,0.8325,10,0.8130233871343694,"consolidator: получает от 9 плательщиков; in/out 151,900/39,920 KZT."
100000008737514100,terminal,0.824977,4,0.40505658321213467,"terminal: возможный конечный получатель в наблюдаемом графе; in/out 85,000/0 KZT."
100000002870463100,consolidator,0.39,2,0.629079799682444,"consolidator: получает от 3 плательщиков; in/out 207,000/10,000 KZT."
100000008545727100,peripheral,0.35,18,0.5624715410382457,"peripheral: недостаточно наблюдаемых связей; in/out 30,000/1,866,500 KZT."
100000000425407100,terminal,0.660664,3,0.2221558665794421,"terminal: возможный конечный получатель в наблюдаемом графе; in/out 20,000/0 KZT."
100000001418900100,terminal,0.746034,22,0.26009784300736594,"terminal: возможный конечный получатель в наблюдаемом графе; in/out 40,140/0 KZT."
100000001677929100,consolidator,0.2775,2,0.5568735673222421,"consolidator: получает от 3 плательщиков; in/out 126,777/286,098 KZT."
100000002539625100,terminal,0.835993,42,0.3000797106410922,"terminal: возможный конечный получатель в наблюдаемом графе; in/out 94,700/0 KZT."
100000001965374100,peripheral,0.35,21,0.6140596605288754,"peripheral: недостаточно наблюдаемых связей; in/out 1,759,720/3,082,100 KZT."
100000001287955100,peripheral,0.35,24,0.3329492621132365,"peripheral: недостаточно наблюдаемых связей; in/out 17,520/310,000 KZT."
100000005402643100,peripheral,0.35,5,0.3471731759348548,"peripheral: недостаточно наблюдаемых связей; in/out 127,800/90,000 KZT."
100000008752616100,peripheral,0.35,5,0.7545589119207695,"peripheral: недостаточно наблюдаемых связей; in/out 64,510/1,265,000 KZT."
100000000733373100,terminal,0.602833,16,0.30632584885130054,"terminal: возможный конечный получатель в наблюдаемом графе; in/out 10,710/0 KZT."
100000008531133100,peripheral,0.35,16,0.3993207074759367,"peripheral: недостаточно наблюдаемых связей; in/out 25,000/158,272 KZT."
100000005933757100,coordinator,1.0,40,0.9073235504513544,"coordinator: достижим от нескольких seed и связывает сообщества; in/out 1,246,000/3,002,628 KZT."
100000006490557100,terminal,0.555814,2,0.1755556852557794,"terminal: возможный конечный получатель в наблюдаемом графе; in/out 5,000/0 KZT."
100000008497298100,terminal,0.975827,5,0.3622283960445374,"terminal: возможный конечный получатель в наблюдаемом графе; in/out 600,000/0 KZT."
100000005168487100,peripheral,0.35,11,0.3731276206332,"peripheral: недостаточно наблюдаемых связей; in/out 15,000/103,510 KZT."
100000005799271100,terminal,0.755315,11,0.396161081903354,"terminal: возможный конечный получатель в наблюдаемом графе; in/out 45,000/0 KZT."
100000000912487100,terminal,0.594062,3,0.30242739010243386,"terminal: возможный конечный получатель в наблюдаемом графе; in/out 10,000/0 KZT."
100000007982908100,terminal,0.720943,22,0.24894643774897976,"terminal: возможный конечный получатель в наблюдаемом графе; in/out 31,080/0 KZT."
100000005413948100,peripheral,0.35,42,0.4413003587169904,"peripheral: недостаточно наблюдаемых связей; in/out 28,215/5,000 KZT."
100000000724540100,peripheral,0.35,35,0.46630285418596124,"peripheral: недостаточно наблюдаемых связей; in/out 50,000/100,000 KZT."
100000005730108100,terminal,0.578762,0,0.25968598750863103,"terminal: возможный конечный получатель в наблюдаемом графе; in/out 8,000/0 KZT."
100000002566204100,terminal,0.820286,11,0.29309874962567967,"terminal: возможный конечный получатель в наблюдаемом графе; in/out 80,805/0 KZT."
100000000625169100,terminal,0.594062,22,0.1925547786374657,"terminal: возможный конечный получатель в наблюдаемом графе; in/out 10,000/0 KZT."
100000001114385100,terminal,0.710131,3,0.31807220691026294,"terminal: возможный конечный получатель в наблюдаемом графе; in/out 29,500/0 KZT."
100000002964966100,terminal,0.904635,3,0.40451826312059835,"terminal: возможный конечный получатель в наблюдаемом графе; in/out 200,000/0 KZT."
100000008771814100,terminal,0.681777,22,0.23153936612613296,"terminal: возможный конечный получатель в наблюдаемом графе; in/out 23,700/0 KZT."
100000001241318100,terminal,0.783058,0,0.2765529654008383,"terminal: возможный конечный получатель в наблюдаемом графе; in/out 53,000/0 KZT."
100000001250022100,terminal,0.77296,2,0.27206520474807316,"terminal: возможный конечный получатель в наблюдаемом графе; in/out 50,000/0 KZT."
100000006534886100,peripheral,0.35,16,0.32341977611617845,"peripheral: недостаточно наблюдаемых связей; in/out 71,700/167,500 KZT."
100000008655035100,terminal,0.714619,2,0.32006676720038074,"terminal: возможный конечный получатель в наблюдаемом графе; in/out 30,000/0 KZT."
100000005932987100,terminal,0.69065,62,0.23548315579068418,"terminal: возможный конечный получатель в наблюдаемом графе; in/out 25,000/0 KZT."
100000008636603100,peripheral,0.35,8,0.7182818311561061,"peripheral: недостаточно наблюдаемых связей; in/out 35,460/159,375 KZT."
100000008710843100,distributor,0.7767,35,0.769321527447895,"distributor: веер на 13 получателей; in/out 33,944/1,985,500 KZT."
100000000917179100,terminal,0.835177,40,0.2997170633156162,"terminal: возможный конечный получатель в наблюдаемом графе; in/out 94,465/0 KZT."
100000004209339100,peripheral,0.35,53,0.5588001630710819,"peripheral: недостаточно наблюдаемых связей; in/out 138,500/238,500 KZT."
100000008765627100,terminal,0.794481,2,0.28163002795750197,"terminal: возможный конечный получатель в наблюдаемом графе; in/out 60,000/0 KZT."
100000002443664100,consolidator,0.615,24,0.6533460320393467,"consolidator: получает от 3 плательщиков; in/out 556,880/0 KZT."
100000008144528100,consolidator,0.725,16,0.6744702387483222,"consolidator: получает от 5 плательщиков; in/out 1,068,203/0 KZT."
100000003988112100,peripheral,0.35,49,0.4432198581160514,"peripheral: недостаточно наблюдаемых связей; in/out 92,000/64,000 KZT."
100000008008463100,terminal,0.786015,2,0.27786756195568874,"terminal: возможный конечный получатель в наблюдаемом графе; in/out 54,180/0 KZT."
100000006679055100,terminal,0.69065,3,0.3453557672556523,"terminal: возможный конечный получатель в наблюдаемом графе; in/out 25,000/0 KZT."
100000007382543100,consolidator,0.2775,15,0.7432345641673104,"consolidator: получает от 3 плательщиков; in/out 218,000/427,000 KZT."
100000007749092100,peripheral,0.35,16,0.21933999370457374,"peripheral: недостаточно наблюдаемых связей; in/out 7,650/70,375 KZT."
100000004221668100,consolidator,0.3325,48,0.6464712652432906,"consolidator: получает от 4 плательщиков; in/out 1,128,300/731,440 KZT."
100000008174521100,terminal,0.821917,16,0.40369665574159974,"terminal: возможный конечный получатель в наблюдаемом графе; in/out 82,110/0 KZT."
100000002692750100,consolidator,0.5025,2,0.6418121360931099,"consolidator: получает от 3 плательщиков; in/out 112,830/77,000 KZT."
100000002173070100,terminal,0.714619,16,0.37807404654523974,"terminal: возможный конечный получатель в наблюдаемом графе; in/out 30,000/0 KZT."
100000005911352100,peripheral,0.35,19,0.5676608568708675,"peripheral: недостаточно наблюдаемых связей; in/out 15,000/24,000 KZT."
100000003068941100,consolidator,0.5025,0,0.6324286365464191,"consolidator: получает от 3 плательщиков; in/out 94,000/25,000 KZT."
100000001420847100,terminal,0.660664,43,0.2221558665794421,"terminal: возможный конечный получатель в наблюдаемом графе; in/out 20,000/0 KZT."
100000005602999100,peripheral,0.35,53,0.46140920363239696,"peripheral: недостаточно наблюдаемых связей; in/out 5,000/16,000 KZT."
100000000723383100,peripheral,0.35,32,0.3961171815758587,"peripheral: недостаточно наблюдаемых связей; in/out 6,800/75,000 KZT."
100000006977207100,distributor,0.836239,1,0.49413662510805556,"distributor: веер на 15 получателей; in/out 414,000/4,157,018 KZT."
100000001273783100,terminal,0.677289,11,0.2295448058360151,"terminal: возможный конечный получатель в наблюдаемом графе; in/out 23,200/0 KZT."
100000000201868100,transit,1.0,6,0.3623137017734767,"transit: наблюдаемый pass-through 1.00; in/out 190,000/190,000 KZT."
100000007777377100,peripheral,0.35,16,0.6895343760869675,"peripheral: недостаточно наблюдаемых связей; in/out 456,290/10,000 KZT."
100000004192865100,terminal,0.803558,27,0.2856644794534222,"terminal: возможный конечный получатель в наблюдаемом графе; in/out 66,666/0 KZT."
100000006901046100,peripheral,0.35,16,0.32559566006903434,"peripheral: недостаточно наблюдаемых связей; in/out 75,800/5,500 KZT."
100000000437046100,coordinator,1.0,0,0.9738598202827985,"coordinator: достижим от нескольких seed и связывает сообщества; in/out 1,107,200/7,606,224 KZT."
100000008765494100,terminal,0.683715,22,0.2324006535241384,"terminal: возможный конечный получатель в наблюдаемом графе; in/out 24,000/0 KZT."
100000008713270100,peripheral,0.35,2,0.3529082552704891,"peripheral: недостаточно наблюдаемых связей; in/out 30,000/190,000 KZT."
100000003603979100,terminal,0.886276,34,0.32242785207354907,"terminal: возможный конечный получатель в наблюдаемом графе; in/out 165,000/0 KZT."
100000000943371100,terminal,0.63027,12,0.3497300562532328,"terminal: возможный конечный получатель в наблюдаемом графе; in/out 15,500/0 KZT."
100000008672480100,terminal,0.613849,22,0.20134897628025808,"terminal: возможный конечный получатель в наблюдаемом графе; in/out 13,000/0 KZT."
100000008691168100,terminal,0.683715,22,0.2324006535241384,"terminal: возможный конечный получатель в наблюдаемом графе; in/out 24,000/0 KZT."
100000003237045100,peripheral,0.35,16,0.3821686428432864,"peripheral: недостаточно наблюдаемых связей; in/out 340,200/150,000 KZT."
100000008736394100,terminal,0.634757,22,0.21064181399557994,"terminal: возможный конечный получатель в наблюдаемом графе; in/out 16,000/0 KZT."
100000004160650100,distributor,0.685771,34,0.5637939129345491,"distributor: веер на 10 получателей; in/out 75,100/1,489,827 KZT."
100000000629812100,terminal,0.672801,31,0.507854519521167,"terminal: возможный конечный получатель в наблюдаемом графе; in/out 22,000/0 KZT."
100000000955444100,terminal,0.572643,23,0.18303528634372135,"terminal: возможный конечный получатель в наблюдаемом графе; in/out 6,910/0 KZT."
100000008731444100,consolidator,0.5025,0,0.8841653547471595,"consolidator: получает от 3 плательщиков; in/out 439,000/879,768 KZT."
100000008413748100,distributor,0.924899,28,0.7235303108579547,"distributor: веер на 18 получателей; in/out 26,480/1,377,320 KZT."
100000006787636100,terminal,0.660664,6,0.2221558665794421,"terminal: возможный конечный получатель в наблюдаемом графе; in/out 20,000/0 KZT."
100000005942793100,consolidator,0.5575,0,0.5593630202021618,"consolidator: получает от 4 плательщиков; in/out 55,000/0 KZT."
100000008730846100,consolidator,0.835,11,0.8505231911194513,"consolidator: получает от 7 плательщиков; in/out 155,042/363,370 KZT."
100000002570206100,terminal,0.887602,28,0.5333487254959384,"terminal: возможный конечный получатель в наблюдаемом графе; in/out 166,960/0 KZT."
100000000785800100,transit,1.0,39,0.25320218772089287,"transit: наблюдаемый pass-through 1.00; in/out 19,000/19,000 KZT."
100000007382152100,terminal,0.566931,0,0.25442760128922937,"terminal: возможный конечный получатель в наблюдаемом графе; in/out 5,860/0 KZT."
100000000910216100,peripheral,0.35,3,0.3970786368459113,"peripheral: недостаточно наблюдаемых связей; in/out 71,000/52,010 KZT."
100000003131016100,peripheral,0.35,0,0.4610858897924209,"peripheral: недостаточно наблюдаемых связей; in/out 405,700/126,000 KZT."
100000003221384100,terminal,0.969198,4,0.4691544979900132,"terminal: возможный конечный получатель в наблюдаемом графе; in/out 511,200/0 KZT."
100000002156381100,peripheral,0.35,53,0.6554486127889807,"peripheral: недостаточно наблюдаемых связей; in/out 61,000/21,800 KZT."
100000002779485100,terminal,0.832015,1,0.2983118049293968,"terminal: возможный конечный получатель в наблюдаемом графе; in/out 91,000/0 KZT."
100000008774237100,peripheral,0.35,34,0.30664733731291466,"peripheral: недостаточно наблюдаемых связей; in/out 50,000/10,000 KZT."
100000002628146100,terminal,0.719311,41,0.2482211430980278,"terminal: возможный конечный получатель в наблюдаемом графе; in/out 30,500/0 KZT."
100000002852402100,terminal,0.787851,4,0.27868351843800965,"terminal: возможный конечный получатель в наблюдаемом графе; in/out 55,000/0 KZT."
100000006989106100,terminal,0.799377,2,0.2838059119103578,"terminal: возможный конечный получатель в наблюдаемом графе; in/out 64,000/0 KZT."
100000002958343100,peripheral,0.35,2,0.45648825453892383,"peripheral: недостаточно наблюдаемых связей; in/out 2,900,000/1,390,000 KZT."
100000008461532100,peripheral,0.35,14,0.8382753261611855,"peripheral: недостаточно наблюдаемых связей; in/out 565,300/2,530,090 KZT."
100000004400305100,coordinator,1.0,0,0.8803248719830111,"coordinator: достижим от нескольких seed и связывает сообщества; in/out 222,800/5,830,181 KZT."
100000000297649100,peripheral,0.35,8,0.4257114828272163,"peripheral: недостаточно наблюдаемых связей; in/out 40,000/70,600 KZT."
100000003191430100,terminal,0.892804,16,0.32532903067735697,"terminal: возможный конечный получатель в наблюдаемом графе; in/out 180,000/0 KZT."
100000003275398100,peripheral,0.35,34,0.37890481691400263,"peripheral: недостаточно наблюдаемых связей; in/out 300,000/20,000 KZT."
100000005203590100,terminal,0.830179,2,0.2974958484470759,"terminal: возможный конечный получатель в наблюдаемом графе; in/out 90,000/0 KZT."
100000008672603100,terminal,0.67066,3,0.30052914254036267,"terminal: возможный конечный получатель в наблюдаемом графе; in/out 21,200/0 KZT."
100000000718427100,terminal,0.568257,22,0.181086056969288,"terminal: возможный конечный получатель в наблюдаемом графе; in/out 6,000/0 KZT."
100000003104347100,peripheral,0.35,29,0.4153257440297738,"peripheral: недостаточно наблюдаемых связей; in/out 418,000/32,000 KZT."
100000002974256100,terminal,0.575703,8,0.18439521381425628,"terminal: возможный конечный получатель в наблюдаемом графе; in/out 7,200/0 KZT."
100000007173936100,terminal,0.594062,33,0.30242739010243386,"terminal: возможный конечный получатель в наблюдаемом графе; in/out 10,000/0 KZT."
100000002744581100,terminal,0.607729,2,0.19862912133918828,"terminal: возможный конечный получатель в наблюдаемом графе; in/out 12,000/0 KZT."
100000000596954100,peripheral,0.35,3,0.6405265811403792,"peripheral: недостаточно наблюдаемых связей; in/out 120,000/48,100 KZT."
100000004950490100,terminal,0.594062,2,0.1925547786374657,"terminal: возможный конечный получатель в наблюдаемом графе; in/out 10,000/0 KZT."
100000008772058100,terminal,0.77296,22,0.27206520474807316,"terminal: возможный конечный получатель в наблюдаемом графе; in/out 50,000/0 KZT."
100000000971908100,terminal,0.828547,2,0.29677055379612394,"terminal: возможный конечный получатель в наблюдаемом графе; in/out 89,000/0 KZT."
100000008687492100,terminal,0.62568,22,0.20660736249965972,"terminal: возможный конечный получатель в наблюдаемом графе; in/out 15,000/0 KZT."
100000003159641100,consolidator,0.67,45,0.7117852342561255,"consolidator: получает от 4 плательщиков; in/out 64,000/197,800 KZT."
100000005326681100,terminal,0.721555,4,0.3590910347080549,"terminal: возможный конечный получатель в наблюдаемом графе; in/out 31,228/0 KZT."
100000006888238100,peripheral,0.35,52,0.251388951093513,"peripheral: недостаточно наблюдаемых связей; in/out 18,000/30,000 KZT."
100000001290243100,terminal,0.594062,16,0.1925547786374657,"terminal: возможный конечный получатель в наблюдаемом графе; in/out 10,000/0 KZT."
100000008289539100,terminal,0.622212,4,0.314938722831355,"terminal: возможный конечный получатель в наблюдаемом графе; in/out 14,912/0 KZT."
100000000821507100,terminal,0.953184,33,0.4620375442275472,"terminal: возможный конечный получатель в наблюдаемом графе; in/out 400,000/0 KZT."
100000003086040100,terminal,0.602527,0,0.27024809086311874,"terminal: возможный конечный получатель в наблюдаемом графе; in/out 10,500/0 KZT."
100000002969048100,terminal,0.852312,2,0.30733265715061164,"terminal: возможный конечный получатель в наблюдаемом графе; in/out 108,470/0 KZT."
100000002826669100,terminal,0.88291,0,0.4308045433209289,"terminal: возможный конечный получатель в наблюдаемом графе; in/out 159,900/0 KZT."
100000002293421100,transit,0.634146,0,0.5088656639756379,"transit: наблюдаемый pass-through 1.15; in/out 41,000/47,000 KZT."
100000004732589100,terminal,0.913509,11,0.33453120656130975,"terminal: возможный конечный получатель в наблюдаемом графе; in/out 227,520/0 KZT."
100000003003821100,terminal,0.743994,3,0.39112935026237483,"terminal: возможный конечный получатель в наблюдаемом графе; in/out 40,000/0 KZT."
100000005237935150,terminal,0.729102,24,0.25257291100373946,"terminal: возможный конечный получатель в наблюдаемом графе; in/out 34,508/0 KZT."
100000004463277100,terminal,0.731346,27,0.2535701911487984,"terminal: возможный конечный получатель в наблюдаемом графе; in/out 35,000/0 KZT."
100000006523053100,terminal,0.555814,3,0.3166384878035501,"terminal: возможный конечный получатель в наблюдаемом графе; in/out 5,000/0 KZT."
100000001954903100,terminal,0.705032,11,0.24187481490219823,"terminal: возможный конечный получатель в наблюдаемом графе; in/out 27,118/0 KZT."
100000005328215100,terminal,0.703808,11,0.24133084391398427,"terminal: возможный конечный получатель в наблюдаемом графе; in/out 27,000/0 KZT."
100000004424023100,peripheral,0.35,2,0.47544753116503313,"peripheral: недостаточно наблюдаемых связей; in/out 50,000/100,000 KZT."
100000002299948100,terminal,0.571725,41,0.1826273081025609,"terminal: возможный конечный получатель в наблюдаемом графе; in/out 6,750/0 KZT."
100000005105153100,terminal,0.714619,0,0.3560085324415091,"terminal: возможный конечный получатель в наблюдаемом графе; in/out 30,000/0 KZT."
100000001985793100,terminal,0.95553,48,0.3532075438233224,"terminal: возможный конечный получатель в наблюдаемом графе; in/out 420,000/0 KZT."
100000003134934100,consolidator,0.5575,0,0.6309858669836668,"consolidator: получает от 4 плательщиков; in/out 379,354/0 KZT."
100000006240939100,peripheral,0.35,48,0.44568218725060094,"peripheral: недостаточно наблюдаемых связей; in/out 160,000/778,015 KZT."
100000008656043100,terminal,0.700442,22,0.2398349236963959,"terminal: возможный конечный получатель в наблюдаемом графе; in/out 26,200/0 KZT."
100000002605184100,terminal,0.871589,4,0.31590020021498155,"terminal: возможный конечный получатель в наблюдаемом графе; in/out 140,000/0 KZT."
100000003157333100,terminal,0.714619,2,0.24613592097654094,"terminal: возможный конечный получатель в наблюдаемом графе; in/out 30,000/0 KZT."
100000007898453100,peripheral,0.35,3,0.5403659520261058,"peripheral: недостаточно наблюдаемых связей; in/out 24,750/320,000 KZT."
100000002710570100,terminal,0.913305,36,0.4083713909537806,"terminal: возможный конечный получатель в наблюдаемом графе; in/out 225,015/0 KZT."
100000004979498100,peripheral,0.35,58,0.39826111791128277,"peripheral: недостаточно наблюдаемых связей; in/out 700,000/200,000 KZT."
100000001541418100,terminal,0.838033,5,0.5113179004732729,"terminal: возможный конечный получатель в наблюдаемом графе; in/out 96,900/0 KZT."
100000007797290100,peripheral,0.35,0,0.4667297858860784,"peripheral: недостаточно наблюдаемых связей; in/out 100,000/20,000 KZT."
100000008683818100,terminal,0.642815,22,0.21422295633465518,"terminal: возможный конечный получатель в наблюдаемом графе; in/out 17,400/0 KZT."
100000006567935100,terminal,0.904635,33,0.44046002836172665,"terminal: возможный конечный получатель в наблюдаемом графе; in/out 200,000/0 KZT."
100000002132479100,peripheral,0.35,40,0.3905906650063506,"peripheral: недостаточно наблюдаемых связей; in/out 30,000/20,000 KZT."
100000002170580100,terminal,0.878015,11,0.31875604790310486,"terminal: возможный конечный получатель в наблюдаемом графе; in/out 150,000/0 KZT."
100000001232297100,peripheral,0.35,12,0.40060822843755584,"peripheral: недостаточно наблюдаемых связей; in/out 5,000/45,000 KZT."
100000002028158100,terminal,0.730122,4,0.3628988316255526,"terminal: возможный конечный получатель в наблюдаемом графе; in/out 34,800/0 KZT."
100000005519998100,consolidator,0.2775,62,0.678447742439869,"consolidator: получает от 3 плательщиков; in/out 182,000/188,000 KZT."
100000002335358100,terminal,0.871589,16,0.31590020021498155,"terminal: возможный конечный получатель в наблюдаемом графе; in/out 140,000/0 KZT."
100000007289427100,terminal,0.610585,3,0.1998983869783542,"terminal: возможный конечный получатель в наблюдаемом графе; in/out 12,300/0 KZT."
100000004592467100,terminal,0.573969,3,0.18362458824761982,"terminal: возможный конечный получатель в наблюдаемом графе; in/out 7,000/0 KZT."
100000004993576100,terminal,0.887806,4,0.4329804272737847,"terminal: возможный конечный получатель в наблюдаемом графе; in/out 167,000/0 KZT."
100000001648936100,terminal,0.833545,2,0.29899176866466426,"terminal: возможный конечный получатель в наблюдаемом графе; in/out 92,740/0 KZT."
100000008512552100,consolidator,0.445,28,0.8361094455673955,"consolidator: получает от 4 плательщиков; in/out 394,360/1,302,275 KZT."
100000007629096100,consolidator,0.5575,0,0.6834283803282,"consolidator: получает от 4 плательщиков; in/out 1,075,170/765,205 KZT."
100000001601320100,transit,0.844828,2,0.4334379084824523,"transit: наблюдаемый pass-through 1.06; in/out 43,500/46,200 KZT."
100000005782781100,distributor,0.685771,2,0.8796664652722359,"distributor: веер на 10 получателей; in/out 171,888/1,263,597 KZT."
100000002723538100,distributor,0.746931,1,0.7913862367860683,"distributor: веер на 12 получателей; in/out 105,647/560,499 KZT."
100000002340562100,terminal,0.73563,2,0.25547408960754725,"terminal: возможный конечный получатель в наблюдаемом графе; in/out 36,650/0 KZT."
100000005939154100,terminal,0.672801,16,0.3374228570108654,"terminal: возможный конечный получатель в наблюдаемом графе; in/out 22,000/0 KZT."
100000004386258100,consolidator,0.5025,8,0.784811938121795,"consolidator: получает от 3 плательщиков; in/out 61,700/40,000 KZT."
100000008406609100,terminal,0.727879,49,0.25202894001552556,"terminal: возможный конечный получатель в наблюдаемом графе; in/out 34,000/0 KZT."
100000007242833100,peripheral,0.35,8,0.47918747607497764,"peripheral: недостаточно наблюдаемых связей; in/out 107,500/45,000 KZT."
100000004698193100,peripheral,0.35,2,0.577250956993064,"peripheral: недостаточно наблюдаемых связей; in/out 222,700/38,000 KZT."
100000002733905100,consolidator,0.2775,22,0.5480793696794497,"consolidator: получает от 3 плательщиков; in/out 100,000/717,839 KZT."
100000006912294100,peripheral,0.35,5,0.26609840866403717,"peripheral: недостаточно наблюдаемых связей; in/out 6,335/30,000 KZT."
100000003036198100,terminal,0.62568,3,0.28053820872349955,"terminal: возможный конечный получатель в наблюдаемом графе; in/out 15,000/0 KZT."
100000004687099100,terminal,0.714619,2,0.24613592097654094,"terminal: возможный конечный получатель в наблюдаемом графе; in/out 30,000/0 KZT."
100000005242320100,distributor,0.983141,24,0.7042930455452667,"distributor: веер на 21 получателей; in/out 365,700/8,936,295 KZT."
100000008762832100,peripheral,0.35,3,0.35333818046794635,"peripheral: недостаточно наблюдаемых связей; in/out 150,000/85,000 KZT."
100000002489253100,terminal,0.778876,16,0.27469439785777394,"terminal: возможный конечный получатель в наблюдаемом графе; in/out 51,000/0 KZT."
100000004756901100,terminal,0.881074,16,0.45205410094233855,"terminal: возможный конечный получатель в наблюдаемом графе; in/out 153,248/0 KZT."
100000008749989100,terminal,0.634757,22,0.21064181399557994,"terminal: возможный конечный получатель в наблюдаемом графе; in/out 16,000/0 KZT."
100000001380986100,terminal,0.80927,5,0.28820301073175403,"terminal: возможный конечный получатель в наблюдаемом графе; in/out 70,170/0 KZT."
100000003089018100,terminal,0.914733,5,0.33507517754952376,"terminal: возможный конечный получатель в наблюдаемом графе; in/out 230,000/0 KZT."
100000008742266100,terminal,0.669334,22,0.22600899441262437,"terminal: возможный конечный получатель в наблюдаемом графе; in/out 21,000/0 KZT."
100000003044431100,terminal,0.794481,3,0.5279033647171211,"terminal: возможный конечный получатель в наблюдаемом графе; in/out 60,000/0 KZT."
100000003321423100,terminal,0.84354,53,0.43537232397044373,"terminal: возможный конечный получатель в наблюдаемом графе; in/out 100,000/0 KZT."
100000002540623100,terminal,0.84354,11,0.3034341984017449,"terminal: возможный конечный получатель в наблюдаемом графе; in/out 100,000/0 KZT."
100000004225615100,terminal,0.830179,5,0.2974958484470759,"terminal: возможный конечный получатель в наблюдаемом графе; in/out 90,000/0 KZT."
100000004820260100,transit,0.798783,4,0.5801628092637398,"transit: наблюдаемый pass-through 0.92; in/out 234,200/215,350 KZT."
100000000795129100,terminal,0.941455,4,0.45682448892383004,"terminal: возможный конечный получатель в наблюдаемом графе; in/out 332,000/0 KZT."
100000008213966100,consolidator,0.39,15,0.6661403361639766,"consolidator: получает от 3 плательщиков; in/out 187,004/436,900 KZT."
100000008478414100,terminal,0.594062,22,0.1925547786374657,"terminal: возможный конечный получатель в наблюдаемом графе; in/out 10,000/0 KZT."
100000001330595100,consolidator,0.2775,34,0.491348153269397,"consolidator: получает от 3 плательщиков; in/out 87,000/154,000 KZT."
100000000076451100,consolidator,0.5025,4,0.7936345780600524,"consolidator: получает от 3 плательщиков; in/out 87,707/58,000 KZT."
100000005664632100,terminal,0.902085,74,0.4613922695733449,"terminal: возможный конечный получатель в наблюдаемом графе; in/out 198,620/0 KZT."
100000002457464100,terminal,0.803354,3,0.359504663845893,"terminal: возможный конечный получатель в наблюдаемом графе; in/out 66,647/0 KZT."
100000002757240100,terminal,0.779692,3,0.3849296566482181,"terminal: возможный конечный получатель в наблюдаемом графе; in/out 51,183/0 KZT."
100000003718221100,peripheral,0.35,29,0.746771363412168,"peripheral: недостаточно наблюдаемых связей; in/out 350,000/423,500 KZT."
100000008629581100,terminal,0.786219,3,0.35188907001089753,"terminal: возможный конечный получатель в наблюдаемом графе; in/out 54,184/0 KZT."
100000004806903100,terminal,0.648629,3,0.3578896210764422,"terminal: возможный конечный получатель в наблюдаемом графе; in/out 18,000/0 KZT."
100000000913911100,peripheral,0.35,3,0.6287398178148103,"peripheral: недостаточно наблюдаемых связей; in/out 467,000/600,000 KZT."
100000004905207100,terminal,0.949411,40,0.4603603003472208,"terminal: возможный конечный получатель в наблюдаемом графе; in/out 380,000/0 KZT."
100000003831201100,terminal,0.746544,0,0.3342553438096283,"terminal: возможный конечный получатель в наблюдаемом графе; in/out 40,500/0 KZT."
100000003073398100,terminal,0.833953,2,0.29917309232740225,"terminal: возможный конечный получатель в наблюдаемом графе; in/out 92,960/0 KZT."
100000008418934100,terminal,0.946351,5,0.34912776141171775,"terminal: возможный конечный получатель в наблюдаемом графе; in/out 360,000/0 KZT."
100000002741024100,consolidator,0.6125,0,0.8929962618550766,"consolidator: получает от 5 плательщиков; in/out 817,981/434,989 KZT."
100000008106997100,peripheral,0.35,0,0.5271079048501683,"peripheral: недостаточно наблюдаемых связей; in/out 35,600/20,600 KZT."
100000007998965100,consolidator,0.725,11,0.7103871696891344,"consolidator: получает от 5 плательщиков; in/out 278,000/26,000 KZT."
100000001822623100,terminal,0.906777,29,0.331539366126133,"terminal: возможный конечный получатель в наблюдаемом графе; in/out 201,300/0 KZT."
100000006424479100,peripheral,0.35,12,0.6968154104313278,"peripheral: недостаточно наблюдаемых связей; in/out 500,000/220,000 KZT."
100000008696692100,terminal,0.652709,22,0.21862005515605137,"terminal: возможный конечный получатель в наблюдаемом графе; in/out 19,000/0 KZT."
100000002748532100,consolidator,0.615,35,0.7825042901553186,"consolidator: получает от 3 плательщиков; in/out 355,575/646,685 KZT."
100000004456564100,terminal,0.594062,40,0.30242739010243386,"terminal: возможный конечный получатель в наблюдаемом графе; in/out 10,000/0 KZT."
100000001530740100,terminal,0.62568,16,0.20660736249965972,"terminal: возможный конечный получатель в наблюдаемом графе; in/out 15,000/0 KZT."
100000001386612100,terminal,0.797847,49,0.39299855964005853,"terminal: возможный конечный получатель в наблюдаемом графе; in/out 62,264/0 KZT."
100000003360542100,peripheral,0.35,11,0.7126405548663458,"peripheral: недостаточно наблюдаемых связей; in/out 317,000/51,800 KZT."
100000008352542100,terminal,0.777244,3,0.40590722877552077,"terminal: возможный конечный получатель в наблюдаемом графе; in/out 50,220/0 KZT."
100000001138376100,terminal,0.62976,4,0.31829321059200777,"terminal: возможный конечный получатель в наблюдаемом графе; in/out 15,300/0 KZT."
100000003246024100,peripheral,0.35,0,0.3717135258837133,"peripheral: недостаточно наблюдаемых связей; in/out 25,000/5,000 KZT."
100000002680477100,terminal,0.69065,24,0.23548315579068418,"terminal: возможный конечный получатель в наблюдаемом графе; in/out 25,000/0 KZT."
100000005882013100,peripheral,0.35,12,0.6263339476576029,"peripheral: недостаточно наблюдаемых связей; in/out 135,000/10,000 KZT."
100000005665181100,distributor,0.716837,10,0.8184593886397578,"distributor: веер на 11 получателей; in/out 45,498/181,915 KZT."
100000008141170100,terminal,0.604363,16,0.19713320112159988,"terminal: возможный конечный получатель в наблюдаемом графе; in/out 11,000/0 KZT."
100000001382002100,transit,0.931818,0,0.31326565100285114,"transit: наблюдаемый pass-through 1.03; in/out 55,000/56,500 KZT."
100000002481735100,terminal,0.674433,16,0.2282755401968492,"terminal: возможный конечный получатель в наблюдаемом графе; in/out 22,436/0 KZT."
100000000806727100,peripheral,0.35,3,0.4444374819841191,"peripheral: недостаточно наблюдаемых связей; in/out 45,000/5,000 KZT."
100000003039473100,terminal,0.676167,16,0.3389187772284538,"terminal: возможный конечный получатель в наблюдаемом графе; in/out 23,000/0 KZT."
100000005205745100,terminal,0.568257,2,0.29095866843425616,"terminal: возможный конечный получатель в наблюдаемом графе; in/out 6,000/0 KZT."
100000004356593100,peripheral,0.35,3,0.4082955748411023,"peripheral: недостаточно наблюдаемых связей; in/out 50,000/10,000 KZT."
100000008688881100,terminal,0.752153,22,0.2628176979484358,"terminal: возможный конечный получатель в наблюдаемом графе; in/out 44,211/0 KZT."
100000008111003100,coordinator,1.0,0,0.7989462367671611,"coordinator: достижим от нескольких seed и связывает сообщества; in/out 222,716/35,000 KZT."
100000003016773100,terminal,0.760109,42,0.26635350937182656,"terminal: возможный конечный получатель в наблюдаемом графе; in/out 46,555/0 KZT."
100000004674799100,terminal,0.871589,0,0.4257728116799497,"terminal: возможный конечный получатель в наблюдаемом графе; in/out 140,000/0 KZT."
100000005834479100,peripheral,0.35,1,0.34247712433483984,"peripheral: недостаточно наблюдаемых связей; in/out 7,500/14,470 KZT."
100000003278020100,terminal,0.898209,0,0.3277315692086352,"terminal: возможный конечный получатель в наблюдаемом графе; in/out 190,000/0 KZT."
100000000831684100,peripheral,0.35,8,0.2411894950645012,"peripheral: недостаточно наблюдаемых связей; in/out 15,000/50,000 KZT."
100000000307908100,terminal,0.555814,9,0.1755556852557794,"terminal: возможный конечный получатель в наблюдаемом графе; in/out 5,000/0 KZT."
100000001782980100,peripheral,0.35,27,0.30664733731291466,"peripheral: недостаточно наблюдаемых связей; in/out 50,000/596,200 KZT."
100000002454724100,terminal,0.862613,33,0.421783691099714,"terminal: возможный конечный получатель в наблюдаемом графе; in/out 125,000/0 KZT."
100000005904580100,terminal,0.811106,8,0.4254196925087259,"terminal: возможный конечный получатель в наблюдаемом графе; in/out 72,000/0 KZT."
100000008474308100,peripheral,0.35,8,0.23797100005090194,"peripheral: недостаточно наблюдаемых связей; in/out 14,000/10,000 KZT."
100000000795033100,terminal,0.650771,0,0.29168961398188575,"terminal: возможный конечный получатель в наблюдаемом графе; in/out 18,200/0 KZT."
100000000861294100,terminal,0.878015,2,0.31875604790310486,"terminal: возможный конечный получатель в наблюдаемом графе; in/out 150,000/0 KZT."
100000006557763100,terminal,0.594062,3,0.3244929042061645,"terminal: возможный конечный получатель в наблюдаемом графе; in/out 10,000/0 KZT."
100000005608515100,terminal,0.799377,2,0.2838059119103578,"terminal: возможный конечный получатель в наблюдаемом графе; in/out 64,000/0 KZT."
100000003922499100,terminal,0.77296,8,0.27206520474807316,"terminal: возможный конечный получатель в наблюдаемом графе; in/out 50,000/0 KZT."
100000008603629100,coordinator,1.0,1,0.97956829177385,"coordinator: достижим от нескольких seed и связывает сообщества; in/out 1,817,300/4,986,156 KZT."
100000004825069100,terminal,0.714619,22,0.24613592097654094,"terminal: возможный конечный получатель в наблюдаемом графе; in/out 30,000/0 KZT."
100000004331458100,terminal,0.922586,71,0.4749663833518809,"terminal: возможный конечный получатель в наблюдаемом графе; in/out 250,000/0 KZT."
100000002911170100,terminal,0.935539,33,0.45419529581412926,"terminal: возможный конечный получатель в наблюдаемом графе; in/out 300,000/0 KZT."
100000008011159100,consolidator,0.39,66,0.8246436318425279,"consolidator: получает от 3 плательщиков; in/out 363,000/153,037 KZT."
100000003854444100,distributor,0.80647,43,0.6040228545062306,"distributor: веер на 14 получателей; in/out 210,000/2,322,909 KZT."
100000008547948100,coordinator,1.0,5,0.9092603295757502,"coordinator: достижим от нескольких seed и связывает сообщества; in/out 212,665/5,185,600 KZT."
100000005175148100,peripheral,0.35,4,0.5732289242991884,"peripheral: недостаточно наблюдаемых связей; in/out 79,000/15,000 KZT."
100000002087788100,terminal,0.847212,10,0.41493872283135497,"terminal: возможный конечный получатель в наблюдаемом графе; in/out 100,500/0 KZT."
100000004150593100,distributor,0.716837,16,0.6563707174268603,"distributor: веер на 11 получателей; in/out 57,000/871,165 KZT."
100000001597505100,peripheral,0.35,41,0.27500635816513586,"peripheral: недостаточно наблюдаемых связей; in/out 26,460/12,920 KZT."
100000007629121100,terminal,0.70901,3,0.3755808461825924,"terminal: возможный конечный получатель в наблюдаемом графе; in/out 29,000/0 KZT."
100000005614315100,terminal,0.960426,16,0.35538342777617826,"terminal: возможный конечный получатель в наблюдаемом графе; in/out 455,000/0 KZT."
100000008324800100,consolidator,0.5025,85,0.6924920998283774,"consolidator: получает от 3 плательщиков; in/out 526,500/511,000 KZT."
100000005030592100,terminal,0.594062,4,0.30242739010243386,"terminal: возможный конечный получатель в наблюдаемом графе; in/out 10,000/0 KZT."
100000001633685100,consolidator,0.5025,0,0.5347709984433224,"consolidator: получает от 3 плательщиков; in/out 45,000/0 KZT."
100000001848426100,terminal,0.837421,2,0.30071434346067516,"terminal: возможный конечный получатель в наблюдаемом графе; in/out 95,530/0 KZT."
100000004580202100,peripheral,0.35,29,0.4591050560057404,"peripheral: недостаточно наблюдаемых связей; in/out 9,000/45,000 KZT."
100000008717375100,terminal,0.710335,3,0.3181628687416319,"terminal: возможный конечный получатель в наблюдаемом графе; in/out 29,506/0 KZT."
100000007861311100,terminal,0.755315,2,0.2642229563346552,"terminal: возможный конечный получатель в наблюдаемом графе; in/out 45,000/0 KZT."
100000005578559100,distributor,0.983141,18,0.8031643057447228,"distributor: веер на 21 получателей; in/out 131,000/893,164 KZT."
100000008764436100,terminal,0.615277,22,0.20198360909984103,"terminal: возможный конечный получатель в наблюдаемом графе; in/out 13,100/0 KZT."
100000000190228100,peripheral,0.35,5,0.34772782058993684,"peripheral: недостаточно наблюдаемых связей; in/out 5,000/28,560 KZT."
100000003971049100,terminal,0.789483,0,0.3533396593128014,"terminal: возможный конечный получатель в наблюдаемом графе; in/out 55,900/0 KZT."
100000008743913100,distributor,0.7767,35,0.8964555629330871,"distributor: веер на 13 получателей; in/out 149,300/1,850,600 KZT."
100000004400361100,terminal,0.594062,16,0.3244929042061645,"terminal: возможный конечный получатель в наблюдаемом графе; in/out 10,000/0 KZT."
100000002175422100,consolidator,0.39,36,0.7712810132287145,"consolidator: получает от 3 плательщиков; in/out 68,500/1,621,188 KZT."
100000004544958100,peripheral,0.35,11,0.5669143969786069,"peripheral: недостаточно наблюдаемых связей; in/out 168,000/23,200 KZT."
100000008466579100,coordinator,0.803388,42,0.7445065938603209,"coordinator: достижим от нескольких seed и связывает сообщества; in/out 36,952/1,933,000 KZT."
100000001184915100,terminal,0.906573,4,0.44132131575973216,"terminal: возможный конечный получатель в наблюдаемом графе; in/out 201,000/0 KZT."
100000004435304100,terminal,0.700442,22,0.2398349236963959,"terminal: возможный конечный получатель в наблюдаемом графе; in/out 26,200/0 KZT."
100000008762728100,terminal,0.639551,16,0.32264497849771945,"terminal: возможный конечный получатель в наблюдаемом графе; in/out 17,026/0 KZT."
100000004285800100,peripheral,0.35,0,0.3420759433893197,"peripheral: недостаточно наблюдаемых связей; in/out 5,000/15,000 KZT."
100000008557672100,terminal,0.767452,22,0.2696173353011103,"terminal: возможный конечный получатель в наблюдаемом графе; in/out 49,125/0 KZT."
100000005142589100,terminal,0.77296,0,0.345996050971913,"terminal: возможный конечный получатель в наблюдаемом графе; in/out 50,000/0 KZT."
100000003747133100,consolidator,0.6125,57,0.8135924281466647,"consolidator: получает от 5 плательщиков; in/out 237,068/250,000 KZT."
100000003289405100,terminal,0.945535,3,0.3487651140862418,"terminal: возможный конечный получатель в наблюдаемом графе; in/out 355,000/0 KZT."
100000002691858100,terminal,0.7801,41,0.27523836884598796,"terminal: возможный конечный получатель в наблюдаемом графе; in/out 51,500/0 KZT."
100000007534354100,peripheral,0.35,11,0.3788375390420213,"peripheral: недостаточно наблюдаемых связей; in/out 50,000/147,810 KZT."
100000000765628100,terminal,0.555814,16,0.1755556852557794,"terminal: возможный конечный получатель в наблюдаемом графе; in/out 5,000/0 KZT."
100000004962193100,consolidator,0.7775,0,0.6553059032483994,"consolidator: получает от 8 плательщиков; in/out 900,468/0 KZT."
100000005032294100,terminal,0.594062,40,0.30242739010243386,"terminal: возможный конечный получатель в наблюдаемом графе; in/out 10,000/0 KZT."
100000001251686100,terminal,0.648629,3,0.32667942999363964,"terminal: возможный конечный получатель в наблюдаемом графе; in/out 18,000/0 KZT."
100000002398779100,consolidator,1.0,0,0.7515128076836188,"consolidator: получает от 13 плательщиков; in/out 1,095,690/66,000 KZT."
100000008512827100,distributor,0.685771,24,0.8746375456293496,"distributor: веер на 10 получателей; in/out 107,949/1,944,500 KZT."
100000003943483100,terminal,0.594062,8,0.26648562486130556,"terminal: возможный конечный получатель в наблюдаемом графе; in/out 10,000/0 KZT."
100000005031696100,peripheral,0.35,47,0.5119526818932666,"peripheral: недостаточно наблюдаемых связей; in/out 5,000/115,000 KZT."
100000002703376100,terminal,0.759701,0,0.34010303193292835,"terminal: возможный конечный получатель в наблюдаемом графе; in/out 46,501/0 KZT."
100000003617552100,terminal,0.69065,27,0.23548315579068418,"terminal: возможный конечный получатель в наблюдаемом графе; in/out 25,000/0 KZT."
100000007617808100,terminal,0.959508,16,0.48691357510371663,"terminal: возможный конечный получатель в наблюдаемом графе; in/out 450,000/0 KZT."
100000002613776100,terminal,0.714619,3,0.32006676720038074,"terminal: возможный конечный получатель в наблюдаемом графе; in/out 30,000/0 KZT."
100000002578405100,distributor,1.0,22,0.6556554132702853,"distributor: веер на 116 получателей; in/out 1,200,351/3,108,352 KZT."
100000006161893100,terminal,0.618438,16,0.20338886748606044,"terminal: возможный конечный получатель в наблюдаемом графе; in/out 14,000/0 KZT."
100000002633701100,terminal,0.926768,5,0.3404242256002944,"terminal: возможный конечный получатель в наблюдаемом графе; in/out 266,850/0 KZT."
100000002432143100,terminal,0.820898,3,0.4032433465847548,"terminal: возможный конечный получатель в наблюдаемом графе; in/out 81,310/0 KZT."
100000000490383100,consolidator,0.5025,16,0.784834380219374,"consolidator: получает от 3 плательщиков; in/out 62,600/461,375 KZT."
100000005809252100,terminal,0.69065,10,0.3453557672556523,"terminal: возможный конечный получатель в наблюдаемом графе; in/out 25,000/0 KZT."
100000006612238100,peripheral,0.35,22,0.35587671174627816,"peripheral: недостаточно наблюдаемых связей; in/out 160,000/25,000 KZT."
100000002593038100,terminal,0.707582,8,0.3749462133630095,"terminal: возможный конечный получатель в наблюдаемом графе; in/out 28,500/0 KZT."
100000002947299100,terminal,0.824977,3,0.40505658321213467,"terminal: возможный конечный получатель в наблюдаемом графе; in/out 85,000/0 KZT."
100000004336312100,consolidator,0.2775,62,0.5997955390199834,"consolidator: получает от 3 плательщиков; in/out 90,415/72,650 KZT."
100000001308856100,terminal,0.703808,22,0.24133084391398427,"terminal: возможный конечный получатель в наблюдаемом графе; in/out 27,000/0 KZT."
100000008238989100,terminal,0.904635,29,0.3305874168967585,"terminal: возможный конечный получатель в наблюдаемом графе; in/out 200,000/0 KZT."
100000005561741100,terminal,0.69065,18,0.309414002014524,"terminal: возможный конечный получатель в наблюдаемом графе; in/out 25,000/0 KZT."
100000006248077100,terminal,0.77296,16,0.40400333031677194,"terminal: возможный конечный получатель в наблюдаемом графе; in/out 50,000/0 KZT."
100000000646541100,consolidator,0.5025,0,0.5077991036110467,"consolidator: получает от 3 плательщиков; in/out 25,300/0 KZT."
100000006595426100,terminal,0.824161,0,0.2948213244216905,"terminal: возможный конечный получатель в наблюдаемом графе; in/out 84,800/0 KZT."
100000002956898100,terminal,0.933092,4,0.5895080791323523,"terminal: возможный конечный получатель в наблюдаемом графе; in/out 290,240/0 KZT."
100000001262647100,terminal,0.680349,4,0.23090473330655,"terminal: возможный конечный получатель в наблюдаемом графе; in/out 23,650/0 KZT."
100000005849100100,terminal,0.726043,3,0.3831511091019034,"terminal: возможный конечный получатель в наблюдаемом графе; in/out 33,300/0 KZT."
100000000533217100,terminal,0.784791,0,0.2773235909674748,"terminal: возможный конечный получатель в наблюдаемом графе; in/out 53,587/0 KZT."
100000002812641100,peripheral,0.35,5,0.33700952266727535,"peripheral: недостаточно наблюдаемых связей; in/out 10,000/7,024 KZT."
100000008647905100,peripheral,0.35,43,0.42598059755599194,"peripheral: недостаточно наблюдаемых связей; in/out 50,000/344,222 KZT."
100000002842337100,terminal,0.77296,2,0.27206520474807316,"terminal: возможный конечный получатель в наблюдаемом графе; in/out 50,000/0 KZT."
100000002445750100,peripheral,0.35,0,0.4235720934267777,"peripheral: недостаточно наблюдаемых связей; in/out 70,000/10,000 KZT."
100000005619339100,transit,0.7787,16,0.28406866404446074,"transit: наблюдаемый pass-through 1.09; in/out 5,000/5,443 KZT."
100000006844768100,peripheral,0.35,0,0.6061614592476147,"peripheral: недостаточно наблюдаемых связей; in/out 282,000/188,000 KZT."
100000002488629100,terminal,0.811412,2,0.28915495996112844,"terminal: возможный конечный получатель в наблюдаемом графе; in/out 73,050/0 KZT."
100000002796853100,peripheral,0.35,59,0.3641269384008566,"peripheral: недостаточно наблюдаемых связей; in/out 199,000/46,168 KZT."
100000006755850100,terminal,0.958386,10,0.5009736247491126,"terminal: возможный конечный получатель в наблюдаемом графе; in/out 443,476/0 KZT."
100000008733194100,consolidator,0.67,12,0.9036942594931943,"consolidator: получает от 4 плательщиков; in/out 251,424/159,695 KZT."
100000001904863100,terminal,0.966954,40,0.4681572178449543,"terminal: возможный конечный получатель в наблюдаемом графе; in/out 500,000/0 KZT."
100000001641951100,terminal,0.69065,3,0.3811155488753066,"terminal: возможный конечный получатель в наблюдаемом графе; in/out 25,000/0 KZT."
100000004816564100,peripheral,0.35,4,0.5150442303814147,"peripheral: недостаточно наблюдаемых связей; in/out 285,480/5,000 KZT."
100000002205022100,peripheral,0.35,31,0.5316019683672734,"peripheral: недостаточно наблюдаемых связей; in/out 7,100/518,000 KZT."
100000002267998100,peripheral,0.35,29,0.7609636235488049,"peripheral: недостаточно наблюдаемых связей; in/out 420,000/1,115,000 KZT."
100000002199091100,terminal,0.801417,22,0.28471253022404774,"terminal: возможный конечный получатель в наблюдаемом графе; in/out 65,000/0 KZT."
100000008571443100,terminal,0.801417,12,0.5309858669836669,"terminal: возможный конечный получатель в наблюдаемом графе; in/out 65,000/0 KZT."
100000002742067100,terminal,0.612421,4,0.31058695492564325,"terminal: возможный конечный получатель в наблюдаемом графе; in/out 12,730/0 KZT."
100000003292979100,terminal,0.766432,3,0.40110215171296415,"terminal: возможный конечный получатель в наблюдаемом графе; in/out 48,950/0 KZT."
100000002558173100,terminal,0.584474,41,0.188293672563123,"terminal: возможный конечный получатель в наблюдаемом графе; in/out 9,300/0 KZT."
100000004687282100,terminal,0.660664,16,0.2221558665794421,"terminal: возможный конечный получатель в наблюдаемом графе; in/out 20,000/0 KZT."
100000003034546100,terminal,0.964302,5,0.35710600257218916,"terminal: возможный конечный получатель в наблюдаемом графе; in/out 486,715/0 KZT."
100000003798151100,terminal,0.944413,16,0.34826647401371236,"terminal: возможный конечный получатель в наблюдаемом графе; in/out 350,000/0 KZT."
100000008710791100,coordinator,1.0,5,0.91248861940009,"coordinator: достижим от нескольких seed и связывает сообщества; in/out 181,510/5,521,511 KZT."
100000008688476100,terminal,0.683715,22,0.2324006535241384,"terminal: возможный конечный получатель в наблюдаемом графе; in/out 24,000/0 KZT."
100000003242289100,coordinator,1.0,28,0.9177771078080045,"coordinator: достижим от нескольких seed и связывает сообщества; in/out 550,791/2,377,741 KZT."
100000006564102100,terminal,0.91616,3,0.44558242183407487,"terminal: возможный конечный получатель в наблюдаемом графе; in/out 233,235/0 KZT."
100000001526235100,consolidator,0.2775,13,0.71939158467147,"consolidator: получает от 3 плательщиков; in/out 82,000/432,750 KZT."
100000004398811100,peripheral,0.35,3,0.4603425254427465,"peripheral: недостаточно наблюдаемых связей; in/out 426,000/1,040,672 KZT."
100000002957787100,coordinator,1.0,0,0.887781359970836,"coordinator: достижим от нескольких seed и связывает сообщества; in/out 84,956/1,276,154 KZT."
100000002621915100,terminal,0.555814,16,0.1755556852557794,"terminal: возможный конечный получатель в наблюдаемом графе; in/out 5,000/0 KZT."
100000008283183100,terminal,0.70901,22,0.2436427206138936,"terminal: возможный конечный получатель в наблюдаемом графе; in/out 29,000/0 KZT."
100000003843844100,peripheral,0.35,12,0.3844005313786948,"peripheral: недостаточно наблюдаемых связей; in/out 16,680/238,000 KZT."
100000000954884100,terminal,0.727879,38,0.25202894001552556,"terminal: возможный конечный получатель в наблюдаемом графе; in/out 34,000/0 KZT."
100000005893892100,terminal,0.84864,10,0.41557335565093795,"terminal: возможный конечный получатель в наблюдаемом графе; in/out 102,780/0 KZT."
100000001819396100,terminal,0.887194,14,0.32283583031470964,"terminal: возможный конечный получатель в наблюдаемом графе; in/out 166,080/0 KZT."
100000008472324100,terminal,0.908001,10,0.4419559485793151,"terminal: возможный конечный получатель в наблюдаемом графе; in/out 205,200/0 KZT."
100000002646745100,terminal,0.610585,22,0.1998983869783542,"terminal: возможный конечный получатель в наблюдаемом графе; in/out 12,300/0 KZT."
100000008405209100,terminal,0.786423,28,0.2780488856184267,"terminal: возможный конечный получатель в наблюдаемом графе; in/out 54,400/0 KZT."
100000004417753100,terminal,0.899229,3,0.538516449883971,"terminal: возможный конечный получатель в наблюдаемом графе; in/out 192,099/0 KZT."
100000003457710100,peripheral,0.35,10,0.5184893799734364,"peripheral: недостаточно наблюдаемых связей; in/out 326,555/1,306,000 KZT."
100000007333038100,peripheral,0.35,24,0.29841935154708343,"peripheral: недостаточно наблюдаемых связей; in/out 17,500/34,994 KZT."
100000006444163100,terminal,0.569379,0,0.18158469704181746,"terminal: возможный конечный получатель в наблюдаемом графе; in/out 6,026/0 KZT."
100000008706947100,terminal,0.641591,22,0.21367898534644122,"terminal: возможный конечный получатель в наблюдаемом графе; in/out 17,200/0 KZT."
100000008761219100,peripheral,0.35,60,0.7256237962454287,"peripheral: недостаточно наблюдаемых связей; in/out 50,000/375,000 KZT."
100000005022552100,peripheral,0.35,16,0.4459000330381144,"peripheral: недостаточно наблюдаемых связей; in/out 241,000/5,000 KZT."
100000008735832100,terminal,0.645467,22,0.2154015601424521,"terminal: возможный конечный получатель в наблюдаемом графе; in/out 17,600/0 KZT."
100000005661528100,terminal,0.69065,1,0.23548315579068418,"terminal: возможный конечный получатель в наблюдаемом графе; in/out 25,000/0 KZT."
100000002529880100,terminal,0.876179,42,0.5282716629392747,"terminal: возможный конечный получатель в наблюдаемом графе; in/out 147,000/0 KZT."
100000001969496100,terminal,0.675045,40,0.22854752569095618,"terminal: возможный конечный получатель в наблюдаемом графе; in/out 22,740/0 KZT."
100000003215448100,peripheral,0.35,1,0.4524538523157381,"peripheral: недостаточно наблюдаемых связей; in/out 91,309/124,000 KZT."
100000006894637100,terminal,0.782344,0,0.27623564899104686,"terminal: возможный конечный получатель в наблюдаемом графе; in/out 52,831/0 KZT."
100000002936322100,terminal,0.983273,1,0.5758691244079964,"terminal: возможный конечный получатель в наблюдаемом графе; in/out 787,133/0 KZT."
100000005061890100,terminal,0.830179,3,0.2974958484470759,"terminal: возможный конечный получатель в наблюдаемом графе; in/out 90,000/0 KZT."
100000004017410100,peripheral,0.35,62,0.6594628348914224,"peripheral: недостаточно наблюдаемых связей; in/out 193,650/1,330,915 KZT."
100000002983426100,terminal,0.828241,18,0.2966345610490704,"terminal: возможный конечный получатель в наблюдаемом графе; in/out 88,945/0 KZT."
100000005530114100,peripheral,0.35,28,0.5132858528239714,"peripheral: недостаточно наблюдаемых связей; in/out 136,970/25,000 KZT."
100000001169666100,peripheral,0.35,18,0.3961507666952316,"peripheral: недостаточно наблюдаемых связей; in/out 220,000/24,000 KZT."
100000001784279100,terminal,0.733794,0,0.25465813312522634,"terminal: возможный конечный получатель в наблюдаемом графе; in/out 35,674/0 KZT."
100000008744364100,terminal,0.681777,22,0.23153936612613296,"terminal: возможный конечный получатель в наблюдаемом графе; in/out 23,700/0 KZT."
100000008714412100,terminal,0.88903,18,0.32365178679703055,"terminal: возможный конечный получатель в наблюдаемом графе; in/out 169,000/0 KZT."
100000007754369100,terminal,0.822325,0,0.2940053679393696,"terminal: возможный конечный получатель в наблюдаемом графе; in/out 82,424/0 KZT."
100000003122817100,terminal,0.95859,14,0.35456747129385735,"terminal: возможный конечный получатель в наблюдаемом графе; in/out 444,680/0 KZT."
100000003711830100,terminal,0.77296,1,0.27206520474807316,"terminal: возможный конечный получатель в наблюдаемом графе; in/out 50,000/0 KZT."
100000001110358100,terminal,0.723799,0,0.4605472749066365,"terminal: возможный конечный получатель в наблюдаемом графе; in/out 32,000/0 KZT."
100000006530134100,terminal,0.875363,10,0.5638507808549271,"terminal: возможный конечный получатель в наблюдаемом графе; in/out 144,663/0 KZT."
100000001639766100,terminal,0.660664,2,0.2221558665794421,"terminal: возможный конечный получатель в наблюдаемом графе; in/out 20,000/0 KZT."
100000003242795100,terminal,0.855066,10,0.41842920333906125,"terminal: возможный конечный получатель в наблюдаемом графе; in/out 111,000/0 KZT."
100000004970752100,terminal,0.594062,0,0.1925547786374657,"terminal: возможный конечный получатель в наблюдаемом графе; in/out 10,000/0 KZT."
100000004564736100,terminal,0.62568,29,0.28053820872349955,"terminal: возможный конечный получатель в наблюдаемом графе; in/out 15,000/0 KZT."
100000005873152100,transit,1.0,11,0.359075036771006,"transit: наблюдаемый pass-through 1.00; in/out 10,000/10,000 KZT."
100000001637376100,peripheral,0.35,10,0.48213398559446996,"peripheral: недостаточно наблюдаемых связей; in/out 116,700/234,250 KZT."
100000006710485100,terminal,0.660664,22,0.2221558665794421,"terminal: возможный конечный получатель в наблюдаемом графе; in/out 20,000/0 KZT."
100000003582677100,peripheral,0.35,3,0.4989510753498639,"peripheral: недостаточно наблюдаемых связей; in/out 29,757/56,000 KZT."
100000008713685100,terminal,0.768676,22,0.2701613062893243,"terminal: возможный конечный получатель в наблюдаемом графе; in/out 49,700/0 KZT."
100000008070101100,terminal,0.84354,5,0.37736504462558473,"terminal: возможный конечный получатель в наблюдаемом графе; in/out 100,000/0 KZT."
100000004475818100,peripheral,0.35,10,0.404643049704641,"peripheral: недостаточно наблюдаемых связей; in/out 13,000/53,989 KZT."
100000007197866100,peripheral,0.35,1,0.28445539044863144,"peripheral: недостаточно наблюдаемых связей; in/out 20,000/15,000 KZT."
100000006965162100,terminal,0.594062,15,0.1925547786374657,"terminal: возможный конечный получатель в наблюдаемом графе; in/out 10,000/0 KZT."
100000005995391100,terminal,0.641591,22,0.21367898534644122,"terminal: возможный конечный получатель в наблюдаемом графе; in/out 17,200/0 KZT."
100000003834495100,consolidator,0.39,0,0.6316434600553402,"consolidator: получает от 3 плательщиков; in/out 602,441/20,000 KZT."
100000001223977100,peripheral,0.35,47,0.35401431621837376,"peripheral: недостаточно наблюдаемых связей; in/out 5,000/18,000 KZT."
100000001046057100,terminal,0.823345,42,0.29445867709621454,"terminal: возможный конечный получатель в наблюдаемом графе; in/out 83,420/0 KZT."
100000002989353100,peripheral,0.35,24,0.5161851932378317,"peripheral: недостаточно наблюдаемых связей; in/out 500,000/321,160 KZT."
100000006714366100,peripheral,0.35,12,0.3684893799734364,"peripheral: недостаточно наблюдаемых связей; in/out 10,500/5,000 KZT."
100000001063678100,peripheral,0.35,29,0.481416430180557,"peripheral: недостаточно наблюдаемых связей; in/out 35,000/90,000 KZT."
100000004889043100,terminal,0.928196,0,0.5873321951794963,"terminal: возможный конечный получатель в наблюдаемом графе; in/out 272,000/0 KZT."
100000002984403100,peripheral,0.35,13,0.32668365131819666,"peripheral: недостаточно наблюдаемых связей; in/out 20,000/25,000 KZT."
100000003951827100,peripheral,0.35,0,0.3456502884327546,"peripheral: недостаточно наблюдаемых связей; in/out 9,000/17,000 KZT."
100000000933075100,peripheral,0.35,8,0.44480920285586945,"peripheral: недостаточно наблюдаемых связей; in/out 40,000/55,000 KZT."
100000008502995100,terminal,0.69065,0,0.23548315579068418,"terminal: возможный конечный получатель в наблюдаемом графе; in/out 25,000/0 KZT."
100000008086440100,transit,0.518945,0,0.555852636927474,"transit: наблюдаемый pass-through 0.81; in/out 199,733/161,300 KZT."
100000008465789100,coordinator,1.0,42,0.6407116234635568,"coordinator: достижим от нескольких seed и связывает сообщества; in/out 30,099/1,858,100 KZT."
100000002550141100,terminal,0.847416,1,0.3051567731977558,"terminal: возможный конечный получатель в наблюдаемом графе; in/out 100,586/0 KZT."
100000008739887100,peripheral,0.35,1,0.6971009270073929,"peripheral: недостаточно наблюдаемых связей; in/out 214,000/307,000 KZT."
100000008532050100,terminal,0.96063,10,0.46534670107251547,"terminal: возможный конечный получатель в наблюдаемом графе; in/out 455,156/0 KZT."
100000008422226100,terminal,0.827221,0,0.37011209811606527,"terminal: возможный конечный получатель в наблюдаемом графе; in/out 87,450/0 KZT."
100000002369874100,consolidator,0.67,5,0.6649734119124202,"consolidator: получает от 4 плательщиков; in/out 600,000/0 KZT."
100000003321895100,peripheral,0.35,54,0.3863160463320572,"peripheral: недостаточно наблюдаемых связей; in/out 24,000/553,830 KZT."
100000001875239100,consolidator,0.615,5,0.6567005197999995,"consolidator: получает от 3 плательщиков; in/out 712,000/0 KZT."
100000002216999100,terminal,0.681165,22,0.23126738063202598,"terminal: возможный конечный получатель в наблюдаемом графе; in/out 23,677/0 KZT."
100000002653948100,terminal,0.825589,10,0.4053285687062417,"terminal: возможный конечный получатель в наблюдаемом графе; in/out 85,200/0 KZT."
100000008632060100,peripheral,0.35,0,0.43258179685150827,"peripheral: недостаточно наблюдаемых связей; in/out 6,000/339,200 KZT."
100000008746449100,distributor,0.685771,5,0.5640792820959184,"distributor: веер на 10 получателей; in/out 10,000/1,009,000 KZT."
100000003031761100,terminal,0.96165,1,0.3559273987643923,"terminal: возможный конечный получатель в наблюдаемом графе; in/out 460,408/0 KZT."
100000008388049100,terminal,0.96573,24,0.431671481615612,"terminal: возможный конечный получатель в наблюдаемом графе; in/out 496,400/0 KZT."
100000002677201100,peripheral,0.35,42,0.38105557177229415,"peripheral: недостаточно наблюдаемых связей; in/out 150,000/87,750 KZT."
100000002901457100,peripheral,0.35,0,0.6293583671334948,"peripheral: недостаточно наблюдаемых связей; in/out 340,000/119,000 KZT."
100000001160401100,terminal,0.762863,0,0.2675774440953079,"terminal: возможный конечный получатель в наблюдаемом графе; in/out 47,190/0 KZT."
100000002842321100,terminal,0.883726,10,0.43116719064640485,"terminal: возможный конечный получатель в наблюдаемом графе; in/out 160,000/0 KZT."
100000002547110100,consolidator,0.6675,42,0.656733827092461,"consolidator: получает от 6 плательщиков; in/out 1,500,000/0 KZT."
100000001600934100,peripheral,0.35,1,0.3603191414833589,"peripheral: недостаточно наблюдаемых связей; in/out 180,300/11,000 KZT."
100000002818726100,terminal,0.603649,12,0.3066884961767765,"terminal: возможный конечный получатель в наблюдаемом графе; in/out 10,879/0 KZT."
100000008712827100,terminal,0.816104,22,0.29124018208261526,"terminal: возможный конечный получатель в наблюдаемом графе; in/out 76,000/0 KZT."
100000008259451100,terminal,0.787851,40,0.27868351843800965,"terminal: возможный конечный получатель в наблюдаемом графе; in/out 55,000/0 KZT."
100000003060517100,terminal,0.938599,28,0.34568261181969595,"terminal: возможный конечный получатель в наблюдаемом графе; in/out 315,955/0 KZT."
100000002621434100,terminal,0.820592,5,0.29323474237273317,"terminal: возможный конечный получатель в наблюдаемом графе; in/out 81,000/0 KZT."
100000001860090100,terminal,0.555814,2,0.1755556852557794,"terminal: возможный конечный получатель в наблюдаемом графе; in/out 5,000/0 KZT."
100000004689658100,peripheral,0.35,1,0.41795493713947457,"peripheral: недостаточно наблюдаемых связей; in/out 456,100/7,092 KZT."
100000003486970100,terminal,0.878015,10,0.428628659368073,"terminal: возможный конечный получатель в наблюдаемом графе; in/out 150,000/0 KZT."
100000004659919100,peripheral,0.35,47,0.4865619136798424,"peripheral: недостаточно наблюдаемых связей; in/out 110,000/39,000 KZT."
100000006111439100,consolidator,0.39,10,0.5794219901613501,"consolidator: получает от 3 плательщиков; in/out 20,570/24,000 KZT."
100000002521039100,terminal,0.943903,0,0.42197066565912966,"terminal: возможный конечный получатель в наблюдаемом графе; in/out 349,370/0 KZT."
100000008493007100,transit,1.0,22,0.2736917616102854,"transit: наблюдаемый pass-through 1.00; in/out 26,150/26,150 KZT."
100000007793871100,terminal,0.696974,11,0.34816628402809113,"terminal: возможный конечный получатель в наблюдаемом графе; in/out 26,000/0 KZT."
100000001650895100,peripheral,0.35,18,0.38250616107419805,"peripheral: недостаточно наблюдаемых связей; in/out 153,500/10,000 KZT."
100000002567887100,terminal,0.77806,10,0.38420436199726615,"terminal: возможный конечный получатель в наблюдаемом графе; in/out 50,915/0 KZT."
100000008055972100,terminal,0.70697,22,0.24273610230020368,"terminal: возможный конечный получатель в наблюдаемом графе; in/out 28,300/0 KZT."
100000008684452100,terminal,0.780304,22,0.2753290306773569,"terminal: возможный конечный получатель в наблюдаемом графе; in/out 51,800/0 KZT."
100000000764836100,peripheral,0.35,1,0.4930703527690472,"peripheral: недостаточно наблюдаемых связей; in/out 251,716/50,000 KZT."
100000003072676100,terminal,0.722371,28,0.2495810705685627,"terminal: возможный конечный получатель в наблюдаемом графе; in/out 31,545/0 KZT."
100000008757369100,peripheral,0.35,0,0.3002758800225208,"peripheral: недостаточно наблюдаемых связей; in/out 25,961/58,398 KZT."
100000007618425100,terminal,0.741138,28,0.2579219590545101,"terminal: возможный конечный получатель в наблюдаемом графе; in/out 39,348/0 KZT."
100000004671609100,terminal,0.84354,24,0.3034341984017449,"terminal: возможный конечный получатель в наблюдаемом графе; in/out 100,000/0 KZT."
100000004676985100,transit,0.600279,0,0.3867180589752818,"transit: наблюдаемый pass-through 0.84; in/out 32,260/27,102 KZT."
100000002531406100,transit,0.903846,1,0.394090673668309,"transit: наблюдаемый pass-through 0.96; in/out 520,000/500,000 KZT."
100000002877262100,terminal,0.84354,42,0.4133068098667131,"terminal: возможный конечный получатель в наблюдаемом графе; in/out 100,000/0 KZT."
100000007591246100,peripheral,0.35,12,0.3078673947788216,"peripheral: недостаточно наблюдаемых связей; in/out 12,190/120,000 KZT."
100000008712184100,terminal,0.648629,22,0.2168068185286715,"terminal: возможный конечный получатель в наблюдаемом графе; in/out 18,000/0 KZT."
100000002975437100,peripheral,0.35,36,0.394453320993785,"peripheral: недостаточно наблюдаемых связей; in/out 530,000/8,500 KZT."
100000005008589100,terminal,0.750521,0,0.26209240329748384,"terminal: возможный конечный получатель в наблюдаемом графе; in/out 42,807/0 KZT."
100000000782285100,terminal,0.570195,0,0.18194734436729343,"terminal: возможный конечный получатель в наблюдаемом графе; in/out 6,151/0 KZT."
100000005198498100,terminal,0.708092,22,0.24323474237273315,"terminal: возможный конечный получатель в наблюдаемом графе; in/out 28,800/0 KZT."
100000008517538100,distributor,0.896102,5,0.803387363697524,"distributor: веер на 17 получателей; in/out 155,500/1,439,000 KZT."
100000005756535100,terminal,0.660664,22,0.2221558665794421,"terminal: возможный конечный получатель в наблюдаемом графе; in/out 20,000/0 KZT."
100000004917367100,terminal,0.860879,10,0.5574137908277286,"terminal: возможный конечный получатель в наблюдаемом графе; in/out 120,000/0 KZT."
100000001222263100,peripheral,0.35,10,0.5370750554040802,"peripheral: недостаточно наблюдаемых связей; in/out 745,570/420,000 KZT."
100000001149815100,terminal,0.607729,22,0.19862912133918828,"terminal: возможный конечный получатель в наблюдаемом графе; in/out 12,000/0 KZT."
100000006020215100,transit,0.683333,12,0.5306304469885583,"transit: наблюдаемый pass-through 1.13; in/out 30,000/33,800 KZT."
100000000673868100,peripheral,0.35,33,0.5659451558343055,"peripheral: недостаточно наблюдаемых связей; in/out 2,030,650/383,000 KZT."
100000008749900100,terminal,0.640775,22,0.21331633802096525,"terminal: возможный конечный получатель в наблюдаемом графе; in/out 17,150/0 KZT."
100000002862113100,terminal,0.763577,40,0.2678947605050994,"terminal: возможный конечный получатель в наблюдаемом графе; in/out 47,405/0 KZT."
100000001066017100,peripheral,0.35,0,0.7443041790533049,"peripheral: недостаточно наблюдаемых связей; in/out 136,123/82,500 KZT."
100000008436257100,terminal,0.731346,28,0.3899709164434494,"terminal: возможный конечный получатель в наблюдаемом графе; in/out 35,000/0 KZT."
100000003016438100,peripheral,0.35,42,0.3928869407659478,"peripheral: недостаточно наблюдаемых связей; in/out 200,000/300,000 KZT."
100000002534091100,terminal,0.673923,1,0.30197973184226656,"terminal: возможный конечный получатель в наблюдаемом графе; in/out 22,200/0 KZT."
100000006882208100,terminal,0.648629,16,0.29073766475251134,"terminal: возможный конечный получатель в наблюдаемом графе; in/out 18,000/0 KZT."
100000005362848100,terminal,0.70901,18,0.2436427206138936,"terminal: возможный конечный получатель в наблюдаемом графе; in/out 29,000/0 KZT."
100000001073568100,peripheral,0.35,40,0.47559277186321725,"peripheral: недостаточно наблюдаемых связей; in/out 707,465/219,503 KZT."
100000008687733100,terminal,0.6216,22,0.20479412587227983,"terminal: возможный конечный получатель в наблюдаемом графе; in/out 14,650/0 KZT."
100000007229557100,consolidator,0.615,35,0.6593297129097003,"consolidator: получает от 3 плательщиков; in/out 878,000/0 KZT."
100000001052789100,terminal,0.809678,43,0.28838433439449196,"terminal: возможный конечный получатель в наблюдаемом графе; in/out 70,975/0 KZT."
100000006967370100,peripheral,0.35,28,0.31342184557102487,"peripheral: недостаточно наблюдаемых связей; in/out 33,225/13,526 KZT."
100000001837130100,terminal,0.890662,0,0.3243770814479825,"terminal: возможный конечный получатель в наблюдаемом графе; in/out 172,900/0 KZT."
100000005820746100,peripheral,0.35,21,0.4059220426619627,"peripheral: недостаточно наблюдаемых связей; in/out 1,989,000/60,000 KZT."
100000002883402100,consolidator,0.615,5,0.6369362405615588,"consolidator: получает от 3 плательщиков; in/out 300,000/0 KZT."
100000008582730100,transit,1.0,43,0.21013781782062088,"transit: наблюдаемый pass-through 1.00; in/out 5,000/5,000 KZT."
100000003116106100,terminal,0.965118,10,0.4673412613626333,"terminal: возможный конечный получатель в наблюдаемом графе; in/out 494,050/0 KZT."
100000001818442100,terminal,0.749501,18,0.2616390941406389,"terminal: возможный конечный получатель в наблюдаемом графе; in/out 42,215/0 KZT."
100000008690762100,terminal,0.702584,22,0.2407868729257703,"terminal: возможный конечный получатель в наблюдаемом графе; in/out 26,750/0 KZT."
100000008712991100,terminal,0.802947,22,0.2853924939593152,"terminal: возможный конечный получатель в наблюдаемом графе; in/out 66,100/0 KZT."
100000003292191100,terminal,0.855474,35,0.30873791553683105,"terminal: возможный конечный получатель в наблюдаемом графе; in/out 112,000/0 KZT."
100000005367284100,peripheral,0.35,0,0.4305551427825516,"peripheral: недостаточно наблюдаемых связей; in/out 13,700/48,300 KZT."
100000003216073100,peripheral,0.35,1,0.2905095313292338,"peripheral: недостаточно наблюдаемых связей; in/out 37,001/70,000 KZT."
100000006169033100,peripheral,0.35,66,0.44606333627486444,"peripheral: недостаточно наблюдаемых связей; in/out 49,000/1,140,271 KZT."
100000004407753100,peripheral,0.35,15,0.37314779062207154,"peripheral: недостаточно наблюдаемых связей; in/out 250,000/100,000 KZT."
100000004420041100,peripheral,0.35,8,0.5252620512817092,"peripheral: недостаточно наблюдаемых связей; in/out 69,638/651,830 KZT."
100000004715209100,peripheral,0.35,50,0.4204324237597262,"peripheral: недостаточно наблюдаемых связей; in/out 5,000/350,450 KZT."
100000004580254100,terminal,0.705236,28,0.37836620202821813,"terminal: возможный конечный получатель в наблюдаемом графе; in/out 27,940/0 KZT."
100000001056414100,terminal,0.922586,24,0.4124965042810699,"terminal: возможный конечный получатель в наблюдаемом графе; in/out 250,000/0 KZT."
100000008686494100,terminal,0.633024,22,0.20987118842894348,"terminal: возможный конечный получатель в наблюдаемом графе; in/out 15,700/0 KZT."
100000002822472100,terminal,0.92636,24,0.5865162386971754,"terminal: возможный конечный получатель в наблюдаемом графе; in/out 266,722/0 KZT."
100000001831496100,peripheral,0.35,11,0.2700652883555257,"peripheral: недостаточно наблюдаемых связей; in/out 25,000/373,000 KZT."
100000008732488100,peripheral,0.35,1,0.3769757893606895,"peripheral: недостаточно наблюдаемых связей; in/out 137,000/10,000 KZT."
100000004007197100,terminal,0.601405,34,0.19581860456674946,"terminal: возможный конечный получатель в наблюдаемом графе; in/out 10,048/0 KZT."
100000002815005100,terminal,0.96267,5,0.43031155414507705,"terminal: возможный конечный получатель в наблюдаемом графе; in/out 476,500/0 KZT."
100000005756189100,peripheral,0.35,10,0.4568846655582052,"peripheral: недостаточно наблюдаемых связей; in/out 65,000/49,050 KZT."
100000004877085100,peripheral,0.35,12,0.542780275462644,"peripheral: недостаточно наблюдаемых связей; in/out 25,000/95,600 KZT."
100000002713074100,peripheral,0.35,28,0.5623792345102814,"peripheral: недостаточно наблюдаемых связей; in/out 700,000/430,000 KZT."
100000002356167100,peripheral,0.35,10,0.6081106886220481,"peripheral: недостаточно наблюдаемых связей; in/out 300,000/29,500 KZT."
100000004140487100,distributor,0.685771,3,0.4924140792793006,"distributor: веер на 10 получателей; in/out 24,510/262,600 KZT."
100000003147719100,terminal,0.84354,5,0.3034341984017449,"terminal: возможный конечный получатель в наблюдаемом графе; in/out 100,000/0 KZT."
100000008745884100,terminal,0.660664,22,0.2221558665794421,"terminal: возможный конечный получатель в наблюдаемом графе; in/out 20,000/0 KZT."
100000002559089100,terminal,0.980213,24,0.5005783507136217,"terminal: возможный конечный получатель в наблюдаемом графе; in/out 715,000/0 KZT."
100000004984689100,terminal,0.783568,1,0.2767796199792608,"terminal: возможный конечный получатель в наблюдаемом графе; in/out 53,030/0 KZT."
100000004340038100,peripheral,0.35,12,0.3613724262109704,"peripheral: недостаточно наблюдаемых связей; in/out 9,978/49,000 KZT."
100000005052998100,peripheral,0.35,0,0.2971692986772803,"peripheral: недостаточно наблюдаемых связей; in/out 9,500/28,400 KZT."
100000007597382100,terminal,0.633024,10,0.31974379989391166,"terminal: возможный конечный получатель в наблюдаемом графе; in/out 15,700/0 KZT."
100000008697670100,terminal,0.695036,22,0.23743238516511755,"terminal: возможный конечный получатель в наблюдаемом графе; in/out 25,350/0 KZT."
100000008460102100,distributor,0.989625,46,0.3609913976565935,"distributor: веер на 31 получателей; in/out 17,500/476,570 KZT."
100000004399686100,terminal,0.984293,21,0.36599086204635056,"terminal: возможный конечный получатель в наблюдаемом графе; in/out 806,000/0 KZT."
100000008688155100,terminal,0.680043,22,0.23076874055949653,"terminal: возможный конечный получатель в наблюдаемом графе; in/out 23,600/0 KZT."
100000004386331100,transit,0.6875,8,0.4348390621329398,"transit: наблюдаемый pass-through 0.88; in/out 20,000/17,500 KZT."
100000007999728100,terminal,0.677493,40,0.2296354676673841,"terminal: возможный конечный получатель в наблюдаемом графе; in/out 23,250/0 KZT."
100000001597424100,terminal,0.764597,40,0.26834806966194436,"terminal: возможный конечный получатель в наблюдаемом графе; in/out 48,100/0 KZT."
100000003677936100,peripheral,0.35,2,0.3508651819264193,"peripheral: недостаточно наблюдаемых связей; in/out 71,000/13,000 KZT."
100000002943472100,terminal,0.88954,42,0.4337510528404212,"terminal: возможный конечный получатель в наблюдаемом графе; in/out 170,000/0 KZT."
100000004892144100,peripheral,0.35,21,0.6178855271450954,"peripheral: недостаточно наблюдаемых связей; in/out 4,500,000/180,300 KZT."
100000008077552100,terminal,0.909735,1,0.33285396268098344,"terminal: возможный конечный получатель в наблюдаемом графе; in/out 214,000/0 KZT."
100000002914245100,terminal,0.872711,1,0.3163988402875111,"terminal: возможный конечный получатель в наблюдаемом графе; in/out 140,611/0 KZT."
100000004906181100,peripheral,0.35,20,0.6632477633813102,"peripheral: недостаточно наблюдаемых связей; in/out 100,000/2,473,418 KZT."
100000008514970100,peripheral,0.35,1,0.3849791596157252,"peripheral: недостаточно наблюдаемых связей; in/out 379,966/31,000 KZT."
100000008258458100,peripheral,0.35,70,0.44646629418781,"peripheral: недостаточно наблюдаемых связей; in/out 19,000/1,557,988 KZT."
100000003484058100,peripheral,0.35,40,0.37040280658643737,"peripheral: недостаточно наблюдаемых связей; in/out 110,000/6,000 KZT."
100000003574895100,peripheral,0.35,0,0.37828650865796537,"peripheral: недостаточно наблюдаемых связей; in/out 27,968/20,000 KZT."
100000000896111100,terminal,0.932888,21,0.34314408054136414,"terminal: возможный конечный получатель в наблюдаемом графе; in/out 287,100/0 KZT."
100000008715887100,terminal,0.648629,22,0.2168068185286715,"terminal: возможный конечный получатель в наблюдаемом графе; in/out 18,000/0 KZT."
100000000560751100,terminal,0.69065,12,0.309414002014524,"terminal: возможный конечный получатель в наблюдаемом графе; in/out 25,000/0 KZT."
100000008708207100,terminal,0.961854,5,0.6022913973553803,"terminal: возможный конечный получатель в наблюдаемом графе; in/out 465,000/0 KZT."
100000003152964100,peripheral,0.35,1,0.3792423351449143,"peripheral: недостаточно наблюдаемых связей; in/out 141,847/5,500 KZT."
100000004991812100,terminal,0.594062,29,0.26648562486130556,"terminal: возможный конечный получатель в наблюдаемом графе; in/out 10,000/0 KZT."
100000000291908100,peripheral,0.35,7,0.4480345126055946,"peripheral: недостаточно наблюдаемых связей; in/out 295,500/13,300 KZT."
100000003132484100,terminal,0.830179,5,0.2974958484470759,"terminal: возможный конечный получатель в наблюдаемом графе; in/out 90,000/0 KZT."
100000004077081100,peripheral,0.35,3,0.5717178686903494,"peripheral: недостаточно наблюдаемых связей; in/out 140,000/615,000 KZT."
100000004770073100,transit,0.997908,0,0.24152701329541296,"transit: наблюдаемый pass-through 1.00; in/out 5,462/5,467 KZT."
100000003163886100,terminal,0.966954,31,0.432215452603826,"terminal: возможный конечный получатель в наблюдаемом графе; in/out 500,000/0 KZT."
100000000795374100,terminal,0.77296,1,0.27206520474807316,"terminal: возможный конечный получатель в наблюдаемом графе; in/out 50,000/0 KZT."
100000002391278100,peripheral,0.35,48,0.28071805354138246,"peripheral: недостаточно наблюдаемых связей; in/out 30,000/52,700 KZT."
100000004635886100,terminal,0.676167,16,0.3029770119873255,"terminal: возможный конечный получатель в наблюдаемом графе; in/out 23,000/0 KZT."
100000000413678100,peripheral,0.35,1,0.7891991331235688,"peripheral: недостаточно наблюдаемых связей; in/out 306,500/528,198 KZT."
100000008659950100,terminal,0.921158,42,0.4478036367026152,"terminal: возможный конечный получатель в наблюдаемом графе; in/out 246,000/0 KZT."
100000003964910100,terminal,0.987863,28,0.5039781693899589,"terminal: возможный конечный получатель в наблюдаемом графе; in/out 1,000,000/0 KZT."
100000008764654100,terminal,0.69881,22,0.23910962904544394,"terminal: возможный конечный получатель в наблюдаемом графе; in/out 26,150/0 KZT."
100000005830339100,consolidator,0.5,3,0.6393497157217045,"consolidator: получает от 5 плательщиков; in/out 476,341/339,251 KZT."
100000002032323100,peripheral,0.35,42,0.44885046908791565,"peripheral: недостаточно наблюдаемых связей; in/out 300,000/1,050,000 KZT."
100000008668099100,terminal,0.633024,22,0.20987118842894348,"terminal: возможный конечный получатель в наблюдаемом графе; in/out 15,700/0 KZT."
100000008634520100,terminal,0.830179,42,0.407368459912044,"terminal: возможный конечный получатель в наблюдаемом графе; in/out 90,000/0 KZT."
100000002103448100,terminal,0.703808,22,0.24133084391398427,"terminal: возможный конечный получатель в наблюдаемом графе; in/out 27,000/0 KZT."
100000005996909100,terminal,0.565095,4,0.25361164480690845,"terminal: возможный конечный получатель в наблюдаемом графе; in/out 5,500/0 KZT."
100000007392365100,peripheral,0.35,65,0.5052639254444107,"peripheral: недостаточно наблюдаемых связей; in/out 9,613/1,765,600 KZT."
100000008279405100,terminal,0.916772,1,0.33598179586321364,"terminal: возможный конечный получатель в наблюдаемом графе; in/out 234,738/0 KZT."
100000008343874100,peripheral,0.35,1,0.7068470738795598,"peripheral: недостаточно наблюдаемых связей; in/out 283,535/176,400 KZT."
100000002548759100,terminal,0.948391,5,0.5963077164850268,"terminal: возможный конечный получатель в наблюдаемом графе; in/out 375,000/0 KZT."
100000003069463100,peripheral,0.35,14,0.26011268872605664,"peripheral: недостаточно наблюдаемых связей; in/out 11,500/17,920 KZT."
100000008474391100,terminal,0.660664,29,0.2960867128032819,"terminal: возможный конечный получатель в наблюдаемом графе; in/out 20,000/0 KZT."
100000003097324100,terminal,0.9335,35,0.5896894027950903,"terminal: возможный конечный получатель в наблюдаемом графе; in/out 294,000/0 KZT."
100000001852140100,terminal,0.714619,52,0.24613592097654094,"terminal: возможный конечный получатель в наблюдаемом графе; in/out 30,000/0 KZT."
100000003293377100,terminal,0.77296,10,0.3819378162130413,"terminal: возможный конечный получатель в наблюдаемом графе; in/out 50,000/0 KZT."
100000006048193100,terminal,0.748685,0,0.3352072930390027,"terminal: возможный конечный получатель в наблюдаемом графе; in/out 41,559/0 KZT."
100000002435265100,terminal,0.866795,0,0.38770049340165,"terminal: возможный конечный получатель в наблюдаемом графе; in/out 132,628/0 KZT."
100000004587414100,terminal,0.97083,10,0.6062805179356161,"terminal: возможный конечный получатель в наблюдаемом графе; in/out 533,603/0 KZT."
100000001726614100,terminal,0.870263,0,0.31531089831108317,"terminal: возможный конечный получатель в наблюдаемом графе; in/out 138,717/0 KZT."
100000003934614100,peripheral,0.35,62,0.3834832393981367,"peripheral: недостаточно наблюдаемых связей; in/out 17,000/11,500 KZT."
100000008772246100,terminal,0.753275,22,0.2633163380209652,"terminal: возможный конечный получатель в наблюдаемом графе; in/out 44,500/0 KZT."
100000002603371100,terminal,0.584474,0,0.188293672563123,"terminal: возможный конечный получатель в наблюдаемом графе; in/out 9,300/0 KZT."
100000004445291100,terminal,0.65434,13,0.21934534980700332,"terminal: возможный конечный получатель в наблюдаемом графе; in/out 19,500/0 KZT."
100000008571243100,terminal,0.867611,18,0.31413229450328617,"terminal: возможный конечный получатель в наблюдаемом графе; in/out 134,000/0 KZT."
100000001138283100,peripheral,0.35,1,0.4053298525522472,"peripheral: недостаточно наблюдаемых связей; in/out 81,805/50,000 KZT."
100000002593344100,terminal,0.957162,5,0.6002061752338934,"terminal: возможный конечный получатель в наблюдаемом графе; in/out 431,000/0 KZT."
100000007390016100,peripheral,0.35,85,0.5036459687234857,"peripheral: недостаточно наблюдаемых связей; in/out 511,000/346,500 KZT."
100000001285440100,terminal,0.92024,35,0.47392377229113747,"terminal: возможный конечный получатель в наблюдаемом графе; in/out 243,000/0 KZT."
100000006746688100,terminal,0.747563,22,0.2607778067426334,"terminal: возможный конечный получатель в наблюдаемом графе; in/out 41,000/0 KZT."
100000006471232100,terminal,0.749093,22,0.26145777047790086,"terminal: возможный конечный получатель в наблюдаемом графе; in/out 41,800/0 KZT."
100000008662805100,terminal,0.637103,22,0.21168442505632337,"terminal: возможный конечный получатель в наблюдаемом графе; in/out 16,500/0 KZT."
100000004292885100,terminal,0.85578,22,0.3088739082838846,"terminal: возможный конечный получатель в наблюдаемом графе; in/out 112,700/0 KZT."
100000008190442100,terminal,0.613849,22,0.20134897628025808,"terminal: возможный конечный получатель в наблюдаемом графе; in/out 13,000/0 KZT."
100000007131370100,transit,1.0,4,0.3905906650063506,"transit: наблюдаемый pass-through 1.00; in/out 30,000/30,000 KZT."
100000008717802100,terminal,0.69881,22,0.23910962904544394,"terminal: возможный конечный получатель в наблюдаемом графе; in/out 26,150/0 KZT."
100000005357034100,terminal,0.586106,0,0.2629498134379148,"terminal: возможный конечный получатель в наблюдаемом графе; in/out 9,754/0 KZT."
100000005532138100,terminal,0.694016,2,0.2369790760082726,"terminal: возможный конечный получатель в наблюдаемом графе; in/out 25,046/0 KZT."
100000005264874100,peripheral,0.35,26,0.3301056616105467,"peripheral: недостаточно наблюдаемых связей; in/out 30,000/78,000 KZT."
100000008193258100,peripheral,0.35,28,0.3524970948910611,"peripheral: недостаточно наблюдаемых связей; in/out 75,000/30,000 KZT."
100000003190207100,peripheral,0.35,49,0.31178605534880854,"peripheral: недостаточно наблюдаемых связей; in/out 5,000/377,000 KZT."
100000004321983100,peripheral,0.35,48,0.2806949635144452,"peripheral: недостаточно наблюдаемых связей; in/out 10,840/36,200 KZT."
100000002633108100,terminal,0.939109,40,0.3459092663981185,"terminal: возможный конечный получатель в наблюдаемом графе; in/out 320,000/0 KZT."
100000005941908100,terminal,0.594062,40,0.26648562486130556,"terminal: возможный конечный получатель в наблюдаемом графе; in/out 10,000/0 KZT."
100000001835625100,terminal,0.814574,10,0.400432829812316,"terminal: возможный конечный получатель в наблюдаемом графе; in/out 75,130/0 KZT."
100000008671081100,terminal,0.737262,22,0.25619938425849925,"terminal: возможный конечный получатель в наблюдаемом графе; in/out 37,200/0 KZT."
100000002908521100,terminal,0.753275,22,0.2633163380209652,"terminal: возможный конечный получатель в наблюдаемом графе; in/out 44,500/0 KZT."
100000000749118100,peripheral,0.35,0,0.3324116219852546,"peripheral: недостаточно наблюдаемых связей; in/out 10,330/16,500 KZT."
100000008652094100,terminal,0.731346,0,0.32750103737263825,"terminal: возможный конечный получатель в наблюдаемом графе; in/out 35,000/0 KZT."
100000007647294100,terminal,0.950023,38,0.3507596743763597,"terminal: возможный конечный получатель в наблюдаемом графе; in/out 385,000/0 KZT."
100000003270419100,terminal,0.878015,12,0.3926868941269447,"terminal: возможный конечный получатель в наблюдаемом графе; in/out 150,000/0 KZT."
100000003050771100,terminal,0.914121,12,0.4446758035203849,"terminal: возможный конечный получатель в наблюдаемом графе; in/out 229,000/0 KZT."
100000008427027100,terminal,0.935539,3,0.41825353057300096,"terminal: возможный конечный получатель в наблюдаемом графе; in/out 300,000/0 KZT."
100000004291560100,terminal,0.762863,0,0.34150829031914776,"terminal: возможный конечный получатель в наблюдаемом графе; in/out 47,190/0 KZT."
100000003594472100,terminal,0.660664,36,0.2221558665794421,"terminal: возможный конечный получатель в наблюдаемом графе; in/out 20,000/0 KZT."
100000002575080100,transit,0.903846,4,0.37352111161441554,"transit: наблюдаемый pass-through 0.96; in/out 13,000/12,500 KZT."
100000008038077100,terminal,0.965934,10,0.4677039086881093,"terminal: возможный конечный получатель в наблюдаемом графе; in/out 499,850/0 KZT."
100000003899325100,terminal,0.776836,1,0.273787779544084,"terminal: возможный конечный получатель в наблюдаемом графе; in/out 50,120/0 KZT."
100000001155773100,terminal,0.671374,22,0.2269156127263143,"terminal: возможный конечный получатель в наблюдаемом графе; in/out 21,500/0 KZT."
100000000611474100,terminal,0.723799,29,0.2502157033881457,"terminal: возможный конечный получатель в наблюдаемом графе; in/out 32,000/0 KZT."
100000006704530100,transit,0.875139,14,0.552535950489063,"transit: наблюдаемый pass-through 0.95; in/out 450,500/428,000 KZT."
100000003996562100,terminal,0.576927,0,0.18493918480247024,"terminal: возможный конечный получатель в наблюдаемом графе; in/out 7,700/0 KZT."
100000002646887100,terminal,0.685857,42,0.23335260275351286,"terminal: возможный конечный получатель в наблюдаемом графе; in/out 24,354/0 KZT."
100000002556775100,terminal,0.935539,10,0.45419529581412926,"terminal: возможный конечный получатель в наблюдаемом графе; in/out 300,000/0 KZT."
100000002722108100,terminal,0.983885,24,0.43974038460745246,"terminal: возможный конечный получатель в наблюдаемом графе; in/out 800,000/0 KZT."
100000002737980100,terminal,0.725227,16,0.32478118243156845,"terminal: возможный конечный получатель в наблюдаемом графе; in/out 32,900/0 KZT."
100000002913340100,terminal,0.680043,22,0.23076874055949653,"terminal: возможный конечный получатель в наблюдаемом графе; in/out 23,600/0 KZT."
100000003610172100,terminal,0.807332,10,0.3972143347987167,"terminal: возможный конечный получатель в наблюдаемом графе; in/out 70,000/0 KZT."
100000001052945100,peripheral,0.35,44,0.47719596862142916,"peripheral: недостаточно наблюдаемых связей; in/out 56,520/1,595,700 KZT."
100000002369510100,terminal,0.736956,22,0.25606339151144575,"terminal: возможный конечный получатель в наблюдаемом графе; in/out 37,150/0 KZT."
100000001954534100,peripheral,0.35,0,0.2636485001494474,"peripheral: недостаточно наблюдаемых связей; in/out 13,000/40,000 KZT."
100000008488166100,terminal,0.565911,22,0.18004344590854457,"terminal: возможный конечный получатель в наблюдаемом графе; in/out 5,600/0 KZT."
100000005100475100,terminal,0.743994,2,0.25919122469367606,"terminal: возможный конечный получатель в наблюдаемом графе; in/out 40,000/0 KZT."
100000002708624100,terminal,0.69065,13,0.23548315579068418,"terminal: возможный конечный получатель в наблюдаемом графе; in/out 25,000/0 KZT."
100000004591973100,peripheral,0.35,8,0.3710134096000601,"peripheral: недостаточно наблюдаемых связей; in/out 10,000/100,000 KZT."
100000000802149100,terminal,0.849252,0,0.3059727296800768,"terminal: возможный конечный получатель в наблюдаемом графе; in/out 104,128/0 KZT."
100000003095610100,terminal,0.680757,18,0.231086056969288,"terminal: возможный конечный получатель в наблюдаемом графе; in/out 23,665/0 KZT."
100000004183610100,peripheral,0.35,12,0.39084583303023074,"peripheral: недостаточно наблюдаемых связей; in/out 22,000/915,000 KZT."
100000005198906100,peripheral,0.35,10,0.5067940037268363,"peripheral: недостаточно наблюдаемых связей; in/out 227,970/60,000 KZT."
100000008599354100,peripheral,0.35,0,0.4332527075621398,"peripheral: недостаточно наблюдаемых связей; in/out 177,000/38,200 KZT."
100000001303311100,consolidator,0.6125,35,0.6542179612719714,"consolidator: получает от 5 плательщиков; in/out 1,324,000/0 KZT."
100000008776420100,terminal,0.805394,22,0.2864804359357431,"terminal: возможный конечный получатель в наблюдаемом графе; in/out 69,500/0 KZT."
100000004737764100,terminal,0.975827,3,0.3622283960445374,"terminal: возможный конечный получатель в наблюдаемом графе; in/out 600,000/0 KZT."
100000003154105100,peripheral,0.35,32,0.5315709814720991,"peripheral: недостаточно наблюдаемых связей; in/out 60,000/338,000 KZT."
100000008708025100,terminal,0.594062,15,0.1925547786374657,"terminal: возможный конечный получатель в наблюдаемом графе; in/out 10,000/0 KZT."
100000008740793100,terminal,0.669334,22,0.22600899441262437,"terminal: возможный конечный получатель в наблюдаемом графе; in/out 21,000/0 KZT."
100000008459449100,terminal,0.784995,0,0.3513450990226836,"terminal: возможный конечный получатель в наблюдаемом графе; in/out 53,700/0 KZT."
100000008677518100,terminal,0.766228,22,0.2690733643128963,"terminal: возможный конечный получатель в наблюдаемом графе; in/out 48,700/0 KZT."
100000002212494100,terminal,0.883726,36,0.32129457918143667,"terminal: возможный конечный получатель в наблюдаемом графе; in/out 160,000/0 KZT."
100000001825934100,peripheral,0.35,26,0.29377335725851755,"peripheral: недостаточно наблюдаемых связей; in/out 40,000/97,000 KZT."
100000003736419100,peripheral,0.35,0,0.3659564995917822,"peripheral: недостаточно наблюдаемых связей; in/out 23,300/10,000 KZT."
100000008430691100,peripheral,0.35,84,0.3338429985177957,"peripheral: недостаточно наблюдаемых связей; in/out 20,000/604,900 KZT."
100000003073635100,terminal,0.864755,1,0.3128630288641203,"terminal: возможный конечный получатель в наблюдаемом графе; in/out 129,231/0 KZT."
100000001686328100,terminal,0.871589,5,0.3898310464388214,"terminal: возможный конечный получатель в наблюдаемом графе; in/out 140,000/0 KZT."
100000008707810100,terminal,0.700442,22,0.2398349236963959,"terminal: возможный конечный получатель в наблюдаемом графе; in/out 26,200/0 KZT."
100000001236706100,consolidator,0.615,12,0.7727977609378515,"consolidator: получает от 3 плательщиков; in/out 142,700/36,000 KZT."
100000008536546100,terminal,0.922586,35,0.5488972295757207,"terminal: возможный конечный получатель в наблюдаемом графе; in/out 250,000/0 KZT."
100000007140834100,terminal,0.601711,2,0.19595459731380296,"terminal: возможный конечный получатель в наблюдаемом графе; in/out 10,200/0 KZT."
100000007022818100,terminal,0.641591,22,0.21367898534644122,"terminal: возможный конечный получатель в наблюдаемом графе; in/out 17,200/0 KZT."
100000007484343100,terminal,0.702788,0,0.45120910627563005,"terminal: возможный конечный получатель в наблюдаемом графе; in/out 26,757/0 KZT."
100000001379511100,terminal,0.787851,42,0.27868351843800965,"terminal: возможный конечный получатель в наблюдаемом графе; in/out 55,000/0 KZT."
100000004569484100,coordinator,0.659249,18,0.7665752086563635,"coordinator: достижим от нескольких seed и связывает сообщества; in/out 98,312/156,000 KZT."
100000002948492100,terminal,0.680553,40,0.230995395137919,"terminal: возможный конечный получатель в наблюдаемом графе; in/out 23,660/0 KZT."
100000002116705100,terminal,0.645467,22,0.2154015601424521,"terminal: возможный конечный получатель в наблюдаемом графе; in/out 17,600/0 KZT."
100000002481974100,peripheral,0.35,1,0.661153510869587,"peripheral: недостаточно наблюдаемых связей; in/out 89,447/318,000 KZT."
100000003920950100,terminal,0.939619,2,0.346135920976541,"terminal: возможный конечный получатель в наблюдаемом графе; in/out 323,290/0 KZT."
100000000733451100,peripheral,0.35,12,0.4658003542963429,"peripheral: недостаточно наблюдаемых связей; in/out 70,000/300,000 KZT."
100000005182219100,terminal,0.787851,10,0.5249568551976287,"terminal: возможный конечный получатель в наблюдаемом графе; in/out 55,000/0 KZT."
100000008633099100,peripheral,0.35,2,0.28150888092913917,"peripheral: недостаточно наблюдаемых связей; in/out 19,468/13,500 KZT."
100000001380107100,terminal,0.568257,31,0.25501690319312786,"terminal: возможный конечный получатель в наблюдаемом графе; in/out 6,000/0 KZT."
100000008755168100,terminal,0.645467,22,0.2154015601424521,"terminal: возможный конечный получатель в наблюдаемом графе; in/out 17,600/0 KZT."
100000002628576100,peripheral,0.35,10,0.7648196641433535,"peripheral: недостаточно наблюдаемых связей; in/out 727,882/539,000 KZT."
100000001611488100,terminal,0.982865,10,0.6116295659863866,"terminal: возможный конечный получатель в наблюдаемом графе; in/out 779,300/0 KZT."
100000005375968100,peripheral,0.35,0,0.5643426393334602,"peripheral: недостаточно наблюдаемых связей; in/out 170,082/86,000 KZT."
100000003581109100,terminal,0.750113,0,0.33584192585858563,"terminal: возможный конечный получатель в наблюдаемом графе; in/out 42,750/0 KZT."
100000002933386100,peripheral,0.35,3,0.2689068863688491,"peripheral: недостаточно наблюдаемых связей; in/out 15,000/58,000 KZT."
100000002284426100,terminal,0.830179,10,0.407368459912044,"terminal: возможный конечный получатель в наблюдаемом графе; in/out 90,000/0 KZT."
100000008579978100,peripheral,0.35,10,0.424201075349683,"peripheral: недостаточно наблюдаемых связей; in/out 34,000/77,000 KZT."
100000001549194100,terminal,0.759497,40,0.26608152387771955,"terminal: возможный конечный получатель в наблюдаемом графе; in/out 46,500/0 KZT."
100000001427082100,peripheral,0.35,32,0.4751241395487835,"peripheral: недостаточно наблюдаемых связей; in/out 5,000/124,900 KZT."
100000004657034100,terminal,0.873629,10,0.42667942999363967,"terminal: возможный конечный получатель в наблюдаемом графе; in/out 141,250/0 KZT."
100000003796063100,distributor,0.836239,10,0.5382948497128881,"distributor: веер на 15 получателей; in/out 35,000/959,150 KZT."
100000005268319100,peripheral,0.35,0,0.4271117863676336,"peripheral: недостаточно наблюдаемых связей; in/out 19,713/91,000 KZT."
100000008744799100,terminal,0.612013,22,0.20053301979793714,"terminal: возможный конечный получатель в наблюдаемом графе; in/out 12,600/0 KZT."
100000008677215100,terminal,0.58325,29,0.26168054779874883,"terminal: возможный конечный получатель в наблюдаемом графе; in/out 9,000/0 KZT."
100000007593823100,coordinator,1.0,0,0.8119605761805033,"coordinator: достижим от нескольких seed и связывает сообщества; in/out 25,000/162,900 KZT."
100000001282143100,consolidator,0.725,24,0.6863347706684639,"consolidator: получает от 5 плательщиков; in/out 1,700,000/0 KZT."
100000008029279100,terminal,0.638939,1,0.21250038153864428,"terminal: возможный конечный получатель в наблюдаемом графе; in/out 17,000/0 KZT."
100000000594783100,peripheral,0.35,21,0.5302377771000257,"peripheral: недостаточно наблюдаемых связей; in/out 2,635,000/152,500 KZT."
100000002705460100,terminal,0.837013,16,0.3005330197979371,"terminal: возможный конечный получатель в наблюдаемом графе; in/out 95,000/0 KZT."
100000002952756100,terminal,0.761231,11,0.266852149444356,"terminal: возможный конечный получатель в наблюдаемом графе; in/out 47,000/0 KZT."
100000004634420100,terminal,0.69881,22,0.23910962904544394,"terminal: возможный конечный получатель в наблюдаемом графе; in/out 26,150/0 KZT."
100000000583220100,peripheral,0.35,25,0.31178605534880854,"peripheral: недостаточно наблюдаемых связей; in/out 5,000/761,255 KZT."
100000003286537100,terminal,0.880768,5,0.5662533193862054,"terminal: возможный конечный получатель в наблюдаемом графе; in/out 153,000/0 KZT."
100000002958345100,terminal,0.938395,24,0.4195227962121668,"terminal: возможный конечный получатель в наблюдаемом графе; in/out 307,000/0 KZT."
100000005055454100,terminal,0.571011,27,0.1823099916927694,"terminal: возможный конечный получатель в наблюдаемом графе; in/out 6,500/0 KZT."
100000008738526100,peripheral,0.35,35,0.2689068863688491,"peripheral: недостаточно наблюдаемых связей; in/out 15,000/140,000 KZT."
100000001298099100,terminal,0.652709,18,0.21862005515605137,"terminal: возможный конечный получатель в наблюдаемом графе; in/out 19,000/0 KZT."
100000006491272100,terminal,0.700442,22,0.2398349236963959,"terminal: возможный конечный получатель в наблюдаемом графе; in/out 26,200/0 KZT."
100000000552584100,peripheral,0.35,21,0.48057818353675447,"peripheral: недостаточно наблюдаемых связей; in/out 2,500,000/57,500 KZT."
100000005187208100,terminal,0.619968,10,0.20406883122132788,"terminal: возможный конечный получатель в наблюдаемом графе; in/out 14,160/0 KZT."
100000003528285100,coordinator,1.0,3,0.8205364408689066,"coordinator: достижим от нескольких seed и связывает сообщества; in/out 118,870/548,000 KZT."
100000001484381100,terminal,0.837625,18,0.5111365768105349,"terminal: возможный конечный получатель в наблюдаемом графе; in/out 95,585/0 KZT."
100000002508637100,peripheral,0.35,1,0.37999275889043055,"peripheral: недостаточно наблюдаемых связей; in/out 306,410/8,000 KZT."
100000003149149100,terminal,0.920852,10,0.4476676439555617,"terminal: возможный конечный получатель в наблюдаемом графе; in/out 245,000/0 KZT."
100000001538095100,terminal,0.930236,24,0.5882388134931864,"terminal: возможный конечный получатель в наблюдаемом графе; in/out 280,000/0 KZT."
100000008695133100,terminal,0.735426,22,0.2553834277761783,"terminal: возможный конечный получатель в наблюдаемом графе; in/out 36,610/0 KZT."
100000008749405100,terminal,0.736956,22,0.25606339151144575,"terminal: возможный конечный получатель в наблюдаемом графе; in/out 37,150/0 KZT."
100000005815602100,peripheral,0.35,16,0.3583862366724712,"peripheral: недостаточно наблюдаемых связей; in/out 20,000/165,000 KZT."
100000006641671100,transit,0.659091,1,0.42625049470973747,"transit: наблюдаемый pass-through 1.14; in/out 22,000/25,000 KZT."
100000002945031100,terminal,0.62568,12,0.3164799739646279,"terminal: возможный конечный получатель в наблюдаемом графе; in/out 15,000/0 KZT."
100000003497735100,terminal,0.862613,43,0.31191107963474585,"terminal: возможный конечный получатель в наблюдаемом графе; in/out 125,000/0 KZT."
100000004644615100,peripheral,0.35,11,0.35821082933493475,"peripheral: недостаточно наблюдаемых связей; in/out 50,810/379,665 KZT."
100000002755292100,terminal,0.907593,10,0.4417746249165771,"terminal: возможный конечный получатель в наблюдаемом графе; in/out 203,400/0 KZT."
100000005142492100,peripheral,0.35,2,0.2271369112023072,"peripheral: недостаточно наблюдаемых связей; in/out 10,000/57,000 KZT."
100000002893020100,terminal,0.650975,18,0.21784942958941492,"terminal: возможный конечный получатель в наблюдаемом графе; in/out 18,340/0 KZT."
100000004500444100,peripheral,0.35,40,0.5240292798411972,"peripheral: недостаточно наблюдаемых связей; in/out 180,000/74,000 KZT."
100000008454065100,terminal,0.685347,40,0.23312594817509036,"terminal: возможный конечный получатель в наблюдаемом графе; in/out 24,050/0 KZT."
100000008416433100,terminal,0.660664,40,0.2221558665794421,"terminal: возможный конечный получатель в наблюдаемом графе; in/out 20,000/0 KZT."
100000005265073100,peripheral,0.35,49,0.31178605534880854,"peripheral: недостаточно наблюдаемых связей; in/out 5,000/9,000 KZT."
100000006734214100,consolidator,0.6125,10,0.8444801848008125,"consolidator: получает от 5 плательщиков; in/out 610,000/36,000 KZT."
100000002611334100,peripheral,0.35,0,0.3307382553625027,"peripheral: недостаточно наблюдаемых связей; in/out 48,288/15,500 KZT."
100000006225798100,consolidator,0.5025,28,0.7888223839982946,"consolidator: получает от 3 плательщиков; in/out 722,000/26,300 KZT."
100000002849158100,consolidator,0.5025,5,0.7519167421083255,"consolidator: получает от 3 плательщиков; in/out 723,000/1,313,000 KZT."
100000008686214100,terminal,0.69065,1,0.309414002014524,"terminal: возможный конечный получатель в наблюдаемом графе; in/out 25,000/0 KZT."
100000004931931100,peripheral,0.35,0,0.36813238354463806,"peripheral: недостаточно наблюдаемых связей; in/out 23,938/45,000 KZT."
100000007510875100,terminal,0.555814,5,0.1755556852557794,"terminal: возможный конечный получатель в наблюдаемом графе; in/out 5,000/0 KZT."
100000005233755100,peripheral,0.35,28,0.2977826796598735,"peripheral: недостаточно наблюдаемых связей; in/out 25,000/5,000 KZT."
100000008042075100,terminal,0.555814,21,0.1755556852557794,"terminal: возможный конечный получатель в наблюдаемом графе; in/out 5,000/0 KZT."
100000001680944100,terminal,0.951043,35,0.46108559499817275,"terminal: возможный конечный получатель в наблюдаемом графе; in/out 393,000/0 KZT."
100000008417029100,terminal,0.84354,5,0.37736504462558473,"terminal: возможный конечный получатель в наблюдаемом графе; in/out 100,000/0 KZT."
100000004975919100,peripheral,0.35,1,0.382100271173399,"peripheral: недостаточно наблюдаемых связей; in/out 22,351/15,000 KZT."
100000003087877100,terminal,0.832729,1,0.2986291213391883,"terminal: возможный конечный получатель в наблюдаемом графе; in/out 91,486/0 KZT."
100000008295429100,terminal,0.945127,10,0.458456401888472,"terminal: возможный конечный получатель в наблюдаемом графе; in/out 352,000/0 KZT."
100000003254277100,transit,0.786433,0,0.4059383672255084,"transit: наблюдаемый pass-through 0.91; in/out 49,200/44,997 KZT."
100000005314565100,terminal,0.911367,0,0.3335792573319354,"terminal: возможный конечный получатель в наблюдаемом графе; in/out 218,500/0 KZT."
100000002951898100,terminal,0.742362,40,0.2584659300427241,"terminal: возможный конечный получатель в наблюдаемом графе; in/out 39,990/0 KZT."
100000001009583100,terminal,0.951655,10,0.46135758049227976,"terminal: возможный конечный получатель в наблюдаемом графе; in/out 393,740/0 KZT."
100000004064431100,peripheral,0.35,34,0.2728758051279645,"peripheral: недостаточно наблюдаемых связей; in/out 26,000/10,000 KZT."
100000001927599100,terminal,0.897189,18,0.5376098315702811,"terminal: возможный конечный получатель в наблюдаемом графе; in/out 188,000/0 KZT."
100000007737775100,terminal,0.568257,53,0.25501690319312786,"terminal: возможный конечный получатель в наблюдаемом графе; in/out 6,000/0 KZT."
100000003157679100,consolidator,0.67,5,0.6628428588752489,"consolidator: получает от 4 плательщиков; in/out 541,000/0 KZT."
100000001229743100,peripheral,0.35,0,0.24592411211680915,"peripheral: недостаточно наблюдаемых связей; in/out 7,000/9,000 KZT."
100000003795588100,terminal,0.953184,0,0.3521649327625791,"terminal: возможный конечный получатель в наблюдаемом графе; in/out 400,000/0 KZT."
100000002301828100,terminal,0.760721,28,0.2666254948659335,"terminal: возможный конечный получатель в наблюдаемом графе; in/out 46,977/0 KZT."
100000005409156100,terminal,0.925136,10,0.5859722677089616,"terminal: возможный конечный получатель в наблюдаемом графе; in/out 260,080/0 KZT."
100000002513028100,peripheral,0.35,56,0.3860808280955905,"peripheral: недостаточно наблюдаемых связей; in/out 9,500/332,709 KZT."
100000003218308100,terminal,0.605485,0,0.2715626874179692,"terminal: возможный конечный получатель в наблюдаемом графе; in/out 11,165/0 KZT."
100000008489604100,terminal,0.604363,22,0.19713320112159988,"terminal: возможный конечный получатель в наблюдаемом графе; in/out 11,000/0 KZT."
100000004450649100,peripheral,0.35,10,0.686236008894822,"peripheral: недостаточно наблюдаемых связей; in/out 192,528/46,527 KZT."
100000008767065100,terminal,0.594062,35,0.30242739010243386,"terminal: возможный конечный получатель в наблюдаемом графе; in/out 10,000/0 KZT."
100000003035737100,peripheral,0.35,10,0.6746543845065278,"peripheral: недостаточно наблюдаемых связей; in/out 809,170/6,545 KZT."
100000002748761100,terminal,0.983681,24,0.4396497227760834,"terminal: возможный конечный получатель в наблюдаемом графе; in/out 796,800/0 KZT."
100000008432942100,terminal,0.753581,0,0.3373831769918586,"terminal: возможный конечный получатель в наблюдаемом графе; in/out 44,542/0 KZT."
100000004278574100,peripheral,0.35,10,0.4076552911248416,"peripheral: недостаточно наблюдаемых связей; in/out 25,000/12,500 KZT."
100000000926766100,peripheral,0.35,13,0.2527942094797324,"peripheral: недостаточно наблюдаемых связей; in/out 18,750/6,000 KZT."
100000008661550100,terminal,0.675453,22,0.22872884935369417,"terminal: возможный конечный получатель в наблюдаемом графе; in/out 22,800/0 KZT."
100000000783406100,terminal,0.569685,38,0.18172068978887096,"terminal: возможный конечный получатель в наблюдаемом графе; in/out 6,066/0 KZT."
100000008730371100,terminal,0.969708,0,0.5698401126219583,"terminal: возможный конечный получатель в наблюдаемом графе; in/out 520,000/0 KZT."
100000002878467100,terminal,0.904635,42,0.5409189884152493,"terminal: возможный конечный получатель в наблюдаемом графе; in/out 200,000/0 KZT."
100000003171587100,peripheral,0.35,10,0.7638677149139791,"peripheral: недостаточно наблюдаемых связей; in/out 700,000/431,300 KZT."
100000002696152100,peripheral,0.35,53,0.41280557638261467,"peripheral: недостаточно наблюдаемых связей; in/out 21,800/69,000 KZT."
100000002109656100,terminal,0.966954,24,0.432215452603826,"terminal: возможный конечный получатель в наблюдаемом графе; in/out 500,000/0 KZT."
100000001317336100,peripheral,0.35,36,0.498808064149078,"peripheral: недостаточно наблюдаемых связей; in/out 131,196/1,752,000 KZT."
100000005222360100,peripheral,0.35,40,0.21013781782062088,"peripheral: недостаточно наблюдаемых связей; in/out 5,000/27,000 KZT."
100000001445848100,peripheral,0.35,38,0.39486129923494545,"peripheral: недостаточно наблюдаемых связей; in/out 546,000/351,850 KZT."
100000008720856100,peripheral,0.35,10,0.27996762979586626,"peripheral: недостаточно наблюдаемых связей; in/out 18,105/46,000 KZT."
100000002448088100,consolidator,0.39,32,0.5190616673161703,"consolidator: получает от 3 плательщиков; in/out 20,000/25,000 KZT."
100000003109805100,terminal,0.735834,28,0.2555647514389163,"terminal: возможный конечный получатель в наблюдаемом графе; in/out 36,929/0 KZT."
100000008223661100,peripheral,0.35,42,0.6663945384608415,"peripheral: недостаточно наблюдаемых связей; in/out 202,000/262,580 KZT."
100000004096559100,terminal,0.758477,2,0.2656282147208746,"terminal: возможный конечный получатель в наблюдаемом графе; in/out 46,200/0 KZT."
100000002257794100,terminal,0.881482,34,0.3202972990363778,"terminal: возможный конечный получатель в наблюдаемом графе; in/out 154,000/0 KZT."
100000003112578100,terminal,0.847824,24,0.3792689430843337,"terminal: возможный конечный получатель в наблюдаемом графе; in/out 101,080/0 KZT."
100000007020162100,terminal,0.826405,40,0.29581860456674947,"terminal: возможный конечный получатель в наблюдаемом графе; in/out 86,395/0 KZT."
100000001934935100,terminal,0.859859,0,0.3846179911351043,"terminal: возможный конечный получатель в наблюдаемом графе; in/out 118,935/0 KZT."
100000002663511100,terminal,0.927584,0,0.34078687292577037,"terminal: возможный конечный получатель в наблюдаемом графе; in/out 268,940/0 KZT."
100000003338583100,terminal,0.671782,34,0.2270969363890523,"terminal: возможный конечный получатель в наблюдаемом графе; in/out 21,765/0 KZT."
100000002904919100,peripheral,0.35,0,0.3446095155619587,"peripheral: недостаточно наблюдаемых связей; in/out 60,325/5,500 KZT."
100000005127767100,terminal,0.573969,19,0.18362458824761982,"terminal: возможный конечный получатель в наблюдаемом графе; in/out 7,000/0 KZT."
100000004066647100,terminal,0.778876,43,0.27469439785777394,"terminal: возможный конечный получатель в наблюдаемом графе; in/out 51,000/0 KZT."
100000002394199100,peripheral,0.35,2,0.3760943001415638,"peripheral: недостаточно наблюдаемых связей; in/out 277,398/76,777 KZT."
100000003968044100,peripheral,0.35,1,0.4676117965158118,"peripheral: недостаточно наблюдаемых связей; in/out 40,000/311,000 KZT."
100000001808684100,peripheral,0.35,2,0.3031115258895239,"peripheral: недостаточно наблюдаемых связей; in/out 48,400/37,700 KZT."
100000008097580100,terminal,0.723799,1,0.38661642868279666,"terminal: возможный конечный получатель в наблюдаемом графе; in/out 32,000/0 KZT."
100000008687617100,terminal,0.750929,22,0.2622737269602218,"terminal: возможный конечный получатель в наблюдаемом графе; in/out 43,350/0 KZT."
100000005667841100,terminal,0.89617,42,0.5371565224134361,"terminal: возможный конечный получатель в наблюдаемом графе; in/out 186,000/0 KZT."
100000001329153100,terminal,0.87985,0,0.3935028506092657,"terminal: возможный конечный получатель в наблюдаемом графе; in/out 150,687/0 KZT."
100000007689942100,peripheral,0.35,43,0.28724281719413297,"peripheral: недостаточно наблюдаемых связей; in/out 5,000/25,000 KZT."
100000006476758100,terminal,0.562341,11,0.252387710083427,"terminal: возможный конечный получатель в наблюдаемом графе; in/out 5,200/0 KZT."
100000002184107100,terminal,0.569685,38,0.18172068978887096,"terminal: возможный конечный получатель в наблюдаемом графе; in/out 6,066/0 KZT."
100000008663723100,terminal,0.632004,22,0.2094178792720985,"terminal: возможный конечный получатель в наблюдаемом графе; in/out 15,600/0 KZT."
100000000254336100,peripheral,0.35,0,0.5738894098365692,"peripheral: недостаточно наблюдаемых связей; in/out 97,177/60,000 KZT."
100000008750464100,terminal,0.581006,22,0.1867524214298501,"terminal: возможный конечный получатель в наблюдаемом графе; in/out 8,500/0 KZT."
100000001530709100,terminal,0.785607,0,0.3516170845167906,"terminal: возможный конечный получатель в наблюдаемом графе; in/out 53,961/0 KZT."
100000000656682100,transit,0.683099,0,0.5164118970889886,"transit: наблюдаемый pass-through 1.13; in/out 71,000/80,000 KZT."
100000008755754100,terminal,0.573969,24,0.18362458824761982,"terminal: возможный конечный получатель в наблюдаемом графе; in/out 7,000/0 KZT."
100000002691583100,terminal,0.932072,14,0.34278143321588816,"terminal: возможный конечный получатель в наблюдаемом графе; in/out 285,200/0 KZT."
100000005241556100,terminal,0.84354,35,0.3034341984017449,"terminal: возможный конечный получатель в наблюдаемом графе; in/out 100,000/0 KZT."
100000004713684100,terminal,0.737772,0,0.33035688506076155,"terminal: возможный конечный получатель в наблюдаемом графе; in/out 37,500/0 KZT."
100000006919124100,terminal,0.69065,0,0.309414002014524,"terminal: возможный конечный получатель в наблюдаемом графе; in/out 25,000/0 KZT."
100000003006633100,terminal,0.594062,38,0.1925547786374657,"terminal: возможный конечный получатель в наблюдаемом графе; in/out 10,000/0 KZT."
100000008306857100,terminal,0.862613,24,0.3858419258585857,"terminal: возможный конечный получатель в наблюдаемом графе; in/out 125,000/0 KZT."
100000003671721100,terminal,0.555814,18,0.1755556852557794,"terminal: возможный конечный получатель в наблюдаемом графе; in/out 5,000/0 KZT."
100000002613929100,terminal,0.707888,5,0.24314408054136413,"terminal: возможный конечный получатель в наблюдаемом графе; in/out 28,560/0 KZT."
100000008669310100,terminal,0.793155,0,0.35497157227744336,"terminal: возможный конечный получатель в наблюдаемом графе; in/out 59,567/0 KZT."
100000006573438100,terminal,0.555814,66,0.1755556852557794,"terminal: возможный конечный получатель в наблюдаемом графе; in/out 5,000/0 KZT."
100000006165886100,peripheral,0.35,0,0.5714666694841706,"peripheral: недостаточно наблюдаемых связей; in/out 184,481/75,000 KZT."
100000008491390100,terminal,0.734712,0,0.3289969575902266,"terminal: возможный конечный получатель в наблюдаемом графе; in/out 36,000/0 KZT."
100000005186131100,transit,1.0,0,0.32878514873049486,"transit: наблюдаемый pass-through 1.00; in/out 10,000/10,000 KZT."
100000001550419100,terminal,0.676167,40,0.22904616576348566,"terminal: возможный конечный получатель в наблюдаемом графе; in/out 23,000/0 KZT."
100000004979283100,terminal,0.74583,18,0.26000718117599697,"terminal: возможный конечный получатель в наблюдаемом графе; in/out 40,132/0 KZT."
100000002537811100,peripheral,0.35,11,0.5326374554709942,"peripheral: недостаточно наблюдаемых связей; in/out 52,000/15,000 KZT."
100000002990675100,terminal,0.779488,10,0.3848389948168491,"terminal: возможный конечный получатель в наблюдаемом графе; in/out 51,143/0 KZT."
100000008763688100,terminal,0.669334,22,0.22600899441262437,"terminal: возможный конечный получатель в наблюдаемом графе; in/out 21,000/0 KZT."
100000002809896100,terminal,0.738996,18,0.2569700098251357,"terminal: возможный конечный получатель в наблюдаемом графе; in/out 38,000/0 KZT."
100000008716072100,terminal,0.608953,22,0.19917309232740224,"terminal: возможный конечный получатель в наблюдаемом графе; in/out 12,100/0 KZT."
100000001279272100,peripheral,0.35,0,0.5594919204303662,"peripheral: недостаточно наблюдаемых связей; in/out 250,000/136,758 KZT."
100000001714173100,terminal,0.977765,35,0.4729622949075109,"terminal: возможный конечный получатель в наблюдаемом графе; in/out 638,905/0 KZT."
100000008729597100,terminal,0.822937,1,0.2942773534334766,"terminal: возможный конечный получатель в наблюдаемом графе; in/out 83,090/0 KZT."
100000002255058100,terminal,0.964914,3,0.35737798806629617,"terminal: возможный конечный получатель в наблюдаемом графе; in/out 491,500/0 KZT."
100000006111442100,terminal,0.799377,42,0.2838059119103578,"terminal: возможный конечный получатель в наблюдаемом графе; in/out 64,000/0 KZT."
100000008686247100,peripheral,0.35,21,0.26213237811073875,"peripheral: недостаточно наблюдаемых связей; in/out 22,000/5,000 KZT."
100000001893287100,peripheral,0.35,2,0.251388951093513,"peripheral: недостаточно наблюдаемых связей; in/out 18,000/152,700 KZT."
100000005172860100,terminal,0.629556,0,0.2083299372956706,"terminal: возможный конечный получатель в наблюдаемом графе; in/out 15,209/0 KZT."
100000001788284100,peripheral,0.35,13,0.42362101022352067,"peripheral: недостаточно наблюдаемых связей; in/out 8,000/296,700 KZT."
100000008755580100,terminal,0.634757,22,0.21064181399557994,"terminal: возможный конечный получатель в наблюдаемом графе; in/out 16,000/0 KZT."
100000003896956100,peripheral,0.35,16,0.3558503661217992,"peripheral: недостаточно наблюдаемых связей; in/out 10,000/27,000 KZT."
100000002475601100,terminal,0.915956,1,0.33561914853773767,"terminal: возможный конечный получатель в наблюдаемом графе; in/out 232,301/0 KZT."
100000008619857100,peripheral,0.35,0,0.40154330747173916,"peripheral: недостаточно наблюдаемых связей; in/out 29,000/13,000 KZT."
100000001373265100,peripheral,0.35,1,0.37933299697628325,"peripheral: недостаточно наблюдаемых связей; in/out 142,482/5,000 KZT."
100000004185681100,terminal,0.594062,3,0.1925547786374657,"terminal: возможный конечный получатель в наблюдаемом графе; in/out 10,000/0 KZT."
100000003031633100,terminal,0.954816,5,0.4268210736373709,"terminal: возможный конечный получатель в наблюдаемом графе; in/out 414,000/0 KZT."
100000002632742100,terminal,0.91718,42,0.5824364562855708,"terminal: возможный конечный получатель в наблюдаемом графе; in/out 235,500/0 KZT."
100000005847078100,terminal,0.635981,22,0.2111857849837939,"terminal: возможный конечный получатель в наблюдаемом графе; in/out 16,300/0 KZT."
100000002807334100,terminal,0.786627,10,0.38801215891476387,"terminal: возможный конечный получатель в наблюдаемом графе; in/out 54,715/0 KZT."
100000008748795100,terminal,0.761945,0,0.3411003120779873,"terminal: возможный конечный получатель в наблюдаемом графе; in/out 47,057/0 KZT."
100000003899899100,peripheral,0.35,16,0.6062103527196154,"peripheral: недостаточно наблюдаемых связей; in/out 218,500/10,000 KZT."
100000002308091100,terminal,0.896374,24,0.3269156127263143,"terminal: возможный конечный получатель в наблюдаемом графе; in/out 186,720/0 KZT."
100000008680912100,peripheral,0.35,0,0.29948505263476416,"peripheral: недостаточно наблюдаемых связей; in/out 45,112/5,991 KZT."
100000008742053100,distributor,0.746931,24,0.5222017005410449,"distributor: веер на 12 получателей; in/out 10,000/2,789,000 KZT."
100000008473765100,terminal,0.714619,1,0.24613592097654094,"terminal: возможный конечный получатель в наблюдаемом графе; in/out 30,000/0 KZT."
100000007472293100,peripheral,0.35,60,0.4621462831886087,"peripheral: недостаточно наблюдаемых связей; in/out 5,000/345,900 KZT."
100000008753061100,terminal,0.707276,22,0.24287209504725718,"terminal: возможный конечный получатель в наблюдаемом графе; in/out 28,400/0 KZT."
100000008501413100,transit,0.95,53,0.31178605534880854,"transit: наблюдаемый pass-through 1.02; in/out 5,000/5,100 KZT."
100000002748581100,terminal,0.748073,40,0.2610044613210559,"terminal: возможный конечный получатель в наблюдаемом графе; in/out 41,180/0 KZT."
100000001384826100,peripheral,0.35,10,0.5216625440713512,"peripheral: недостаточно наблюдаемых связей; in/out 364,260/10,000 KZT."
100000004099450100,terminal,0.720433,0,0.24871978317055726,"terminal: возможный конечный получатель в наблюдаемом графе; in/out 31,000/0 KZT."
100000002926970100,terminal,0.824977,18,0.2951839717471665,"terminal: возможный конечный получатель в наблюдаемом графе; in/out 85,000/0 KZT."
100000002753146100,terminal,0.984089,24,0.4398310464388214,"terminal: возможный конечный получатель в наблюдаемом графе; in/out 803,540/0 KZT."
100000003943247100,terminal,0.743994,0,0.3331220709175159,"terminal: возможный конечный получатель в наблюдаемом графе; in/out 40,000/0 KZT."
100000002872399100,terminal,0.989393,2,0.36825740783057537,"terminal: возможный конечный получатель в наблюдаемом графе; in/out 1,090,000/0 KZT."
100000008417359100,peripheral,0.35,28,0.3445208927982167,"peripheral: недостаточно наблюдаемых связей; in/out 40,810/110,760 KZT."
100000002614095100,terminal,0.563463,22,0.17895550393211665,"terminal: возможный конечный получатель в наблюдаемом графе; in/out 5,300/0 KZT."
100000004717647100,peripheral,0.35,51,0.5699602924183254,"peripheral: недостаточно наблюдаемых связей; in/out 300,000/2,240,000 KZT."
100000008537380100,terminal,0.578762,22,0.18575514128479118,"terminal: возможный конечный получатель в наблюдаемом графе; in/out 8,000/0 KZT."
100000001534244100,peripheral,0.35,5,0.6223028277876117,"peripheral: недостаточно наблюдаемых связей; in/out 366,000/45,000 KZT."
100000008767950100,terminal,0.642407,22,0.2140416326719172,"terminal: возможный конечный получатель в наблюдаемом графе; in/out 17,350/0 KZT."
100000004613582100,peripheral,0.35,2,0.21013781782062088,"peripheral: недостаточно наблюдаемых связей; in/out 5,000/9,500 KZT."
100000008121806100,peripheral,0.35,1,0.4740644519118095,"peripheral: недостаточно наблюдаемых связей; in/out 67,000/248,509 KZT."
100000002369443100,terminal,0.77296,22,0.27206520474807316,"terminal: возможный конечный получатель в наблюдаемом графе; in/out 50,000/0 KZT."
100000008655779100,peripheral,0.35,15,0.37853928138270954,"peripheral: недостаточно наблюдаемых связей; in/out 47,000/24,704 KZT."
100000008561016100,transit,0.930556,5,0.4422481197639376,"transit: наблюдаемый pass-through 1.03; in/out 180,000/185,000 KZT."
100000002727288100,terminal,0.634757,4,0.3205144254605481,"terminal: возможный конечный получатель в наблюдаемом графе; in/out 16,000/0 KZT."
100000001270349100,terminal,0.904635,48,0.3305874168967585,"terminal: возможный конечный получатель в наблюдаемом графе; in/out 200,000/0 KZT."
100000004722765100,peripheral,0.35,57,0.5324996857565154,"peripheral: недостаточно наблюдаемых связей; in/out 230,000/2,284,500 KZT."
100000001677389100,peripheral,0.35,28,0.2594327249907892,"peripheral: недостаточно наблюдаемых связей; in/out 11,000/5,400 KZT."
100000005857058100,consolidator,0.5025,0,0.5635561299029779,"consolidator: получает от 3 плательщиков; in/out 80,222/0 KZT."
100000008760098100,peripheral,0.35,35,0.3288945496687338,"peripheral: недостаточно наблюдаемых связей; in/out 7,000/390,000 KZT."
100000002838519100,terminal,0.760313,40,0.2664441712031955,"terminal: возможный конечный получатель в наблюдаемом графе; in/out 46,900/0 KZT."
100000002597623100,terminal,0.636491,0,0.28534328578605617,"terminal: возможный конечный получатель в наблюдаемом графе; in/out 16,418/0 KZT."
100000003635660100,terminal,0.651995,0,0.2922335849700997,"terminal: возможный конечный получатель в наблюдаемом графе; in/out 18,985/0 KZT."
100000008676812100,terminal,0.915141,43,0.3352565012122617,"terminal: возможный конечный получатель в наблюдаемом графе; in/out 230,800/0 KZT."
100000003213473100,distributor,0.716837,0,0.5935180077259581,"distributor: веер на 11 получателей; in/out 57,500/240,000 KZT."
100000003071649100,terminal,0.897801,5,0.3275502455458973,"terminal: возможный конечный получатель в наблюдаемом графе; in/out 189,500/0 KZT."
100000002433697100,transit,0.615385,10,0.48530714969238475,"transit: наблюдаемый pass-through 0.85; in/out 130,000/110,000 KZT."
100000008612257100,terminal,0.58529,28,0.18865631988859896,"terminal: возможный конечный получатель в наблюдаемом графе; in/out 9,500/0 KZT."
100000002736033100,peripheral,0.35,28,0.3149630967042978,"peripheral: недостаточно наблюдаемых связей; in/out 34,530/11,000 KZT."
100000008687990100,terminal,0.645467,22,0.2154015601424521,"terminal: возможный конечный получатель в наблюдаемом графе; in/out 17,600/0 KZT."
100000008776310100,terminal,0.653626,22,0.21902803339721186,"terminal: возможный конечный получатель в наблюдаемом графе; in/out 19,200/0 KZT."
100000007267915100,peripheral,0.35,28,0.3969918522721168,"peripheral: недостаточно наблюдаемых связей; in/out 21,000/10,000 KZT."
100000004217419100,peripheral,0.35,1,0.5829555929734684,"peripheral: недостаточно наблюдаемых связей; in/out 118,200/7,700 KZT."
100000002773323100,peripheral,0.35,42,0.6512636320133276,"peripheral: недостаточно наблюдаемых связей; in/out 285,000/1,171,644 KZT."
100000002528544100,terminal,0.899841,1,0.32845686385958717,"terminal: возможный конечный получатель в наблюдаемом графе; in/out 192,912/0 KZT."
100000003760160100,terminal,0.849456,10,0.4159360029764139,"terminal: возможный конечный получатель в наблюдаемом графе; in/out 104,470/0 KZT."
100000000640800100,peripheral,0.35,1,0.5299855071366903,"peripheral: недостаточно наблюдаемых связей; in/out 80,000/518,135 KZT."
100000008238112100,terminal,0.898209,10,0.43760418067360335,"terminal: возможный конечный получатель в наблюдаемом графе; in/out 190,000/0 KZT."
100000008751349100,terminal,0.606097,14,0.19790382668823633,"terminal: возможный конечный получатель в наблюдаемом графе; in/out 11,630/0 KZT."
100000002963189100,peripheral,0.35,40,0.5979348014886547,"peripheral: недостаточно наблюдаемых связей; in/out 490,000/5,219,000 KZT."
100000008548853100,terminal,0.618438,22,0.20338886748606044,"terminal: возможный конечный получатель в наблюдаемом графе; in/out 14,000/0 KZT."
100000003164661100,terminal,0.975317,27,0.36200174146611486,"terminal: возможный конечный получатель в наблюдаемом графе; in/out 596,200/0 KZT."
100000000791285100,peripheral,0.35,14,0.5454287034552816,"peripheral: недостаточно наблюдаемых связей; in/out 1,120,000/650,000 KZT."
100000003192309100,peripheral,0.35,22,0.24826111791128272,"peripheral: недостаточно наблюдаемых связей; in/out 17,200/213,000 KZT."
100000002891765100,terminal,0.789279,40,0.27931815125759263,"terminal: возможный конечный получатель в наблюдаемом графе; in/out 55,576/0 KZT."
100000001740277100,peripheral,0.35,2,0.22178786315153656,"peripheral: недостаточно наблюдаемых связей; in/out 8,700/5,000 KZT."
100000002232266100,terminal,0.755315,1,0.2642229563346552,"terminal: возможный конечный получатель в наблюдаемом графе; in/out 45,000/0 KZT."
100000006701983100,terminal,0.703808,22,0.24133084391398427,"terminal: возможный конечный получатель в наблюдаемом графе; in/out 27,000/0 KZT."
100000002871199100,terminal,0.677085,40,0.22945414400464612,"terminal: возможный конечный получатель в наблюдаемом графе; in/out 23,186/0 KZT."
100000002757791100,terminal,0.811412,48,0.28915495996112844,"terminal: возможный конечный получатель в наблюдаемом графе; in/out 73,050/0 KZT."
100000000572276100,peripheral,0.35,22,0.23647507983331353,"peripheral: недостаточно наблюдаемых связей; in/out 13,075/34,547 KZT."
100000001853812100,terminal,0.807332,1,0.2873417233337486,"terminal: возможный конечный получатель в наблюдаемом графе; in/out 70,000/0 KZT."
100000004726132100,peripheral,0.35,0,0.41024868147311017,"peripheral: недостаточно наблюдаемых связей; in/out 349,000/24,000 KZT."
100000001785161100,terminal,0.714619,33,0.3825366462711919,"terminal: возможный конечный получатель в наблюдаемом графе; in/out 30,000/0 KZT."
100000002612809100,peripheral,0.35,26,0.3529082552704891,"peripheral: недостаточно наблюдаемых связей; in/out 30,000/114,000 KZT."
100000008769097100,terminal,0.721249,22,0.24908243049603324,"terminal: возможный конечный получатель в наблюдаемом графе; in/out 31,100/0 KZT."
100000004488265100,terminal,0.73971,1,0.25728732623492717,"terminal: возможный конечный получатель в наблюдаемом графе; in/out 38,740/0 KZT."
100000002509598100,terminal,0.937579,24,0.41916014888669084,"terminal: возможный конечный получатель в наблюдаемом графе; in/out 305,550/0 KZT."
100000008706846100,terminal,0.620274,22,0.20420482396838138,"terminal: возможный конечный получатель в наблюдаемом графе; in/out 14,200/0 KZT."
100000001280798100,terminal,0.682389,18,0.23181135162023994,"terminal: возможный конечный получатель в наблюдаемом графе; in/out 23,785/0 KZT."
100000006664478100,transit,0.772727,48,0.3626532590720154,"transit: наблюдаемый pass-through 1.09; in/out 55,000/60,000 KZT."
100000003781406100,terminal,0.755315,8,0.33815380255849503,"terminal: возможный конечный получатель в наблюдаемом графе; in/out 45,000/0 KZT."
100000008708595100,terminal,0.641591,22,0.21367898534644122,"terminal: возможный конечный получатель в наблюдаемом графе; in/out 17,200/0 KZT."
100000004611571100,terminal,0.674841,0,0.302387710083427,"terminal: возможный конечный получатель в наблюдаемом графе; in/out 22,550/0 KZT."
100000008576243100,terminal,0.822733,0,0.5404600283617267,"terminal: возможный конечный получатель в наблюдаемом графе; in/out 82,920/0 KZT."
100000008662216100,terminal,0.700442,22,0.2398349236963959,"terminal: возможный конечный получатель в наблюдаемом графе; in/out 26,200/0 KZT."
100000002681544100,terminal,0.88699,2,0.45914589377799153,"terminal: возможный конечный получатель в наблюдаемом графе; in/out 166,072/0 KZT."
100000007864477100,peripheral,0.35,0,0.6582156578737536,"peripheral: недостаточно наблюдаемых связей; in/out 76,000/203,500 KZT."
100000004746397100,peripheral,0.35,10,0.47816999410879846,"peripheral: недостаточно наблюдаемых связей; in/out 219,520/7,500 KZT."
100000003814002100,terminal,0.714619,10,0.3560085324415091,"terminal: возможный конечный получатель в наблюдаемом графе; in/out 30,000/0 KZT."
100000003962994100,terminal,0.594062,19,0.1925547786374657,"terminal: возможный конечный получатель в наблюдаемом графе; in/out 10,000/0 KZT."
100000003366471100,peripheral,0.35,1,0.619220325521066,"peripheral: недостаточно наблюдаемых связей; in/out 329,789/20,000 KZT."
100000003561031100,peripheral,0.35,1,0.2644644566317683,"peripheral: недостаточно наблюдаемых связей; in/out 13,300/5,000 KZT."
100000001690439100,terminal,0.620274,10,0.20420482396838138,"terminal: возможный конечный получатель в наблюдаемом графе; in/out 14,200/0 KZT."
100000002954780100,terminal,0.866999,5,0.3138603090091793,"terminal: возможный конечный получатель в наблюдаемом графе; in/out 133,400/0 KZT."
100000008720668100,terminal,0.634757,22,0.21064181399557994,"terminal: возможный конечный получатель в наблюдаемом графе; in/out 16,000/0 KZT."
100000002459164100,terminal,0.660664,0,0.2221558665794421,"terminal: возможный конечный получатель в наблюдаемом графе; in/out 20,000/0 KZT."
100000005082652100,terminal,0.714619,2,0.24613592097654094,"terminal: возможный конечный получатель в наблюдаемом графе; in/out 30,000/0 KZT."
100000005041905100,peripheral,0.35,22,0.21013781782062088,"peripheral: недостаточно наблюдаемых связей; in/out 5,000/1,080,351 KZT."
100000008653041100,terminal,0.706052,22,0.24232812405904322,"terminal: возможный конечный получатель в наблюдаемом графе; in/out 28,000/0 KZT."
100000008722417100,peripheral,0.35,10,0.6541583352994527,"peripheral: недостаточно наблюдаемых связей; in/out 331,900/720,000 KZT."
100000008625905100,peripheral,0.35,45,0.6149450150557877,"peripheral: недостаточно наблюдаемых связей; in/out 197,800/635,000 KZT."
100000007487729100,terminal,0.69065,0,0.23548315579068418,"terminal: возможный конечный получатель в наблюдаемом графе; in/out 25,000/0 KZT."
100000000838385100,peripheral,0.35,15,0.46580129407536597,"peripheral: недостаточно наблюдаемых связей; in/out 436,900/177,500 KZT."
100000004750321100,terminal,0.77704,18,0.5201517781350722,"terminal: возможный конечный получатель в наблюдаемом графе; in/out 50,185/0 KZT."
100000008664774100,terminal,0.635981,22,0.2111857849837939,"terminal: возможный конечный получатель в наблюдаемом графе; in/out 16,300/0 KZT."
100000006274203100,peripheral,0.35,43,0.8058545009858236,"peripheral: недостаточно наблюдаемых связей; in/out 3,417,512/72,000 KZT."
100000002185328100,peripheral,0.35,32,0.41548720211875506,"peripheral: недостаточно наблюдаемых связей; in/out 15,000/55,000 KZT."
100000008254576100,peripheral,0.35,38,0.2480546651539805,"peripheral: недостаточно наблюдаемых связей; in/out 8,000/60,000 KZT."
100000001689968100,consolidator,0.5025,10,0.6183158760498499,"consolidator: получает от 3 плательщиков; in/out 344,334/0 KZT."
100000002236528100,terminal,0.802743,2,0.28530183212794624,"terminal: возможный конечный получатель в наблюдаемом графе; in/out 66,000/0 KZT."
100000002670960100,terminal,0.963486,24,0.430674201470553,"terminal: возможный конечный получатель в наблюдаемом графе; in/out 480,310/0 KZT."
100000003557488100,peripheral,0.35,36,0.5170957380818305,"peripheral: недостаточно наблюдаемых связей; in/out 664,992/138,000 KZT."
100000003888197100,terminal,0.823141,10,0.40424062672981376,"terminal: возможный конечный получатель в наблюдаемом графе; in/out 83,167/0 KZT."
100000002799941100,terminal,0.975827,43,0.3622283960445374,"terminal: возможный конечный получатель в наблюдаемом графе; in/out 600,000/0 KZT."
100000001632325100,terminal,0.825793,22,0.29554661907264246,"terminal: возможный конечный получатель в наблюдаемом графе; in/out 85,600/0 KZT."
100000008620570100,peripheral,0.35,1,0.7399223495979455,"peripheral: недостаточно наблюдаемых связей; in/out 145,000/31,800 KZT."
100000005308954100,peripheral,0.35,16,0.34859863614219444,"peripheral: недостаточно наблюдаемых связей; in/out 69,020/30,000 KZT."
100000008468762100,terminal,0.88954,35,0.5342100128939438,"terminal: возможный конечный получатель в наблюдаемом графе; in/out 170,000/0 KZT."
100000002305007100,terminal,0.790095,22,0.2796807985830686,"terminal: возможный конечный получатель в наблюдаемом графе; in/out 56,000/0 KZT."
100000008314863100,terminal,0.607729,3,0.27255996756302814,"terminal: возможный конечный получатель в наблюдаемом графе; in/out 12,000/0 KZT."
100000005709551100,terminal,0.686469,12,0.34349719971258796,"terminal: возможный конечный получатель в наблюдаемом графе; in/out 24,560/0 KZT."
100000008297199100,terminal,0.749705,0,0.3356606021958477,"terminal: возможный конечный получатель в наблюдаемом графе; in/out 42,268/0 KZT."
100000003271151100,terminal,0.863939,1,0.31250038153864435,"terminal: возможный конечный получатель в наблюдаемом графе; in/out 127,294/0 KZT."
100000007005380100,terminal,0.584882,10,0.18847499622586097,"terminal: возможный конечный получатель в наблюдаемом графе; in/out 9,400/0 KZT."
100000004451012100,peripheral,0.35,43,0.4958723058834419,"peripheral: недостаточно наблюдаемых связей; in/out 91,245/65,740 KZT."
100000004779204100,peripheral,0.35,0,0.38436085135968795,"peripheral: недостаточно наблюдаемых связей; in/out 30,450/20,000 KZT."
100000002793881100,consolidator,0.615,5,0.6580604472705345,"consolidator: получает от 3 плательщиков; in/out 785,600/0 KZT."
100000008671129100,terminal,0.700442,22,0.2398349236963959,"terminal: возможный конечный получатель в наблюдаемом графе; in/out 26,200/0 KZT."
100000002095257100,terminal,0.581006,8,0.26068326765368993,"terminal: возможный конечный получатель в наблюдаемом графе; in/out 8,500/0 KZT."
100000002194329100,terminal,0.69422,0,0.3110005840634814,"terminal: возможный конечный получатель в наблюдаемом графе; in/out 25,170/0 KZT."
100000001884825100,consolidator,0.5025,5,0.6281980156690703,"consolidator: получает от 3 плательщиков; in/out 495,000/0 KZT."
100000008692291100,consolidator,0.5025,42,0.7892671294970954,"consolidator: получает от 3 плательщиков; in/out 160,000/156,000 KZT."
100000002697752100,terminal,0.898617,1,0.5382444643898641,"terminal: возможный конечный получатель в наблюдаемом графе; in/out 190,785/0 KZT."
100000007170072100,transit,0.9875,1,0.4573495912096637,"transit: наблюдаемый pass-through 0.99; in/out 100,000/99,500 KZT."
100000002373144100,peripheral,0.35,0,0.3282903859155399,"peripheral: недостаточно наблюдаемых связей; in/out 46,468/10,764 KZT."
100000000287768100,terminal,0.73257,0,0.2541141621370124,"terminal: возможный конечный получатель в наблюдаемом графе; in/out 35,168/0 KZT."
100000004508696100,peripheral,0.35,19,0.37273387906330707,"peripheral: недостаточно наблюдаемых связей; in/out 7,000/111,000 KZT."
100000008688109100,terminal,0.612625,22,0.20080500529204412,"terminal: возможный конечный получатель в наблюдаемом графе; in/out 12,800/0 KZT."
100000008724461100,peripheral,0.35,5,0.4095032342737724,"peripheral: недостаточно наблюдаемых связей; in/out 100,111/130,000 KZT."
100000001714413100,terminal,0.923504,10,0.44884624776335863,"terminal: возможный конечный получатель в наблюдаемом графе; in/out 250,172/0 KZT."
100000008672493100,terminal,0.618438,22,0.20338886748606044,"terminal: возможный конечный получатель в наблюдаемом графе; in/out 14,000/0 KZT."
100000003241965100,terminal,0.62568,18,0.20660736249965972,"terminal: возможный конечный получатель в наблюдаемом графе; in/out 15,000/0 KZT."
100000002241986100,peripheral,0.35,30,0.6942428620364003,"peripheral: недостаточно наблюдаемых связей; in/out 280,000/3,077,000 KZT."
100000004140994100,terminal,0.651587,22,0.2181214150835219,"terminal: возможный конечный получатель в наблюдаемом графе; in/out 18,650/0 KZT."
100000008489922100,coordinator,1.0,5,0.8985035915364152,"coordinator: достижим от нескольких seed и связывает сообщества; in/out 262,010/3,789,900 KZT."
100000001252290100,peripheral,0.35,10,0.48884296111577547,"peripheral: недостаточно наблюдаемых связей; in/out 141,005/5,000 KZT."
100000008667799100,terminal,0.727879,22,0.25202894001552556,"terminal: возможный конечный получатель в наблюдаемом графе; in/out 34,000/0 KZT."
100000008684951100,terminal,0.641591,22,0.21367898534644122,"terminal: возможный конечный получатель в наблюдаемом графе; in/out 17,200/0 KZT."
100000006126743100,terminal,0.787851,10,0.38855612990297783,"terminal: возможный конечный получатель в наблюдаемом графе; in/out 55,000/0 KZT."
100000003009900100,terminal,0.63384,18,0.21023383575441945,"terminal: возможный конечный получатель в наблюдаемом графе; in/out 15,998/0 KZT."
100000001745217100,terminal,0.77296,0,0.27206520474807316,"terminal: возможный конечный получатель в наблюдаемом графе; in/out 50,000/0 KZT."
100000002886166100,terminal,0.895864,34,0.3266889581478918,"terminal: возможный конечный получатель в наблюдаемом графе; in/out 185,000/0 KZT."
100000002956779100,terminal,0.95451,3,0.3527542346664775,"terminal: возможный конечный получатель в наблюдаемом графе; in/out 411,000/0 KZT."
100000008568512100,terminal,0.902697,10,0.43959874096372126,"terminal: возможный конечный получатель в наблюдаемом графе; in/out 199,640/0 KZT."
100000008583360100,peripheral,0.35,18,0.37135475581581184,"peripheral: недостаточно наблюдаемых связей; in/out 112,843/170,000 KZT."
100000001130176100,terminal,0.69065,0,0.3453557672556523,"terminal: возможный конечный получатель в наблюдаемом графе; in/out 25,000/0 KZT."
100000001145749100,terminal,0.594062,3,0.26648562486130556,"terminal: возможный конечный получатель в наблюдаемом графе; in/out 10,000/0 KZT."
100000005367445100,transit,1.0,42,0.21013781782062088,"transit: наблюдаемый pass-through 1.00; in/out 5,000/5,000 KZT."
100000003917461100,peripheral,0.35,8,0.42040101766922433,"peripheral: недостаточно наблюдаемых связей; in/out 10,000/140,000 KZT."
100000008200810100,terminal,0.962262,24,0.4301302304823391,"terminal: возможный конечный получатель в наблюдаемом графе; in/out 475,000/0 KZT."
100000002554175100,terminal,0.686673,18,0.23371525007898883,"terminal: возможный конечный получатель в наблюдаемом графе; in/out 24,621/0 KZT."
100000008751380100,terminal,0.943495,5,0.6161973466359015,"terminal: возможный конечный получатель в наблюдаемом графе; in/out 345,780/0 KZT."
100000004071444100,peripheral,0.35,0,0.4003665418538898,"peripheral: недостаточно наблюдаемых связей; in/out 247,350/100,000 KZT."
100000001141268100,peripheral,0.35,35,0.6652255540441525,"peripheral: недостаточно наблюдаемых связей; in/out 480,000/10,000 KZT."
100000002645993100,peripheral,0.35,0,0.7018730752577196,"peripheral: недостаточно наблюдаемых связей; in/out 49,650/86,980 KZT."
100000002546921100,terminal,0.660664,40,0.2221558665794421,"terminal: возможный конечный получатель в наблюдаемом графе; in/out 20,000/0 KZT."
100000008753897100,terminal,0.685347,22,0.23312594817509036,"terminal: возможный конечный получатель в наблюдаемом графе; in/out 24,050/0 KZT."
100000000870121100,terminal,0.607729,12,0.27255996756302814,"terminal: возможный конечный получатель в наблюдаемом графе; in/out 12,000/0 KZT."
100000003171006100,terminal,0.964098,5,0.6032886775004394,"terminal: возможный конечный получатель в наблюдаемом графе; in/out 485,000/0 KZT."
100000001690558100,terminal,0.981641,43,0.3648122582385537,"terminal: возможный конечный получатель в наблюдаемом графе; in/out 740,000/0 KZT."
100000008667795100,terminal,0.727879,22,0.25202894001552556,"terminal: возможный конечный получатель в наблюдаемом графе; in/out 34,000/0 KZT."
100000005674387100,terminal,0.700442,22,0.2398349236963959,"terminal: возможный конечный получатель в наблюдаемом графе; in/out 26,200/0 KZT."
100000003636627100,peripheral,0.35,2,0.3265022783827242,"peripheral: недостаточно наблюдаемых связей; in/out 77,000/10,000 KZT."
100000001275752100,terminal,0.880258,5,0.3197533280481638,"terminal: возможный конечный получатель в наблюдаемом графе; in/out 151,500/0 KZT."
100000002459240100,terminal,0.878015,10,0.428628659368073,"terminal: возможный конечный получатель в наблюдаемом графе; in/out 150,000/0 KZT."
100000002644285100,terminal,0.966954,24,0.432215452603826,"terminal: возможный конечный получатель в наблюдаемом графе; in/out 500,000/0 KZT."
100000005186109100,terminal,0.555814,4,0.28542829672074754,"terminal: возможный конечный получатель в наблюдаемом графе; in/out 5,000/0 KZT."
100000005317181100,peripheral,0.35,0,0.45303718862170067,"peripheral: недостаточно наблюдаемых связей; in/out 141,250/14,500 KZT."
100000003001661100,peripheral,0.35,15,0.5337408907864123,"peripheral: недостаточно наблюдаемых связей; in/out 110,000/439,500 KZT."
100000000288317100,peripheral,0.35,1,0.6372594319033875,"peripheral: недостаточно наблюдаемых связей; in/out 100,000/53,500 KZT."
100000004368189100,peripheral,0.35,24,0.5085695994028362,"peripheral: недостаточно наблюдаемых связей; in/out 384,600/28,200 KZT."
100000004493586100,terminal,0.576111,0,0.18457653747699426,"terminal: возможный конечный получатель в наблюдаемом графе; in/out 7,500/0 KZT."
100000004114962100,terminal,0.886276,10,0.5687011888331681,"terminal: возможный конечный получатель в наблюдаемом графе; in/out 165,000/0 KZT."
100000008088082100,peripheral,0.35,12,0.4298221088945606,"peripheral: недостаточно наблюдаемых связей; in/out 39,138/50,000 KZT."
100000008595687100,peripheral,0.35,16,0.3925455452774616,"peripheral: недостаточно наблюдаемых связей; in/out 64,395/10,400 KZT."
100000001248999100,terminal,0.678105,28,0.22990745316149108,"terminal: возможный конечный получатель в наблюдаемом графе; in/out 23,425/0 KZT."
100000002736316100,consolidator,0.5025,0,0.6110629295403305,"consolidator: получает от 3 плательщиков; in/out 266,921/0 KZT."
100000008596924100,terminal,0.84354,2,0.3034341984017449,"terminal: возможный конечный получатель в наблюдаемом графе; in/out 100,000/0 KZT."
100000008598972100,terminal,0.860879,1,0.3111404540681094,"terminal: возможный конечный получатель в наблюдаемом графе; in/out 120,000/0 KZT."
100000002769809100,terminal,0.857208,43,0.3095085411034675,"terminal: возможный конечный получатель в наблюдаемом графе; in/out 113,422/0 KZT."
100000003089553100,terminal,0.878015,42,0.428628659368073,"terminal: возможный конечный получатель в наблюдаемом графе; in/out 150,000/0 KZT."
100000002343825100,consolidator,0.5025,42,0.7727299089302982,"consolidator: получает от 3 плательщиков; in/out 350,000/89,800 KZT."
100000002015633100,terminal,0.836605,10,0.4102243076001673,"terminal: возможный конечный получатель в наблюдаемом графе; in/out 94,970/0 KZT."
100000002906470100,terminal,0.865367,43,0.3131350143582273,"terminal: возможный конечный получатель в наблюдаемом графе; in/out 130,000/0 KZT."
100000005628518100,terminal,0.817634,43,0.2919201458178827,"terminal: возможный конечный получатель в наблюдаемом графе; in/out 77,000/0 KZT."
100000002958139100,terminal,0.908613,5,0.40628616883229374,"terminal: возможный конечный получатель в наблюдаемом графе; in/out 209,500/0 KZT."
100000008754747100,terminal,0.757253,22,0.2650842437326606,"terminal: возможный конечный получатель в наблюдаемом графе; in/out 45,500/0 KZT."
100000008776720100,terminal,0.69881,22,0.23910962904544394,"terminal: возможный конечный получатель в наблюдаемом графе; in/out 26,150/0 KZT."
100000008576528100,terminal,0.706052,10,0.3522007355240114,"terminal: возможный конечный получатель в наблюдаемом графе; in/out 28,000/0 KZT."
100000004603109100,consolidator,0.39,21,0.6910038695750937,"consolidator: получает от 3 плательщиков; in/out 2,730,000/400,000 KZT."
100000008721637100,peripheral,0.35,2,0.3185901308446513,"peripheral: недостаточно наблюдаемых связей; in/out 24,041/127,000 KZT."
100000004491749100,terminal,0.77296,2,0.27206520474807316,"terminal: возможный конечный получатель в наблюдаемом графе; in/out 50,000/0 KZT."
100000005171642100,transit,0.952641,48,0.5344351886275112,"transit: наблюдаемый pass-through 0.98; in/out 696,800/683,600 KZT."
100000008682426100,terminal,0.660664,40,0.2221558665794421,"terminal: возможный конечный получатель в наблюдаемом графе; in/out 20,000/0 KZT."
100000006209210100,terminal,0.914325,2,0.3348938538867857,"terminal: возможный конечный получатель в наблюдаемом графе; in/out 229,111/0 KZT."
100000003888527100,terminal,0.714619,66,0.24613592097654094,"terminal: возможный конечный получатель в наблюдаемом графе; in/out 30,000/0 KZT."
100000008490127100,peripheral,0.35,10,0.7063008856084765,"peripheral: недостаточно наблюдаемых связей; in/out 431,755/923,000 KZT."
100000004336228100,terminal,0.779896,1,0.2751477070146189,"terminal: возможный конечный получатель в наблюдаемом графе; in/out 51,407/0 KZT."
100000006844004100,terminal,0.667906,0,0.2253743615930414,"terminal: возможный конечный получатель в наблюдаемом графе; in/out 20,600/0 KZT."
100000001688676100,terminal,0.867203,43,0.31395097084054824,"terminal: возможный конечный получатель в наблюдаемом графе; in/out 133,700/0 KZT."
100000008712036100,terminal,0.669334,22,0.22600899441262437,"terminal: возможный конечный получатель в наблюдаемом графе; in/out 21,000/0 KZT."
100000004697956100,transit,1.0,2,0.2271369112023072,"transit: наблюдаемый pass-through 1.00; in/out 10,000/10,000 KZT."
100000004921657100,peripheral,0.35,3,0.29481209106168643,"peripheral: недостаточно наблюдаемых связей; in/out 8,300/22,190 KZT."
100000000408846100,terminal,0.746544,14,0.26032449758578846,"terminal: возможный конечный получатель в наблюдаемом графе; in/out 40,500/0 KZT."
100000003406094100,peripheral,0.35,16,0.5692949038515366,"peripheral: недостаточно наблюдаемых связей; in/out 70,000/47,000 KZT."
100000008695566100,terminal,0.726655,22,0.25148496902731154,"terminal: возможный конечный получатель в наблюдаемом графе; in/out 33,700/0 KZT."
100000005974542100,terminal,0.835483,29,0.3737839022865095,"terminal: возможный конечный получатель в наблюдаемом графе; in/out 94,500/0 KZT."
100000001887715100,consolidator,0.39,35,0.6667951215319454,"consolidator: получает от 3 плательщиков; in/out 1,331,500/750,000 KZT."
100000002472632100,peripheral,0.35,13,0.5996664255702366,"peripheral: недостаточно наблюдаемых связей; in/out 502,400/20,000 KZT."
100000004629688100,peripheral,0.35,4,0.32001042928558904,"peripheral: недостаточно наблюдаемых связей; in/out 5,000/15,000 KZT."
100000002459832100,terminal,0.986129,1,0.5771383900471623,"terminal: возможный конечный получатель в наблюдаемом графе; in/out 880,606/0 KZT."
100000006100920100,terminal,0.84354,0,0.3034341984017449,"terminal: возможный конечный получатель в наблюдаемом графе; in/out 100,000/0 KZT."
100000001439416100,peripheral,0.35,0,0.3042419105758193,"peripheral: недостаточно наблюдаемых связей; in/out 10,000/165,000 KZT."
100000002121357100,peripheral,0.35,42,0.69013740512224,"peripheral: недостаточно наблюдаемых связей; in/out 255,300/113,000 KZT."
100000002970466100,peripheral,0.35,0,0.4576630303618807,"peripheral: недостаточно наблюдаемых связей; in/out 23,317/93,000 KZT."
100000002581346100,terminal,0.887398,10,0.43279910361104673,"terminal: возможный конечный получатель в наблюдаемом графе; in/out 166,400/0 KZT."
100000008738658100,terminal,0.710743,22,0.24441334618053007,"terminal: возможный конечный получатель в наблюдаемом графе; in/out 29,920/0 KZT."
100000005910114100,coordinator,1.0,0,0.9319199535798868,"coordinator: достижим от нескольких seed и связывает сообщества; in/out 326,144/1,469,993 KZT."
100000001046626100,terminal,0.878015,10,0.428628659368073,"terminal: возможный конечный получатель в наблюдаемом графе; in/out 150,000/0 KZT."
100000006492770100,peripheral,0.35,0,0.47710790485016846,"peripheral: недостаточно наблюдаемых связей; in/out 269,000/20,000 KZT."
100000001674850100,terminal,0.917996,42,0.5468573383699185,"terminal: возможный конечный получатель в наблюдаемом графе; in/out 237,000/0 KZT."
100000000860514100,peripheral,0.35,13,0.3031569060779428,"peripheral: недостаточно наблюдаемых связей; in/out 12,000/50,000 KZT."
100000003650146100,terminal,0.62058,16,0.27827166293927474,"terminal: возможный конечный получатель в наблюдаемом графе; in/out 14,400/0 KZT."
100000001227106100,terminal,0.885766,10,0.4320738089600948,"terminal: возможный конечный получатель в наблюдаемом графе; in/out 164,765/0 KZT."
100000003647799100,terminal,0.84354,10,0.4133068098667131,"terminal: возможный конечный получатель в наблюдаемом графе; in/out 100,000/0 KZT."
100000008293431100,peripheral,0.35,0,0.41512540535143266,"peripheral: недостаточно наблюдаемых связей; in/out 15,000/297,000 KZT."
100000002975287100,terminal,0.62568,28,0.20660736249965972,"terminal: возможный конечный получатель в наблюдаемом графе; in/out 15,000/0 KZT."
100000008507703100,terminal,0.707582,22,0.24300808779431066,"terminal: возможный конечный получатель в наблюдаемом графе; in/out 28,500/0 KZT."
100000001733687100,terminal,0.935539,5,0.41825353057300096,"terminal: возможный конечный получатель в наблюдаемом графе; in/out 300,000/0 KZT."
100000004552204100,peripheral,0.35,41,0.3400533339665718,"peripheral: недостаточно наблюдаемых связей; in/out 22,500/10,000 KZT."
100000008223756100,terminal,0.941047,1,0.5571021253146147,"terminal: возможный конечный получатель в наблюдаемом графе; in/out 331,682/0 KZT."
100000002956769100,consolidator,0.5025,24,0.6369922133118626,"consolidator: получает от 3 плательщиков; in/out 840,000/0 KZT."
100000008555233100,terminal,0.958182,35,0.3543861476311194,"terminal: возможный конечный получатель в наблюдаемом графе; in/out 440,600/0 KZT."
100000002346166100,terminal,0.568257,22,0.181086056969288,"terminal: возможный конечный получатель в наблюдаемом графе; in/out 6,000/0 KZT."
100000000878006100,terminal,0.761741,10,0.37695141548774663,"terminal: возможный конечный получатель в наблюдаемом графе; in/out 47,003/0 KZT."
100000004997515100,consolidator,0.67,5,0.8830336512430563,"consolidator: получает от 4 плательщиков; in/out 395,000/54,500 KZT."
100000007653003100,terminal,0.84354,28,0.3034341984017449,"terminal: возможный конечный получатель в наблюдаемом графе; in/out 100,000/0 KZT."
100000000661131100,terminal,0.632004,22,0.2094178792720985,"terminal: возможный конечный получатель в наблюдаемом графе; in/out 15,600/0 KZT."
100000003880331100,distributor,0.866333,1,0.5841321059321296,"distributor: веер на 16 получателей; in/out 100,000/3,904,908 KZT."
100000003204491100,peripheral,0.35,0,0.37819972408417085,"peripheral: недостаточно наблюдаемых связей; in/out 140,000/100,000 KZT."
100000008463968100,terminal,0.594062,22,0.1925547786374657,"terminal: возможный конечный получатель в наблюдаемом графе; in/out 10,000/0 KZT."
100000002712416100,terminal,0.858432,24,0.5783913629550312,"terminal: возможный конечный получатель в наблюдаемом графе; in/out 116,800/0 KZT."
100000008754997100,terminal,0.648629,22,0.2168068185286715,"terminal: возможный конечный получатель в наблюдаемом графе; in/out 18,000/0 KZT."
100000008011573100,terminal,0.62568,28,0.20660736249965972,"terminal: возможный конечный получатель в наблюдаемом графе; in/out 15,000/0 KZT."
100000003178549100,peripheral,0.35,28,0.6492810055796718,"peripheral: недостаточно наблюдаемых связей; in/out 250,000/89,080 KZT."
100000000534581100,peripheral,0.35,1,0.588162997380508,"peripheral: недостаточно наблюдаемых связей; in/out 55,960/40,000 KZT."
100000007138613100,consolidator,0.5025,0,0.7922675335903163,"consolidator: получает от 3 плательщиков; in/out 1,002,000/179,000 KZT."
100000002380341100,terminal,0.791523,0,0.2803154314026516,"terminal: возможный конечный получатель в наблюдаемом графе; in/out 57,566/0 KZT."
100000008309514100,terminal,0.641591,22,0.21367898534644122,"terminal: возможный конечный получатель в наблюдаемом графе; in/out 17,200/0 KZT."
100000003134474100,terminal,0.85782,10,0.4196531380625426,"terminal: возможный конечный получатель в наблюдаемом графе; in/out 116,000/0 KZT."
100000002373386100,terminal,0.683715,22,0.2324006535241384,"terminal: возможный конечный получатель в наблюдаемом графе; in/out 24,000/0 KZT."
100000008684767100,terminal,0.721249,22,0.24908243049603324,"terminal: возможный конечный получатель в наблюдаемом графе; in/out 31,100/0 KZT."
100000008332511100,terminal,0.84354,2,0.43537232397044373,"terminal: возможный конечный получатель в наблюдаемом графе; in/out 100,000/0 KZT."
100000005754335100,terminal,0.751949,66,0.2627270361170668,"terminal: возможный конечный получатель в наблюдаемом графе; in/out 44,037/0 KZT."
100000008547295100,terminal,0.62568,2,0.20660736249965972,"terminal: возможный конечный получатель в наблюдаемом графе; in/out 15,000/0 KZT."
100000001875167100,terminal,0.987863,10,0.47745005556027614,"terminal: возможный конечный получатель в наблюдаемом графе; in/out 1,000,000/0 KZT."
100000004670388100,peripheral,0.35,7,0.4755726193148314,"peripheral: недостаточно наблюдаемых связей; in/out 160,354/720,000 KZT."
100000004097972100,peripheral,0.35,0,0.538442722111654,"peripheral: недостаточно наблюдаемых связей; in/out 118,878/10,000 KZT."
100000000481716100,terminal,0.578762,18,0.18575514128479118,"terminal: возможный конечный получатель в наблюдаемом графе; in/out 8,000/0 KZT."
100000005089460100,terminal,0.610585,22,0.1998983869783542,"terminal: возможный конечный получатель в наблюдаемом графе; in/out 12,300/0 KZT."
100000003105929100,peripheral,0.35,10,0.5529888675369983,"peripheral: недостаточно наблюдаемых связей; in/out 429,567/156,354 KZT."
100000008379273100,transit,0.861111,18,0.6113427398952773,"transit: наблюдаемый pass-through 1.06; in/out 36,000/38,000 KZT."
100000005357705100,peripheral,0.35,1,0.49553199103436074,"peripheral: недостаточно наблюдаемых связей; in/out 52,595/387,080 KZT."
100000003111305100,consolidator,0.67,48,0.6616642550674519,"consolidator: получает от 4 плательщиков; in/out 509,338/0 KZT."
100000008503177100,terminal,0.727063,1,0.2516662926900496,"terminal: возможный конечный получатель в наблюдаемом графе; in/out 33,951/0 KZT."
100000000955529100,peripheral,0.35,3,0.27591297647882573,"peripheral: недостаточно наблюдаемых связей; in/out 27,000/63,500 KZT."
100000008695689100,terminal,0.700442,22,0.2398349236963959,"terminal: возможный конечный получатель в наблюдаемом графе; in/out 26,200/0 KZT."
100000004184158100,terminal,0.907797,0,0.33199267528297793,"terminal: возможный конечный получатель в наблюдаемом графе; in/out 203,805/0 KZT."
100000005475379100,peripheral,0.35,11,0.5046665035262343,"peripheral: недостаточно наблюдаемых связей; in/out 108,370/81,000 KZT."
100000003093299100,terminal,0.62568,0,0.28053820872349955,"terminal: возможный конечный получатель в наблюдаемом графе; in/out 15,000/0 KZT."
100000008767027100,terminal,0.555814,35,0.28542829672074754,"terminal: возможный конечный получатель в наблюдаемом графе; in/out 5,000/0 KZT."
100000004539443100,terminal,0.797235,3,0.4931855341994742,"terminal: возможный конечный получатель в наблюдаемом графе; in/out 61,990/0 KZT."
100000007863304100,terminal,0.69065,10,0.3453557672556523,"terminal: возможный конечный получатель в наблюдаемом графе; in/out 25,000/0 KZT."
100000004959752100,terminal,0.673923,3,0.3599870111871255,"terminal: возможный конечный получатель в наблюдаемом графе; in/out 22,200/0 KZT."
100000002214664100,peripheral,0.35,22,0.2197933028614187,"peripheral: недостаточно наблюдаемых связей; in/out 7,950/76,950 KZT."
100000008192264100,transit,0.614581,10,0.49392002367243915,"transit: наблюдаемый pass-through 1.15; in/out 162,810/187,910 KZT."
100000000942301100,terminal,0.791931,0,0.35442760128922934,"terminal: возможный конечный получатель в наблюдаемом графе; in/out 57,580/0 KZT."
100000002578653100,terminal,0.660664,57,0.2221558665794421,"terminal: возможный конечный получатель в наблюдаемом графе; in/out 20,000/0 KZT."
100000002511581100,terminal,0.645467,22,0.2154015601424521,"terminal: возможный конечный получатель в наблюдаемом графе; in/out 17,600/0 KZT."
100000005610717100,consolidator,0.5575,0,0.6999037045427927,"consolidator: получает от 4 плательщиков; in/out 484,500/265,200 KZT."
100000005704413100,coordinator,1.0,18,0.8231467078527211,"coordinator: достижим от нескольких seed и связывает сообщества; in/out 97,835/1,363,593 KZT."
100000000976943100,transit,0.5,11,0.3496412472029379,"transit: наблюдаемый pass-through 1.20; in/out 70,000/84,000 KZT."
100000008708061100,terminal,0.581822,22,0.18711506875532607,"terminal: возможный конечный получатель в наблюдаемом графе; in/out 8,650/0 KZT."
100000003986141100,terminal,0.562851,28,0.17868351843800967,"terminal: возможный конечный получатель в наблюдаемом графе; in/out 5,286/0 KZT."
100000005037490100,peripheral,0.35,12,0.3922253406618531,"peripheral: недостаточно наблюдаемых связей; in/out 15,000/30,000 KZT."
100000004257714100,terminal,0.781324,22,0.27578233983420186,"terminal: возможный конечный получатель в наблюдаемом графе; in/out 52,220/0 KZT."
100000000569479100,terminal,0.939109,0,0.3459092663981185,"terminal: возможный конечный получатель в наблюдаемом графе; in/out 320,000/0 KZT."
100000007303047100,terminal,0.781528,22,0.2758730016655709,"terminal: возможный конечный получатель в наблюдаемом графе; in/out 52,250/0 KZT."
100000008708743100,terminal,0.631494,22,0.20919122469367604,"terminal: возможный конечный получатель в наблюдаемом графе; in/out 15,550/0 KZT."
100000008745863100,terminal,0.675657,22,0.22881951118506316,"terminal: возможный конечный получатель в наблюдаемом графе; in/out 22,900/0 KZT."
100000005048668100,coordinator,1.0,1,0.7594810957894613,"coordinator: достижим от нескольких seed и связывает сообщества; in/out 16,668/159,400 KZT."
100000006522972100,terminal,0.585698,10,0.18883764355133695,"terminal: возможный конечный получатель в наблюдаемом графе; in/out 9,515/0 KZT."
100000008759857100,peripheral,0.35,35,0.37021325474605765,"peripheral: недостаточно наблюдаемых связей; in/out 5,000/994,000 KZT."
100000005342513100,peripheral,0.35,22,0.3706545902594242,"peripheral: недостаточно наблюдаемых связей; in/out 235,000/30,000 KZT."
100000004750897100,terminal,0.594062,4,0.30242739010243386,"terminal: возможный конечный получатель в наблюдаемом графе; in/out 10,000/0 KZT."
100000001140785100,terminal,0.910245,42,0.5793539540190249,"terminal: возможный конечный получатель в наблюдаемом графе; in/out 215,000/0 KZT."
100000002821425100,terminal,0.928706,24,0.4152163592221396,"terminal: возможный конечный получатель в наблюдаемом графе; in/out 275,000/0 KZT."
100000003221510100,peripheral,0.35,0,0.460246892555897,"peripheral: недостаточно наблюдаемых связей; in/out 24,000/120,000 KZT."
100000003031003100,consolidator,0.615,24,0.6348510184400721,"consolidator: получает от 3 плательщиков; in/out 280,090/0 KZT."
100000003060187100,terminal,0.834157,43,0.29926375415877127,"terminal: возможный конечный получатель в наблюдаемом графе; in/out 93,046/0 KZT."
100000008718811100,terminal,0.81233,22,0.28956293820228896,"terminal: возможный конечный получатель в наблюдаемом графе; in/out 73,300/0 KZT."
100000008043184100,terminal,0.777652,28,0.27415042686956,"terminal: возможный конечный получатель в наблюдаемом графе; in/out 50,564/0 KZT."
100000002530224100,terminal,0.8568,5,0.30932721744072955,"terminal: возможный конечный получатель в наблюдаемом графе; in/out 113,000/0 KZT."
100000008754608100,terminal,0.610585,22,0.1998983869783542,"terminal: возможный конечный получатель в наблюдаемом графе; in/out 12,300/0 KZT."
100000006989232100,terminal,0.673617,0,0.22791289287137323,"terminal: возможный конечный получатель в наблюдаемом графе; in/out 22,194/0 KZT."
100000006532229100,terminal,0.850068,42,0.41620798847052093,"terminal: возможный конечный получатель в наблюдаемом графе; in/out 105,000/0 KZT."
100000005661829100,transit,0.829849,43,0.34080375771208793,"transit: наблюдаемый pass-through 1.07; in/out 37,790/40,362 KZT."
100000004553349100,terminal,0.577335,10,0.18512050846520822,"terminal: возможный конечный получатель в наблюдаемом графе; in/out 7,755/0 KZT."
100000002945626100,consolidator,0.615,5,0.6541619885216677,"consolidator: получает от 3 плательщиков; in/out 584,000/0 KZT."
100000008775471100,terminal,0.974093,35,0.36145777047790084,"terminal: возможный конечный получатель в наблюдаемом графе; in/out 580,000/0 KZT."
100000000404740100,peripheral,0.6,13,0.23548315579068418,"peripheral: недостаточно наблюдаемых связей; in/out 25,000/0 KZT. исходящие за 4-м коленом не наблюдаются."
100000004268036100,peripheral,0.6,46,0.1796807985830686,"peripheral: недостаточно наблюдаемых связей; in/out 5,500/0 KZT. исходящие за 4-м коленом не наблюдаются."
100000001256409100,peripheral,0.6,1,0.18575514128479118,"peripheral: недостаточно наблюдаемых связей; in/out 8,000/0 KZT. исходящие за 4-м коленом не наблюдаются."
100000005360814100,peripheral,0.6,1,0.31739612043256993,"peripheral: недостаточно наблюдаемых связей; in/out 144,000/0 KZT. исходящие за 4-м коленом не наблюдаются."
100000002369454100,peripheral,0.6,1,0.23548315579068418,"peripheral: недостаточно наблюдаемых связей; in/out 25,000/0 KZT. исходящие за 4-м коленом не наблюдаются."
100000004272302100,peripheral,0.6,57,0.1925547786374657,"peripheral: недостаточно наблюдаемых связей; in/out 10,000/0 KZT. исходящие за 4-м коленом не наблюдаются."
100000008727982100,peripheral,0.6,48,0.24613592097654094,"peripheral: недостаточно наблюдаемых связей; in/out 30,000/0 KZT. исходящие за 4-м коленом не наблюдаются."
100000000600707100,peripheral,0.6,26,0.29677055379612394,"peripheral: недостаточно наблюдаемых связей; in/out 89,000/0 KZT. исходящие за 4-м коленом не наблюдаются."
100000004500781100,peripheral,0.6,40,0.28992558552776493,"peripheral: недостаточно наблюдаемых связей; in/out 74,000/0 KZT. исходящие за 4-м коленом не наблюдаются."
100000008703533100,peripheral,0.6,42,0.2901975710218718,"peripheral: недостаточно наблюдаемых связей; in/out 75,000/0 KZT. исходящие за 4-м коленом не наблюдаются."
100000004549591100,peripheral,0.6,19,0.2693453498070033,"peripheral: недостаточно наблюдаемых связей; in/out 49,000/0 KZT. исходящие за 4-м коленом не наблюдаются."
100000002700161100,peripheral,0.6,47,0.25751398081334964,"peripheral: недостаточно наблюдаемых связей; in/out 39,000/0 KZT. исходящие за 4-м коленом не наблюдаются."
100000003134550100,peripheral,0.6,42,0.3034341984017449,"peripheral: недостаточно наблюдаемых связей; in/out 100,000/0 KZT. исходящие за 4-м коленом не наблюдаются."
100000001957974100,peripheral,0.6,40,0.35828460637998616,"peripheral: недостаточно наблюдаемых связей; in/out 500,000/0 KZT. исходящие за 4-м коленом не наблюдаются."
100000001246806100,peripheral,0.6,5,0.3131350143582273,"peripheral: недостаточно наблюдаемых связей; in/out 130,000/0 KZT. исходящие за 4-м коленом не наблюдаются."
100000003622955100,peripheral,0.6,11,0.28053820872349955,"peripheral: недостаточно наблюдаемых связей; in/out 15,000/0 KZT. исходящие за 4-м коленом не наблюдаются."
100000003692843100,peripheral,0.6,54,0.3590552319466226,"peripheral: недостаточно наблюдаемых связей; in/out 510,000/0 KZT. исходящие за 4-м коленом не наблюдаются."
100000008629504100,peripheral,0.6,0,0.2221558665794421,"peripheral: недостаточно наблюдаемых связей; in/out 20,000/0 KZT. исходящие за 4-м коленом не наблюдаются."
100000005621418100,peripheral,0.6,14,0.24613592097654094,"peripheral: недостаточно наблюдаемых связей; in/out 30,000/0 KZT. исходящие за 4-м коленом не наблюдаются."
100000004167082100,peripheral,0.6,12,0.27609577898641885,"peripheral: недостаточно наблюдаемых связей; in/out 13,300/0 KZT. исходящие за 4-м коленом не наблюдаются."
100000004379306100,peripheral,0.6,1,0.20660736249965972,"peripheral: недостаточно наблюдаемых связей; in/out 15,000/0 KZT. исходящие за 4-м коленом не наблюдаются."
100000004856746100,peripheral,0.6,62,0.2221558665794421,"peripheral: недостаточно наблюдаемых связей; in/out 20,000/0 KZT. исходящие за 4-м коленом не наблюдаются."
100000004891562100,peripheral,0.6,46,0.3057914060173388,"peripheral: недостаточно наблюдаемых связей; in/out 103,400/0 KZT. исходящие за 4-м коленом не наблюдаются."
100000007042175100,peripheral,0.6,0,0.3555608741813418,"peripheral: недостаточно наблюдаемых связей; in/out 60,000/0 KZT. исходящие за 4-м коленом не наблюдаются."
100000002670463100,peripheral,0.6,46,0.24949040873719372,"peripheral: недостаточно наблюдаемых связей; in/out 31,500/0 KZT. исходящие за 4-м коленом не наблюдаются."
100000005567828100,peripheral,0.6,18,0.37351191679240253,"peripheral: недостаточно наблюдаемых связей; in/out 94,000/0 KZT. исходящие за 4-м коленом не наблюдаются."
100000004200745100,peripheral,0.6,8,0.38706586058206716,"peripheral: недостаточно наблюдаемых связей; in/out 130,000/0 KZT. исходящие за 4-м коленом не наблюдаются."
100000003989033100,peripheral,0.6,11,0.34994371789403866,"peripheral: недостаточно наблюдаемых связей; in/out 373,400/0 KZT. исходящие за 4-м коленом не наблюдаются."
100000005146665100,peripheral,0.6,44,0.1796807985830686,"peripheral: недостаточно наблюдаемых связей; in/out 5,500/0 KZT. исходящие за 4-м коленом не наблюдаются."
100000003096787100,peripheral,0.6,18,0.2852526239546872,"peripheral: недостаточно наблюдаемых связей; in/out 16,400/0 KZT. исходящие за 4-м коленом не наблюдаются."
100000003074515100,peripheral,0.6,5,0.38026622322939263,"peripheral: недостаточно наблюдаемых связей; in/out 105,000/0 KZT. исходящие за 4-м коленом не наблюдаются."
100000004377043100,peripheral,0.6,15,0.18022476957128256,"peripheral: недостаточно наблюдаемых связей; in/out 5,700/0 KZT. исходящие за 4-м коленом не наблюдаются."
100000008680061100,peripheral,0.6,10,0.2610951231524249,"peripheral: недостаточно наблюдаемых связей; in/out 41,300/0 KZT. исходящие за 4-м коленом не наблюдаются."
100000008471634100,peripheral,0.6,13,0.2221558665794421,"peripheral: недостаточно наблюдаемых связей; in/out 20,000/0 KZT. исходящие за 4-м коленом не наблюдаются."
100000002119762100,peripheral,0.6,10,0.4017927572828509,"peripheral: недостаточно наблюдаемых связей; in/out 77,000/0 KZT. исходящие за 4-м коленом не наблюдаются."
100000008628818100,peripheral,0.6,18,0.3398310464388214,"peripheral: недостаточно наблюдаемых связей; in/out 46,310/0 KZT. исходящие за 4-м коленом не наблюдаются."
100000007510567100,peripheral,0.6,18,0.3493958696482502,"peripheral: недостаточно наблюдаемых связей; in/out 52,000/0 KZT. исходящие за 4-м коленом не наблюдаются."
100000004780327100,peripheral,0.6,46,0.19862912133918828,"peripheral: недостаточно наблюдаемых связей; in/out 12,000/0 KZT. исходящие за 4-м коленом не наблюдаются."
100000008376785100,peripheral,0.6,10,0.4457637454968128,"peripheral: недостаточно наблюдаемых связей; in/out 234,250/0 KZT. исходящие за 4-м коленом не наблюдаются."
100000005745873100,peripheral,0.6,65,0.40828072912241165,"peripheral: недостаточно наблюдаемых связей; in/out 223,000/0 KZT. исходящие за 4-м коленом не наблюдаются."
100000002594214100,peripheral,0.6,30,0.47745005556027614,"peripheral: недостаточно наблюдаемых связей; in/out 1,000,000/0 KZT. исходящие за 4-м коленом не наблюдаются."
100000001299323100,peripheral,0.6,5,0.381490157952874,"peripheral: недостаточно наблюдаемых связей; in/out 109,000/0 KZT. исходящие за 4-м коленом не наблюдаются."
100000003838587100,peripheral,0.6,40,0.181086056969288,"peripheral: недостаточно наблюдаемых связей; in/out 6,000/0 KZT. исходящие за 4-м коленом не наблюдаются."
100000000673915100,peripheral,0.6,20,0.3347483329854801,"peripheral: недостаточно наблюдаемых связей; in/out 20,200/0 KZT. исходящие за 4-м коленом не наблюдаются."
100000003061115100,peripheral,0.6,0,0.33815380255849503,"peripheral: недостаточно наблюдаемых связей; in/out 45,000/0 KZT. исходящие за 4-м коленом не наблюдаются."
100000004326224100,peripheral,0.6,10,0.3915026394224701,"peripheral: недостаточно наблюдаемых связей; in/out 60,000/0 KZT. исходящие за 4-м коленом не наблюдаются."
100000004988240100,peripheral,0.6,0,0.2960867128032819,"peripheral: недостаточно наблюдаемых связей; in/out 20,000/0 KZT. исходящие за 4-м коленом не наблюдаются."
100000008525136100,peripheral,0.6,0,0.313850780854927,"peripheral: недостаточно наблюдаемых связей; in/out 14,100/0 KZT. исходящие за 4-м коленом не наблюдаются."
100000001991973100,peripheral,0.6,46,0.2254650234244104,"peripheral: недостаточно наблюдаемых связей; in/out 20,800/0 KZT. исходящие за 4-м коленом не наблюдаются."
100000004569637100,peripheral,0.6,1,0.1796807985830686,"peripheral: недостаточно наблюдаемых связей; in/out 5,500/0 KZT. исходящие за 4-м коленом не наблюдаются."
100000008675322100,peripheral,0.6,20,0.457277798080675,"peripheral: недостаточно наблюдаемых связей; in/out 340,000/0 KZT. исходящие за 4-м коленом не наблюдаются."
100000004235471100,peripheral,0.6,10,0.4352016421423251,"peripheral: недостаточно наблюдаемых связей; in/out 180,000/0 KZT. исходящие за 4-м коленом не наблюдаются."
100000003194831100,peripheral,0.6,11,0.18203800619866242,"peripheral: недостаточно наблюдаемых связей; in/out 6,265/0 KZT. исходящие за 4-м коленом не наблюдаются."
100000008588665100,peripheral,0.6,0,0.309414002014524,"peripheral: недостаточно наблюдаемых связей; in/out 25,000/0 KZT. исходящие за 4-м коленом не наблюдаются."
100000003230329100,peripheral,0.6,5,0.3820341289410879,"peripheral: недостаточно наблюдаемых связей; in/out 110,000/0 KZT. исходящие за 4-м коленом не наблюдаются."
100000002217806100,peripheral,0.6,19,0.27868351843800965,"peripheral: недостаточно наблюдаемых связей; in/out 55,000/0 KZT. исходящие за 4-м коленом не наблюдаются."
100000004041294100,peripheral,0.6,13,0.21576420746792807,"peripheral: недостаточно наблюдаемых связей; in/out 17,800/0 KZT. исходящие за 4-м коленом не наблюдаются."
100000008583971100,peripheral,0.6,0,0.48502596937626474,"peripheral: недостаточно наблюдаемых связей; in/out 51,000/0 KZT. исходящие за 4-м коленом не наблюдаются."
100000008251939100,peripheral,0.6,18,0.3368392060036446,"peripheral: недостаточно наблюдаемых связей; in/out 44,360/0 KZT. исходящие за 4-м коленом не наблюдаются."
100000004049912100,peripheral,0.6,43,0.1925547786374657,"peripheral: недостаточно наблюдаемых связей; in/out 10,000/0 KZT. исходящие за 4-м коленом не наблюдаются."
100000002227960100,peripheral,0.6,32,0.1925547786374657,"peripheral: недостаточно наблюдаемых связей; in/out 10,000/0 KZT. исходящие за 4-м коленом не наблюдаются."
100000008677368100,peripheral,0.6,2,0.202436918256686,"peripheral: недостаточно наблюдаемых связей; in/out 13,500/0 KZT. исходящие за 4-м коленом не наблюдаются."
100000008631800100,peripheral,0.6,46,0.2008956671234131,"peripheral: недостаточно наблюдаемых связей; in/out 12,850/0 KZT. исходящие за 4-м коленом не наблюдаются."
100000003220685100,peripheral,0.6,10,0.4794899467660784,"peripheral: недостаточно наблюдаемых связей; in/out 1,306,000/0 KZT. исходящие за 4-м коленом не наблюдаются."
100000003072205100,peripheral,0.6,5,0.5681118869292698,"peripheral: недостаточно наблюдаемых связей; in/out 163,000/0 KZT. исходящие за 4-м коленом не наблюдаются."
100000001202637100,peripheral,0.6,18,0.1925547786374657,"peripheral: недостаточно наблюдаемых связей; in/out 10,000/0 KZT. исходящие за 4-м коленом не наблюдаются."
100000002835874100,peripheral,0.6,5,0.3547902486147053,"peripheral: недостаточно наблюдаемых связей; in/out 58,700/0 KZT. исходящие за 4-м коленом не наблюдаются."
100000002707106100,peripheral,0.6,40,0.20660736249965972,"peripheral: недостаточно наблюдаемых связей; in/out 15,000/0 KZT. исходящие за 4-м коленом не наблюдаются."
100000008343415100,peripheral,0.6,1,0.37736504462558473,"peripheral: недостаточно наблюдаемых связей; in/out 100,000/0 KZT. исходящие за 4-м коленом не наблюдаются."
100000004981068100,peripheral,0.6,1,0.26648562486130556,"peripheral: недостаточно наблюдаемых связей; in/out 10,000/0 KZT. исходящие за 4-м коленом не наблюдаются."
100000004241142100,peripheral,0.6,0,0.31571499929466906,"peripheral: недостаточно наблюдаемых связей; in/out 27,102/0 KZT. исходящие за 4-м коленом не наблюдаются."
100000008190411100,peripheral,0.6,50,0.32936348217327716,"peripheral: недостаточно наблюдаемых связей; in/out 198,450/0 KZT. исходящие за 4-м коленом не наблюдаются."
100000008699083100,peripheral,0.6,24,0.33679775234553466,"peripheral: недостаточно наблюдаемых связей; in/out 238,500/0 KZT. исходящие за 4-м коленом не наблюдаются."
100000008136608100,peripheral,0.6,18,0.3238784413754531,"peripheral: недостаточно наблюдаемых связей; in/out 170,000/0 KZT. исходящие за 4-м коленом не наблюдаются."
100000008695157100,peripheral,0.6,1,0.35347952931742943,"peripheral: недостаточно наблюдаемых связей; in/out 425,546/0 KZT. исходящие за 4-м коленом не наблюдаются."
100000000369781100,peripheral,0.6,10,0.28542829672074754,"peripheral: недостаточно наблюдаемых связей; in/out 5,000/0 KZT. исходящие за 4-м коленом не наблюдаются."
100000003133045100,peripheral,0.6,50,0.2860271267788982,"peripheral: недостаточно наблюдаемых связей; in/out 68,000/0 KZT. исходящие за 4-м коленом не наблюдаются."
100000002474570100,peripheral,0.6,46,0.1826273081025609,"peripheral: недостаточно наблюдаемых связей; in/out 6,750/0 KZT. исходящие за 4-м коленом не наблюдаются."
100000002514975100,peripheral,0.6,14,0.21594553113066606,"peripheral: недостаточно наблюдаемых связей; in/out 17,920/0 KZT. исходящие за 4-м коленом не наблюдаются."
100000001089055100,peripheral,0.6,28,0.20134897628025808,"peripheral: недостаточно наблюдаемых связей; in/out 13,000/0 KZT. исходящие за 4-м коленом не наблюдаются."
100000000608031100,peripheral,0.6,28,0.24613592097654094,"peripheral: недостаточно наблюдаемых связей; in/out 30,000/0 KZT. исходящие за 4-м коленом не наблюдаются."
100000002659103100,peripheral,0.6,51,0.32242785207354907,"peripheral: недостаточно наблюдаемых связей; in/out 165,000/0 KZT. исходящие за 4-м коленом не наблюдаются."
100000000733940100,peripheral,0.6,36,0.3650842437326607,"peripheral: недостаточно наблюдаемых связей; in/out 752,000/0 KZT. исходящие за 4-м коленом не наблюдаются."
100000001537524100,peripheral,0.6,24,0.31875604790310486,"peripheral: недостаточно наблюдаемых связей; in/out 150,000/0 KZT. исходящие за 4-м коленом не наблюдаются."
100000002971593100,peripheral,0.6,10,0.3793992849347095,"peripheral: недостаточно наблюдаемых связей; in/out 49,050/0 KZT. исходящие за 4-м коленом не наблюдаются."
100000006918814100,peripheral,0.6,3,0.2221558665794421,"peripheral: недостаточно наблюдаемых связей; in/out 20,000/0 KZT. исходящие за 4-м коленом не наблюдаются."
100000007381662100,peripheral,0.6,0,0.2710640473454397,"peripheral: недостаточно наблюдаемых связей; in/out 11,000/0 KZT. исходящие за 4-м коленом не наблюдаются."
100000003199390100,peripheral,0.6,10,0.44948088058294156,"peripheral: недостаточно наблюдаемых связей; in/out 260,000/0 KZT. исходящие за 4-м коленом не наблюдаются."
100000007749747100,peripheral,0.6,42,0.27206520474807316,"peripheral: недостаточно наблюдаемых связей; in/out 50,000/0 KZT. исходящие за 4-м коленом не наблюдаются."
100000003447411100,peripheral,0.6,1,0.34513864083148205,"peripheral: недостаточно наблюдаемых связей; in/out 302,000/0 KZT. исходящие за 4-м коленом не наблюдаются."
100000000500040100,peripheral,0.6,0,0.2960867128032819,"peripheral: недостаточно наблюдаемых связей; in/out 20,000/0 KZT. исходящие за 4-м коленом не наблюдаются."
100000008551752100,peripheral,0.6,65,0.42659441905894835,"peripheral: недостаточно наблюдаемых связей; in/out 406,000/0 KZT. исходящие за 4-м коленом не наблюдаются."
100000002876914100,peripheral,0.6,46,0.19862912133918828,"peripheral: недостаточно наблюдаемых связей; in/out 12,000/0 KZT. исходящие за 4-м коленом не наблюдаются."
100000004571634100,peripheral,0.6,11,0.2221558665794421,"peripheral: недостаточно наблюдаемых связей; in/out 20,000/0 KZT. исходящие за 4-м коленом не наблюдаются."
100000004610802100,peripheral,0.6,56,0.33738705424943305,"peripheral: недостаточно наблюдаемых связей; in/out 241,000/0 KZT. исходящие за 4-м коленом не наблюдаются."
100000001311175100,peripheral,0.6,24,0.34432268434916113,"peripheral: недостаточно наблюдаемых связей; in/out 300,000/0 KZT. исходящие за 4-м коленом не наблюдаются."
100000008740295100,peripheral,0.6,5,0.41825353057300096,"peripheral: недостаточно наблюдаемых связей; in/out 300,000/0 KZT. исходящие за 4-м коленом не наблюдаются."
100000002596039100,peripheral,0.6,1,0.34196547673356725,"peripheral: недостаточно наблюдаемых связей; in/out 280,000/0 KZT. исходящие за 4-м коленом не наблюдаются."
100000002126791100,peripheral,0.6,5,0.4436388433563191,"peripheral: недостаточно наблюдаемых связей; in/out 1,313,000/0 KZT. исходящие за 4-м коленом не наблюдаются."
100000005783452100,peripheral,0.6,24,0.553384990228486,"peripheral: недостаточно наблюдаемых связей; in/out 286,500/0 KZT. исходящие за 4-м коленом не наблюдаются."
100000006693788100,peripheral,0.6,0,0.1965438992177014,"peripheral: недостаточно наблюдаемых связей; in/out 10,764/0 KZT. исходящие за 4-м коленом не наблюдаются."
100000002832753100,peripheral,0.6,4,0.20035169613519915,"peripheral: недостаточно наблюдаемых связей; in/out 12,500/0 KZT. исходящие за 4-м коленом не наблюдаются."
100000002981489100,peripheral,0.6,10,0.30242739010243386,"peripheral: недостаточно наблюдаемых связей; in/out 10,000/0 KZT. исходящие за 4-м коленом не наблюдаются."
100000003084870100,peripheral,0.6,24,0.1823099916927694,"peripheral: недостаточно наблюдаемых связей; in/out 6,500/0 KZT. исходящие за 4-м коленом не наблюдаются."
100000002791494100,peripheral,0.6,18,0.3695681271278513,"peripheral: недостаточно наблюдаемых связей; in/out 85,860/0 KZT. исходящие за 4-м коленом не наблюдаются."
100000003345947100,peripheral,0.6,1,0.29246411680609674,"peripheral: недостаточно наблюдаемых связей; in/out 79,500/0 KZT. исходящие за 4-м коленом не наблюдаются."
100000002733083100,peripheral,0.6,18,0.2821247907724569,"peripheral: недостаточно наблюдаемых связей; in/out 15,200/0 KZT. исходящие за 4-м коленом не наблюдаются."
100000003247600100,peripheral,0.6,3,0.28058741689675853,"peripheral: недостаточно наблюдаемых связей; in/out 58,000/0 KZT. исходящие за 4-м коленом не наблюдаются."
100000001378288100,peripheral,0.6,1,0.3406055492630323,"peripheral: недостаточно наблюдаемых связей; in/out 268,000/0 KZT. исходящие за 4-м коленом не наблюдаются."
100000002305477100,peripheral,0.6,32,0.2221558665794421,"peripheral: недостаточно наблюдаемых связей; in/out 20,000/0 KZT. исходящие за 4-м коленом не наблюдаются."
100000006638021100,peripheral,0.6,60,0.5614538932203263,"peripheral: недостаточно наблюдаемых связей; in/out 388,500/0 KZT. исходящие за 4-м коленом не наблюдаются."
100000008517061100,peripheral,0.6,40,0.3710679246030142,"peripheral: недостаточно наблюдаемых связей; in/out 1,844,000/0 KZT. исходящие за 4-м коленом не наблюдаются."
100000005910895100,peripheral,0.6,53,0.1782302092811647,"peripheral: недостаточно наблюдаемых связей; in/out 5,100/0 KZT. исходящие за 4-м коленом не наблюдаются."
100000002723439100,peripheral,0.6,53,0.2168068185286715,"peripheral: недостаточно наблюдаемых связей; in/out 18,000/0 KZT. исходящие за 4-м коленом не наблюдаются."
100000002320495100,peripheral,0.6,28,0.202527580088055,"peripheral: недостаточно наблюдаемых связей; in/out 13,526/0 KZT. исходящие за 4-м коленом не наблюдаются."
100000002229615100,peripheral,0.6,32,0.309414002014524,"peripheral: недостаточно наблюдаемых связей; in/out 25,000/0 KZT. исходящие за 4-м коленом не наблюдаются."
100000008327791100,peripheral,0.6,28,0.19713320112159988,"peripheral: недостаточно наблюдаемых связей; in/out 11,000/0 KZT. исходящие за 4-м коленом не наблюдаются."
100000002208836100,peripheral,0.6,10,0.407368459912044,"peripheral: недостаточно наблюдаемых связей; in/out 90,000/0 KZT. исходящие за 4-м коленом не наблюдаются."
100000001724740100,peripheral,0.6,5,0.3266889581478918,"peripheral: недостаточно наблюдаемых связей; in/out 185,000/0 KZT. исходящие за 4-м коленом не наблюдаются."
100000004386286100,peripheral,0.6,8,0.274282542359039,"peripheral: недостаточно наблюдаемых связей; in/out 12,500/0 KZT. исходящие за 4-м коленом не наблюдаются."
100000001714883100,peripheral,0.6,46,0.18294462451235236,"peripheral: недостаточно наблюдаемых связей; in/out 6,900/0 KZT. исходящие за 4-м коленом не наблюдаются."
100000008337304100,peripheral,0.6,1,0.30651670066829073,"peripheral: недостаточно наблюдаемых связей; in/out 105,465/0 KZT. исходящие за 4-м коленом не наблюдаются."
100000000655469100,peripheral,0.6,32,0.2960867128032819,"peripheral: недостаточно наблюдаемых связей; in/out 20,000/0 KZT. исходящие за 4-м коленом не наблюдаются."
100000008722541100,peripheral,0.6,10,0.4518380881985354,"peripheral: недостаточно наблюдаемых связей; in/out 280,000/0 KZT. исходящие за 4-м коленом не наблюдаются."
100000004222274100,peripheral,0.6,0,0.20864725370546208,"peripheral: недостаточно наблюдаемых связей; in/out 15,500/0 KZT. исходящие за 4-м коленом не наблюдаются."
100000006232642100,peripheral,0.6,66,0.3555647514389163,"peripheral: недостаточно наблюдаемых связей; in/out 456,000/0 KZT. исходящие за 4-м коленом не наблюдаются."
100000004066370100,peripheral,0.6,26,0.28471253022404774,"peripheral: недостаточно наблюдаемых связей; in/out 65,000/0 KZT. исходящие за 4-м коленом не наблюдаются."
100000005685783100,peripheral,0.6,22,0.23910962904544394,"peripheral: недостаточно наблюдаемых связей; in/out 26,150/0 KZT. исходящие за 4-м коленом не наблюдаются."
100000006171671100,peripheral,0.6,0,0.26648562486130556,"peripheral: недостаточно наблюдаемых связей; in/out 10,000/0 KZT. исходящие за 4-м коленом не наблюдаются."
100000003481025100,peripheral,0.6,0,0.18774970157490903,"peripheral: недостаточно наблюдаемых связей; in/out 9,000/0 KZT. исходящие за 4-м коленом не наблюдаются."
100000003646145100,peripheral,0.6,41,0.1755556852557794,"peripheral: недостаточно наблюдаемых связей; in/out 5,000/0 KZT. исходящие за 4-м коленом не наблюдаются."
100000002659265100,peripheral,0.6,5,0.31653483303456453,"peripheral: недостаточно наблюдаемых связей; in/out 141,000/0 KZT. исходящие за 4-м коленом не наблюдаются."
100000003289281100,peripheral,0.6,0,0.25919122469367606,"peripheral: недостаточно наблюдаемых связей; in/out 40,000/0 KZT. исходящие за 4-м коленом не наблюдаются."
100000004840086100,peripheral,0.6,0,0.3034341984017449,"peripheral: недостаточно наблюдаемых связей; in/out 100,000/0 KZT. исходящие за 4-м коленом не наблюдаются."
100000008554390100,peripheral,0.6,46,0.20338886748606044,"peripheral: недостаточно наблюдаемых связей; in/out 14,000/0 KZT. исходящие за 4-м коленом не наблюдаются."
100000004691350100,peripheral,0.6,7,0.20216493276257902,"peripheral: недостаточно наблюдаемых связей; in/out 13,300/0 KZT. исходящие за 4-м коленом не наблюдаются."
100000004652395100,consolidator,0.5025,0,0.5759768008005299,"consolidator: получает от 3 плательщиков; in/out 101,528/0 KZT. исходящие за 4-м коленом не наблюдаются."
100000004979264100,peripheral,0.6,42,0.2583752682113551,"peripheral: недостаточно наблюдаемых связей; in/out 39,800/0 KZT. исходящие за 4-м коленом не наблюдаются."
100000008074304100,peripheral,0.6,10,0.28955341004803675,"peripheral: недостаточно наблюдаемых связей; in/out 5,500/0 KZT. исходящие за 4-м коленом не наблюдаются."
100000002227989100,peripheral,0.6,32,0.2221558665794421,"peripheral: недостаточно наблюдаемых связей; in/out 20,000/0 KZT. исходящие за 4-м коленом не наблюдаются."
100000003207060100,peripheral,0.6,0,0.3504838116246781,"peripheral: недостаточно наблюдаемых связей; in/out 53,000/0 KZT. исходящие за 4-м коленом не наблюдаются."
100000004601193100,peripheral,0.6,11,0.2946400007589526,"peripheral: недостаточно наблюдаемых связей; in/out 84,000/0 KZT. исходящие за 4-м коленом не наблюдаются."
100000004991593100,peripheral,0.6,1,0.37409556779962333,"peripheral: недостаточно наблюдаемых связей; in/out 45,000/0 KZT. исходящие за 4-м коленом не наблюдаются."
100000003128638100,peripheral,0.6,5,0.34432268434916113,"peripheral: недостаточно наблюдаемых связей; in/out 300,000/0 KZT. исходящие за 4-м коленом не наблюдаются."
100000005878334100,peripheral,0.6,1,0.3653976828848776,"peripheral: недостаточно наблюдаемых связей; in/out 76,400/0 KZT. исходящие за 4-м коленом не наблюдаются."
100000002878483100,peripheral,0.6,46,0.181086056969288,"peripheral: недостаточно наблюдаемых связей; in/out 6,000/0 KZT. исходящие за 4-м коленом не наблюдаются."
100000000981693100,peripheral,0.6,0,0.2856152712801632,"peripheral: недостаточно наблюдаемых связей; in/out 16,500/0 KZT. исходящие за 4-м коленом не наблюдаются."
100000006416061100,peripheral,0.6,1,0.24613592097654094,"peripheral: недостаточно наблюдаемых связей; in/out 30,000/0 KZT. исходящие за 4-м коленом не наблюдаются."
100000008168850100,peripheral,0.6,10,0.43706020968538944,"peripheral: недостаточно наблюдаемых связей; in/out 187,910/0 KZT. исходящие за 4-м коленом не наблюдаются."
100000004747154100,peripheral,0.6,50,0.28589113403184463,"peripheral: недостаточно наблюдаемых связей; in/out 67,000/0 KZT. исходящие за 4-м коленом не наблюдаются."
100000008524903100,peripheral,0.6,0,0.28053820872349955,"peripheral: недостаточно наблюдаемых связей; in/out 15,000/0 KZT. исходящие за 4-м коленом не наблюдаются."
100000005049404100,peripheral,0.6,10,0.4114935732393332,"peripheral: недостаточно наблюдаемых связей; in/out 98,000/0 KZT. исходящие за 4-м коленом не наблюдаются."
100000002258492100,peripheral,0.6,49,0.18774970157490903,"peripheral: недостаточно наблюдаемых связей; in/out 9,000/0 KZT. исходящие за 4-м коленом не наблюдаются."
100000005497148100,peripheral,0.6,10,0.3422732649891066,"peripheral: недостаточно наблюдаемых связей; in/out 24,000/0 KZT. исходящие за 4-м коленом не наблюдаются."
100000004596284100,peripheral,0.6,16,0.24613592097654094,"peripheral: недостаточно наблюдаемых связей; in/out 30,000/0 KZT. исходящие за 4-м коленом не наблюдаются."
100000007960337100,peripheral,0.6,1,0.3642587590960875,"peripheral: недостаточно наблюдаемых связей; in/out 35,500/0 KZT. исходящие за 4-м коленом не наблюдаются."
100000003180305100,peripheral,0.6,0,0.4272687318975381,"peripheral: недостаточно наблюдаемых связей; in/out 144,000/0 KZT. исходящие за 4-м коленом не наблюдаются."
100000007653094100,peripheral,0.6,12,0.34257993956427873,"peripheral: недостаточно наблюдаемых связей; in/out 16,000/0 KZT. исходящие за 4-м коленом не наблюдаются."
100000008175078100,peripheral,0.6,20,0.4810311978993514,"peripheral: недостаточно наблюдаемых связей; in/out 1,846,711/0 KZT. исходящие за 4-м коленом не наблюдаются."
100000004263867100,peripheral,0.6,46,0.18774970157490903,"peripheral: недостаточно наблюдаемых связей; in/out 9,000/0 KZT. исходящие за 4-м коленом не наблюдаются."
100000002194320100,peripheral,0.6,45,0.3412855129982998,"peripheral: недостаточно наблюдаемых связей; in/out 275,000/0 KZT. исходящие за 4-м коленом не наблюдаются."
100000001222245100,peripheral,0.6,10,0.4630801552882906,"peripheral: недостаточно наблюдаемых связей; in/out 420,000/0 KZT. исходящие за 4-м коленом не наблюдаются."
100000008151098100,peripheral,0.6,14,0.24613592097654094,"peripheral: недостаточно наблюдаемых связей; in/out 30,000/0 KZT. исходящие за 4-м коленом не наблюдаются."
100000008735802100,peripheral,0.6,0,0.3691148179710063,"peripheral: недостаточно наблюдаемых связей; in/out 85,000/0 KZT. исходящие за 4-м коленом не наблюдаются."
100000004047887100,peripheral,0.6,30,0.3560085324415091,"peripheral: недостаточно наблюдаемых связей; in/out 30,000/0 KZT. исходящие за 4-м коленом не наблюдаются."
100000003146511100,peripheral,0.6,12,0.26648562486130556,"peripheral: недостаточно наблюдаемых связей; in/out 10,000/0 KZT. исходящие за 4-м коленом не наблюдаются."
100000007511780100,peripheral,0.6,0,0.32052395361480024,"peripheral: недостаточно наблюдаемых связей; in/out 155,000/0 KZT. исходящие за 4-м коленом не наблюдаются."
100000007867364100,peripheral,0.6,43,0.26154843230926983,"peripheral: недостаточно наблюдаемых связей; in/out 41,852/0 KZT. исходящие за 4-м коленом не наблюдаются."
100000006288612100,peripheral,0.6,8,0.2484024667607658,"peripheral: недостаточно наблюдаемых связей; in/out 30,805/0 KZT. исходящие за 4-м коленом не наблюдаются."
100000006735545100,peripheral,0.6,1,0.28542829672074754,"peripheral: недостаточно наблюдаемых связей; in/out 5,000/0 KZT. исходящие за 4-м коленом не наблюдаются."
100000004403641100,peripheral,0.6,24,0.32419575778524445,"peripheral: недостаточно наблюдаемых связей; in/out 171,500/0 KZT. исходящие за 4-м коленом не наблюдаются."
100000003370425100,peripheral,0.6,12,0.3540939921481409,"peripheral: недостаточно наблюдаемых связей; in/out 20,000/0 KZT. исходящие за 4-м коленом не наблюдаются."
100000004350094100,peripheral,0.6,43,0.2221558665794421,"peripheral: недостаточно наблюдаемых связей; in/out 20,000/0 KZT. исходящие за 4-м коленом не наблюдаются."
100000004911971100,peripheral,0.6,20,0.3634428026137666,"peripheral: недостаточно наблюдаемых связей; in/out 35,000/0 KZT. исходящие за 4-м коленом не наблюдаются."
100000001202787100,peripheral,0.6,0,0.45124878629463694,"peripheral: недостаточно наблюдаемых связей; in/out 14,850/0 KZT. исходящие за 4-м коленом не наблюдаются."
100000008469048100,peripheral,0.6,0,0.44993418973978655,"peripheral: недостаточно наблюдаемых связей; in/out 265,200/0 KZT. исходящие за 4-м коленом не наблюдаются."
100000002635746100,peripheral,0.6,46,0.17895550393211665,"peripheral: недостаточно наблюдаемых связей; in/out 5,300/0 KZT. исходящие за 4-м коленом не наблюдаются."
100000008321975100,peripheral,0.6,32,0.25451826312059833,"peripheral: недостаточно наблюдаемых связей; in/out 5,900/0 KZT. исходящие за 4-м коленом не наблюдаются."
100000003078839100,peripheral,0.6,1,0.20338886748606044,"peripheral: недостаточно наблюдаемых связей; in/out 14,000/0 KZT. исходящие за 4-м коленом не наблюдаются."
100000004006327100,peripheral,0.6,42,0.34432268434916113,"peripheral: недостаточно наблюдаемых связей; in/out 300,000/0 KZT. исходящие за 4-м коленом не наблюдаются."
100000007865484100,peripheral,0.6,65,0.4355699403644787,"peripheral: недостаточно наблюдаемых связей; in/out 584,600/0 KZT. исходящие за 4-м коленом не наблюдаются."
100000005367180100,peripheral,0.6,1,0.18493918480247024,"peripheral: недостаточно наблюдаемых связей; in/out 7,700/0 KZT. исходящие за 4-м коленом не наблюдаются."
100000001669260100,peripheral,0.6,1,0.35828460637998616,"peripheral: недостаточно наблюдаемых связей; in/out 500,000/0 KZT. исходящие за 4-м коленом не наблюдаются."
100000001297206100,peripheral,0.6,0,0.18276330084961437,"peripheral: недостаточно наблюдаемых связей; in/out 6,758/0 KZT. исходящие за 4-м коленом не наблюдаются."
100000002645046100,peripheral,0.6,46,0.19862912133918828,"peripheral: недостаточно наблюдаемых связей; in/out 12,000/0 KZT. исходящие за 4-м коленом не наблюдаются."
100000006308406100,peripheral,0.6,32,0.3263716417381003,"peripheral: недостаточно наблюдаемых связей; in/out 183,000/0 KZT. исходящие за 4-м коленом не наблюдаются."
100000002728246100,peripheral,0.6,10,0.30242739010243386,"peripheral: недостаточно наблюдаемых связей; in/out 10,000/0 KZT. исходящие за 4-м коленом не наблюдаются."
100000001590795100,peripheral,0.6,46,0.1781395474497957,"peripheral: недостаточно наблюдаемых связей; in/out 5,060/0 KZT. исходящие за 4-м коленом не наблюдаются."
100000006257675100,peripheral,0.6,32,0.2873417233337486,"peripheral: недостаточно наблюдаемых связей; in/out 70,000/0 KZT. исходящие за 4-м коленом не наблюдаются."
100000002130400100,peripheral,0.6,26,0.1925547786374657,"peripheral: недостаточно наблюдаемых связей; in/out 10,000/0 KZT. исходящие за 4-м коленом не наблюдаются."
100000000557536100,peripheral,0.6,20,0.42985259409155446,"peripheral: недостаточно наблюдаемых связей; in/out 153,000/0 KZT. исходящие за 4-м коленом не наблюдаются."
100000002689717100,peripheral,0.6,18,0.34200693039167723,"peripheral: недостаточно наблюдаемых связей; in/out 47,500/0 KZT. исходящие за 4-м коленом не наблюдаются."
100000005189258100,peripheral,0.6,10,0.27206520474807316,"peripheral: недостаточно наблюдаемых связей; in/out 50,000/0 KZT. исходящие за 4-м коленом не наблюдаются."
100000002748511100,peripheral,0.6,16,0.2221558665794421,"peripheral: недостаточно наблюдаемых связей; in/out 20,000/0 KZT. исходящие за 4-м коленом не наблюдаются."
100000002371892100,peripheral,0.6,54,0.2625457124543288,"peripheral: недостаточно наблюдаемых связей; in/out 43,830/0 KZT. исходящие за 4-м коленом не наблюдаются."
100000008130868100,peripheral,0.6,24,0.22863818752232518,"peripheral: недостаточно наблюдаемых связей; in/out 22,782/0 KZT. исходящие за 4-м коленом не наблюдаются."
100000007153161100,peripheral,0.6,0,0.33747383882322757,"peripheral: недостаточно наблюдаемых связей; in/out 44,997/0 KZT. исходящие за 4-м коленом не наблюдаются."
100000002994441100,peripheral,0.6,1,0.1755556852557794,"peripheral: недостаточно наблюдаемых связей; in/out 5,000/0 KZT. исходящие за 4-м коленом не наблюдаются."
100000001065481100,peripheral,0.6,12,0.21064181399557994,"peripheral: недостаточно наблюдаемых связей; in/out 16,000/0 KZT. исходящие за 4-м коленом не наблюдаются."
100000007731977100,peripheral,0.6,0,0.345996050971913,"peripheral: недостаточно наблюдаемых связей; in/out 50,000/0 KZT. исходящие за 4-м коленом не наблюдаются."
100000003252446100,peripheral,0.6,42,0.3074233189819807,"peripheral: недостаточно наблюдаемых связей; in/out 108,600/0 KZT. исходящие за 4-м коленом не наблюдаются."
100000002671326100,peripheral,0.6,42,0.3678947605050994,"peripheral: недостаточно наблюдаемых связей; in/out 1,050,000/0 KZT. исходящие за 4-м коленом не наблюдаются."
100000005087923100,peripheral,0.6,48,0.2221558665794421,"peripheral: недостаточно наблюдаемых связей; in/out 20,000/0 KZT. исходящие за 4-м коленом не наблюдаются."
100000008770483100,peripheral,0.6,60,0.24948653147961922,"peripheral: недостаточно наблюдаемых связей; in/out 5,000/0 KZT. исходящие за 4-м коленом не наблюдаются."
100000002748040100,peripheral,0.6,18,0.29073766475251134,"peripheral: недостаточно наблюдаемых связей; in/out 18,000/0 KZT. исходящие за 4-м коленом не наблюдаются."
100000004800648100,peripheral,0.6,8,0.3134523307680187,"peripheral: недостаточно наблюдаемых связей; in/out 131,000/0 KZT. исходящие за 4-м коленом не наблюдаются."
100000005025629100,peripheral,0.6,10,0.28846546807160883,"peripheral: недостаточно наблюдаемых связей; in/out 5,227/0 KZT. исходящие за 4-м коленом не наблюдаются."
100000000581682100,peripheral,0.6,15,0.1755556852557794,"peripheral: недостаточно наблюдаемых связей; in/out 5,000/0 KZT. исходящие за 4-м коленом не наблюдаются."
100000004976946100,peripheral,0.6,65,0.4118618714614869,"peripheral: недостаточно наблюдаемых связей; in/out 246,000/0 KZT. исходящие за 4-м коленом не наблюдаются."
100000000957746100,peripheral,0.6,28,0.2888281153970848,"peripheral: недостаточно наблюдаемых связей; in/out 5,300/0 KZT. исходящие за 4-м коленом не наблюдаются."
100000003001138100,peripheral,0.6,15,0.24613592097654094,"peripheral: недостаточно наблюдаемых связей; in/out 30,000/0 KZT. исходящие за 4-м коленом не наблюдаются."
100000001325618100,peripheral,0.6,46,0.188293672563123,"peripheral: недостаточно наблюдаемых связей; in/out 9,300/0 KZT. исходящие за 4-м коленом не наблюдаются."
100000003792647100,peripheral,0.6,10,0.29562775274975933,"peripheral: недостаточно наблюдаемых связей; in/out 8,000/0 KZT. исходящие за 4-м коленом не наблюдаются."
100000004107228100,peripheral,0.6,3,0.24948653147961922,"peripheral: недостаточно наблюдаемых связей; in/out 5,000/0 KZT. исходящие за 4-м коленом не наблюдаются."
100000003500764100,peripheral,0.6,28,0.3358816058775925,"peripheral: недостаточно наблюдаемых связей; in/out 21,000/0 KZT. исходящие за 4-м коленом не наблюдаются."
100000004261340100,peripheral,0.6,0,0.34264156321126016,"peripheral: недостаточно наблюдаемых связей; in/out 48,500/0 KZT. исходящие за 4-м коленом не наблюдаются."
100000008172721100,peripheral,0.6,1,0.3234704631342925,"peripheral: недостаточно наблюдаемых связей; in/out 168,335/0 KZT. исходящие за 4-м коленом не наблюдаются."
100000005079473100,peripheral,0.6,1,0.25783129722314113,"peripheral: недостаточно наблюдаемых связей; in/out 39,312/0 KZT. исходящие за 4-м коленом не наблюдаются."
100000004850609100,peripheral,0.6,0,0.1925547786374657,"peripheral: недостаточно наблюдаемых связей; in/out 10,000/0 KZT. исходящие за 4-м коленом не наблюдаются."
100000005042822100,peripheral,0.6,36,0.367577444095308,"peripheral: недостаточно наблюдаемых связей; in/out 1,000,000/0 KZT. исходящие за 4-м коленом не наблюдаются."
100000002794374100,peripheral,0.6,60,0.3085565918740931,"peripheral: недостаточно наблюдаемых связей; in/out 111,000/0 KZT. исходящие за 4-м коленом не наблюдаются."
100000002860934100,peripheral,0.6,15,0.34169349123946025,"peripheral: недостаточно наблюдаемых связей; in/out 279,500/0 KZT. исходящие за 4-м коленом не наблюдаются."
100000003097947100,peripheral,0.6,1,0.2763263108224159,"peripheral: недостаточно наблюдаемых связей; in/out 52,980/0 KZT. исходящие за 4-м коленом не наблюдаются."
100000004260869100,peripheral,0.6,16,0.1925547786374657,"peripheral: недостаточно наблюдаемых связей; in/out 10,000/0 KZT. исходящие за 4-м коленом не наблюдаются."
100000008762885100,peripheral,0.6,5,0.18362458824761982,"peripheral: недостаточно наблюдаемых связей; in/out 7,000/0 KZT. исходящие за 4-м коленом не наблюдаются."
100000002986245100,peripheral,0.6,46,0.18040609323402054,"peripheral: недостаточно наблюдаемых связей; in/out 5,750/0 KZT. исходящие за 4-м коленом не наблюдаются."
100000001471706100,peripheral,0.6,49,0.3501250415567767,"peripheral: недостаточно наблюдаемых связей; in/out 377,000/0 KZT. исходящие за 4-м коленом не наблюдаются."
100000002304943100,peripheral,0.6,32,0.20660736249965972,"peripheral: недостаточно наблюдаемых связей; in/out 15,000/0 KZT. исходящие за 4-м коленом не наблюдаются."
100000002695812100,peripheral,0.6,18,0.37446386602177695,"peripheral: недостаточно наблюдаемых связей; in/out 95,000/0 KZT. исходящие за 4-м коленом не наблюдаются."
100000008761220100,peripheral,0.6,5,0.26648562486130556,"peripheral: недостаточно наблюдаемых связей; in/out 10,000/0 KZT. исходящие за 4-м коленом не наблюдаются."
100000004890713100,peripheral,0.6,18,0.3341193510625748,"peripheral: недостаточно наблюдаемых связей; in/out 40,485/0 KZT. исходящие за 4-м коленом не наблюдаются."
100000003083865100,peripheral,0.6,18,0.28053820872349955,"peripheral: недостаточно наблюдаемых связей; in/out 15,000/0 KZT. исходящие за 4-м коленом не наблюдаются."
100000004030553100,peripheral,0.6,1,0.2873417233337486,"peripheral: недостаточно наблюдаемых связей; in/out 70,000/0 KZT. исходящие за 4-м коленом не наблюдаются."
100000002653187100,peripheral,0.6,8,0.20660736249965972,"peripheral: недостаточно наблюдаемых связей; in/out 15,000/0 KZT. исходящие за 4-м коленом не наблюдаются."
100000006412162100,peripheral,0.6,46,0.20660736249965972,"peripheral: недостаточно наблюдаемых связей; in/out 15,000/0 KZT. исходящие за 4-м коленом не наблюдаются."
100000004674178100,peripheral,0.6,13,0.2221558665794421,"peripheral: недостаточно наблюдаемых связей; in/out 20,000/0 KZT. исходящие за 4-м коленом не наблюдаются."
100000004070530100,peripheral,0.6,30,0.33202847804441027,"peripheral: недостаточно наблюдаемых связей; in/out 20,000/0 KZT. исходящие за 4-м коленом не наблюдаются."
100000006706519100,peripheral,0.6,0,0.3289969575902266,"peripheral: недостаточно наблюдаемых связей; in/out 36,000/0 KZT. исходящие за 4-м коленом не наблюдаются."
100000005636951100,peripheral,0.6,48,0.25919122469367606,"peripheral: недостаточно наблюдаемых связей; in/out 40,000/0 KZT. исходящие за 4-м коленом не наблюдаются."
100000003040087100,peripheral,0.6,18,0.3175735668377334,"peripheral: недостаточно наблюдаемых связей; in/out 29,000/0 KZT. исходящие за 4-м коленом не наблюдаются."
100000008766764100,peripheral,0.6,5,0.24948653147961922,"peripheral: недостаточно наблюдаемых связей; in/out 5,000/0 KZT. исходящие за 4-м коленом не наблюдаются."
100000000299820100,peripheral,0.6,1,0.1925547786374657,"peripheral: недостаточно наблюдаемых связей; in/out 10,000/0 KZT. исходящие за 4-м коленом не наблюдаются."
100000008349740100,peripheral,0.6,20,0.3972143347987167,"peripheral: недостаточно наблюдаемых связей; in/out 70,000/0 KZT. исходящие за 4-м коленом не наблюдаются."
100000008761132100,peripheral,0.6,5,0.26648562486130556,"peripheral: недостаточно наблюдаемых связей; in/out 10,000/0 KZT. исходящие за 4-м коленом не наблюдаются."
100000002540033100,peripheral,0.6,35,0.1925547786374657,"peripheral: недостаточно наблюдаемых связей; in/out 10,000/0 KZT. исходящие за 4-м коленом не наблюдаются."
100000001845505100,peripheral,0.6,1,0.2960867128032819,"peripheral: недостаточно наблюдаемых связей; in/out 20,000/0 KZT. исходящие за 4-м коленом не наблюдаются."
100000003782913100,peripheral,0.6,40,0.3305874168967585,"peripheral: недостаточно наблюдаемых связей; in/out 200,000/0 KZT. исходящие за 4-м коленом не наблюдаются."
100000008778753100,peripheral,0.6,13,0.1925547786374657,"peripheral: недостаточно наблюдаемых связей; in/out 10,000/0 KZT. исходящие за 4-м коленом не наблюдаются."
100000008710913100,peripheral,0.6,5,0.2773197137099003,"peripheral: недостаточно наблюдаемых связей; in/out 14,000/0 KZT. исходящие за 4-м коленом не наблюдаются."
100000005495211100,peripheral,0.6,0,0.2783623247706437,"peripheral: недостаточно наблюдаемых связей; in/out 14,500/0 KZT. исходящие за 4-м коленом не наблюдаются."
100000004013952100,peripheral,0.6,0,0.1796807985830686,"peripheral: недостаточно наблюдаемых связей; in/out 5,500/0 KZT. исходящие за 4-м коленом не наблюдаются."
100000007330432100,peripheral,0.6,84,0.36172975597200785,"peripheral: недостаточно наблюдаемых связей; in/out 584,900/0 KZT. исходящие за 4-м коленом не наблюдаются."
100000000737152100,peripheral,0.6,0,0.3634428026137666,"peripheral: недостаточно наблюдаемых связей; in/out 35,000/0 KZT. исходящие за 4-м коленом не наблюдаются."
100000004674389100,peripheral,0.6,11,0.20660736249965972,"peripheral: недостаточно наблюдаемых связей; in/out 15,000/0 KZT. исходящие за 4-м коленом не наблюдаются."
100000002529877100,peripheral,0.6,24,0.3355284867063687,"peripheral: недостаточно наблюдаемых связей; in/out 232,000/0 KZT. исходящие за 4-м коленом не наблюдаются."
100000004035925100,peripheral,0.6,70,0.36862005515605134,"peripheral: недостаточно наблюдаемых связей; in/out 1,111,588/0 KZT. исходящие за 4-м коленом не наблюдаются."
100000002188586100,peripheral,0.6,18,0.331036848796029,"peripheral: недостаточно наблюдаемых связей; in/out 38,310/0 KZT. исходящие за 4-м коленом не наблюдаются."
100000008050986100,peripheral,0.6,10,0.4104056312629053,"peripheral: недостаточно наблюдаемых связей; in/out 95,000/0 KZT. исходящие за 4-м коленом не наблюдаются."
100000004777215100,peripheral,0.6,32,0.3555608741813418,"peripheral: недостаточно наблюдаемых связей; in/out 60,000/0 KZT. исходящие за 4-м коленом не наблюдаются."
100000000926078100,peripheral,0.6,1,0.4124965042810699,"peripheral: недостаточно наблюдаемых связей; in/out 250,000/0 KZT. исходящие за 4-м коленом не наблюдаются."
100000003486846100,peripheral,0.6,16,0.24133084391398427,"peripheral: недостаточно наблюдаемых связей; in/out 27,000/0 KZT. исходящие за 4-м коленом не наблюдаются."
100000002516862100,peripheral,0.6,56,0.29355205878252466,"peripheral: недостаточно наблюдаемых связей; in/out 81,710/0 KZT. исходящие за 4-м коленом не наблюдаются."
100000008730238100,peripheral,0.6,42,0.30932721744072955,"peripheral: недостаточно наблюдаемых связей; in/out 113,000/0 KZT. исходящие за 4-м коленом не наблюдаются."
100000000803368100,peripheral,0.6,40,0.3154922219738211,"peripheral: недостаточно наблюдаемых связей; in/out 139,503/0 KZT. исходящие за 4-м коленом не наблюдаются."
100000002528978100,peripheral,0.6,18,0.2840740201468903,"peripheral: недостаточно наблюдаемых связей; in/out 15,900/0 KZT. исходящие за 4-м коленом не наблюдаются."
100000002597074100,peripheral,0.6,0,0.25968598750863103,"peripheral: недостаточно наблюдаемых связей; in/out 8,000/0 KZT. исходящие за 4-м коленом не наблюдаются."
100000003631015100,peripheral,0.6,65,0.4140830863300272,"peripheral: недостаточно наблюдаемых связей; in/out 266,000/0 KZT. исходящие за 4-м коленом не наблюдаются."
100000008255655100,peripheral,0.6,28,0.17913682759485464,"peripheral: недостаточно наблюдаемых связей; in/out 5,400/0 KZT. исходящие за 4-м коленом не наблюдаются."
100000004265639100,peripheral,0.6,1,0.1925547786374657,"peripheral: недостаточно наблюдаемых связей; in/out 10,000/0 KZT. исходящие за 4-м коленом не наблюдаются."
100000002726055100,peripheral,0.6,32,0.1925547786374657,"peripheral: недостаточно наблюдаемых связей; in/out 10,000/0 KZT. исходящие за 4-м коленом не наблюдаются."
100000003696422100,peripheral,0.6,36,0.31014317392305046,"peripheral: недостаточно наблюдаемых связей; in/out 118,000/0 KZT. исходящие за 4-м коленом не наблюдаются."
100000007745062100,peripheral,0.6,8,0.37736504462558473,"peripheral: недостаточно наблюдаемых связей; in/out 100,000/0 KZT. исходящие за 4-м коленом не наблюдаются."
100000005041147100,peripheral,0.6,0,0.26648562486130556,"peripheral: недостаточно наблюдаемых связей; in/out 10,000/0 KZT. исходящие за 4-м коленом не наблюдаются."
100000003819173100,peripheral,0.6,1,0.317214796769832,"peripheral: недостаточно наблюдаемых связей; in/out 143,777/0 KZT. исходящие за 4-м коленом не наблюдаются."
100000001275557100,peripheral,0.6,29,0.2221558665794421,"peripheral: недостаточно наблюдаемых связей; in/out 20,000/0 KZT. исходящие за 4-м коленом не наблюдаются."
100000002706810100,peripheral,0.6,46,0.2642229563346552,"peripheral: недостаточно наблюдаемых связей; in/out 45,000/0 KZT. исходящие за 4-м коленом не наблюдаются."
100000002896506100,peripheral,0.6,10,0.37409556779962333,"peripheral: недостаточно наблюдаемых связей; in/out 45,000/0 KZT. исходящие за 4-м коленом не наблюдаются."
100000008766031100,peripheral,0.6,5,0.24948653147961922,"peripheral: недостаточно наблюдаемых связей; in/out 5,000/0 KZT. исходящие за 4-м коленом не наблюдаются."
100000008758607100,peripheral,0.6,5,0.24948653147961922,"peripheral: недостаточно наблюдаемых связей; in/out 5,000/0 KZT. исходящие за 4-м коленом не наблюдаются."
100000008648783100,peripheral,0.6,46,0.17845686385958717,"peripheral: недостаточно наблюдаемых связей; in/out 5,200/0 KZT. исходящие за 4-м коленом не наблюдаются."
100000004291663100,peripheral,0.6,0,0.309414002014524,"peripheral: недостаточно наблюдаемых связей; in/out 25,000/0 KZT. исходящие за 4-м коленом не наблюдаются."
100000003037476100,consolidator,0.39,5,0.5952480908631188,"consolidator: получает от 3 плательщиков; in/out 555,000/0 KZT. исходящие за 4-м коленом не наблюдаются."
100000008715513100,peripheral,0.6,46,0.25062368162930615,"peripheral: недостаточно наблюдаемых связей; in/out 32,500/0 KZT. исходящие за 4-м коленом не наблюдаются."
100000001276409100,peripheral,0.6,18,0.37419188052767,"peripheral: недостаточно наблюдаемых связей; in/out 94,760/0 KZT. исходящие за 4-м коленом не наблюдаются."
100000003232675100,peripheral,0.6,12,0.3365672205095376,"peripheral: недостаточно наблюдаемых связей; in/out 44,000/0 KZT. исходящие за 4-м коленом не наблюдаются."
100000007988344100,peripheral,0.6,0,0.2960867128032819,"peripheral: недостаточно наблюдаемых связей; in/out 20,000/0 KZT. исходящие за 4-м коленом не наблюдаются."
100000003047800100,peripheral,0.6,24,0.1995357396528782,"peripheral: недостаточно наблюдаемых связей; in/out 12,212/0 KZT. исходящие за 4-м коленом не наблюдаются."
100000003230328100,consolidator,0.5025,0,0.5112442532030685,"consolidator: получает от 3 плательщиков; in/out 26,572/0 KZT. исходящие за 4-м коленом не наблюдаются."
100000002702968100,peripheral,0.6,18,0.3236025786237715,"peripheral: недостаточно наблюдаемых связей; in/out 31,600/0 KZT. исходящие за 4-м коленом не наблюдаются."
100000004788983100,peripheral,0.6,0,0.3152616901378241,"peripheral: недостаточно наблюдаемых связей; in/out 27,000/0 KZT. исходящие за 4-м коленом не наблюдаются."
100000006490615100,peripheral,0.6,12,0.33529795487037173,"peripheral: недостаточно наблюдаемых связей; in/out 41,600/0 KZT. исходящие за 4-м коленом не наблюдаются."
100000008745676100,peripheral,0.6,22,0.2527542346664775,"peripheral: недостаточно наблюдаемых связей; in/out 34,547/0 KZT. исходящие за 4-м коленом не наблюдаются."
100000001598625100,peripheral,0.6,1,0.23548315579068418,"peripheral: недостаточно наблюдаемых связей; in/out 25,000/0 KZT. исходящие за 4-м коленом не наблюдаются."
100000008461217100,peripheral,0.6,47,0.2168068185286715,"peripheral: недостаточно наблюдаемых связей; in/out 18,000/0 KZT. исходящие за 4-м коленом не наблюдаются."
100000005711521100,peripheral,0.6,12,0.4106379367380054,"peripheral: недостаточно наблюдаемых связей; in/out 238,000/0 KZT. исходящие за 4-м коленом не наблюдаются."
100000002713974100,peripheral,0.6,1,0.27206520474807316,"peripheral: недостаточно наблюдаемых связей; in/out 50,000/0 KZT. исходящие за 4-м коленом не наблюдаются."
100000005272139100,peripheral,0.6,16,0.32242785207354907,"peripheral: недостаточно наблюдаемых связей; in/out 165,000/0 KZT. исходящие за 4-м коленом не наблюдаются."
100000002968096100,peripheral,0.6,1,0.3972143347987167,"peripheral: недостаточно наблюдаемых связей; in/out 70,000/0 KZT. исходящие за 4-м коленом не наблюдаются."
100000004449824100,peripheral,0.6,46,0.18774970157490903,"peripheral: недостаточно наблюдаемых связей; in/out 9,000/0 KZT. исходящие за 4-м коленом не наблюдаются."
100000004502048100,peripheral,0.6,43,0.20279956558216197,"peripheral: недостаточно наблюдаемых связей; in/out 13,888/0 KZT. исходящие за 4-м коленом не наблюдаются."
100000002660298100,peripheral,0.6,18,0.3225146366473436,"peripheral: недостаточно наблюдаемых связей; in/out 30,900/0 KZT. исходящие за 4-м коленом не наблюдаются."
100000001299828100,peripheral,0.6,0,0.3034341984017449,"peripheral: недостаточно наблюдаемых связей; in/out 100,000/0 KZT. исходящие за 4-м коленом не наблюдаются."
100000000581662100,peripheral,0.6,24,0.2264623035694693,"peripheral: недостаточно наблюдаемых связей; in/out 21,160/0 KZT. исходящие за 4-м коленом не наблюдаются."
100000001249054100,peripheral,0.6,18,0.288063140727126,"peripheral: недостаточно наблюдаемых связей; in/out 17,375/0 KZT. исходящие за 4-м коленом не наблюдаются."
100000008759795100,peripheral,0.6,46,0.21250038153864428,"peripheral: недостаточно наблюдаемых связей; in/out 17,000/0 KZT. исходящие за 4-м коленом не наблюдаются."
100000001299443100,peripheral,0.6,46,0.18575514128479118,"peripheral: недостаточно наблюдаемых связей; in/out 8,000/0 KZT. исходящие за 4-м коленом не наблюдаются."
100000007997939100,peripheral,0.6,5,0.2752798225040979,"peripheral: недостаточно наблюдаемых связей; in/out 13,000/0 KZT. исходящие за 4-м коленом не наблюдаются."
100000003470579100,peripheral,0.6,14,0.3489464377489798,"peripheral: недостаточно наблюдаемых связей; in/out 357,000/0 KZT. исходящие за 4-м коленом не наблюдаются."
100000008649416100,peripheral,0.6,28,0.1755556852557794,"peripheral: недостаточно наблюдаемых связей; in/out 5,000/0 KZT. исходящие за 4-м коленом не наблюдаются."
100000008183752100,peripheral,0.6,35,0.31590020021498155,"peripheral: недостаточно наблюдаемых связей; in/out 140,000/0 KZT. исходящие за 4-м коленом не наблюдаются."
100000003950749100,peripheral,0.6,16,0.18362458824761982,"peripheral: недостаточно наблюдаемых связей; in/out 7,000/0 KZT. исходящие за 4-м коленом не наблюдаются."
100000005979037100,peripheral,0.6,1,0.2822193298614004,"peripheral: недостаточно наблюдаемых связей; in/out 60,300/0 KZT. исходящие за 4-м коленом не наблюдаются."
100000008734279100,peripheral,0.6,1,0.2497623942313007,"peripheral: недостаточно наблюдаемых связей; in/out 31,650/0 KZT. исходящие за 4-м коленом не наблюдаются."
100000005589319100,peripheral,0.6,3,0.23829367256312298,"peripheral: недостаточно наблюдаемых связей; in/out 26,000/0 KZT. исходящие за 4-м коленом не наблюдаются."
100000003626268100,peripheral,0.6,1,0.1755556852557794,"peripheral: недостаточно наблюдаемых связей; in/out 5,000/0 KZT. исходящие за 4-м коленом не наблюдаются."
100000001220124100,peripheral,0.6,1,0.3331220709175159,"peripheral: недостаточно наблюдаемых связей; in/out 40,000/0 KZT. исходящие за 4-м коленом не наблюдаются."
100000003904497100,peripheral,0.6,5,0.26648562486130556,"peripheral: недостаточно наблюдаемых связей; in/out 10,000/0 KZT. исходящие за 4-м коленом не наблюдаются."
100000001270470100,peripheral,0.6,0,0.31666694852404353,"peripheral: недостаточно наблюдаемых связей; in/out 28,300/0 KZT. исходящие за 4-м коленом не наблюдаются."
100000003091142100,peripheral,0.6,0,0.3331220709175159,"peripheral: недостаточно наблюдаемых связей; in/out 40,000/0 KZT. исходящие за 4-м коленом не наблюдаются."
100000001053894100,peripheral,0.6,30,0.4813031833934583,"peripheral: недостаточно наблюдаемых связей; in/out 2,000,000/0 KZT. исходящие за 4-м коленом не наблюдаются."
100000004722630100,peripheral,0.6,7,0.34740518661570685,"peripheral: недостаточно наблюдаемых связей; in/out 340,000/0 KZT. исходящие за 4-м коленом не наблюдаются."
100000004655046100,peripheral,0.6,18,0.2324006535241384,"peripheral: недостаточно наблюдаемых связей; in/out 24,000/0 KZT. исходящие за 4-м коленом не наблюдаются."
100000004019056100,peripheral,0.6,12,0.345996050971913,"peripheral: недостаточно наблюдаемых связей; in/out 50,000/0 KZT. исходящие за 4-м коленом не наблюдаются."
100000008071749100,peripheral,0.6,18,0.30791808179693564,"peripheral: недостаточно наблюдаемых связей; in/out 24,943/0 KZT. исходящие за 4-м коленом не наблюдаются."
100000008221765100,peripheral,0.6,10,0.43071388148955986,"peripheral: недостаточно наблюдаемых связей; in/out 156,354/0 KZT. исходящие за 4-м коленом не наблюдаются."
100000008778010100,peripheral,0.6,22,0.2917388221551448,"peripheral: недостаточно наблюдаемых связей; in/out 76,950/0 KZT. исходящие за 4-м коленом не наблюдаются."
100000004584730100,peripheral,0.6,51,0.266852149444356,"peripheral: недостаточно наблюдаемых связей; in/out 47,000/0 KZT. исходящие за 4-м коленом не наблюдаются."
100000004797167100,peripheral,0.6,1,0.24871978317055726,"peripheral: недостаточно наблюдаемых связей; in/out 31,000/0 KZT. исходящие за 4-м коленом не наблюдаются."
100000005010159100,peripheral,0.6,1,0.1842138901515183,"peripheral: недостаточно наблюдаемых связей; in/out 7,092/0 KZT. исходящие за 4-м коленом не наблюдаются."
100000003025903100,peripheral,0.6,10,0.46081360950406575,"peripheral: недостаточно наблюдаемых связей; in/out 386,300/0 KZT. исходящие за 4-м коленом не наблюдаются."
100000003005167100,peripheral,0.6,46,0.18362458824761982,"peripheral: недостаточно наблюдаемых связей; in/out 7,000/0 KZT. исходящие за 4-м коленом не наблюдаются."
100000002214383100,peripheral,0.6,22,0.3327179699339299,"peripheral: недостаточно наблюдаемых связей; in/out 213,000/0 KZT. исходящие за 4-м коленом не наблюдаются."
100000004800452100,peripheral,0.6,10,0.2923639268204755,"peripheral: недостаточно наблюдаемых связей; in/out 6,545/0 KZT. исходящие за 4-м коленом не наблюдаются."
100000006903193100,peripheral,0.6,0,0.26168054779874883,"peripheral: недостаточно наблюдаемых связей; in/out 9,000/0 KZT. исходящие за 4-м коленом не наблюдаются."
100000007811950100,peripheral,0.6,13,0.27206520474807316,"peripheral: недостаточно наблюдаемых связей; in/out 50,000/0 KZT. исходящие за 4-м коленом не наблюдаются."
100000000375150100,peripheral,0.6,12,0.34432268434916113,"peripheral: недостаточно наблюдаемых связей; in/out 300,000/0 KZT. исходящие за 4-м коленом не наблюдаются."
100000008775747100,peripheral,0.6,5,0.24948653147961922,"peripheral: недостаточно наблюдаемых связей; in/out 5,000/0 KZT. исходящие за 4-м коленом не наблюдаются."
100000006689603100,peripheral,0.6,1,0.3521649327625791,"peripheral: недостаточно наблюдаемых связей; in/out 400,000/0 KZT. исходящие за 4-м коленом не наблюдаются."
100000005075949100,peripheral,0.6,57,0.37179321925396613,"peripheral: недостаточно наблюдаемых связей; in/out 2,226,000/0 KZT. исходящие за 4-м коленом не наблюдаются."
100000003985389100,peripheral,0.6,1,0.4632614789510286,"peripheral: недостаточно наблюдаемых связей; in/out 422,698/0 KZT. исходящие за 4-м коленом не наблюдаются."
100000002478829100,peripheral,0.6,32,0.3259597862393654,"peripheral: недостаточно наблюдаемых связей; in/out 34,000/0 KZT. исходящие за 4-м коленом не наблюдаются."
100000003125997100,peripheral,0.6,42,0.2963625755549635,"peripheral: недостаточно наблюдаемых связей; in/out 87,750/0 KZT. исходящие за 4-м коленом не наблюдаются."
100000003214786100,peripheral,0.6,0,0.24948653147961922,"peripheral: недостаточно наблюдаемых связей; in/out 5,000/0 KZT. исходящие за 4-м коленом не наблюдаются."
100000008308418100,peripheral,0.6,0,0.345996050971913,"peripheral: недостаточно наблюдаемых связей; in/out 50,000/0 KZT. исходящие за 4-м коленом не наблюдаются."
100000008619159100,peripheral,0.6,70,0.3546581331252263,"peripheral: недостаточно наблюдаемых связей; in/out 446,400/0 KZT. исходящие за 4-м коленом не наблюдаются."
100000004418967100,peripheral,0.6,42,0.3034341984017449,"peripheral: недостаточно наблюдаемых связей; in/out 100,000/0 KZT. исходящие за 4-м коленом не наблюдаются."
100000003173783100,peripheral,0.6,33,0.23022476957128257,"peripheral: недостаточно наблюдаемых связей; in/out 23,500/0 KZT. исходящие за 4-м коленом не наблюдаются."
100000002242455100,peripheral,0.6,10,0.41797589418221626,"peripheral: недостаточно наблюдаемых связей; in/out 110,000/0 KZT. исходящие за 4-м коленом не наблюдаются."
100000004848236100,peripheral,0.6,0,0.2585073837008341,"peripheral: недостаточно наблюдаемых связей; in/out 7,500/0 KZT. исходящие за 4-м коленом не наблюдаются."
100000004674412100,peripheral,0.6,11,0.26544689105813657,"peripheral: недостаточно наблюдаемых связей; in/out 46,000/0 KZT. исходящие за 4-м коленом не наблюдаются."
100000007071852100,peripheral,0.6,1,0.40275035740890297,"peripheral: недостаточно наблюдаемых связей; in/out 195,000/0 KZT. исходящие за 4-м коленом не наблюдаются."
100000001498732100,peripheral,0.6,50,0.1796807985830686,"peripheral: недостаточно наблюдаемых связей; in/out 5,500/0 KZT. исходящие за 4-м коленом не наблюдаются."
100000000627521100,peripheral,0.6,30,0.2921826031577376,"peripheral: недостаточно наблюдаемых связей; in/out 6,500/0 KZT. исходящие за 4-м коленом не наблюдаются."
100000003105089100,peripheral,0.6,32,0.1925547786374657,"peripheral: недостаточно наблюдаемых связей; in/out 10,000/0 KZT. исходящие за 4-м коленом не наблюдаются."
100000003166017100,peripheral,0.6,18,0.28053820872349955,"peripheral: недостаточно наблюдаемых связей; in/out 15,000/0 KZT. исходящие за 4-м коленом не наблюдаются."
100000002506987100,peripheral,0.6,18,0.316440293945621,"peripheral: недостаточно наблюдаемых связей; in/out 28,200/0 KZT. исходящие за 4-м коленом не наблюдаются."
100000005767403100,peripheral,0.6,62,0.3684387314933134,"peripheral: недостаточно наблюдаемых связей; in/out 1,100,000/0 KZT. исходящие за 4-м коленом не наблюдаются."
100000005553088100,peripheral,0.6,1,0.21444961091307765,"peripheral: недостаточно наблюдаемых связей; in/out 17,500/0 KZT. исходящие за 4-м коленом не наблюдаются."
100000003632533100,peripheral,0.6,10,0.30242739010243386,"peripheral: недостаточно наблюдаемых связей; in/out 10,000/0 KZT. исходящие за 4-м коленом не наблюдаются."
100000008762005100,peripheral,0.6,5,0.1755556852557794,"peripheral: недостаточно наблюдаемых связей; in/out 5,000/0 KZT. исходящие за 4-м коленом не наблюдаются."
100000002214207100,peripheral,0.6,26,0.3011223217018356,"peripheral: недостаточно наблюдаемых связей; in/out 97,000/0 KZT. исходящие за 4-м коленом не наблюдаются."
100000003180820100,peripheral,0.6,5,0.3791782812529647,"peripheral: недостаточно наблюдаемых связей; in/out 101,000/0 KZT. исходящие за 4-м коленом не наблюдаются."
100000003786516100,peripheral,0.6,0,0.28542829672074754,"peripheral: недостаточно наблюдаемых связей; in/out 5,000/0 KZT. исходящие за 4-м коленом не наблюдаются."
100000005226217100,peripheral,0.6,5,0.2883804571369175,"peripheral: недостаточно наблюдаемых связей; in/out 17,500/0 KZT. исходящие за 4-м коленом не наблюдаются."
100000001533161100,peripheral,0.6,51,0.3034341984017449,"peripheral: недостаточно наблюдаемых связей; in/out 100,000/0 KZT. исходящие за 4-м коленом не наблюдаются."
100000007034089100,peripheral,0.6,5,0.5396043918603989,"peripheral: недостаточно наблюдаемых связей; in/out 198,000/0 KZT. исходящие за 4-м коленом не наблюдаются."
100000008336318100,peripheral,0.6,5,0.3238784413754531,"peripheral: недостаточно наблюдаемых связей; in/out 170,000/0 KZT. исходящие за 4-м коленом не наблюдаются."
100000005370558100,peripheral,0.6,0,0.1755556852557794,"peripheral: недостаточно наблюдаемых связей; in/out 5,000/0 KZT. исходящие за 4-м коленом не наблюдаются."
100000002729875100,peripheral,0.6,18,0.3651710283064551,"peripheral: недостаточно наблюдаемых связей; in/out 76,000/0 KZT. исходящие за 4-м коленом не наблюдаются."
100000006512787100,peripheral,0.6,0,0.2960867128032819,"peripheral: недостаточно наблюдаемых связей; in/out 20,000/0 KZT. исходящие за 4-м коленом не наблюдаются."
100000003186579100,peripheral,0.6,1,0.3081032827172481,"peripheral: недостаточно наблюдаемых связей; in/out 110,000/0 KZT. исходящие за 4-м коленом не наблюдаются."
100000004472936100,peripheral,0.6,12,0.24948653147961922,"peripheral: недостаточно наблюдаемых связей; in/out 5,000/0 KZT. исходящие за 4-м коленом не наблюдаются."
100000002231144100,peripheral,0.6,32,0.20660736249965972,"peripheral: недостаточно наблюдаемых связей; in/out 15,000/0 KZT. исходящие за 4-м коленом не наблюдаются."
100000002505277100,peripheral,0.6,0,0.3555608741813418,"peripheral: недостаточно наблюдаемых связей; in/out 60,000/0 KZT. исходящие за 4-м коленом не наблюдаются."
100000003177533100,peripheral,0.6,1,0.2221558665794421,"peripheral: недостаточно наблюдаемых связей; in/out 20,000/0 KZT. исходящие за 4-м коленом не наблюдаются."
100000005888829100,peripheral,0.6,5,0.402931681071641,"peripheral: недостаточно наблюдаемых связей; in/out 197,000/0 KZT. исходящие за 4-м коленом не наблюдаются."
100000002242066100,peripheral,0.6,38,0.28163002795750197,"peripheral: недостаточно наблюдаемых связей; in/out 60,000/0 KZT. исходящие за 4-м коленом не наблюдаются."
100000008027922100,peripheral,0.6,29,0.2873417233337486,"peripheral: недостаточно наблюдаемых связей; in/out 70,000/0 KZT. исходящие за 4-м коленом не наблюдаются."
100000002686226100,peripheral,0.6,28,0.3538421766429054,"peripheral: недостаточно наблюдаемых связей; in/out 430,000/0 KZT. исходящие за 4-м коленом не наблюдаются."
100000001065234100,peripheral,0.6,45,0.34912776141171775,"peripheral: недостаточно наблюдаемых связей; in/out 360,000/0 KZT. исходящие за 4-м коленом не наблюдаются."
100000000424935100,peripheral,0.6,15,0.20660736249965972,"peripheral: недостаточно наблюдаемых связей; in/out 15,000/0 KZT. исходящие за 4-м коленом не наблюдаются."
100000005723580100,peripheral,0.6,42,0.2535701911487984,"peripheral: недостаточно наблюдаемых связей; in/out 35,000/0 KZT. исходящие за 4-м коленом не наблюдаются."
100000000704700100,peripheral,0.6,34,0.1925547786374657,"peripheral: недостаточно наблюдаемых связей; in/out 10,000/0 KZT. исходящие за 4-м коленом не наблюдаются."
100000005293969100,peripheral,0.6,0,0.17931815125759262,"peripheral: недостаточно наблюдаемых связей; in/out 5,467/0 KZT. исходящие за 4-м коленом не наблюдаются."
100000002512742100,peripheral,0.6,46,0.181086056969288,"peripheral: недостаточно наблюдаемых связей; in/out 6,000/0 KZT. исходящие за 4-м коленом не наблюдаются."
100000001816678100,peripheral,0.6,3,0.3915026394224701,"peripheral: недостаточно наблюдаемых связей; in/out 60,000/0 KZT. исходящие за 4-м коленом не наблюдаются."
100000004586598100,peripheral,0.6,25,0.36517490556402965,"peripheral: недостаточно наблюдаемых связей; in/out 761,255/0 KZT. исходящие за 4-м коленом не наблюдаются."
100000005782886100,peripheral,0.6,5,0.2773197137099003,"peripheral: недостаточно наблюдаемых связей; in/out 14,000/0 KZT. исходящие за 4-м коленом не наблюдаются."
100000002622822100,peripheral,0.6,35,0.3649935819012916,"peripheral: недостаточно наблюдаемых связей; in/out 750,000/0 KZT. исходящие за 4-м коленом не наблюдаются."
100000003718715100,peripheral,0.6,12,0.36716946585414745,"peripheral: недостаточно наблюдаемых связей; in/out 915,000/0 KZT. исходящие за 4-м коленом не наблюдаются."
100000006491963100,peripheral,0.6,46,0.21064181399557994,"peripheral: недостаточно наблюдаемых связей; in/out 16,000/0 KZT. исходящие за 4-м коленом не наблюдаются."
100000004526651100,peripheral,0.6,5,0.32487184426293747,"peripheral: недостаточно наблюдаемых связей; in/out 33,000/0 KZT. исходящие за 4-м коленом не наблюдаются."
100000008331280100,peripheral,0.6,14,0.2607778067426334,"peripheral: недостаточно наблюдаемых связей; in/out 41,000/0 KZT. исходящие за 4-м коленом не наблюдаются."
100000004177936100,peripheral,0.6,1,0.1925547786374657,"peripheral: недостаточно наблюдаемых связей; in/out 10,000/0 KZT. исходящие за 4-м коленом не наблюдаются."
100000002922000100,peripheral,0.6,51,0.3547487949565954,"peripheral: недостаточно наблюдаемых связей; in/out 448,000/0 KZT. исходящие за 4-м коленом не наблюдаются."
100000002404112100,peripheral,0.6,14,0.28163002795750197,"peripheral: недостаточно наблюдаемых связей; in/out 60,000/0 KZT. исходящие за 4-м коленом не наблюдаются."
100000000634341100,peripheral,0.6,0,0.2324006535241384,"peripheral: недостаточно наблюдаемых связей; in/out 24,000/0 KZT. исходящие за 4-м коленом не наблюдаются."
100000001822650100,peripheral,0.6,5,0.3826687617606709,"peripheral: недостаточно наблюдаемых связей; in/out 112,000/0 KZT. исходящие за 4-м коленом не наблюдаются."
100000004791226100,peripheral,0.6,0,0.2960867128032819,"peripheral: недостаточно наблюдаемых связей; in/out 20,000/0 KZT. исходящие за 4-м коленом не наблюдаются."
100000007841978100,peripheral,0.6,10,0.4647120682529325,"peripheral: недостаточно наблюдаемых связей; in/out 449,000/0 KZT. исходящие за 4-м коленом не наблюдаются."
100000006866831100,peripheral,0.6,1,0.21168442505632337,"peripheral: недостаточно наблюдаемых связей; in/out 16,500/0 KZT. исходящие за 4-м коленом не наблюдаются."
100000002999140100,peripheral,0.6,8,0.1925547786374657,"peripheral: недостаточно наблюдаемых связей; in/out 10,000/0 KZT. исходящие за 4-м коленом не наблюдаются."
100000002884708100,peripheral,0.6,42,0.3690733643128964,"peripheral: недостаточно наблюдаемых связей; in/out 1,171,644/0 KZT. исходящие за 4-м коленом не наблюдаются."
100000001130553100,peripheral,0.6,10,0.32667942999363964,"peripheral: недостаточно наблюдаемых связей; in/out 18,000/0 KZT. исходящие за 4-м коленом не наблюдаются."
100000006351075100,peripheral,0.6,65,0.3331220709175159,"peripheral: недостаточно наблюдаемых связей; in/out 40,000/0 KZT. исходящие за 4-м коленом не наблюдаются."
100000005616568100,peripheral,0.6,10,0.46974379989391163,"peripheral: недостаточно наблюдаемых связей; in/out 530,000/0 KZT. исходящие за 4-м коленом не наблюдаются."
100000006381453100,peripheral,0.6,5,0.2642229563346552,"peripheral: недостаточно наблюдаемых связей; in/out 45,000/0 KZT. исходящие за 4-м коленом не наблюдаются."
100000004616845100,peripheral,0.6,44,0.22487572152051194,"peripheral: недостаточно наблюдаемых связей; in/out 20,200/0 KZT. исходящие за 4-м коленом не наблюдаются."
100000004908173100,peripheral,0.6,42,0.22600899441262437,"peripheral: недостаточно наблюдаемых связей; in/out 21,000/0 KZT. исходящие за 4-м коленом не наблюдаются."
100000004433250100,peripheral,0.6,0,0.25968598750863103,"peripheral: недостаточно наблюдаемых связей; in/out 8,000/0 KZT. исходящие за 4-м коленом не наблюдаются."
100000003664994100,peripheral,0.6,66,0.3472238629529689,"peripheral: недостаточно наблюдаемых связей; in/out 338,271/0 KZT. исходящие за 4-м коленом не наблюдаются."
100000004673335100,peripheral,0.6,33,0.2927361023002037,"peripheral: недостаточно наблюдаемых связей; in/out 80,000/0 KZT. исходящие за 4-м коленом не наблюдаются."
100000002487222100,peripheral,0.6,10,0.407368459912044,"peripheral: недостаточно наблюдаемых связей; in/out 90,000/0 KZT. исходящие за 4-м коленом не наблюдаются."
100000000018102100,peripheral,0.6,1,0.18362458824761982,"peripheral: недостаточно наблюдаемых связей; in/out 7,000/0 KZT. исходящие за 4-м коленом не наблюдаются."
100000008638859100,peripheral,0.6,43,0.38396706558422433,"peripheral: недостаточно наблюдаемых связей; in/out 34,000/0 KZT. исходящие за 4-м коленом не наблюдаются."
100000001131403100,peripheral,0.6,44,0.3705239536148003,"peripheral: недостаточно наблюдаемых связей; in/out 1,570,000/0 KZT. исходящие за 4-м коленом не наблюдаются."
100000001733216100,peripheral,0.6,0,0.3555608741813418,"peripheral: недостаточно наблюдаемых связей; in/out 60,000/0 KZT. исходящие за 4-м коленом не наблюдаются."
100000004400480100,peripheral,0.6,24,0.2270062745576833,"peripheral: недостаточно наблюдаемых связей; in/out 21,700/0 KZT. исходящие за 4-м коленом не наблюдаются."
100000007539296100,peripheral,0.6,10,0.26544689105813657,"peripheral: недостаточно наблюдаемых связей; in/out 46,000/0 KZT. исходящие за 4-м коленом не наблюдаются."
100000008757301100,peripheral,0.6,0,0.2807687405594965,"peripheral: недостаточно наблюдаемых связей; in/out 58,398/0 KZT. исходящие за 4-м коленом не наблюдаются."
100000002752565100,peripheral,0.6,1,0.35383829938533096,"peripheral: недостаточно наблюдаемых связей; in/out 57,000/0 KZT. исходящие за 4-м коленом не наблюдаются."
100000002734815100,peripheral,0.6,5,0.3081032827172481,"peripheral: недостаточно наблюдаемых связей; in/out 110,000/0 KZT. исходящие за 4-м коленом не наблюдаются."
100000008333492100,peripheral,0.6,60,0.3332619409221439,"peripheral: недостаточно наблюдаемых связей; in/out 216,400/0 KZT. исходящие за 4-м коленом не наблюдаются."
100000006527156100,peripheral,0.6,57,0.26871071698742033,"peripheral: недостаточно наблюдаемых связей; in/out 48,500/0 KZT. исходящие за 4-м коленом не наблюдаются."
100000003448713100,peripheral,0.6,1,0.3403335637689253,"peripheral: недостаточно наблюдаемых связей; in/out 266,750/0 KZT. исходящие за 4-м коленом не наблюдаются."
100000004780083100,peripheral,0.6,56,0.18929095270818191,"peripheral: недостаточно наблюдаемых связей; in/out 9,999/0 KZT. исходящие за 4-м коленом не наблюдаются."
100000004798515100,peripheral,0.6,8,0.3305874168967585,"peripheral: недостаточно наблюдаемых связей; in/out 200,000/0 KZT. исходящие за 4-м коленом не наблюдаются."
100000004232712100,peripheral,0.6,10,0.3102243076001673,"peripheral: недостаточно наблюдаемых связей; in/out 12,500/0 KZT. исходящие за 4-м коленом не наблюдаются."
100000005209352100,peripheral,0.6,0,0.24948653147961922,"peripheral: недостаточно наблюдаемых связей; in/out 5,000/0 KZT. исходящие за 4-м коленом не наблюдаются."
100000000561160100,peripheral,0.6,3,0.41109124589485047,"peripheral: недостаточно наблюдаемых связей; in/out 240,000/0 KZT. исходящие за 4-м коленом не наблюдаются."
100000003568904100,peripheral,0.6,12,0.34327619603084314,"peripheral: недостаточно наблюдаемых связей; in/out 49,000/0 KZT. исходящие за 4-м коленом не наблюдаются."
100000000470237100,peripheral,0.6,15,0.25062368162930615,"peripheral: недостаточно наблюдаемых связей; in/out 32,500/0 KZT. исходящие за 4-м коленом не наблюдаются."
100000008560263100,peripheral,0.6,10,0.4133068098667131,"peripheral: недостаточно наблюдаемых связей; in/out 100,000/0 KZT. исходящие за 4-м коленом не наблюдаются."
100000000542087100,peripheral,0.6,20,0.2968063565575563,"peripheral: недостаточно наблюдаемых связей; in/out 8,507/0 KZT. исходящие за 4-м коленом не наблюдаются."
100000004403548100,peripheral,0.6,1,0.1755556852557794,"peripheral: недостаточно наблюдаемых связей; in/out 5,000/0 KZT. исходящие за 4-м коленом не наблюдаются."
100000003010908100,peripheral,0.6,18,0.21250038153864428,"peripheral: недостаточно наблюдаемых связей; in/out 17,000/0 KZT. исходящие за 4-м коленом не наблюдаются."
100000006756956100,peripheral,0.6,0,0.42128505102718455,"peripheral: недостаточно наблюдаемых связей; in/out 121,200/0 KZT. исходящие за 4-м коленом не наблюдаются."
100000007357489100,peripheral,0.6,5,0.5323514453508794,"peripheral: недостаточно наблюдаемых связей; in/out 164,500/0 KZT. исходящие за 4-м коленом не наблюдаются."
100000002599729100,peripheral,0.6,0,0.3586433764478876,"peripheral: недостаточно наблюдаемых связей; in/out 65,000/0 KZT. исходящие за 4-м коленом не наблюдаются."
100000005849862100,peripheral,0.6,2,0.20134897628025808,"peripheral: недостаточно наблюдаемых связей; in/out 13,000/0 KZT. исходящие за 4-м коленом не наблюдаются."
100000008762843100,peripheral,0.6,5,0.18362458824761982,"peripheral: недостаточно наблюдаемых связей; in/out 7,000/0 KZT. исходящие за 4-м коленом не наблюдаются."
100000002723674100,peripheral,0.6,32,0.24613592097654094,"peripheral: недостаточно наблюдаемых связей; in/out 30,000/0 KZT. исходящие за 4-м коленом не наблюдаются."
100000008758106100,peripheral,0.6,5,0.26648562486130556,"peripheral: недостаточно наблюдаемых связей; in/out 10,000/0 KZT. исходящие за 4-м коленом не наблюдаются."
100000001286703100,peripheral,0.6,30,0.33506564939527156,"peripheral: недостаточно наблюдаемых связей; in/out 20,500/0 KZT. исходящие за 4-м коленом не наблюдаются."
