gid,role,role_score,cluster_id,priority_score,evidence
100000000343175100,distributor,1.0,5,0.5412,рассылает 4 000 039 KZT на 31 разных получателей
100000000456947100,terminal,0.8,70,0.08,получил 0 KZT от 0 плательщиков  исходящих переводов нет (глубина 0<4)
100000000580561100,peripheral,0.15,33,0.1731,"низкая активность: 2 вх./3 исх. плательщиков/получателей, без выраженного паттерна"
100000001415126100,terminal,0.8,25,0.2465,получил 27 000 KZT от 1 плательщиков  исходящих переводов нет (глубина 0<4)
100000001429930100,terminal,0.8,31,0.2459,получил 26 000 KZT от 1 плательщиков  исходящих переводов нет (глубина 0<4)
100000001616816100,consolidator,0.5,1,0.3786,получает от 5 разных плательщиков (176 195 KZT)  отдаёт дальше 103% полученного
100000001732159100,coordinator,0.705,6,0.5822,"связан с 2 seed-клиентами напрямую, betweenness=0.000"
100000002527114100,distributor,1.0,38,0.4949,рассылает 3 289 249 KZT на 111 разных получателей
100000002916006100,peripheral,0.15,25,0.036,"низкая активность: 0 вх./1 исх. плательщиков/получателей, без выраженного паттерна"
100000003016635100,coordinator,1.0,2,0.7535,"связан с 0 seed-клиентами напрямую, betweenness=0.010, точка сочленения сети"
100000003200071100,peripheral,0.15,7,0.006,"низкая активность: 0 вх./1 исх. плательщиков/получателей, без выраженного паттерна"
100000003265658100,terminal,0.8,71,0.08,получил 0 KZT от 0 плательщиков  исходящих переводов нет (глубина 0<4)
100000003349739100,terminal,0.8,72,0.08,получил 0 KZT от 0 плательщиков  исходящих переводов нет (глубина 0<4)
100000003684369100,coordinator,0.861,15,0.6553,"связан с 1 seed-клиентами напрямую, betweenness=0.002, точка сочленения сети"
100000003770083100,terminal,0.8,73,0.08,получил 0 KZT от 0 плательщиков  исходящих переводов нет (глубина 0<4)
100000003975102100,coordinator,0.701,2,0.5062,"связан с 2 seed-клиентами напрямую, betweenness=0.000"
100000003977183100,peripheral,0.15,1,0.2274,"низкая активность: 2 вх./4 исх. плательщиков/получателей, без выраженного паттерна"
100000004007116100,peripheral,0.15,44,0.2271,"низкая активность: 3 вх./4 исх. плательщиков/получателей, без выраженного паттерна"
100000004019124100,coordinator,0.7,2,0.5386,"связан с 2 seed-клиентами напрямую, betweenness=0.000, точка сочленения сети"
100000004021459100,terminal,0.8,74,0.08,получил 0 KZT от 0 плательщиков  исходящих переводов нет (глубина 0<4)
100000004041163100,coordinator,0.703,25,0.5181,"связан с 2 seed-клиентами напрямую, betweenness=0.000, точка сочленения сети"
100000004174835100,terminal,0.8,75,0.08,получил 0 KZT от 0 плательщиков  исходящих переводов нет (глубина 0<4)
100000004193835100,peripheral,0.15,2,0.2116,"низкая активность: 1 вх./1 исх. плательщиков/получателей, без выраженного паттерна"
100000004269433100,peripheral,0.15,3,0.036,"низкая активность: 0 вх./1 исх. плательщиков/получателей, без выраженного паттерна"
100000004358004100,peripheral,0.15,15,0.036,"низкая активность: 0 вх./11 исх. плательщиков/получателей, без выраженного паттерна"
100000004388983100,peripheral,0.15,26,0.006,"низкая активность: 0 вх./2 исх. плательщиков/получателей, без выраженного паттерна"
100000004714705100,peripheral,0.15,25,0.036,"низкая активность: 0 вх./1 исх. плательщиков/получателей, без выраженного паттерна"
100000004723755100,peripheral,0.15,15,0.006,"низкая активность: 0 вх./1 исх. плательщиков/получателей, без выраженного паттерна"
100000004813068100,peripheral,0.15,63,0.006,"низкая активность: 0 вх./3 исх. плательщиков/получателей, без выраженного паттерна"
100000004971871100,peripheral,0.15,52,0.1715,"низкая активность: 1 вх./1 исх. плательщиков/получателей, без выраженного паттерна"
100000005017150100,terminal,0.8,76,0.08,получил 0 KZT от 0 плательщиков  исходящих переводов нет (глубина 0<4)
100000005087431100,terminal,0.8,77,0.08,получил 0 KZT от 0 плательщиков  исходящих переводов нет (глубина 0<4)
100000005235389100,terminal,0.8,78,0.08,получил 0 KZT от 0 плательщиков  исходящих переводов нет (глубина 0<4)
100000005264990100,peripheral,0.15,25,0.1963,"низкая активность: 1 вх./2 исх. плательщиков/получателей, без выраженного паттерна"
100000005370580100,terminal,0.8,31,0.2446,получил 24 075 KZT от 1 плательщиков  исходящих переводов нет (глубина 0<4)
100000005382566100,coordinator,1.0,25,0.7609,"связан с 6 seed-клиентами напрямую, betweenness=0.000, точка сочленения сети"
100000005386383100,peripheral,0.15,25,0.2082,"низкая активность: 2 вх./1 исх. плательщиков/получателей, без выраженного паттерна"
100000005392290100,peripheral,0.15,28,0.006,"низкая активность: 0 вх./1 исх. плательщиков/получателей, без выраженного паттерна"
100000005395727100,terminal,0.8,3,0.239,получил 17 000 KZT от 1 плательщиков  исходящих переводов нет (глубина 0<4)
100000005409680100,terminal,0.8,49,0.2581,получил 55 060 KZT от 2 плательщиков  исходящих переводов нет (глубина 0<4)
100000005417257100,peripheral,0.15,25,0.036,"низкая активность: 0 вх./2 исх. плательщиков/получателей, без выраженного паттерна"
100000005454368100,terminal,0.8,31,0.2561,получил 48 600 KZT от 2 плательщиков  исходящих переводов нет (глубина 0<4)
100000005480435100,terminal,0.8,79,0.08,получил 0 KZT от 0 плательщиков  исходящих переводов нет (глубина 0<4)
100000005485830100,peripheral,0.15,14,0.006,"низкая активность: 0 вх./5 исх. плательщиков/получателей, без выраженного паттерна"
100000005493505100,terminal,0.8,15,0.2901,получил 62 020 KZT от 3 плательщиков  исходящих переводов нет (глубина 0<4)
100000005495722100,terminal,0.8,80,0.08,получил 0 KZT от 0 плательщиков  исходящих переводов нет (глубина 0<4)
100000005498992100,distributor,0.533,24,0.1599,рассылает 2 262 868 KZT на 16 разных получателей
100000005519347100,coordinator,0.703,2,0.5243,"связан с 2 seed-клиентами напрямую, betweenness=0.000"
100000005523088100,terminal,0.8,25,0.3296,получил 700 000 KZT от 1 плательщиков  исходящих переводов нет (глубина 0<4)
100000005543136100,peripheral,0.15,15,0.036,"низкая активность: 0 вх./1 исх. плательщиков/получателей, без выраженного паттерна"
100000005550592100,terminal,0.8,81,0.08,получил 0 KZT от 0 плательщиков  исходящих переводов нет (глубина 0<4)
100000005560900100,terminal,0.8,82,0.08,получил 0 KZT от 0 плательщиков  исходящих переводов нет (глубина 0<4)
100000005568407100,terminal,0.8,83,0.08,получил 0 KZT от 0 плательщиков  исходящих переводов нет (глубина 0<4)
100000005668605100,terminal,0.8,25,0.297,получил 94 500 KZT от 3 плательщиков  исходящих переводов нет (глубина 0<4)
100000005744674100,peripheral,0.15,25,0.036,"низкая активность: 0 вх./1 исх. плательщиков/получателей, без выраженного паттерна"
100000006232815100,peripheral,0.15,37,0.2016,"низкая активность: 1 вх./5 исх. плательщиков/получателей, без выраженного паттерна"
100000006249740100,peripheral,0.15,30,0.006,"низкая активность: 0 вх./3 исх. плательщиков/получателей, без выраженного паттерна"
100000006831291100,peripheral,0.15,30,0.006,"низкая активность: 0 вх./1 исх. плательщиков/получателей, без выраженного паттерна"
100000006866783100,coordinator,1.0,8,0.746,"связан с 0 seed-клиентами напрямую, betweenness=0.009, точка сочленения сети"
100000007018630100,peripheral,0.15,36,0.006,"низкая активность: 0 вх./1 исх. плательщиков/получателей, без выраженного паттерна"
100000007747786100,distributor,1.0,24,0.3,рассылает 4 238 009 KZT на 31 разных получателей
100000007982728100,peripheral,0.15,1,0.036,"низкая активность: 0 вх./8 исх. плательщиков/получателей, без выраженного паттерна"
100000008117324100,terminal,0.8,84,0.08,получил 0 KZT от 0 плательщиков  исходящих переводов нет (глубина 0<4)
100000008205000100,terminal,0.8,85,0.08,получил 0 KZT от 0 плательщиков  исходящих переводов нет (глубина 0<4)
100000008314203100,coordinator,0.7,6,0.5498,"связан с 2 seed-клиентами напрямую, betweenness=0.000"
100000008418835100,coordinator,0.743,3,0.5924,"связан с 2 seed-клиентами напрямую, betweenness=0.000, точка сочленения сети"
100000008513251100,terminal,0.8,86,0.08,получил 0 KZT от 0 плательщиков  исходящих переводов нет (глубина 0<4)
100000008516839100,terminal,0.8,25,0.305,получил 155 000 KZT от 3 плательщиков  исходящих переводов нет (глубина 0<4)
100000008522127100,peripheral,0.15,43,0.006,"низкая активность: 0 вх./1 исх. плательщиков/получателей, без выраженного паттерна"
100000008571433100,peripheral,0.15,35,0.2143,"низкая активность: 2 вх./2 исх. плательщиков/получателей, без выраженного паттерна"
100000008575624100,peripheral,0.15,23,0.006,"низкая активность: 0 вх./3 исх. плательщиков/получателей, без выраженного паттерна"
100000008601794100,peripheral,0.15,19,0.22,"низкая активность: 2 вх./1 исх. плательщиков/получателей, без выраженного паттерна"
100000008637537100,coordinator,0.711,6,0.5632,"связан с 2 seed-клиентами напрямую, betweenness=0.000, точка сочленения сети"
100000008650785100,coordinator,0.703,2,0.5281,"связан с 2 seed-клиентами напрямую, betweenness=0.000, точка сочленения сети"
100000008654653100,peripheral,0.15,2,0.036,"низкая активность: 0 вх./1 исх. плательщиков/получателей, без выраженного паттерна"
100000008659445100,peripheral,0.15,20,0.1992,"низкая активность: 3 вх./4 исх. плательщиков/получателей, без выраженного паттерна"
100000008669037100,terminal,0.8,87,0.08,получил 0 KZT от 0 плательщиков  исходящих переводов нет (глубина 0<4)
100000008673001100,terminal,0.8,25,0.2942,получил 80 000 KZT от 1 плательщиков  исходящих переводов нет (глубина 0<4)
100000008680731100,distributor,0.9,13,0.27,рассылает 1 464 354 KZT на 27 разных получателей
100000008701222100,terminal,0.8,88,0.08,получил 0 KZT от 0 плательщиков  исходящих переводов нет (глубина 0<4)
100000008738325100,coordinator,0.7,25,0.5115,"связан с 2 seed-клиентами напрямую, betweenness=0.000, точка сочленения сети"
100000003134937100,terminal,0.8,2,0.2608,получил 10 286 KZT от 1 плательщиков  исходящих переводов нет (глубина 1<4)
100000005074393100,peripheral,0.15,31,0.2553,"низкая активность: 4 вх./6 исх. плательщиков/получателей, без выраженного паттерна"
100000001924185100,coordinator,0.7,5,0.5346,"связан с 2 seed-клиентами напрямую, betweenness=0.000"
100000004070318100,coordinator,1.0,8,0.7308,"связан с 3 seed-клиентами напрямую, betweenness=0.003, точка сочленения сети"
100000005807278100,terminal,0.8,14,0.2574,получил 8 385 KZT от 1 плательщиков  исходящих переводов нет (глубина 1<4)
100000003377795100,terminal,0.8,24,0.2545,получил 7 000 KZT от 1 плательщиков  исходящих переводов нет (глубина 1<4)
100000004330371100,peripheral,0.15,2,0.2446,"низкая активность: 2 вх./2 исх. плательщиков/получателей, без выраженного паттерна"
100000008165763100,distributor,0.567,15,0.4329,рассылает 1 267 858 KZT на 17 разных получателей
100000001684867100,terminal,0.8,2,0.2785,получил 30 550 KZT от 1 плательщиков  исходящих переводов нет (глубина 1<4)
100000003900547100,terminal,0.8,2,0.2744,получил 23 700 KZT от 1 плательщиков  исходящих переводов нет (глубина 1<4)
100000006656003100,peripheral,0.15,38,0.1976,"низкая активность: 1 вх./1 исх. плательщиков/получателей, без выраженного паттерна"
100000008237827100,terminal,0.8,15,0.2829,получил 40 001 KZT от 1 плательщиков  исходящих переводов нет (глубина 1<4)
100000003014659100,terminal,0.8,5,0.3147,получил 280 000 KZT от 1 плательщиков  исходящих переводов нет (глубина 1<4)
100000007939160100,peripheral,0.15,33,0.2577,"низкая активность: 1 вх./2 исх. плательщиков/получателей, без выраженного паттерна"
100000007274584100,terminal,0.8,15,0.2821,получил 38 000 KZT от 1 плательщиков  исходящих переводов нет (глубина 1<4)
100000001524952100,terminal,0.8,8,0.2985,получил 103 807 KZT от 1 плательщиков  исходящих переводов нет (глубина 1<4)
100000003131693100,terminal,0.8,15,0.3185,получил 353 277 KZT от 1 плательщиков  исходящих переводов нет (глубина 1<4)
100000008383405100,terminal,0.8,63,0.2753,получил 25 000 KZT от 1 плательщиков  исходящих переводов нет (глубина 1<4)
100000008736173100,terminal,0.8,38,0.2788,получил 31 060 KZT от 1 плательщиков  исходящих переводов нет (глубина 1<4)
100000002861485100,terminal,0.8,2,0.2779,получил 29 323 KZT от 1 плательщиков  исходящих переводов нет (глубина 1<4)
100000008745474100,terminal,0.8,38,0.2832,получил 40 559 KZT от 1 плательщиков  исходящих переводов нет (глубина 1<4)
100000008691330100,terminal,0.8,38,0.2728,получил 21 440 KZT от 1 плательщиков  исходящих переводов нет (глубина 1<4)
100000007639767100,coordinator,0.708,16,0.5304,"связан с 2 seed-клиентами напрямую, betweenness=0.000, точка сочленения сети"
100000002921047100,peripheral,0.15,24,0.2441,"низкая активность: 2 вх./1 исх. плательщиков/получателей, без выраженного паттерна"
100000004783447100,terminal,0.8,38,0.276,получил 26 200 KZT от 1 плательщиков  исходящих переводов нет (глубина 1<4)
100000008696919100,terminal,0.8,38,0.2793,получил 31 945 KZT от 1 плательщиков  исходящих переводов нет (глубина 1<4)
100000008736940100,peripheral,0.15,20,0.2485,"низкая активность: 3 вх./3 исх. плательщиков/получателей, без выраженного паттерна"
100000005940652100,terminal,0.8,6,0.2575,получил 8 395 KZT от 1 плательщиков  исходящих переводов нет (глубина 1<4)
100000004180097100,peripheral,0.15,8,0.2292,"низкая активность: 3 вх./3 исх. плательщиков/получателей, без выраженного паттерна"
100000005539201100,peripheral,0.15,2,0.2116,"низкая активность: 1 вх./1 исх. плательщиков/получателей, без выраженного паттерна"
100000005620225100,terminal,0.8,8,0.2865,получил 49 846 KZT от 2 плательщиков  исходящих переводов нет (глубина 1<4)
100000004388353100,terminal,0.8,5,0.2903,получил 62 960 KZT от 2 плательщиков  исходящих переводов нет (глубина 1<4)
100000007442518100,peripheral,0.15,60,0.2542,"низкая активность: 5 вх./9 исх. плательщиков/получателей, без выраженного паттерна"
100000000267734100,peripheral,0.15,24,0.2335,"низкая активность: 2 вх./7 исх. плательщиков/получателей, без выраженного паттерна"
100000001987030100,peripheral,0.15,3,0.2055,"низкая активность: 2 вх./1 исх. плательщиков/получателей, без выраженного паттерна"
100000002603478100,terminal,0.8,13,0.2742,получил 23 500 KZT от 1 плательщиков  исходящих переводов нет (глубина 1<4)
100000001380054100,peripheral,0.15,37,0.2278,"низкая активность: 2 вх./3 исх. плательщиков/получателей, без выраженного паттерна"
100000002992171100,terminal,0.8,38,0.2665,получил 14 627 KZT от 1 плательщиков  исходящих переводов нет (глубина 1<4)
100000002781227100,transit,0.889,43,0.3549,"получает от 2, передаёт 3; pass-through 1.11 — деньги не задерживаются"
100000008745643100,terminal,0.8,38,0.2719,получил 20 313 KZT от 1 плательщиков  исходящих переводов нет (глубина 1<4)
100000002836736100,terminal,0.8,1,0.3244,получил 509 000 KZT от 2 плательщиков  исходящих переводов нет (глубина 1<4)
100000004188160100,peripheral,0.15,2,0.2226,"низкая активность: 2 вх./5 исх. плательщиков/получателей, без выраженного паттерна"
100000004841728100,terminal,0.8,38,0.2873,получил 52 208 KZT от 1 плательщиков  исходящих переводов нет (глубина 1<4)
100000001554432100,terminal,0.8,15,0.2878,получил 53 920 KZT от 1 плательщиков  исходящих переводов нет (глубина 1<4)
100000008768896100,terminal,0.8,38,0.2856,получил 47 060 KZT от 1 плательщиков  исходящих переводов нет (глубина 1<4)
100000008232832100,peripheral,0.15,6,0.2437,"низкая активность: 1 вх./1 исх. плательщиков/получателей, без выраженного паттерна"
100000002864256100,terminal,0.8,15,0.3029,получил 135 780 KZT от 1 плательщиков  исходящих переводов нет (глубина 1<4)
100000001929088100,coordinator,0.7,24,0.5503,"связан с 2 seed-клиентами напрямую, betweenness=0.000"
100000002794197100,terminal,0.8,24,0.2783,получил 30 100 KZT от 1 плательщиков  исходящих переводов нет (глубина 1<4)
100000005669845100,terminal,0.8,37,0.2716,получил 20 000 KZT от 1 плательщиков  исходящих переводов нет (глубина 1<4)
100000002211413100,terminal,0.8,38,0.2817,получил 37 000 KZT от 1 плательщиков  исходящих переводов нет (глубина 1<4)
100000002784085100,terminal,0.8,24,0.3092,получил 200 000 KZT от 1 плательщиков  исходящих переводов нет (глубина 1<4)
100000008782421100,terminal,0.8,38,0.2865,получил 49 680 KZT от 1 плательщиков  исходящих переводов нет (глубина 1<4)
100000003739818100,terminal,0.8,15,0.2888,получил 57 293 KZT от 1 плательщиков  исходящих переводов нет (глубина 1<4)
100000002214570100,terminal,0.8,38,0.2762,получил 26 471 KZT от 1 плательщиков  исходящих переводов нет (глубина 1<4)
100000006443391100,peripheral,0.15,24,0.2216,"низкая активность: 3 вх./2 исх. плательщиков/получателей, без выраженного паттерна"
100000005473151100,peripheral,0.15,29,0.2684,"низкая активность: 3 вх./4 исх. плательщиков/получателей, без выраженного паттерна"
100000005124479100,peripheral,0.15,8,0.2298,"низкая активность: 2 вх./2 исх. плательщиков/получателей, без выраженного паттерна"
100000005527892100,peripheral,0.15,21,0.2472,"низкая активность: 3 вх./8 исх. плательщиков/получателей, без выраженного паттерна"
100000008028628100,terminal,0.8,38,0.2888,получил 57 224 KZT от 1 плательщиков  исходящих переводов нет (глубина 1<4)
100000001953577100,terminal,0.8,38,0.2676,получил 15 600 KZT от 1 плательщиков  исходящих переводов нет (глубина 1<4)
100000008193577100,peripheral,0.15,20,0.231,"низкая активность: 2 вх./5 исх. плательщиков/получателей, без выраженного паттерна"
100000008753193100,terminal,0.8,38,0.2809,получил 35 225 KZT от 1 плательщиков  исходящих переводов нет (глубина 1<4)
100000008746025100,terminal,0.8,38,0.2732,получил 22 000 KZT от 1 плательщиков  исходящих переводов нет (глубина 1<4)
100000002934441100,terminal,0.8,8,0.2898,получил 60 846 KZT от 2 плательщиков  исходящих переводов нет (глубина 1<4)
100000003701161100,peripheral,0.15,11,0.2715,"низкая активность: 4 вх./3 исх. плательщиков/получателей, без выраженного паттерна"
100000006707582100,peripheral,0.15,29,0.2138,"низкая активность: 2 вх./14 исх. плательщиков/получателей, без выраженного паттерна"
100000003239379100,terminal,0.8,13,0.2966,получил 92 500 KZT от 1 плательщиков  исходящих переводов нет (глубина 1<4)
100000000979923100,terminal,0.8,5,0.2975,получил 97 900 KZT от 1 плательщиков  исходящих переводов нет (глубина 1<4)
100000001111763100,terminal,0.8,38,0.2691,получил 17 144 KZT от 1 плательщиков  исходящих переводов нет (глубина 1<4)
100000003865939100,terminal,0.8,28,0.2945,получил 81 465 KZT от 1 плательщиков  исходящих переводов нет (глубина 1<4)
100000002858835100,terminal,0.8,38,0.2749,получил 24 400 KZT от 1 плательщиков  исходящих переводов нет (глубина 1<4)
100000003404627100,terminal,0.8,6,0.3333,получил 877 700 KZT от 4 плательщиков  исходящих переводов нет (глубина 1<4)
100000008691027100,terminal,0.8,38,0.2695,получил 17 534 KZT от 1 плательщиков  исходящих переводов нет (глубина 1<4)
100000004071080100,consolidator,0.9,8,0.5566,получает от 9 разных плательщиков (238 600 KZT)  отдаёт дальше 19% полученного
100000002864680100,terminal,0.8,13,0.2884,получил 55 932 KZT от 1 плательщиков  исходящих переводов нет (глубина 1<4)
100000001330685100,peripheral,0.15,9,0.2763,"низкая активность: 3 вх./1 исх. плательщиков/получателей, без выраженного паттерна"
100000008745725100,terminal,0.8,38,0.2856,получил 47 060 KZT от 1 плательщиков  исходящих переводов нет (глубина 1<4)
100000002621949100,terminal,0.8,15,0.306,получил 164 612 KZT от 1 плательщиков  исходящих переводов нет (глубина 1<4)
100000007908818100,coordinator,0.724,15,0.5725,"связан с 2 seed-клиентами напрямую, betweenness=0.000, точка сочленения сети"
100000008691495100,terminal,0.8,38,0.2765,получил 27 000 KZT от 1 плательщиков  исходящих переводов нет (глубина 1<4)
100000003832231100,terminal,0.8,15,0.2807,получил 35 000 KZT от 1 плательщиков  исходящих переводов нет (глубина 1<4)
100000002371751100,peripheral,0.15,36,0.2352,"низкая активность: 1 вх./1 исх. плательщиков/получателей, без выраженного паттерна"
100000002894076100,coordinator,0.7,24,0.5673,"связан с 2 seed-клиентами напрямую, betweenness=0.000"
100000001362940100,terminal,0.8,15,0.2944,получил 81 000 KZT от 1 плательщиков  исходящих переводов нет (глубина 1<4)
100000008741372100,terminal,0.8,38,0.2812,получил 35 975 KZT от 1 плательщиков  исходящих переводов нет (глубина 1<4)
100000002618492100,terminal,0.8,5,0.3156,получил 296 500 KZT от 2 плательщиков  исходящих переводов нет (глубина 1<4)
100000002750332100,terminal,0.8,24,0.2624,получил 11 360 KZT от 1 плательщиков  исходящих переводов нет (глубина 1<4)
100000004948177100,terminal,0.8,2,0.322,получил 437 163 KZT от 3 плательщиков  исходящих переводов нет (глубина 1<4)
100000002511825100,terminal,0.8,8,0.2908,получил 65 000 KZT от 1 плательщиков  исходящих переводов нет (глубина 1<4)
100000008566737100,terminal,0.8,8,0.3115,получил 230 000 KZT от 2 плательщиков  исходящих переводов нет (глубина 1<4)
100000008661585100,terminal,0.8,38,0.2842,получил 43 141 KZT от 1 плательщиков  исходящих переводов нет (глубина 1<4)
100000004759121100,consolidator,0.6,8,0.467,получает от 6 разных плательщиков (710 000 KZT)  отдаёт дальше 44% полученного
100000004360785100,terminal,0.8,2,0.297,получил 94 705 KZT от 1 плательщиков  исходящих переводов нет (глубина 1<4)
100000005092518100,terminal,0.8,38,0.276,получил 26 144 KZT от 1 плательщиков  исходящих переводов нет (глубина 1<4)
100000008737958100,terminal,0.8,38,0.2876,получил 53 373 KZT от 2 плательщиков  исходящих переводов нет (глубина 1<4)
100000003044518100,terminal,0.8,24,0.2805,получил 34 423 KZT от 1 плательщиков  исходящих переводов нет (глубина 1<4)
100000004159526100,peripheral,0.15,0,0.2418,"низкая активность: 4 вх./4 исх. плательщиков/получателей, без выраженного паттерна"
100000007544358100,transit,0.915,2,0.3654,"получает от 2, передаёт 1; pass-through 1.09 — деньги не задерживаются"
100000005901606100,terminal,0.8,38,0.2811,получил 35 660 KZT от 1 плательщиков  исходящих переводов нет (глубина 1<4)
100000006658598100,terminal,0.8,2,0.2586,получил 9 000 KZT от 1 плательщиков  исходящих переводов нет (глубина 1<4)
100000002793851100,terminal,0.8,2,0.2619,получил 11 052 KZT от 1 плательщиков  исходящих переводов нет (глубина 1<4)
100000005612411100,peripheral,0.15,15,0.2285,"низкая активность: 3 вх./8 исх. плательщиков/получателей, без выраженного паттерна"
100000007511163100,coordinator,0.705,2,0.523,"связан с 2 seed-клиентами напрямую, betweenness=0.000"
100000002648315100,peripheral,0.15,24,0.2284,"низкая активность: 1 вх./2 исх. плательщиков/получателей, без выраженного паттерна"
100000004739664100,transit,0.833,38,0.2999,"получает от 1, передаёт 1; pass-through 0.83 — деньги не задерживаются"
100000003713616100,terminal,0.8,2,0.2679,получил 15 893 KZT от 1 плательщиков  исходящих переводов нет (глубина 1<4)
100000003476560100,terminal,0.8,15,0.2866,получил 50 000 KZT от 1 плательщиков  исходящих переводов нет (глубина 1<4)
100000008782800100,terminal,0.8,38,0.2843,получил 43 381 KZT от 1 плательщиков  исходящих переводов нет (глубина 1<4)
100000004218576100,terminal,0.8,38,0.276,получил 26 144 KZT от 1 плательщиков  исходящих переводов нет (глубина 1<4)
100000003299365100,transit,1.0,15,0.3692,"получает от 1, передаёт 1; pass-through 1.00 — деньги не задерживаются"
100000008730021100,terminal,0.8,3,0.2933,получил 75 555 KZT от 1 плательщиков  исходящих переводов нет (глубина 1<4)
100000002757797100,terminal,0.8,13,0.2979,получил 100 000 KZT от 1 плательщиков  исходящих переводов нет (глубина 1<4)
100000002845605100,terminal,0.8,8,0.2889,получил 57 567 KZT от 1 плательщиков  исходящих переводов нет (глубина 1<4)
100000000817146100,terminal,0.8,2,0.2921,получил 70 020 KZT от 1 плательщиков  исходящих переводов нет (глубина 1<4)
100000002957306100,coordinator,0.7,5,0.5504,"связан с 2 seed-клиентами напрямую, betweenness=0.000"
100000008188026100,peripheral,0.15,3,0.2243,"низкая активность: 2 вх./4 исх. плательщиков/получателей, без выраженного паттерна"
100000004790991100,terminal,0.8,2,0.3121,получил 239 413 KZT от 1 плательщиков  исходящих переводов нет (глубина 1<4)
100000002973903100,terminal,0.8,13,0.2967,получил 92 880 KZT от 3 плательщиков  исходящих переводов нет (глубина 1<4)
100000004325327100,transit,0.988,8,0.3511,"получает от 2, передаёт 1; pass-through 0.99 — деньги не задерживаются"
100000001477796100,terminal,0.8,15,0.3077,получил 182 000 KZT от 1 плательщиков  исходящих переводов нет (глубина 1<4)
100000007536804100,peripheral,0.15,24,0.2239,"низкая активность: 1 вх./2 исх. плательщиков/получателей, без выраженного паттерна"
100000008665380100,peripheral,0.15,8,0.2181,"низкая активность: 2 вх./1 исх. плательщиков/получателей, без выраженного паттерна"
100000001870116100,terminal,0.8,38,0.2746,получил 24 000 KZT от 1 плательщиков  исходящих переводов нет (глубина 1<4)
100000001074553100,coordinator,0.7,24,0.5077,"связан с 2 seed-клиентами напрямую, betweenness=0.000"
100000000978041100,terminal,0.8,38,0.2846,получил 44 445 KZT от 1 плательщиков  исходящих переводов нет (глубина 1<4)
100000002603769100,terminal,0.8,8,0.3382,получил 1 185 368 KZT от 3 плательщиков  исходящих переводов нет (глубина 1<4)
100000005034574100,terminal,0.8,26,0.3134,получил 258 816 KZT от 1 плательщиков  исходящих переводов нет (глубина 1<4)
100000002958286100,terminal,0.8,24,0.3133,получил 257 000 KZT от 1 плательщиков  исходящих переводов нет (глубина 1<4)
100000005634552100,peripheral,0.15,8,0.2023,"низкая активность: 1 вх./3 исх. плательщиков/получателей, без выраженного паттерна"
100000008736760100,terminal,0.8,38,0.2881,получил 54 757 KZT от 1 плательщиков  исходящих переводов нет (глубина 1<4)
100000008701944100,terminal,0.8,3,0.2872,получил 52 124 KZT от 1 плательщиков  исходящих переводов нет (глубина 1<4)
100000008748408100,distributor,0.7,1,0.4489,рассылает 1 499 960 KZT на 21 разных получателей
100000008486520100,peripheral,0.15,2,0.2074,"низкая активность: 1 вх./1 исх. плательщиков/получателей, без выраженного паттерна"
100000003163256100,transit,0.888,2,0.3098,"получает от 1, передаёт 1; pass-through 1.11 — деньги не задерживаются"
100000003102157100,terminal,0.8,8,0.2973,получил 96 746 KZT от 1 плательщиков  исходящих переводов нет (глубина 1<4)
100000004741837100,terminal,0.8,2,0.2756,получил 25 596 KZT от 1 плательщиков  исходящих переводов нет (глубина 1<4)
100000008443341100,peripheral,0.15,8,0.2114,"низкая активность: 2 вх./3 исх. плательщиков/получателей, без выраженного паттерна"
100000004792397100,terminal,0.8,38,0.2929,получил 73 520 KZT от 1 плательщиков  исходящих переводов нет (глубина 1<4)
100000003809101100,peripheral,0.15,5,0.2341,"низкая активность: 2 вх./2 исх. плательщиков/получателей, без выраженного паттерна"
100000002838861100,coordinator,0.703,24,0.5573,"связан с 2 seed-клиентами напрямую, betweenness=0.000, точка сочленения сети"
100000008560717100,consolidator,0.7,9,0.4973,получает от 7 разных плательщиков (529 000 KZT)  отдаёт дальше 5% полученного
100000008693069100,terminal,0.8,38,0.2716,получил 20 000 KZT от 1 плательщиков  исходящих переводов нет (глубина 1<4)
100000008672162100,terminal,0.8,38,0.2675,получил 15 550 KZT от 1 плательщиков  исходящих переводов нет (глубина 1<4)
100000007311010100,peripheral,0.15,15,0.2171,"низкая активность: 2 вх./1 исх. плательщиков/получателей, без выраженного паттерна"
100000005505655100,peripheral,0.15,51,0.2098,"низкая активность: 2 вх./1 исх. плательщиков/получателей, без выраженного паттерна"
100000004707703100,coordinator,0.872,2,0.6433,"связан с 3 seed-клиентами напрямую, betweenness=0.000, точка сочленения сети"
100000004005964100,peripheral,0.15,44,0.2235,"низкая активность: 3 вх./3 исх. плательщиков/получателей, без выраженного паттерна"
100000008244300100,consolidator,0.5,9,0.391,получает от 5 разных плательщиков (65 430 KZT)  отдаёт дальше 0% полученного
100000002692044100,terminal,0.8,13,0.2974,получил 97 000 KZT от 1 плательщиков  исходящих переводов нет (глубина 1<4)
100000001103905100,terminal,0.8,38,0.2699,получил 18 000 KZT от 1 плательщиков  исходящих переводов нет (глубина 1<4)
100000008755361100,terminal,0.8,38,0.2665,получил 14 627 KZT от 1 плательщиков  исходящих переводов нет (глубина 1<4)
100000002810870100,terminal,0.8,38,0.2801,получил 33 677 KZT от 1 плательщиков  исходящих переводов нет (глубина 1<4)
100000005897462100,terminal,0.8,5,0.2976,получил 98 400 KZT от 1 плательщиков  исходящих переводов нет (глубина 1<4)
100000000941942100,terminal,0.8,15,0.3022,получил 130 000 KZT от 1 плательщиков  исходящих переводов нет (глубина 1<4)
100000008723830100,transit,0.99,2,0.3817,"получает от 2, передаёт 1; pass-through 0.99 — деньги не задерживаются"
100000008776576100,terminal,0.8,38,0.2667,получил 14 765 KZT от 1 плательщиков  исходящих переводов нет (глубина 1<4)
100000005432267100,terminal,0.8,15,0.3183,получил 350 001 KZT от 2 плательщиков  исходящих переводов нет (глубина 1<4)
100000006745291100,terminal,0.8,5,0.2947,получил 82 534 KZT от 1 плательщиков  исходящих переводов нет (глубина 1<4)
100000008670667100,terminal,0.8,38,0.2675,получил 15 534 KZT от 1 плательщиков  исходящих переводов нет (глубина 1<4)
100000002480800100,terminal,0.8,15,0.3263,получил 569 251 KZT от 2 плательщиков  исходящих переводов нет (глубина 1<4)
100000002182176100,terminal,0.8,8,0.2839,получил 42 465 KZT от 1 плательщиков  исходящих переводов нет (глубина 1<4)
100000008219168100,terminal,0.8,24,0.2876,получил 53 200 KZT от 1 плательщиков  исходящих переводов нет (глубина 1<4)
100000004226848100,terminal,0.8,15,0.3159,получил 301 866 KZT от 1 плательщиков  исходящих переводов нет (глубина 1<4)
100000006326645100,terminal,0.8,38,0.2754,получил 25 264 KZT от 1 плательщиков  исходящих переводов нет (глубина 1<4)
100000003589877100,peripheral,0.15,32,0.2347,"низкая активность: 2 вх./6 исх. плательщиков/получателей, без выраженного паттерна"
100000003942602100,transit,1.0,38,0.3382,"получает от 1, передаёт 1; pass-through 1.00 — деньги не задерживаются"
100000000922570100,transit,0.938,13,0.3369,"получает от 1, передаёт 1; pass-through 1.06 — деньги не задерживаются"
100000005079754100,peripheral,0.15,15,0.2194,"низкая активность: 1 вх./2 исх. плательщиков/получателей, без выраженного паттерна"
100000003187359100,terminal,0.8,38,0.2708,получил 19 072 KZT от 1 плательщиков  исходящих переводов нет (глубина 1<4)
100000000998559100,terminal,0.8,15,0.2979,получил 100 000 KZT от 1 плательщиков  исходящих переводов нет (глубина 1<4)
100000008690932100,terminal,0.8,38,0.2739,получил 23 000 KZT от 1 плательщиков  исходящих переводов нет (глубина 1<4)
100000008773876100,terminal,0.8,38,0.276,получил 26 120 KZT от 1 плательщиков  исходящих переводов нет (глубина 1<4)
100000006789108100,terminal,0.8,5,0.2819,получил 37 500 KZT от 1 плательщиков  исходящих переводов нет (глубина 1<4)
100000004058740100,terminal,0.8,38,0.2782,получил 30 000 KZT от 1 плательщиков  исходящих переводов нет (глубина 1<4)
100000007641801100,terminal,0.8,24,0.3092,получил 200 000 KZT от 1 плательщиков  исходящих переводов нет (глубина 1<4)
100000000555721100,terminal,0.8,8,0.2999,получил 113 000 KZT от 2 плательщиков  исходящих переводов нет (глубина 1<4)
100000008729801100,terminal,0.8,38,0.2695,получил 17 534 KZT от 1 плательщиков  исходящих переводов нет (глубина 1<4)
100000004664905100,terminal,0.8,2,0.3173,получил 329 020 KZT от 2 плательщиков  исходящих переводов нет (глубина 1<4)
100000003057225100,terminal,0.8,2,0.3119,получил 236 000 KZT от 1 плательщиков  исходящих переводов нет (глубина 1<4)
100000000703902100,terminal,0.8,38,0.2756,получил 25 499 KZT от 1 плательщиков  исходящих переводов нет (глубина 1<4)
100000008720798100,terminal,0.8,38,0.2675,получил 15 534 KZT от 1 плательщиков  исходящих переводов нет (глубина 1<4)
100000001411870100,terminal,0.8,1,0.3337,получил 900 000 KZT от 2 плательщиков  исходящих переводов нет (глубина 1<4)
100000008556318100,terminal,0.8,15,0.3075,получил 180 132 KZT от 2 плательщиков  исходящих переводов нет (глубина 1<4)
100000002720627100,terminal,0.8,5,0.3091,получил 199 300 KZT от 1 плательщиков  исходящих переводов нет (глубина 1<4)
100000003022835100,terminal,0.8,15,0.3015,получил 125 000 KZT от 1 плательщиков  исходящих переводов нет (глубина 1<4)
100000008304115100,terminal,0.8,13,0.2869,получил 51 000 KZT от 1 плательщиков  исходящих переводов нет (глубина 1<4)
100000003886323100,peripheral,0.15,2,0.2201,"низкая активность: 2 вх./1 исх. плательщиков/получателей, без выраженного паттерна"
100000000607731100,peripheral,0.15,37,0.1976,"низкая активность: 1 вх./1 исх. плательщиков/получателей, без выраженного паттерна"
100000005961971100,terminal,0.8,38,0.2857,получил 47 353 KZT от 1 плательщиков  исходящих переводов нет (глубина 1<4)
100000000440392100,terminal,0.8,2,0.2988,получил 105 705 KZT от 1 плательщиков  исходящих переводов нет (глубина 1<4)
100000004105288100,terminal,0.8,15,0.3104,получил 215 000 KZT от 2 плательщиков  исходящих переводов нет (глубина 1<4)
100000008169544100,coordinator,0.703,2,0.5345,"связан с 2 seed-клиентами напрямую, betweenness=0.000, точка сочленения сети"
100000004186824100,peripheral,0.15,2,0.2485,"низкая активность: 2 вх./1 исх. плательщиков/получателей, без выраженного паттерна"
100000008672200100,terminal,0.8,38,0.2577,получил 8 511 KZT от 1 плательщиков  исходящих переводов нет (глубина 1<4)
100000002188829100,terminal,0.8,15,0.3205,получил 400 000 KZT от 1 плательщиков  исходящих переводов нет (глубина 1<4)
100000008717341100,terminal,0.8,38,0.2665,получил 14 627 KZT от 1 плательщиков  исходящих переводов нет (глубина 1<4)
100000002214301100,peripheral,0.15,8,0.2002,"низкая активность: 1 вх./1 исх. плательщиков/получателей, без выраженного паттерна"
100000002565277100,terminal,0.8,15,0.3236,получил 483 319 KZT от 1 плательщиков  исходящих переводов нет (глубина 1<4)
100000005546031100,peripheral,0.15,23,0.2173,"низкая активность: 3 вх./1 исх. плательщиков/получателей, без выраженного паттерна"
100000003449074100,terminal,0.8,8,0.2603,получил 10 000 KZT от 1 плательщиков  исходящих переводов нет (глубина 1<4)
100000008748914100,coordinator,0.787,15,0.5816,"связан с 2 seed-клиентами напрямую, betweenness=0.001, точка сочленения сети"
100000004744306100,coordinator,0.705,25,0.5244,"связан с 2 seed-клиентами напрямую, betweenness=0.000, точка сочленения сети"
100000003158727100,terminal,0.8,24,0.3191,получил 367 940 KZT от 3 плательщиков  исходящих переводов нет (глубина 1<4)
100000001389255100,terminal,0.8,38,0.2681,получил 16 136 KZT от 1 плательщиков  исходящих переводов нет (глубина 1<4)
100000008695495100,terminal,0.8,38,0.2724,получил 21 000 KZT от 1 плательщиков  исходящих переводов нет (глубина 1<4)
100000004015047100,coordinator,0.866,1,0.6622,"связан с 3 seed-клиентами напрямую, betweenness=0.000"
100000005183943100,terminal,0.8,33,0.3292,получил 680 900 KZT от 1 плательщиков  исходящих переводов нет (глубина 1<4)
100000003004487100,peripheral,0.15,12,0.2366,"низкая активность: 4 вх./2 исх. плательщиков/получателей, без выраженного паттерна"
100000003042994100,terminal,0.8,2,0.315,получил 286 086 KZT от 1 плательщиков  исходящих переводов нет (глубина 1<4)
100000001899164100,peripheral,0.15,13,0.2432,"низкая активность: 4 вх./3 исх. плательщиков/получателей, без выраженного паттерна"
100000003946524100,transit,0.918,15,0.3529,"получает от 2, передаёт 2; pass-through 1.08 — деньги не задерживаются"
100000008717340100,terminal,0.8,38,0.2835,получил 41 500 KZT от 1 плательщиков  исходящих переводов нет (глубина 1<4)
100000003831324100,terminal,0.8,24,0.3158,получил 300 000 KZT от 2 плательщиков  исходящих переводов нет (глубина 1<4)
100000008129393100,terminal,0.8,30,0.2603,получил 10 000 KZT от 1 плательщиков  исходящих переводов нет (глубина 1<4)
100000004388209100,terminal,0.8,38,0.263,получил 11 800 KZT от 1 плательщиков  исходящих переводов нет (глубина 1<4)
100000000706545100,peripheral,0.15,2,0.2629,"низкая активность: 3 вх./1 исх. плательщиков/получателей, без выраженного паттерна"
100000004497606100,terminal,0.8,38,0.2675,получил 15 534 KZT от 1 плательщиков  исходящих переводов нет (глубина 1<4)
100000008470470100,terminal,0.8,38,0.2801,получил 33 547 KZT от 1 плательщиков  исходящих переводов нет (глубина 1<4)
100000004318918100,terminal,0.8,5,0.2933,получил 75 600 KZT от 1 плательщиков  исходящих переводов нет (глубина 1<4)
100000005228059100,terminal,0.8,38,0.2759,получил 26 000 KZT от 1 плательщиков  исходящих переводов нет (глубина 1<4)
100000001609499100,peripheral,0.15,8,0.2397,"низкая активность: 3 вх./2 исх. плательщиков/получателей, без выраженного паттерна"
100000002824176100,terminal,0.8,1,0.3038,получил 144 000 KZT от 1 плательщиков  исходящих переводов нет (глубина 1<4)
100000001363952100,peripheral,0.15,17,0.2352,"низкая активность: 2 вх./1 исх. плательщиков/получателей, без выраженного паттерна"
100000001049200100,peripheral,0.15,49,0.2351,"низкая активность: 2 вх./4 исх. плательщиков/получателей, без выраженного паттерна"
100000002662768100,terminal,0.8,15,0.2951,получил 84 300 KZT от 1 плательщиков  исходящих переводов нет (глубина 1<4)
100000004737477100,transit,0.817,8,0.3211,"получает от 2, передаёт 1; pass-through 0.82 — деньги не задерживаются"
100000008680451100,terminal,0.8,38,0.2743,получил 23 534 KZT от 1 плательщиков  исходящих переводов нет (глубина 1<4)
100000001952325100,terminal,0.8,38,0.2938,получил 77 888 KZT от 1 плательщиков  исходящих переводов нет (глубина 1<4)
100000008751429100,peripheral,0.15,20,0.2459,"низкая активность: 3 вх./1 исх. плательщиков/получателей, без выраженного паттерна"
100000001960517100,terminal,0.8,1,0.3092,получил 200 000 KZT от 1 плательщиков  исходящих переводов нет (глубина 1<4)
100000008686234100,terminal,0.8,8,0.2828,получил 39 778 KZT от 1 плательщиков  исходящих переводов нет (глубина 1<4)
100000004213658100,terminal,0.8,38,0.2755,получил 25 347 KZT от 1 плательщиков  исходящих переводов нет (глубина 1<4)
100000001194266100,terminal,0.8,15,0.2866,получил 50 000 KZT от 1 плательщиков  исходящих переводов нет (глубина 1<4)
100000002243354100,terminal,0.8,38,0.2723,получил 20 879 KZT от 1 плательщиков  исходящих переводов нет (глубина 1<4)
100000006069103100,transit,0.82,42,0.347,"получает от 3, передаёт 3; pass-through 1.18 — деньги не задерживаются"
100000002760175100,terminal,0.8,5,0.3081,получил 187 410 KZT от 1 плательщиков  исходящих переводов нет (глубина 1<4)
100000003567087100,terminal,0.8,38,0.2901,получил 62 115 KZT от 1 плательщиков  исходящих переводов нет (глубина 1<4)
100000008229700100,peripheral,0.15,13,0.2003,"низкая активность: 1 вх./1 исх. плательщиков/получателей, без выраженного паттерна"
100000004076740100,peripheral,0.15,10,0.2286,"низкая активность: 3 вх./6 исх. плательщиков/получателей, без выраженного паттерна"
100000003284932100,terminal,0.8,15,0.292,получил 69 925 KZT от 1 плательщиков  исходящих переводов нет (глубина 1<4)
100000008071620100,terminal,0.8,8,0.2855,получил 46 968 KZT от 1 плательщиков  исходящих переводов нет (глубина 1<4)
100000003235780100,terminal,0.8,8,0.2908,получил 65 000 KZT от 2 плательщиков  исходящих переводов нет (глубина 1<4)
100000005363908100,transit,1.0,23,0.3312,"получает от 1, передаёт 1; pass-through 1.00 — деньги не задерживаются"
100000001851289100,terminal,0.8,2,0.2994,получил 109 510 KZT от 1 плательщиков  исходящих переводов нет (глубина 1<4)
100000002870937100,terminal,0.8,24,0.295,получил 83 700 KZT от 1 плательщиков  исходящих переводов нет (глубина 1<4)
100000002152857100,peripheral,0.15,1,0.2293,"низкая активность: 1 вх./5 исх. плательщиков/получателей, без выраженного паттерна"
100000002600345100,terminal,0.8,2,0.2873,получил 52 400 KZT от 2 плательщиков  исходящих переводов нет (глубина 1<4)
100000002580377100,peripheral,0.15,2,0.2083,"низкая активность: 1 вх./1 исх. плательщиков/получателей, без выраженного паттерна"
100000004094958100,transit,0.974,23,0.3389,"получает от 1, передаёт 1; pass-through 1.03 — деньги не задерживаются"
100000002609774100,peripheral,0.15,29,0.182,"низкая активность: 1 вх./1 исх. плательщиков/получателей, без выраженного паттерна"
100000002596035100,terminal,0.8,5,0.3116,получил 231 570 KZT от 1 плательщиков  исходящих переводов нет (глубина 1<4)
100000004664515100,terminal,0.8,8,0.282,получил 37 691 KZT от 1 плательщиков  исходящих переводов нет (глубина 1<4)
100000000661912100,consolidator,0.5,8,0.4256,получает от 5 разных плательщиков (393 036 KZT)  отдаёт дальше 110% полученного
100000004144536100,terminal,0.8,44,0.3063,получил 168 000 KZT от 4 плательщиков  исходящих переводов нет (глубина 1<4)
100000006177176100,terminal,0.8,2,0.2584,получил 8 911 KZT от 1 плательщиков  исходящих переводов нет (глубина 1<4)
100000002158488100,terminal,0.8,38,0.2791,получил 31 723 KZT от 1 плательщиков  исходящих переводов нет (глубина 1<4)
100000000041368100,terminal,0.8,15,0.3055,получил 160 000 KZT от 1 плательщиков  исходящих переводов нет (глубина 1<4)
100000008722328100,terminal,0.8,38,0.2744,получил 23 677 KZT от 1 плательщиков  исходящих переводов нет (глубина 1<4)
100000008735384100,terminal,0.8,38,0.2826,получил 39 220 KZT от 1 плательщиков  исходящих переводов нет (глубина 1<4)
100000004480280100,coordinator,0.705,15,0.5367,"связан с 2 seed-клиентами напрямую, betweenness=0.000, точка сочленения сети"
100000004286573100,terminal,0.8,13,0.2686,получил 16 590 KZT от 1 плательщиков  исходящих переводов нет (глубина 1<4)
100000001746925100,peripheral,0.15,15,0.2186,"низкая активность: 1 вх./1 исх. плательщиков/получателей, без выраженного паттерна"
100000001660397100,transit,0.992,8,0.3481,"получает от 2, передаёт 3; pass-through 1.01 — деньги не задерживаются"
100000002591469100,terminal,0.8,24,0.3119,получил 235 670 KZT от 1 плательщиков  исходящих переводов нет (глубина 1<4)
100000002731501100,peripheral,0.15,44,0.2523,"низкая активность: 3 вх./7 исх. плательщиков/получателей, без выраженного паттерна"
100000000089154100,coordinator,0.705,8,0.4929,"связан с 2 seed-клиентами напрямую, betweenness=0.000, точка сочленения сети"
100000008732098100,terminal,0.8,38,0.2676,получил 15 677 KZT от 1 плательщиков  исходящих переводов нет (глубина 1<4)
100000005456919100,peripheral,0.15,20,0.2495,"низкая активность: 2 вх./1 исх. плательщиков/получателей, без выраженного паттерна"
100000000507799100,peripheral,0.15,62,0.1771,"низкая активность: 1 вх./1 исх. плательщиков/получателей, без выраженного паттерна"
100000008716439100,terminal,0.8,38,0.2636,получил 12 267 KZT от 1 плательщиков  исходящих переводов нет (глубина 1<4)
100000002981527100,terminal,0.8,24,0.3063,получил 168 000 KZT от 1 плательщиков  исходящих переводов нет (глубина 1<4)
100000002844652100,terminal,0.8,24,0.2899,получил 61 360 KZT от 1 плательщиков  исходящих переводов нет (глубина 1<4)
100000002605548100,terminal,0.8,5,0.3004,получил 116 695 KZT от 2 плательщиков  исходящих переводов нет (глубина 1<4)
100000002750956100,terminal,0.8,8,0.2857,получил 47 416 KZT от 1 плательщиков  исходящих переводов нет (глубина 1<4)
100000002982252100,terminal,0.8,38,0.2719,получил 20 320 KZT от 1 плательщиков  исходящих переводов нет (глубина 1<4)
100000000961900100,terminal,0.8,8,0.2812,получил 36 000 KZT от 2 плательщиков  исходящих переводов нет (глубина 1<4)
100000007175718100,terminal,0.8,14,0.2716,получил 20 000 KZT от 1 плательщиков  исходящих переводов нет (глубина 1<4)
100000002306369100,peripheral,0.15,15,0.2259,"низкая активность: 1 вх./6 исх. плательщиков/получателей, без выраженного паттерна"
100000000667713100,coordinator,0.711,2,0.5364,"связан с 2 seed-клиентами напрямую, betweenness=0.000, точка сочленения сети"
100000001072022100,terminal,0.8,15,0.344,получил 1 684 000 KZT от 3 плательщиков  исходящих переводов нет (глубина 1<4)
100000008116374100,terminal,0.8,2,0.2789,получил 31 284 KZT от 1 плательщиков  исходящих переводов нет (глубина 1<4)
100000000703894100,peripheral,0.15,37,0.2269,"низкая активность: 1 вх./1 исх. плательщиков/получателей, без выраженного паттерна"
100000008066326100,terminal,0.8,8,0.2711,получил 19 320 KZT от 1 плательщиков  исходящих переводов нет (глубина 1<4)
100000004662806100,peripheral,0.15,13,0.2255,"низкая активность: 2 вх./2 исх. плательщиков/получателей, без выраженного паттерна"
100000005778283100,coordinator,0.7,24,0.5575,"связан с 2 seed-клиентами напрямую, betweenness=0.000"
100000004408683100,terminal,0.8,2,0.2999,получил 112 920 KZT от 2 плательщиков  исходящих переводов нет (глубина 1<4)
100000002704875100,terminal,0.8,17,0.3125,получил 244 891 KZT от 3 плательщиков  исходящих переводов нет (глубина 1<4)
100000008349675100,peripheral,0.15,24,0.2114,"низкая активность: 1 вх./1 исх. плательщиков/получателей, без выраженного паттерна"
100000006889963100,coordinator,0.703,9,0.5729,"связан с 2 seed-клиентами напрямую, betweenness=0.000, точка сочленения сети"
100000008771819100,terminal,0.8,38,0.2825,получил 38 900 KZT от 1 плательщиков  исходящих переводов нет (глубина 1<4)
100000008586731100,terminal,0.8,13,0.2633,получил 12 000 KZT от 1 плательщиков  исходящих переводов нет (глубина 1<4)
100000005844459100,terminal,0.8,8,0.3124,получил 243 400 KZT от 2 плательщиков  исходящих переводов нет (глубина 1<4)
100000008172352100,peripheral,0.15,55,0.2249,"низкая активность: 3 вх./7 исх. плательщиков/получателей, без выраженного паттерна"
100000001162560100,peripheral,0.15,24,0.2435,"низкая активность: 1 вх./12 исх. плательщиков/получателей, без выраженного паттерна"
100000008779584100,terminal,0.8,38,0.279,получил 31 400 KZT от 1 плательщиков  исходящих переводов нет (глубина 1<4)
100000007631637100,terminal,0.8,38,0.2673,получил 15 341 KZT от 1 плательщиков  исходящих переводов нет (глубина 1<4)
100000007347733100,terminal,0.8,30,0.2739,получил 23 007 KZT от 1 плательщиков  исходящих переводов нет (глубина 1<4)
100000001463701100,terminal,0.8,5,0.3277,получил 621 000 KZT от 2 плательщиков  исходящих переводов нет (глубина 1<4)
100000008664469100,terminal,0.8,15,0.2753,получил 25 000 KZT от 1 плательщиков  исходящих переводов нет (глубина 1<4)
100000003923946100,peripheral,0.15,1,0.2408,"низкая активность: 1 вх./4 исх. плательщиков/получателей, без выраженного паттерна"
100000006562026100,coordinator,0.7,30,0.5232,"связан с 2 seed-клиентами напрямую, betweenness=0.000, точка сочленения сети"
100000008776298100,terminal,0.8,38,0.284,получил 42 800 KZT от 1 плательщиков  исходящих переводов нет (глубина 1<4)
100000006446271100,terminal,0.8,15,0.2942,получил 80 000 KZT от 2 плательщиков  исходящих переводов нет (глубина 1<4)
100000004588479100,terminal,0.8,2,0.3073,получил 177 633 KZT от 1 плательщиков  исходящих переводов нет (глубина 1<4)
100000002324543100,terminal,0.8,24,0.2783,получил 30 202 KZT от 1 плательщиков  исходящих переводов нет (глубина 1<4)
100000007129492100,coordinator,0.703,5,0.5185,"связан с 2 seed-клиентами напрямую, betweenness=0.000, точка сочленения сети"
100000003877908100,terminal,0.8,15,0.2829,получил 40 000 KZT от 1 плательщиков  исходящих переводов нет (глубина 1<4)
100000002748180100,peripheral,0.15,48,0.1863,"низкая активность: 1 вх./8 исх. плательщиков/получателей, без выраженного паттерна"
100000000945428100,terminal,0.8,8,0.2961,получил 89 629 KZT от 1 плательщиков  исходящих переводов нет (глубина 1<4)
100000003115284100,coordinator,0.718,5,0.5871,"связан с 2 seed-клиентами напрямую, betweenness=0.000, точка сочленения сети"
100000005394708100,coordinator,0.7,25,0.5059,"связан с 2 seed-клиентами напрямую, betweenness=0.000, точка сочленения сети"
100000008747113100,terminal,0.8,9,0.309,получил 197 801 KZT от 2 плательщиков  исходящих переводов нет (глубина 1<4)
100000004491881100,terminal,0.8,38,0.2691,получил 17 144 KZT от 1 плательщиков  исходящих переводов нет (глубина 1<4)
100000006008169100,terminal,0.8,13,0.2921,получил 70 000 KZT от 1 плательщиков  исходящих переводов нет (глубина 1<4)
100000002681449100,peripheral,0.15,6,0.2233,"низкая активность: 2 вх./2 исх. плательщиков/получателей, без выраженного паттерна"
100000002645609100,terminal,0.8,8,0.3256,получил 546 821 KZT от 4 плательщиков  исходящих переводов нет (глубина 1<4)
100000006369769100,terminal,0.8,38,0.2829,получил 40 000 KZT от 1 плательщиков  исходящих переводов нет (глубина 1<4)
100000002173161100,terminal,0.8,2,0.3413,получил 1 427 500 KZT от 3 плательщиков  исходящих переводов нет (глубина 1<4)
100000008686313100,coordinator,1.0,8,0.7455,"связан с 1 seed-клиентами напрямую, betweenness=0.006, точка сочленения сети"
100000004692798100,peripheral,0.15,13,0.2382,"низкая активность: 2 вх./1 исх. плательщиков/получателей, без выраженного паттерна"
100000002939838100,terminal,0.8,2,0.3263,получил 571 233 KZT от 3 плательщиков  исходящих переводов нет (глубина 1<4)
100000003119550100,terminal,0.8,38,0.2724,получил 21 000 KZT от 1 плательщиков  исходящих переводов нет (глубина 1<4)
100000004315838100,peripheral,0.15,15,0.2129,"низкая активность: 2 вх./1 исх. плательщиков/получателей, без выраженного паттерна"
100000002671806100,terminal,0.8,13,0.2639,получил 12 440 KZT от 1 плательщиков  исходящих переводов нет (глубина 1<4)
100000008716222100,terminal,0.8,38,0.2699,получил 18 000 KZT от 1 плательщиков  исходящих переводов нет (глубина 1<4)
100000005496254100,terminal,0.8,8,0.2642,получил 12 700 KZT от 1 плательщиков  исходящих переводов нет (глубина 1<4)
100000004622227100,peripheral,0.15,8,0.2012,"низкая активность: 1 вх./3 исх. плательщиков/получателей, без выраженного паттерна"
100000000274067100,peripheral,0.15,39,0.2507,"низкая активность: 2 вх./3 исх. плательщиков/получателей, без выраженного паттерна"
100000008782056100,terminal,0.8,38,0.2777,получил 29 082 KZT от 1 плательщиков  исходящих переводов нет (глубина 1<4)
100000006788200100,peripheral,0.15,1,0.2416,"низкая активность: 4 вх./3 исх. плательщиков/получателей, без выраженного паттерна"
100000001164648100,terminal,0.8,29,0.2654,получил 13 660 KZT от 2 плательщиков  исходящих переводов нет (глубина 1<4)
100000005133757100,terminal,0.8,17,0.2908,получил 65 000 KZT от 2 плательщиков  исходящих переводов нет (глубина 1<4)
100000006445501100,terminal,0.8,5,0.2963,получил 91 000 KZT от 1 плательщиков  исходящих переводов нет (глубина 1<4)
100000004390333100,coordinator,0.734,8,0.538,"связан с 2 seed-клиентами напрямую, betweenness=0.000, точка сочленения сети"
100000001641789100,terminal,0.8,1,0.2697,получил 17 826 KZT от 1 плательщиков  исходящих переводов нет (глубина 1<4)
100000000968253100,terminal,0.8,38,0.2669,получил 15 000 KZT от 1 плательщиков  исходящих переводов нет (глубина 1<4)
100000001527186100,terminal,0.8,15,0.3291,получил 678 000 KZT от 1 плательщиков  исходящих переводов нет (глубина 1<4)
100000005852946100,terminal,0.8,15,0.2744,получил 23 746 KZT от 1 плательщиков  исходящих переводов нет (глубина 1<4)
100000001530983100,coordinator,0.746,2,0.5794,"связан с 2 seed-клиентами напрямую, betweenness=0.000, точка сочленения сети"
100000008221543100,terminal,0.8,41,0.3255,получил 542 000 KZT от 2 плательщиков  исходящих переводов нет (глубина 1<4)
100000001937767100,peripheral,0.15,0,0.2144,"низкая активность: 1 вх./4 исх. плательщиков/получателей, без выраженного паттерна"
100000002462183100,terminal,0.8,14,0.2991,получил 107 500 KZT от 1 плательщиков  исходящих переводов нет (глубина 1<4)
100000001805543100,terminal,0.8,2,0.2893,получил 59 000 KZT от 1 плательщиков  исходящих переводов нет (глубина 1<4)
100000002606567100,peripheral,0.15,8,0.1922,"низкая активность: 1 вх./1 исх. плательщиков/получателей, без выраженного паттерна"
100000007281639100,terminal,0.8,2,0.3105,получил 216 770 KZT от 2 плательщиков  исходящих переводов нет (глубина 1<4)
100000002991079100,peripheral,0.15,2,0.2307,"низкая активность: 2 вх./1 исх. плательщиков/получателей, без выраженного паттерна"
100000002847207100,terminal,0.8,15,0.2853,получил 46 243 KZT от 1 плательщиков  исходящих переводов нет (глубина 1<4)
100000000011452100,peripheral,0.15,8,0.2254,"низкая активность: 3 вх./1 исх. плательщиков/получателей, без выраженного паттерна"
100000003148220100,peripheral,0.15,52,0.177,"низкая активность: 1 вх./2 исх. плательщиков/получателей, без выраженного паттерна"
100000002479804100,peripheral,0.15,15,0.2112,"низкая активность: 1 вх./2 исх. плательщиков/получателей, без выраженного паттерна"
100000008745489100,terminal,0.8,38,0.2883,получил 55 539 KZT от 1 плательщиков  исходящих переводов нет (глубина 1<4)
100000002289937100,terminal,0.8,38,0.2716,получил 20 000 KZT от 1 плательщиков  исходящих переводов нет (глубина 1<4)
100000004679953100,peripheral,0.15,17,0.2502,"низкая активность: 3 вх./3 исх. плательщиков/получателей, без выраженного паттерна"
100000003066385100,terminal,0.8,8,0.2716,получил 20 000 KZT от 2 плательщиков  исходящих переводов нет (глубина 1<4)
100000008744849100,terminal,0.8,38,0.2846,получил 44 445 KZT от 1 плательщиков  исходящих переводов нет (глубина 1<4)
100000005093521100,terminal,0.8,15,0.2671,получил 15 200 KZT от 1 плательщиков  исходящих переводов нет (глубина 1<4)
100000006518161100,transit,0.997,2,0.3874,"получает от 3, передаёт 2; pass-through 1.00 — деньги не задерживаются"
100000001126374100,peripheral,0.15,8,0.2343,"низкая активность: 4 вх./2 исх. плательщиков/получателей, без выраженного паттерна"
100000004509286100,terminal,0.8,15,0.2829,получил 40 000 KZT от 1 плательщиков  исходящих переводов нет (глубина 1<4)
100000005056870100,terminal,0.8,14,0.2716,получил 20 000 KZT от 1 плательщиков  исходящих переводов нет (глубина 1<4)
100000008708368100,terminal,0.8,38,0.2744,получил 23 677 KZT от 1 плательщиков  исходящих переводов нет (глубина 1<4)
100000005895525100,terminal,0.8,14,0.3009,получил 120 000 KZT от 1 плательщиков  исходящих переводов нет (глубина 1<4)
100000008716773100,terminal,0.8,38,0.2676,получил 15 677 KZT от 1 плательщиков  исходящих переводов нет (глубина 1<4)
100000002778085100,terminal,0.8,2,0.2911,получил 66 208 KZT от 1 плательщиков  исходящих переводов нет (глубина 1<4)
100000007055802100,consolidator,0.6,8,0.483,получает от 6 разных плательщиков (2 024 999 KZT)  отдаёт дальше 30% полученного
100000003071930100,peripheral,0.15,24,0.25,"низкая активность: 3 вх./1 исх. плательщиков/получателей, без выраженного паттерна"
100000002941114100,peripheral,0.15,5,0.2283,"низкая активность: 2 вх./1 исх. плательщиков/получателей, без выраженного паттерна"
100000003888271100,peripheral,0.15,33,0.1895,"низкая активность: 1 вх./2 исх. плательщиков/получателей, без выраженного паттерна"
100000007507343100,terminal,0.8,35,0.3192,получил 370 000 KZT от 1 плательщиков  исходящих переводов нет (глубина 1<4)
100000008002020100,peripheral,0.15,13,0.219,"низкая активность: 1 вх./1 исх. плательщиков/получателей, без выраженного паттерна"
100000001872484100,peripheral,0.15,19,0.2592,"низкая активность: 1 вх./3 исх. плательщиков/получателей, без выраженного паттерна"
100000008769636100,terminal,0.8,38,0.274,получил 23 118 KZT от 1 плательщиков  исходящих переводов нет (глубина 1<4)
100000004135268100,transit,0.807,35,0.3719,"получает от 2, передаёт 3; pass-through 0.81 — деньги не задерживаются"
100000005316708100,coordinator,0.7,1,0.5262,"связан с 2 seed-клиентами напрямую, betweenness=0.000"
100000008671929100,terminal,0.8,15,0.2932,получил 75 000 KZT от 1 плательщиков  исходящих переводов нет (глубина 1<4)
100000005287097100,coordinator,1.0,2,0.6938,"связан с 2 seed-клиентами напрямую, betweenness=0.003, точка сочленения сети"
100000007283257100,terminal,0.8,26,0.3085,получил 192 000 KZT от 1 плательщиков  исходящих переводов нет (глубина 1<4)
100000004847758100,coordinator,0.818,8,0.5901,"связан с 2 seed-клиентами напрямую, betweenness=0.001, точка сочленения сети"
100000008737422100,terminal,0.8,38,0.2936,получил 76 903 KZT от 1 плательщиков  исходящих переводов нет (глубина 1<4)
100000008555918100,peripheral,0.15,15,0.23,"низкая активность: 1 вх./2 исх. плательщиков/получателей, без выраженного паттерна"
100000008094734100,coordinator,0.7,8,0.5419,"связан с 2 seed-клиентами напрямую, betweenness=0.000"
100000006952718100,terminal,0.8,2,0.2924,получил 71 489 KZT от 1 плательщиков  исходящих переводов нет (глубина 1<4)
100000005339662100,coordinator,0.724,3,0.5517,"связан с 2 seed-клиентами напрямую, betweenness=0.000, точка сочленения сети"
100000001716579100,terminal,0.8,38,0.2657,получил 13 916 KZT от 1 плательщиков  исходящих переводов нет (глубина 1<4)
100000002774456100,terminal,0.8,5,0.2867,получил 50 363 KZT от 1 плательщиков  исходящих переводов нет (глубина 1<4)
100000004394765100,coordinator,0.858,2,0.6513,"связан с 3 seed-клиентами напрямую, betweenness=0.000"
100000004004621100,terminal,0.8,31,0.2933,получил 75 389 KZT от 3 плательщиков  исходящих переводов нет (глубина 1<4)
100000000907277100,terminal,0.8,38,0.2695,получил 17 534 KZT от 1 плательщиков  исходящих переводов нет (глубина 1<4)
100000003835149100,peripheral,0.15,63,0.2388,"низкая активность: 1 вх./2 исх. плательщиков/получателей, без выраженного паттерна"
100000004254434100,terminal,0.8,38,0.2846,получил 44 445 KZT от 1 плательщиков  исходящих переводов нет (глубина 1<4)
100000003635170100,transit,0.944,5,0.3689,"получает от 3, передаёт 4; pass-through 0.94 — деньги не задерживаются"
100000006687202100,terminal,0.8,8,0.2866,получил 50 000 KZT от 1 плательщиков  исходящих переводов нет (глубина 1<4)
100000006030946100,terminal,0.8,38,0.2928,получил 73 289 KZT от 1 плательщиков  исходящих переводов нет (глубина 1<4)
100000002615479100,terminal,0.8,24,0.3107,получил 220 000 KZT от 1 плательщиков  исходящих переводов нет (глубина 1<4)
100000002952631100,terminal,0.8,2,0.2859,получил 48 050 KZT от 1 плательщиков  исходящих переводов нет (глубина 1<4)
100000002890167100,terminal,0.8,2,0.3006,получил 118 150 KZT от 1 плательщиков  исходящих переводов нет (глубина 1<4)
100000008687671100,terminal,0.8,38,0.2819,получил 37 500 KZT от 1 плательщиков  исходящих переводов нет (глубина 1<4)
100000000810551100,peripheral,0.15,15,0.225,"низкая активность: 1 вх./1 исх. плательщиков/получателей, без выраженного паттерна"
100000008724279100,terminal,0.8,2,0.2629,получил 11 750 KZT от 1 плательщиков  исходящих переводов нет (глубина 1<4)
100000002592567100,coordinator,0.7,2,0.4799,"связан с 2 seed-клиентами напрямую, betweenness=0.000"
100000002670860100,terminal,0.8,48,0.3224,получил 450 000 KZT от 2 плательщиков  исходящих переводов нет (глубина 1<4)
100000002844897100,terminal,0.8,24,0.2616,получил 10 800 KZT от 1 плательщиков  исходящих переводов нет (глубина 1<4)
100000007938486100,terminal,0.8,38,0.2827,получил 39 500 KZT от 1 плательщиков  исходящих переводов нет (глубина 1<4)
100000008438656100,peripheral,0.15,15,0.2206,"низкая активность: 2 вх./1 исх. плательщиков/получателей, без выраженного паттерна"
100000008304139100,coordinator,0.947,15,0.6637,"связан с 2 seed-клиентами напрямую, betweenness=0.002, точка сочленения сети"
100000002597003100,peripheral,0.15,8,0.1959,"низкая активность: 1 вх./1 исх. плательщиков/получателей, без выраженного паттерна"
100000002830055100,terminal,0.8,38,0.2658,получил 14 000 KZT от 1 плательщиков  исходящих переводов нет (глубина 1<4)
100000004299488100,consolidator,0.6,8,0.4809,получает от 6 разных плательщиков (1 749 000 KZT)  отдаёт дальше 20% полученного
100000002809568100,terminal,0.8,8,0.2603,получил 10 000 KZT от 1 плательщиков  исходящих переводов нет (глубина 1<4)
100000004784224100,peripheral,0.15,63,0.2003,"низкая активность: 1 вх./1 исх. плательщиков/получателей, без выраженного паттерна"
100000003123296100,terminal,0.8,13,0.2955,получил 86 200 KZT от 1 плательщиков  исходящих переводов нет (глубина 1<4)
100000004130144100,terminal,0.8,24,0.3092,получил 200 000 KZT от 1 плательщиков  исходящих переводов нет (глубина 1<4)
100000001253557100,consolidator,0.5,32,0.41,получает от 5 разных плательщиков (210 200 KZT)  отдаёт дальше 0% полученного
100000008767925100,terminal,0.8,38,0.2691,получил 17 144 KZT от 1 плательщиков  исходящих переводов нет (глубина 1<4)
100000007181706100,terminal,0.8,15,0.3071,получил 176 272 KZT от 2 плательщиков  исходящих переводов нет (глубина 1<4)
100000003366154100,peripheral,0.15,15,0.2285,"низкая активность: 1 вх./3 исх. плательщиков/получателей, без выраженного паттерна"
100000007641183100,terminal,0.8,2,0.2771,получил 28 000 KZT от 1 плательщиков  исходящих переводов нет (глубина 1<4)
100000008663007100,terminal,0.8,38,0.2658,получил 14 000 KZT от 1 плательщиков  исходящих переводов нет (глубина 1<4)
100000007334196100,terminal,0.8,5,0.3045,получил 150 002 KZT от 1 плательщиков  исходящих переводов нет (глубина 1<4)
100000003873332100,peripheral,0.15,49,0.214,"низкая активность: 1 вх./4 исх. плательщиков/получателей, без выраженного паттерна"
100000001550388100,terminal,0.8,8,0.2866,получил 50 000 KZT от 1 плательщиков  исходящих переводов нет (глубина 1<4)
100000008718089100,terminal,0.8,38,0.2675,получил 15 534 KZT от 1 плательщиков  исходящих переводов нет (глубина 1<4)
100000008728457100,terminal,0.8,5,0.2848,получил 45 000 KZT от 1 плательщиков  исходящих переводов нет (глубина 1<4)
100000004206046100,terminal,0.8,2,0.262,получил 11 075 KZT от 1 плательщиков  исходящих переводов нет (глубина 1<4)
100000006579678100,peripheral,0.15,2,0.2434,"низкая активность: 2 вх./6 исх. плательщиков/получателей, без выраженного паттерна"
100000002988894100,peripheral,0.15,15,0.2432,"низкая активность: 1 вх./3 исх. плательщиков/получателей, без выраженного паттерна"
100000008749406100,terminal,0.8,38,0.2691,получил 17 144 KZT от 1 плательщиков  исходящих переводов нет (глубина 1<4)
100000005584222100,peripheral,0.15,8,0.2351,"низкая активность: 2 вх./2 исх. плательщиков/получателей, без выраженного паттерна"
100000003239859100,terminal,0.8,13,0.2704,получил 18 600 KZT от 1 плательщиков  исходящих переводов нет (глубина 1<4)
100000003980083100,terminal,0.8,7,0.2782,получил 30 000 KZT от 1 плательщиков  исходящих переводов нет (глубина 1<4)
100000004351795100,coordinator,0.969,8,0.6672,"связан с 2 seed-клиентами напрямую, betweenness=0.002, точка сочленения сети"
100000002666248100,terminal,0.8,15,0.2921,получил 70 032 KZT от 1 плательщиков  исходящих переводов нет (глубина 1<4)
100000005877725100,terminal,0.8,38,0.2921,получил 70 000 KZT от 1 плательщиков  исходящих переводов нет (глубина 1<4)
100000001697501100,distributor,1.0,38,0.5244,рассылает 1 482 606 KZT на 38 разных получателей
100000006972210100,coordinator,0.85,24,0.6438,"связан с 3 seed-клиентами напрямую, betweenness=0.000"
100000008749618100,terminal,0.8,38,0.2857,получил 47 280 KZT от 1 плательщиков  исходящих переводов нет (глубина 1<4)
100000008671026100,terminal,0.8,38,0.2743,получил 23 534 KZT от 1 плательщиков  исходящих переводов нет (глубина 1<4)
100000001696818100,terminal,0.8,15,0.2877,получил 53 550 KZT от 1 плательщиков  исходящих переводов нет (глубина 1<4)
100000008679986100,terminal,0.8,38,0.2708,получил 19 000 KZT от 1 плательщиков  исходящих переводов нет (глубина 1<4)
100000003616818100,peripheral,0.15,44,0.2199,"низкая активность: 3 вх./3 исх. плательщиков/получателей, без выраженного паттерна"
100000004156082100,coordinator,0.916,3,0.6454,"связан с 1 seed-клиентами напрямую, betweenness=0.003, точка сочленения сети"
100000008667058100,terminal,0.8,38,0.2695,получил 17 534 KZT от 1 плательщиков  исходящих переводов нет (глубина 1<4)
100000008628231100,peripheral,0.15,18,0.2133,"низкая активность: 1 вх./2 исх. плательщиков/получателей, без выраженного паттерна"
100000008749063100,terminal,0.8,38,0.2708,получил 19 000 KZT от 1 плательщиков  исходящих переводов нет (глубина 1<4)
100000004494983100,terminal,0.8,38,0.2807,получил 35 000 KZT от 1 плательщиков  исходящих переводов нет (глубина 1<4)
100000007648946100,peripheral,0.15,31,0.1972,"низкая активность: 1 вх./1 исх. плательщиков/получателей, без выраженного паттерна"
100000003037660100,terminal,0.8,15,0.2875,получил 53 000 KZT от 1 плательщиков  исходящих переводов нет (глубина 1<4)
100000002679516100,terminal,0.8,13,0.2983,получил 102 335 KZT от 3 плательщиков  исходящих переводов нет (глубина 1<4)
100000005588444100,terminal,0.8,24,0.2637,получил 12 300 KZT от 1 плательщиков  исходящих переводов нет (глубина 1<4)
100000001307612100,terminal,0.8,38,0.2823,получил 38 483 KZT от 1 плательщиков  исходящих переводов нет (глубина 1<4)
100000003001564100,peripheral,0.15,2,0.2005,"низкая активность: 1 вх./1 исх. плательщиков/получателей, без выраженного паттерна"
100000002762076100,coordinator,0.7,24,0.5334,"связан с 2 seed-клиентами напрямую, betweenness=0.000, точка сочленения сети"
100000005514161100,peripheral,0.15,1,0.2472,"низкая активность: 4 вх./1 исх. плательщиков/получателей, без выраженного паттерна"
100000008746673100,terminal,0.8,38,0.2875,получил 53 048 KZT от 1 плательщиков  исходящих переводов нет (глубина 1<4)
100000003265158100,coordinator,0.724,13,0.5462,"связан с 2 seed-клиентами напрямую, betweenness=0.000, точка сочленения сети"
100000001567366100,terminal,0.8,2,0.3323,получил 824 070 KZT от 1 плательщиков  исходящих переводов нет (глубина 1<4)
100000008777088100,terminal,0.8,38,0.2699,получил 18 000 KZT от 1 плательщиков  исходящих переводов нет (глубина 1<4)
100000002589019100,terminal,0.8,13,0.2806,получил 34 710 KZT от 1 плательщиков  исходящих переводов нет (глубина 1<4)
100000008666075100,terminal,0.8,38,0.276,получил 26 217 KZT от 1 плательщиков  исходящих переводов нет (глубина 1<4)
100000008137435100,peripheral,0.15,11,0.2367,"низкая активность: 2 вх./6 исх. плательщиков/получателей, без выраженного паттерна"
100000004403675100,coordinator,1.0,25,0.726,"связан с 3 seed-клиентами напрямую, betweenness=0.003, точка сочленения сети"
100000004677680100,peripheral,0.15,5,0.2169,"низкая активность: 2 вх./1 исх. плательщиков/получателей, без выраженного паттерна"
100000005958064100,peripheral,0.15,0,0.1775,"низкая активность: 1 вх./2 исх. плательщиков/получателей, без выраженного паттерна"
100000002881669100,terminal,0.8,13,0.2704,получил 18 600 KZT от 1 плательщиков  исходящих переводов нет (глубина 1<4)
100000002938501100,peripheral,0.15,2,0.1835,"низкая активность: 1 вх./1 исх. плательщиков/получателей, без выраженного паттерна"
100000006734554100,peripheral,0.15,37,0.1945,"низкая активность: 1 вх./1 исх. плательщиков/получателей, без выраженного паттерна"
100000008003034100,peripheral,0.15,47,0.2782,"низкая активность: 1 вх./4 исх. плательщиков/получателей, без выраженного паттерна"
100000003970394100,terminal,0.8,13,0.2952,получил 85 000 KZT от 1 плательщиков  исходящих переводов нет (глубина 1<4)
100000003205210100,terminal,0.8,15,0.3031,получил 137 563 KZT от 1 плательщиков  исходящих переводов нет (глубина 1<4)
100000004559194100,terminal,0.8,2,0.3148,получил 282 145 KZT от 1 плательщиков  исходящих переводов нет (глубина 1<4)
100000008173359100,terminal,0.8,2,0.2523,получил 6 110 KZT от 1 плательщиков  исходящих переводов нет (глубина 1<4)
100000007953156100,peripheral,0.15,0,0.1662,"низкая активность: 1 вх./1 исх. плательщиков/получателей, без выраженного паттерна"
100000002224132100,consolidator,0.5,63,0.428,получает от 5 разных плательщиков (3 951 020 KZT)  отдаёт дальше 307% полученного
100000008547844100,distributor,0.633,32,0.4086,рассылает 2 042 199 KZT на 19 разных получателей
100000002635780100,terminal,0.8,24,0.2759,получил 163 000 KZT от 1 плательщиков  исходящих переводов нет (глубина 2<4)
100000001279875100,terminal,0.8,48,0.2563,получил 49 235 KZT от 1 плательщиков  исходящих переводов нет (глубина 2<4)
100000001961048100,terminal,0.8,60,0.2745,получил 150 000 KZT от 1 плательщиков  исходящих переводов нет (глубина 2<4)
100000000993112100,terminal,0.8,55,0.2735,получил 141 000 KZT от 1 плательщиков  исходящих переводов нет (глубина 2<4)
100000005547096100,peripheral,0.15,23,0.1527,"низкая активность: 1 вх./2 исх. плательщиков/получателей, без выраженного паттерна"
100000000331309100,coordinator,1.0,9,0.7156,"связан с 0 seed-клиентами напрямую, betweenness=0.006, точка сочленения сети"
100000006684930100,terminal,0.8,31,0.2303,получил 10 000 KZT от 1 плательщиков  исходящих переводов нет (глубина 2<4)
100000004479404100,peripheral,0.15,58,0.2394,"низкая активность: 2 вх./1 исх. плательщиков/получателей, без выраженного паттерна"
100000004134060100,terminal,0.8,21,0.2658,получил 88 179 KZT от 1 плательщиков  исходящих переводов нет (глубина 2<4)
100000001083990100,terminal,0.8,13,0.2565,получил 49 900 KZT от 1 плательщиков  исходящих переводов нет (глубина 2<4)
100000004573782100,terminal,0.8,24,0.2369,получил 15 000 KZT от 1 плательщиков  исходящих переводов нет (глубина 2<4)
100000005660203100,peripheral,0.15,2,0.2226,"низкая активность: 1 вх./2 исх. плательщиков/получателей, без выраженного паттерна"
100000008771627100,terminal,0.8,38,0.2385,получил 16 500 KZT от 1 плательщиков  исходящих переводов нет (глубина 2<4)
100000000031787100,transit,1.0,24,0.3262,"получает от 1, передаёт 2; pass-through 1.00 — деньги не задерживаются"
100000001346560100,peripheral,0.15,15,0.1567,"низкая активность: 2 вх./1 исх. плательщиков/получателей, без выраженного паттерна"
100000001703168100,peripheral,0.15,15,0.1811,"низкая активность: 1 вх./1 исх. плательщиков/получателей, без выраженного паттерна"
100000004904960100,terminal,0.8,8,0.2493,получил 32 000 KZT от 2 плательщиков  исходящих переводов нет (глубина 2<4)
100000004467157100,peripheral,0.15,10,0.1676,"низкая активность: 1 вх./1 исх. плательщиков/получателей, без выраженного паттерна"
100000008346837100,coordinator,1.0,31,0.7766,"связан с 1 seed-клиентами напрямую, betweenness=0.010, точка сочленения сети"
100000006385877100,peripheral,0.15,24,0.1837,"низкая активность: 1 вх./1 исх. плательщиков/получателей, без выраженного паттерна"
100000002459093100,peripheral,0.15,1,0.2202,"низкая активность: 1 вх./1 исх. плательщиков/получателей, без выраженного паттерна"
100000005053653100,peripheral,0.15,31,0.1866,"низкая активность: 2 вх./1 исх. плательщиков/получателей, без выраженного паттерна"
100000001557930100,terminal,0.8,1,0.2506,получил 34 610 KZT от 1 плательщиков  исходящих переводов нет (глубина 2<4)
100000002820010100,terminal,0.8,1,0.2482,получил 30 000 KZT от 1 плательщиков  исходящих переводов нет (глубина 2<4)
100000000769919100,terminal,0.8,36,0.2828,получил 250 000 KZT от 1 плательщиков  исходящих переводов нет (глубина 2<4)
100000003188607100,peripheral,0.15,24,0.1659,"низкая активность: 1 вх./1 исх. плательщиков/получателей, без выраженного паттерна"
100000002836052100,terminal,0.8,15,0.2369,получил 15 000 KZT от 1 плательщиков  исходящих переводов нет (глубина 2<4)
100000001102676100,transit,1.0,15,0.3469,"получает от 1, передаёт 1; pass-through 1.00 — деньги не задерживаются"
100000003390036100,peripheral,0.15,5,0.2087,"низкая активность: 2 вх./2 исх. плательщиков/получателей, без выраженного паттерна"
100000008335401100,terminal,0.8,29,0.2745,получил 150 000 KZT от 1 плательщиков  исходящих переводов нет (глубина 2<4)
100000006994985100,peripheral,0.15,1,0.1824,"низкая активность: 1 вх./1 исх. плательщиков/получателей, без выраженного паттерна"
100000008356606100,terminal,0.8,47,0.2764,получил 168 500 KZT от 2 плательщиков  исходящих переводов нет (глубина 2<4)
100000007930878100,terminal,0.8,33,0.219,получил 5 000 KZT от 1 плательщиков  исходящих переводов нет (глубина 2<4)
100000008389800100,peripheral,0.15,2,0.2069,"низкая активность: 3 вх./7 исх. плательщиков/получателей, без выраженного паттерна"
100000005474472100,terminal,0.8,63,0.2679,получил 100 000 KZT от 1 плательщиков  исходящих переводов нет (глубина 2<4)
100000004486525100,consolidator,0.8,8,0.497,получает от 8 разных плательщиков (360 924 KZT)  отдаёт дальше 75% полученного
100000003031890100,terminal,0.8,44,0.2804,получил 215 000 KZT от 1 плательщиков  исходящих переводов нет (глубина 2<4)
100000008624978100,terminal,0.8,21,0.2693,получил 109 000 KZT от 1 плательщиков  исходящих переводов нет (глубина 2<4)
100000000790311100,terminal,0.8,3,0.2553,получил 46 300 KZT от 1 плательщиков  исходящих переводов нет (глубина 2<4)
100000008546855100,consolidator,0.6,49,0.3993,получает от 6 разных плательщиков (71 790 KZT)  отдаёт дальше 14% полученного
100000002863356100,peripheral,0.15,38,0.1809,"низкая активность: 1 вх./1 исх. плательщиков/получателей, без выраженного паттерна"
100000000332284100,consolidator,1.0,9,0.5502,получает от 10 разных плательщиков (107 426 KZT)  отдаёт дальше 269% полученного
100000002605308100,terminal,0.8,0,0.3209,получил 2 569 522 KZT от 3 плательщиков  исходящих переводов нет (глубина 2<4)
100000005931985100,terminal,0.8,48,0.2634,получил 76 000 KZT от 1 плательщиков  исходящих переводов нет (глубина 2<4)
100000001166289100,peripheral,0.15,38,0.2261,"низкая активность: 2 вх./1 исх. плательщиков/получателей, без выраженного паттерна"
100000008477350100,coordinator,1.0,8,0.6853,"связан с 0 seed-клиентами напрямую, betweenness=0.005, точка сочленения сети"
100000003824464100,terminal,0.8,11,0.2792,получил 200 000 KZT от 1 плательщиков  исходящих переводов нет (глубина 2<4)
100000002738256100,transit,0.835,35,0.3114,"получает от 1, передаёт 1; pass-through 1.17 — деньги не задерживаются"
100000001857829100,coordinator,1.0,17,0.7074,"связан с 0 seed-клиентами напрямую, betweenness=0.006, точка сочленения сети"
100000008672762100,terminal,0.8,38,0.2346,получил 13 000 KZT от 1 плательщиков  исходящих переводов нет (глубина 2<4)
100000001737722100,terminal,0.8,15,0.2597,получил 60 460 KZT от 1 плательщиков  исходящих переводов нет (глубина 2<4)
100000005572303100,peripheral,0.15,2,0.1897,"низкая активность: 1 вх./1 исх. плательщиков/получателей, без выраженного паттерна"
100000008733049100,terminal,0.8,3,0.2303,получил 10 000 KZT от 1 плательщиков  исходящих переводов нет (глубина 2<4)
100000000850297100,transit,1.0,29,0.2995,"получает от 1, передаёт 1; pass-through 1.00 — деньги не задерживаются"
100000005140601100,peripheral,0.15,17,0.1837,"низкая активность: 3 вх./2 исх. плательщиков/получателей, без выраженного паттерна"
100000004410489100,terminal,0.8,8,0.2578,получил 54 000 KZT от 1 плательщиков  исходящих переводов нет (глубина 2<4)
100000006852430100,terminal,0.8,5,0.2517,получил 37 000 KZT от 1 плательщиков  исходящих переводов нет (глубина 2<4)
100000003166755100,terminal,0.8,15,0.2446,получил 24 010 KZT от 1 плательщиков  исходящих переводов нет (глубина 2<4)
100000008258083100,peripheral,0.15,60,0.2513,"низкая активность: 2 вх./2 исх. плательщиков/получателей, без выраженного паттерна"
100000003054328100,peripheral,0.15,48,0.1994,"низкая активность: 1 вх./2 исх. плательщиков/получателей, без выраженного паттерна"
100000008473207100,terminal,0.8,15,0.2794,получил 202 000 KZT от 1 плательщиков  исходящих переводов нет (глубина 2<4)
100000008104567100,coordinator,0.765,29,0.5368,"связан с 1 seed-клиентами напрямую, betweenness=0.002, точка сочленения сети"
100000002721825100,terminal,0.8,8,0.2319,получил 11 000 KZT от 1 плательщиков  исходящих переводов нет (глубина 2<4)
100000003509750100,transit,0.953,1,0.3181,"получает от 3, передаёт 3; pass-through 0.95 — деньги не задерживаются"
100000007322059100,peripheral,0.15,55,0.1743,"низкая активность: 2 вх./1 исх. плательщиков/получателей, без выраженного паттерна"
100000004441291100,terminal,0.8,15,0.2416,получил 20 000 KZT от 1 плательщиков  исходящих переводов нет (глубина 2<4)
100000006122699100,terminal,0.8,2,0.2552,получил 45 865 KZT от 2 плательщиков  исходящих переводов нет (глубина 2<4)
100000008254069100,coordinator,0.713,25,0.4972,"связан с 2 seed-клиентами напрямую, betweenness=0.000, точка сочленения сети"
100000003336565100,terminal,0.8,38,0.2385,получил 16 550 KZT от 1 плательщиков  исходящих переводов нет (глубина 2<4)
100000002492277100,terminal,0.8,15,0.2732,получил 138 500 KZT от 1 плательщиков  исходящих переводов нет (глубина 2<4)
100000001339466100,terminal,0.8,15,0.2482,получил 30 000 KZT от 1 плательщиков  исходящих переводов нет (глубина 2<4)
100000005022964100,terminal,0.8,15,0.2416,получил 20 000 KZT от 1 плательщиков  исходящих переводов нет (глубина 2<4)
100000003112436100,terminal,0.8,2,0.2679,получил 100 000 KZT от 1 плательщиков  исходящих переводов нет (глубина 2<4)
100000000489417100,transit,0.912,31,0.3106,"получает от 3, передаёт 1; pass-through 1.09 — деньги не задерживаются"
100000002217161100,peripheral,0.15,34,0.219,"низкая активность: 2 вх./7 исх. плательщиков/получателей, без выраженного паттерна"
100000002469065100,terminal,0.8,2,0.2792,получил 200 000 KZT от 1 плательщиков  исходящих переводов нет (глубина 2<4)
100000007337374100,terminal,0.8,38,0.2416,получил 20 000 KZT от 1 плательщиков  исходящих переводов нет (глубина 2<4)
100000003249054100,consolidator,0.7,15,0.4404,получает от 7 разных плательщиков (99 700 KZT)  отдаёт дальше 15% полученного
100000003024542100,terminal,0.8,15,0.2277,получил 8 500 KZT от 1 плательщиков  исходящих переводов нет (глубина 2<4)
100000002718366100,consolidator,0.6,32,0.4566,получает от 6 разных плательщиков (2 525 000 KZT)  отдаёт дальше 0% полученного
100000005059998100,terminal,0.8,8,0.2399,получил 18 000 KZT от 1 плательщиков  исходящих переводов нет (глубина 2<4)
100000004071070100,peripheral,0.15,8,0.1793,"низкая активность: 2 вх./1 исх. плательщиков/получателей, без выраженного паттерна"
100000001584286100,terminal,0.8,48,0.3005,получил 738 699 KZT от 2 плательщиков  исходящих переводов нет (глубина 2<4)
100000008701256100,terminal,0.8,16,0.2591,получил 58 250 KZT от 1 плательщиков  исходящих переводов нет (глубина 2<4)
100000001490461100,peripheral,0.15,29,0.1679,"низкая активность: 1 вх./1 исх. плательщиков/получателей, без выраженного паттерна"
100000008531186100,terminal,0.8,15,0.2715,получил 125 000 KZT от 1 плательщиков  исходящих переводов нет (глубина 2<4)
100000004765639100,peripheral,0.15,8,0.145,"низкая активность: 1 вх./2 исх. плательщиков/получателей, без выраженного паттерна"
100000002983879100,terminal,0.8,15,0.2792,получил 200 050 KZT от 2 плательщиков  исходящих переводов нет (глубина 2<4)
100000008734364100,terminal,0.8,38,0.246,получил 26 200 KZT от 1 плательщиков  исходящих переводов нет (глубина 2<4)
100000003192220100,terminal,0.8,42,0.2595,получил 60 000 KZT от 1 плательщиков  исходящих переводов нет (глубина 2<4)
100000008060273100,terminal,0.8,15,0.2303,получил 10 000 KZT от 1 плательщиков  исходящих переводов нет (глубина 2<4)
100000008205937100,terminal,0.8,31,0.2507,получил 35 000 KZT от 1 плательщиков  исходящих переводов нет (глубина 2<4)
100000005507142100,peripheral,0.15,56,0.183,"низкая активность: 3 вх./3 исх. плательщиков/получателей, без выраженного паттерна"
100000005539910100,peripheral,0.15,15,0.1949,"низкая активность: 1 вх./2 исх. плательщиков/получателей, без выраженного паттерна"
100000002459163100,terminal,0.8,19,0.2418,получил 20 180 KZT от 1 плательщиков  исходящих переводов нет (глубина 2<4)
100000004666651100,terminal,0.8,18,0.2917,получил 429 250 KZT от 1 плательщиков  исходящих переводов нет (глубина 2<4)
100000003927792100,terminal,0.8,3,0.2347,получил 13 067 KZT от 1 плательщиков  исходящих переводов нет (глубина 2<4)
100000000607941100,peripheral,0.15,2,0.1834,"низкая активность: 2 вх./1 исх. плательщиков/получателей, без выраженного паттерна"
100000004158362100,terminal,0.8,8,0.2333,получил 12 000 KZT от 1 плательщиков  исходящих переводов нет (глубина 2<4)
100000005664922100,peripheral,0.15,63,0.1692,"низкая активность: 2 вх./3 исх. плательщиков/получателей, без выраженного паттерна"
100000007594394100,consolidator,0.6,49,0.4271,получает от 6 разных плательщиков (395 385 KZT)  отдаёт дальше 854% полученного
100000000979567100,terminal,0.8,38,0.2303,получил 10 000 KZT от 1 плательщиков  исходящих переводов нет (глубина 2<4)
100000002831727100,peripheral,0.15,49,0.1483,"низкая активность: 1 вх./1 исх. плательщиков/получателей, без выраженного паттерна"
100000003062895100,terminal,0.8,32,0.2873,получил 328 444 KZT от 2 плательщиков  исходящих переводов нет (глубина 2<4)
100000008376089100,terminal,0.8,60,0.2728,получил 135 000 KZT от 1 плательщиков  исходящих переводов нет (глубина 2<4)
100000003219438100,terminal,0.8,10,0.2493,получил 32 000 KZT от 1 плательщиков  исходящих переводов нет (глубина 2<4)
100000000967918100,terminal,0.8,8,0.2426,получил 21 200 KZT от 1 плательщиков  исходящих переводов нет (глубина 2<4)
100000003254723100,terminal,0.8,15,0.2841,получил 269 850 KZT от 1 плательщиков  исходящих переводов нет (глубина 2<4)
100000003823811100,coordinator,0.867,25,0.6068,"связан с 3 seed-клиентами напрямую, betweenness=0.000, точка сочленения сети"
100000008587459100,peripheral,0.15,8,0.2336,"низкая активность: 2 вх./2 исх. плательщиков/получателей, без выраженного паттерна"
100000008603331100,peripheral,0.15,47,0.1816,"низкая активность: 2 вх./6 исх. плательщиков/получателей, без выраженного паттерна"
100000008758168100,peripheral,0.15,21,0.1902,"низкая активность: 2 вх./5 исх. плательщиков/получателей, без выраженного паттерна"
100000003724440100,terminal,0.8,8,0.2566,получил 50 000 KZT от 2 плательщиков  исходящих переводов нет (глубина 2<4)
100000000291906100,transit,0.825,61,0.3266,"получает от 2, передаёт 2; pass-through 1.17 — деньги не задерживаются"
100000005077484100,peripheral,0.15,37,0.2005,"низкая активность: 1 вх./2 исх. плательщиков/получателей, без выраженного паттерна"
100000004192107100,terminal,0.8,15,0.2453,получил 25 000 KZT от 1 плательщиков  исходящих переводов нет (глубина 2<4)
100000002193259100,peripheral,0.15,13,0.1828,"низкая активность: 2 вх./3 исх. плательщиков/получателей, без выраженного паттерна"
100000005481280100,coordinator,0.706,3,0.5127,"связан с 2 seed-клиентами напрямую, betweenness=0.000, точка сочленения сети"
100000004527381100,peripheral,0.15,3,0.2031,"низкая активность: 1 вх./1 исх. плательщиков/получателей, без выраженного паттерна"
100000001578517100,terminal,0.8,2,0.2482,получил 30 000 KZT от 1 плательщиков  исходящих переводов нет (глубина 2<4)
100000003741418100,consolidator,0.9,9,0.519,получает от 9 разных плательщиков (151 900 KZT)  отдаёт дальше 26% полученного
100000008737514100,terminal,0.8,3,0.2652,получил 85 000 KZT от 1 плательщиков  исходящих переводов нет (глубина 2<4)
100000002870463100,peripheral,0.15,1,0.206,"низкая активность: 3 вх./1 исх. плательщиков/получателей, без выраженного паттерна"
100000008545727100,peripheral,0.15,29,0.1764,"низкая активность: 1 вх./6 исх. плательщиков/получателей, без выраженного паттерна"
100000000425407100,terminal,0.8,15,0.2416,получил 20 000 KZT от 1 плательщиков  исходящих переводов нет (глубина 2<4)
100000001418900100,terminal,0.8,38,0.253,получил 40 140 KZT от 1 плательщиков  исходящих переводов нет (глубина 2<4)
100000001677929100,peripheral,0.15,24,0.1978,"низкая активность: 3 вх./2 исх. плательщиков/получателей, без выраженного паттерна"
100000002539625100,terminal,0.8,32,0.267,получил 94 700 KZT от 1 плательщиков  исходящих переводов нет (глубина 2<4)
100000001965374100,peripheral,0.15,63,0.2407,"низкая активность: 2 вх./3 исх. плательщиков/получателей, без выраженного паттерна"
100000001287955100,peripheral,0.15,48,0.1751,"низкая активность: 1 вх./4 исх. плательщиков/получателей, без выраженного паттерна"
100000005402643100,peripheral,0.15,24,0.1979,"низкая активность: 1 вх./1 исх. плательщиков/получателей, без выраженного паттерна"
100000008752616100,peripheral,0.15,32,0.1881,"низкая активность: 2 вх./7 исх. плательщиков/получателей, без выраженного паттерна"
100000000733373100,terminal,0.8,2,0.2314,получил 10 710 KZT от 1 плательщиков  исходящих переводов нет (глубина 2<4)
100000008531133100,peripheral,0.15,2,0.1716,"низкая активность: 1 вх./3 исх. плательщиков/получателей, без выраженного паттерна"
100000005933757100,coordinator,0.904,0,0.6449,"связан с 0 seed-клиентами напрямую, betweenness=0.004, точка сочленения сети"
100000006490557100,terminal,0.8,39,0.219,получил 5 000 KZT от 1 плательщиков  исходящих переводов нет (глубина 2<4)
100000008497298100,terminal,0.8,24,0.2971,получил 600 000 KZT от 1 плательщиков  исходящих переводов нет (глубина 2<4)
100000005168487100,peripheral,0.15,5,0.1629,"низкая активность: 1 вх./1 исх. плательщиков/получателей, без выраженного паттерна"
100000005799271100,terminal,0.8,5,0.2548,получил 45 000 KZT от 1 плательщиков  исходящих переводов нет (глубина 2<4)
100000000912487100,terminal,0.8,15,0.2303,получил 10 000 KZT от 1 плательщиков  исходящих переводов нет (глубина 2<4)
100000007982908100,terminal,0.8,38,0.2488,получил 31 080 KZT от 1 плательщиков  исходящих переводов нет (глубина 2<4)
100000005413948100,peripheral,0.15,32,0.1735,"низкая активность: 2 вх./1 исх. плательщиков/получателей, без выраженного паттерна"
100000000724540100,peripheral,0.15,21,0.1829,"низкая активность: 1 вх./1 исх. плательщиков/получателей, без выраженного паттерна"
100000005730108100,terminal,0.8,8,0.2267,получил 8 000 KZT от 1 плательщиков  исходящих переводов нет (глубина 2<4)
100000002566204100,terminal,0.8,29,0.2644,получил 80 805 KZT от 1 плательщиков  исходящих переводов нет (глубина 2<4)
100000000625169100,terminal,0.8,38,0.2303,получил 10 000 KZT от 1 плательщиков  исходящих переводов нет (глубина 2<4)
100000001114385100,terminal,0.8,15,0.248,получил 29 500 KZT от 1 плательщиков  исходящих переводов нет (глубина 2<4)
100000002964966100,terminal,0.8,15,0.2792,получил 200 000 KZT от 1 плательщиков  исходящих переводов нет (глубина 2<4)
100000008771814100,terminal,0.8,38,0.2444,получил 23 700 KZT от 1 плательщиков  исходящих переводов нет (глубина 2<4)
100000001241318100,terminal,0.8,8,0.2575,получил 53 000 KZT от 1 плательщиков  исходящих переводов нет (глубина 2<4)
100000001250022100,terminal,0.8,1,0.2566,получил 50 000 KZT от 1 плательщиков  исходящих переводов нет (глубина 2<4)
100000006534886100,peripheral,0.15,2,0.1885,"низкая активность: 1 вх./1 исх. плательщиков/получателей, без выраженного паттерна"
100000008655035100,terminal,0.8,24,0.2482,получил 30 000 KZT от 1 плательщиков  исходящих переводов нет (глубина 2<4)
100000005932987100,terminal,0.8,10,0.2453,получил 25 000 KZT от 1 плательщиков  исходящих переводов нет (глубина 2<4)
100000008636603100,coordinator,1.0,2,0.7267,"связан с 3 seed-клиентами напрямую, betweenness=0.005"
100000008710843100,peripheral,0.15,21,0.1787,"низкая активность: 2 вх./13 исх. плательщиков/получателей, без выраженного паттерна"
100000000917179100,terminal,0.8,0,0.267,получил 94 465 KZT от 1 плательщиков  исходящих переводов нет (глубина 2<4)
100000004209339100,peripheral,0.15,5,0.1995,"низкая активность: 1 вх./2 исх. плательщиков/получателей, без выраженного паттерна"
100000008765627100,terminal,0.8,1,0.2595,получил 60 000 KZT от 1 плательщиков  исходящих переводов нет (глубина 2<4)
100000002443664100,terminal,0.8,48,0.2959,получил 556 880 KZT от 3 плательщиков  исходящих переводов нет (глубина 2<4)
100000008144528100,consolidator,0.5,2,0.4065,получает от 5 разных плательщиков (1 068 203 KZT)  отдаёт дальше 0% полученного
100000003988112100,peripheral,0.15,25,0.1925,"низкая активность: 1 вх./1 исх. плательщиков/получателей, без выраженного паттерна"
100000008008463100,terminal,0.8,1,0.2579,получил 54 180 KZT от 1 плательщиков  исходящих переводов нет (глубина 2<4)
100000006679055100,terminal,0.8,15,0.2453,получил 25 000 KZT от 1 плательщиков  исходящих переводов нет (глубина 2<4)
100000007382543100,peripheral,0.15,57,0.2097,"низкая активность: 3 вх./5 исх. плательщиков/получателей, без выраженного паттерна"
100000007749092100,peripheral,0.15,2,0.1519,"низкая активность: 1 вх./1 исх. плательщиков/получателей, без выраженного паттерна"
100000004221668100,peripheral,0.15,1,0.2335,"низкая активность: 4 вх./3 исх. плательщиков/получателей, без выраженного паттерна"
100000008174521100,terminal,0.8,2,0.2647,получил 82 110 KZT от 1 плательщиков  исходящих переводов нет (глубина 2<4)
100000002692750100,peripheral,0.15,1,0.1961,"низкая активность: 3 вх./1 исх. плательщиков/получателей, без выраженного паттерна"
100000002173070100,terminal,0.8,2,0.2482,получил 30 000 KZT от 1 плательщиков  исходящих переводов нет (глубина 2<4)
100000005911352100,peripheral,0.15,62,0.1643,"низкая активность: 2 вх./3 исх. плательщиков/получателей, без выраженного паттерна"
100000003068941100,peripheral,0.15,8,0.1932,"низкая активность: 3 вх./1 исх. плательщиков/получателей, без выраженного паттерна"
100000001420847100,terminal,0.8,49,0.2416,получил 20 000 KZT от 1 плательщиков  исходящих переводов нет (глубина 2<4)
100000005602999100,peripheral,0.15,5,0.1456,"низкая активность: 1 вх./2 исх. плательщиков/получателей, без выраженного паттерна"
100000000723383100,peripheral,0.15,46,0.1535,"низкая активность: 1 вх./2 исх. плательщиков/получателей, без выраженного паттерна"
100000006977207100,distributor,0.5,17,0.3618,рассылает 4 157 018 KZT на 15 разных получателей
100000001273783100,terminal,0.8,29,0.244,получил 23 200 KZT от 1 плательщиков  исходящих переводов нет (глубина 2<4)
100000000201868100,transit,1.0,42,0.3384,"получает от 1, передаёт 1; pass-through 1.00 — деньги не задерживаются"
100000007777377100,peripheral,0.15,2,0.2206,"низкая активность: 1 вх./2 исх. плательщиков/получателей, без выраженного паттерна"
100000004192865100,terminal,0.8,37,0.2613,получил 66 666 KZT от 1 плательщиков  исходящих переводов нет (глубина 2<4)
100000006901046100,peripheral,0.15,2,0.1894,"низкая активность: 1 вх./1 исх. плательщиков/получателей, без выраженного паттерна"
100000000437046100,coordinator,0.679,8,0.5288,"связан с 0 seed-клиентами напрямую, betweenness=0.002, точка сочленения сети"
100000008765494100,terminal,0.8,38,0.2446,получил 24 000 KZT от 1 плательщиков  исходящих переводов нет (глубина 2<4)
100000008713270100,peripheral,0.15,1,0.1742,"низкая активность: 1 вх./3 исх. плательщиков/получателей, без выраженного паттерна"
100000003603979100,terminal,0.8,44,0.2761,получил 165 000 KZT от 1 плательщиков  исходящих переводов нет (глубина 2<4)
100000000943371100,terminal,0.8,31,0.2375,получил 15 500 KZT от 1 плательщиков  исходящих переводов нет (глубина 2<4)
100000008672480100,terminal,0.8,38,0.2346,получил 13 000 KZT от 1 плательщиков  исходящих переводов нет (глубина 2<4)
100000008691168100,terminal,0.8,38,0.2446,получил 24 000 KZT от 1 плательщиков  исходящих переводов нет (глубина 2<4)
100000003237045100,peripheral,0.15,2,0.2139,"низкая активность: 1 вх./1 исх. плательщиков/получателей, без выраженного паттерна"
100000008736394100,terminal,0.8,38,0.238,получил 16 000 KZT от 1 плательщиков  исходящих переводов нет (глубина 2<4)
100000004160650100,peripheral,0.15,44,0.2193,"низкая активность: 2 вх./10 исх. плательщиков/получателей, без выраженного паттерна"
100000000629812100,terminal,0.8,27,0.2432,получил 22 000 KZT от 2 плательщиков  исходящих переводов нет (глубина 2<4)
100000000955444100,terminal,0.8,33,0.2243,получил 6 910 KZT от 1 плательщиков  исходящих переводов нет (глубина 2<4)
100000008731444100,peripheral,0.15,8,0.2199,"низкая активность: 3 вх./9 исх. плательщиков/получателей, без выраженного паттерна"
100000008413748100,distributor,0.6,41,0.3541,рассылает 1 377 320 KZT на 18 разных получателей
100000006787636100,terminal,0.8,42,0.2416,получил 20 000 KZT от 1 плательщиков  исходящих переводов нет (глубина 2<4)
100000005942793100,terminal,0.8,8,0.2581,получил 55 000 KZT от 4 плательщиков  исходящих переводов нет (глубина 2<4)
100000008730846100,consolidator,0.7,5,0.449,получает от 7 разных плательщиков (155 042 KZT)  отдаёт дальше 234% полученного
100000002570206100,terminal,0.8,41,0.2762,получил 166 960 KZT от 2 плательщиков  исходящих переводов нет (глубина 2<4)
100000000785800100,transit,1.0,19,0.3308,"получает от 1, передаёт 1; pass-through 1.00 — деньги не задерживаются"
100000007382152100,terminal,0.8,8,0.2216,получил 5 860 KZT от 1 плательщиков  исходящих переводов нет (глубина 2<4)
100000000910216100,peripheral,0.15,8,0.1896,"низкая активность: 1 вх./1 исх. плательщиков/получателей, без выраженного паттерна"
100000003131016100,peripheral,0.15,8,0.2167,"низкая активность: 1 вх./1 исх. плательщиков/получателей, без выраженного паттерна"
100000003221384100,terminal,0.8,3,0.2945,получил 511 200 KZT от 1 плательщиков  исходящих переводов нет (глубина 2<4)
100000002156381100,peripheral,0.15,5,0.1864,"низкая активность: 2 вх./1 исх. плательщиков/получателей, без выраженного паттерна"
100000002779485100,terminal,0.8,17,0.2663,получил 91 000 KZT от 1 плательщиков  исходящих переводов нет (глубина 2<4)
100000008774237100,peripheral,0.15,44,0.1826,"низкая активность: 1 вх./1 исх. плательщиков/получателей, без выраженного паттерна"
100000002628146100,terminal,0.8,55,0.2485,получил 30 500 KZT от 1 плательщиков  исходящих переводов нет (глубина 2<4)
100000002852402100,terminal,0.8,3,0.2581,получил 55 000 KZT от 1 плательщиков  исходящих переводов нет (глубина 2<4)
100000006989106100,terminal,0.8,24,0.2606,получил 64 000 KZT от 1 плательщиков  исходящих переводов нет (глубина 2<4)
100000002958343100,peripheral,0.15,39,0.2488,"низкая активность: 1 вх./2 исх. плательщиков/получателей, без выраженного паттерна"
100000008461532100,peripheral,0.15,45,0.2261,"низкая активность: 2 вх./8 исх. плательщиков/получателей, без выраженного паттерна"
100000004400305100,coordinator,0.654,8,0.4899,"связан с 0 seed-клиентами напрямую, betweenness=0.002, точка сочленения сети"
100000000297649100,peripheral,0.15,13,0.1789,"низкая активность: 1 вх./1 исх. плательщиков/получателей, без выраженного паттерна"
100000003191430100,terminal,0.8,2,0.2775,получил 180 000 KZT от 1 плательщиков  исходящих переводов нет (глубина 2<4)
100000003275398100,peripheral,0.15,44,0.2118,"низкая активность: 1 вх./1 исх. плательщиков/получателей, без выраженного паттерна"
100000005203590100,terminal,0.8,1,0.2662,получил 90 000 KZT от 1 плательщиков  исходящих переводов нет (глубина 2<4)
100000008672603100,terminal,0.8,15,0.2426,получил 21 200 KZT от 1 плательщиков  исходящих переводов нет (глубина 2<4)
100000000718427100,terminal,0.8,38,0.222,получил 6 000 KZT от 1 плательщиков  исходящих переводов нет (глубина 2<4)
100000003104347100,peripheral,0.15,11,0.2175,"низкая активность: 1 вх./1 исх. плательщиков/получателей, без выраженного паттерна"
100000002974256100,terminal,0.8,13,0.2249,получил 7 200 KZT от 1 плательщиков  исходящих переводов нет (глубина 2<4)
100000007173936100,terminal,0.8,60,0.2303,получил 10 000 KZT от 1 плательщиков  исходящих переводов нет (глубина 2<4)
100000002744581100,terminal,0.8,24,0.2333,получил 12 000 KZT от 1 плательщиков  исходящих переводов нет (глубина 2<4)
100000000596954100,peripheral,0.15,15,0.1976,"низкая активность: 1 вх./2 исх. плательщиков/получателей, без выраженного паттерна"
100000004950490100,terminal,0.8,24,0.2303,получил 10 000 KZT от 1 плательщиков  исходящих переводов нет (глубина 2<4)
100000008772058100,terminal,0.8,38,0.2566,получил 50 000 KZT от 1 плательщиков  исходящих переводов нет (глубина 2<4)
100000000971908100,terminal,0.8,1,0.266,получил 89 000 KZT от 1 плательщиков  исходящих переводов нет (глубина 2<4)
100000008687492100,terminal,0.8,38,0.2369,получил 15 000 KZT от 1 плательщиков  исходящих переводов нет (глубина 2<4)
100000003159641100,peripheral,0.15,66,0.1875,"низкая активность: 4 вх./1 исх. плательщиков/получателей, без выраженного паттерна"
100000005326681100,terminal,0.8,3,0.2489,получил 31 228 KZT от 1 плательщиков  исходящих переводов нет (глубина 2<4)
100000006888238100,peripheral,0.15,52,0.1659,"низкая активность: 1 вх./1 исх. плательщиков/получателей, без выраженного паттерна"
100000001290243100,terminal,0.8,2,0.2303,получил 10 000 KZT от 1 плательщиков  исходящих переводов нет (глубина 2<4)
100000008289539100,terminal,0.8,3,0.2368,получил 14 912 KZT от 1 плательщиков  исходящих переводов нет (глубина 2<4)
100000000821507100,terminal,0.8,60,0.2905,получил 400 000 KZT от 1 плательщиков  исходящих переводов нет (глубина 2<4)
100000003086040100,terminal,0.8,8,0.2311,получил 10 500 KZT от 1 плательщиков  исходящих переводов нет (глубина 2<4)
100000002969048100,terminal,0.8,1,0.2692,получил 108 470 KZT от 1 плательщиков  исходящих переводов нет (глубина 2<4)
100000002826669100,terminal,0.8,8,0.2755,получил 159 900 KZT от 1 плательщиков  исходящих переводов нет (глубина 2<4)
100000002293421100,transit,0.854,8,0.2932,"получает от 2, передаёт 2; pass-through 1.15 — деньги не задерживаются"
100000004732589100,terminal,0.8,29,0.2813,получил 227 520 KZT от 1 плательщиков  исходящих переводов нет (глубина 2<4)
100000003003821100,terminal,0.8,15,0.2529,получил 40 000 KZT от 1 плательщиков  исходящих переводов нет (глубина 2<4)
100000005237935150,terminal,0.8,48,0.2505,получил 34 508 KZT от 1 плательщиков  исходящих переводов нет (глубина 2<4)
100000004463277100,terminal,0.8,37,0.2507,получил 35 000 KZT от 1 плательщиков  исходящих переводов нет (глубина 2<4)
100000006523053100,terminal,0.8,15,0.219,получил 5 000 KZT от 1 плательщиков  исходящих переводов нет (глубина 2<4)
100000001954903100,terminal,0.8,29,0.2466,получил 27 118 KZT от 1 плательщиков  исходящих переводов нет (глубина 2<4)
100000005328215100,terminal,0.8,29,0.2465,получил 27 000 KZT от 1 плательщиков  исходящих переводов нет (глубина 2<4)
100000004424023100,peripheral,0.15,1,0.1829,"низкая активность: 1 вх./1 исх. плательщиков/получателей, без выраженного паттерна"
100000002299948100,terminal,0.8,55,0.2239,получил 6 750 KZT от 1 плательщиков  исходящих переводов нет (глубина 2<4)
100000005105153100,terminal,0.8,8,0.2482,получил 30 000 KZT от 1 плательщиков  исходящих переводов нет (глубина 2<4)
100000001985793100,terminal,0.8,1,0.2913,получил 420 000 KZT от 1 плательщиков  исходящих переводов нет (глубина 2<4)
100000003134934100,terminal,0.8,8,0.2896,получил 379 354 KZT от 4 плательщиков  исходящих переводов нет (глубина 2<4)
100000006240939100,peripheral,0.15,1,0.2016,"низкая активность: 1 вх./5 исх. плательщиков/получателей, без выраженного паттерна"
100000008656043100,terminal,0.8,38,0.246,получил 26 200 KZT от 1 плательщиков  исходящих переводов нет (глубина 2<4)
100000002605184100,terminal,0.8,3,0.2734,получил 140 000 KZT от 1 плательщиков  исходящих переводов нет (глубина 2<4)
100000003157333100,terminal,0.8,1,0.2482,получил 30 000 KZT от 1 плательщиков  исходящих переводов нет (глубина 2<4)
100000007898453100,peripheral,0.15,15,0.1714,"низкая активность: 1 вх./2 исх. плательщиков/получателей, без выраженного паттерна"
100000002710570100,terminal,0.8,12,0.2811,получил 225 015 KZT от 1 плательщиков  исходящих переводов нет (глубина 2<4)
100000004979498100,peripheral,0.15,35,0.2556,"низкая активность: 1 вх./1 исх. плательщиков/получателей, без выраженного паттерна"
100000001541418100,terminal,0.8,24,0.2674,получил 96 900 KZT от 2 плательщиков  исходящих переводов нет (глубина 2<4)
100000007797290100,peripheral,0.15,8,0.1942,"низкая активность: 1 вх./1 исх. плательщиков/получателей, без выраженного паттерна"
100000008683818100,terminal,0.8,38,0.2393,получил 17 400 KZT от 1 плательщиков  исходящих переводов нет (глубина 2<4)
100000006567935100,terminal,0.8,60,0.2792,получил 200 000 KZT от 1 плательщиков  исходящих переводов нет (глубина 2<4)
100000002132479100,peripheral,0.15,0,0.1742,"низкая активность: 1 вх./1 исх. плательщиков/получателей, без выраженного паттерна"
100000002170580100,terminal,0.8,29,0.2745,получил 150 000 KZT от 1 плательщиков  исходящих переводов нет (глубина 2<4)
100000001232297100,peripheral,0.15,31,0.145,"низкая активность: 1 вх./2 исх. плательщиков/получателей, без выраженного паттерна"
100000002028158100,terminal,0.8,3,0.2507,получил 34 800 KZT от 1 плательщиков  исходящих переводов нет (глубина 2<4)
100000005519998100,transit,0.967,10,0.3343,"получает от 3, передаёт 3; pass-through 1.03 — деньги не задерживаются"
100000002335358100,terminal,0.8,2,0.2734,получил 140 000 KZT от 1 плательщиков  исходящих переводов нет (глубина 2<4)
100000007289427100,terminal,0.8,15,0.2337,получил 12 300 KZT от 1 плательщиков  исходящих переводов нет (глубина 2<4)
100000004592467100,terminal,0.8,15,0.2245,получил 7 000 KZT от 1 плательщиков  исходящих переводов нет (глубина 2<4)
100000004993576100,terminal,0.8,3,0.2762,получил 167 000 KZT от 1 плательщиков  исходящих переводов нет (глубина 2<4)
100000001648936100,terminal,0.8,1,0.2666,получил 92 740 KZT от 1 плательщиков  исходящих переводов нет (глубина 2<4)
100000008512552100,peripheral,0.15,41,0.2334,"низкая активность: 4 вх./6 исх. плательщиков/получателей, без выраженного паттерна"
100000007629096100,peripheral,0.15,16,0.2346,"низкая активность: 4 вх./1 исх. плательщиков/получателей, без выраженного паттерна"
100000001601320100,transit,0.938,24,0.3056,"получает от 2, передаёт 1; pass-through 1.06 — деньги не задерживаются"
100000005782781100,peripheral,0.15,24,0.2119,"низкая активность: 6 вх./10 исх. плательщиков/получателей, без выраженного паттерна"
100000002723538100,peripheral,0.15,17,0.2285,"низкая активность: 3 вх./12 исх. плательщиков/получателей, без выраженного паттерна"
100000002340562100,terminal,0.8,24,0.2515,получил 36 650 KZT от 1 плательщиков  исходящих переводов нет (глубина 2<4)
100000005939154100,terminal,0.8,2,0.2432,получил 22 000 KZT от 1 плательщиков  исходящих переводов нет (глубина 2<4)
100000004386258100,peripheral,0.15,13,0.1878,"низкая активность: 3 вх./3 исх. плательщиков/получателей, без выраженного паттерна"
100000008406609100,terminal,0.8,25,0.2503,получил 34 000 KZT от 1 плательщиков  исходящих переводов нет (глубина 2<4)
100000007242833100,peripheral,0.15,13,0.1953,"низкая активность: 1 вх./1 исх. плательщиков/получателей, без выраженного паттерна"
100000004698193100,peripheral,0.15,1,0.207,"низкая активность: 2 вх./3 исх. плательщиков/получателей, без выраженного паттерна"
100000002733905100,peripheral,0.15,38,0.1939,"низкая активность: 3 вх./2 исх. плательщиков/получателей, без выраженного паттерна"
100000006912294100,peripheral,0.15,24,0.1489,"низкая активность: 1 вх./2 исх. плательщиков/получателей, без выраженного паттерна"
100000003036198100,terminal,0.8,15,0.2369,получил 15 000 KZT от 1 плательщиков  исходящих переводов нет (глубина 2<4)
100000004687099100,terminal,0.8,24,0.2482,получил 30 000 KZT от 1 плательщиков  исходящих переводов нет (глубина 2<4)
100000005242320100,distributor,0.7,48,0.4195,рассылает 8 936 295 KZT на 21 разных получателей
100000008762832100,peripheral,0.15,15,0.2005,"низкая активность: 1 вх./1 исх. плательщиков/получателей, без выраженного паттерна"
100000002489253100,terminal,0.8,2,0.2569,получил 51 000 KZT от 1 плательщиков  исходящих переводов нет (глубина 2<4)
100000004756901100,terminal,0.8,2,0.2748,получил 153 248 KZT от 1 плательщиков  исходящих переводов нет (глубина 2<4)
100000008749989100,terminal,0.8,38,0.238,получил 16 000 KZT от 1 плательщиков  исходящих переводов нет (глубина 2<4)
100000001380986100,terminal,0.8,24,0.2621,получил 70 170 KZT от 1 плательщиков  исходящих переводов нет (глубина 2<4)
100000003089018100,terminal,0.8,24,0.2815,получил 230 000 KZT от 1 плательщиков  исходящих переводов нет (глубина 2<4)
100000008742266100,terminal,0.8,38,0.2424,получил 21 000 KZT от 1 плательщиков  исходящих переводов нет (глубина 2<4)
100000003044431100,terminal,0.8,8,0.2595,получил 60 000 KZT от 2 плательщиков  исходящих переводов нет (глубина 2<4)
100000003321423100,terminal,0.8,5,0.2679,получил 100 000 KZT от 1 плательщиков  исходящих переводов нет (глубина 2<4)
100000002540623100,terminal,0.8,29,0.2679,получил 100 000 KZT от 1 плательщиков  исходящих переводов нет (глубина 2<4)
100000004225615100,terminal,0.8,24,0.2662,получил 90 000 KZT от 1 плательщиков  исходящих переводов нет (глубина 2<4)
100000004820260100,transit,0.92,3,0.3311,"получает от 1, передаёт 3; pass-through 0.92 — деньги не задерживаются"
100000000795129100,terminal,0.8,3,0.2875,получил 332 000 KZT от 1 плательщиков  исходящих переводов нет (глубина 2<4)
100000008213966100,peripheral,0.15,57,0.2047,"низкая активность: 3 вх./1 исх. плательщиков/получателей, без выраженного паттерна"
100000008478414100,terminal,0.8,38,0.2303,получил 10 000 KZT от 1 плательщиков  исходящих переводов нет (глубина 2<4)
100000001330595100,peripheral,0.15,44,0.1916,"низкая активность: 3 вх./1 исх. плательщиков/получателей, без выраженного паттерна"
100000000076451100,peripheral,0.15,3,0.1932,"низкая активность: 3 вх./4 исх. плательщиков/получателей, без выраженного паттерна"
100000005664632100,terminal,0.8,18,0.2791,получил 198 620 KZT от 1 плательщиков  исходящих переводов нет (глубина 2<4)
100000002457464100,terminal,0.8,15,0.2613,получил 66 647 KZT от 1 плательщиков  исходящих переводов нет (глубина 2<4)
100000002757240100,terminal,0.8,15,0.2569,получил 51 183 KZT от 1 плательщиков  исходящих переводов нет (глубина 2<4)
100000003718221100,peripheral,0.15,11,0.2149,"низкая активность: 2 вх./4 исх. плательщиков/получателей, без выраженного паттерна"
100000008629581100,terminal,0.8,15,0.2579,получил 54 184 KZT от 1 плательщиков  исходящих переводов нет (глубина 2<4)
100000004806903100,terminal,0.8,15,0.2399,получил 18 000 KZT от 1 плательщиков  исходящих переводов нет (глубина 2<4)
100000000913911100,peripheral,0.15,15,0.2193,"низкая активность: 2 вх./1 исх. плательщиков/получателей, без выраженного паттерна"
100000004905207100,terminal,0.8,0,0.2897,получил 380 000 KZT от 1 плательщиков  исходящих переводов нет (глубина 2<4)
100000003831201100,terminal,0.8,8,0.2531,получил 40 500 KZT от 1 плательщиков  исходящих переводов нет (глубина 2<4)
100000003073398100,terminal,0.8,1,0.2667,получил 92 960 KZT от 1 плательщиков  исходящих переводов нет (глубина 2<4)
100000008418934100,terminal,0.8,24,0.2888,получил 360 000 KZT от 1 плательщиков  исходящих переводов нет (глубина 2<4)
100000002741024100,peripheral,0.15,16,0.2299,"низкая активность: 5 вх./6 исх. плательщиков/получателей, без выраженного паттерна"
100000008106997100,peripheral,0.15,8,0.1773,"низкая активность: 2 вх./1 исх. плательщиков/получателей, без выраженного паттерна"
100000007998965100,consolidator,0.5,29,0.3849,получает от 5 разных плательщиков (278 000 KZT)  отдаёт дальше 9% полученного
100000001822623100,terminal,0.8,11,0.2793,получил 201 300 KZT от 1 плательщиков  исходящих переводов нет (глубина 2<4)
100000006424479100,peripheral,0.15,31,0.2212,"низкая активность: 1 вх./2 исх. плательщиков/получателей, без выраженного паттерна"
100000008696692100,terminal,0.8,38,0.2408,получил 19 000 KZT от 1 плательщиков  исходящих переводов нет (глубина 2<4)
100000002748532100,peripheral,0.15,21,0.2149,"низкая активность: 3 вх./2 исх. плательщиков/получателей, без выраженного паттерна"
100000004456564100,terminal,0.8,0,0.2303,получил 10 000 KZT от 1 плательщиков  исходящих переводов нет (глубина 2<4)
100000001530740100,terminal,0.8,2,0.2369,получил 15 000 KZT от 1 плательщиков  исходящих переводов нет (глубина 2<4)
100000001386612100,terminal,0.8,25,0.2601,получил 62 264 KZT от 1 плательщиков  исходящих переводов нет (глубина 2<4)
100000003360542100,peripheral,0.15,5,0.2127,"низкая активность: 2 вх./2 исх. плательщиков/получателей, без выраженного паттерна"
100000008352542100,terminal,0.8,15,0.2566,получил 50 220 KZT от 1 плательщиков  исходящих переводов нет (глубина 2<4)
100000001138376100,terminal,0.8,3,0.2372,получил 15 300 KZT от 1 плательщиков  исходящих переводов нет (глубина 2<4)
100000003246024100,peripheral,0.15,8,0.1807,"низкая активность: 1 вх./1 исх. плательщиков/получателей, без выраженного паттерна"
100000002680477100,terminal,0.8,48,0.2453,получил 25 000 KZT от 1 плательщиков  исходящих переводов нет (глубина 2<4)
100000005882013100,peripheral,0.15,31,0.1988,"низкая активность: 2 вх./1 исх. плательщиков/получателей, без выраженного паттерна"
100000005665181100,peripheral,0.15,9,0.1831,"низкая активность: 4 вх./11 исх. плательщиков/получателей, без выраженного паттерна"
100000008141170100,terminal,0.8,2,0.2319,получил 11 000 KZT от 1 плательщиков  исходящих переводов нет (глубина 2<4)
100000001382002100,transit,0.973,8,0.3143,"получает от 1, передаёт 1; pass-through 1.03 — деньги не задерживаются"
100000002481735100,terminal,0.8,2,0.2435,получил 22 436 KZT от 1 плательщиков  исходящих переводов нет (глубина 2<4)
100000000806727100,peripheral,0.15,15,0.1808,"низкая активность: 1 вх./1 исх. плательщиков/получателей, без выраженного паттерна"
100000003039473100,terminal,0.8,2,0.2439,получил 23 000 KZT от 1 плательщиков  исходящих переводов нет (глубина 2<4)
100000005205745100,terminal,0.8,1,0.222,получил 6 000 KZT от 1 плательщиков  исходящих переводов нет (глубина 2<4)
100000004356593100,peripheral,0.15,15,0.1828,"низкая активность: 1 вх./1 исх. плательщиков/получателей, без выраженного паттерна"
100000008688881100,terminal,0.8,38,0.2546,получил 44 211 KZT от 1 плательщиков  исходящих переводов нет (глубина 2<4)
100000008111003100,consolidator,0.6,8,0.4319,получает от 6 разных плательщиков (222 716 KZT)  отдаёт дальше 16% полученного
100000003016773100,terminal,0.8,32,0.2554,получил 46 555 KZT от 1 плательщиков  исходящих переводов нет (глубина 2<4)
100000004674799100,terminal,0.8,8,0.2734,получил 140 000 KZT от 1 плательщиков  исходящих переводов нет (глубина 2<4)
100000005834479100,peripheral,0.15,17,0.1516,"низкая активность: 1 вх./2 исх. плательщиков/получателей, без выраженного паттерна"
100000003278020100,terminal,0.8,8,0.2784,получил 190 000 KZT от 1 плательщиков  исходящих переводов нет (глубина 2<4)
100000000831684100,peripheral,0.15,13,0.1629,"низкая активность: 1 вх./1 исх. плательщиков/получателей, без выраженного паттерна"
100000000307908100,terminal,0.8,20,0.219,получил 5 000 KZT от 1 плательщиков  исходящих переводов нет (глубина 2<4)
100000001782980100,peripheral,0.15,37,0.1826,"низкая активность: 1 вх./1 исх. плательщиков/получателей, без выраженного паттерна"
100000002454724100,terminal,0.8,60,0.2715,получил 125 000 KZT от 1 плательщиков  исходящих переводов нет (глубина 2<4)
100000005904580100,terminal,0.8,13,0.2625,получил 72 000 KZT от 2 плательщиков  исходящих переводов нет (глубина 2<4)
100000008474308100,peripheral,0.15,8,0.1618,"низкая активность: 1 вх./1 исх. плательщиков/получателей, без выраженного паттерна"
100000000795033100,terminal,0.8,8,0.2401,получил 18 200 KZT от 1 плательщиков  исходящих переводов нет (глубина 2<4)
100000000861294100,terminal,0.8,1,0.2745,получил 150 000 KZT от 1 плательщиков  исходящих переводов нет (глубина 2<4)
100000006557763100,terminal,0.8,15,0.2303,получил 10 000 KZT от 1 плательщиков  исходящих переводов нет (глубина 2<4)
100000005608515100,terminal,0.8,39,0.2606,получил 64 000 KZT от 1 плательщиков  исходящих переводов нет (глубина 2<4)
100000003922499100,terminal,0.8,13,0.2566,получил 50 000 KZT от 1 плательщиков  исходящих переводов нет (глубина 2<4)
100000008603629100,coordinator,1.0,17,0.7726,"связан с 0 seed-клиентами напрямую, betweenness=0.010, точка сочленения сети"
100000004825069100,terminal,0.8,38,0.2482,получил 30 000 KZT от 1 плательщиков  исходящих переводов нет (глубина 2<4)
100000004331458100,terminal,0.8,23,0.2828,получил 250 000 KZT от 2 плательщиков  исходящих переводов нет (глубина 2<4)
100000002911170100,terminal,0.8,60,0.2858,получил 300 000 KZT от 1 плательщиков  исходящих переводов нет (глубина 2<4)
100000008011159100,peripheral,0.15,65,0.2166,"низкая активность: 3 вх./5 исх. плательщиков/получателей, без выраженного паттерна"
100000003854444100,peripheral,0.15,49,0.2224,"низкая активность: 1 вх./14 исх. плательщиков/получателей, без выраженного паттерна"
100000008547948100,coordinator,0.78,32,0.5531,"связан с 0 seed-клиентами напрямую, betweenness=0.003, точка сочленения сети"
100000005175148100,peripheral,0.15,3,0.19,"низкая активность: 2 вх./1 исх. плательщиков/получателей, без выраженного паттерна"
100000002087788100,terminal,0.8,9,0.268,получил 100 500 KZT от 1 плательщиков  исходящих переводов нет (глубина 2<4)
100000004150593100,peripheral,0.15,2,0.1878,"низкая активность: 1 вх./11 исх. плательщиков/получателей, без выраженного паттерна"
100000001597505100,peripheral,0.15,55,0.1723,"низкая активность: 1 вх./1 исх. плательщиков/получателей, без выраженного паттерна"
100000007629121100,terminal,0.8,15,0.2477,получил 29 000 KZT от 1 плательщиков  исходящих переводов нет (глубина 2<4)
100000005614315100,terminal,0.8,2,0.2926,получил 455 000 KZT от 1 плательщиков  исходящих переводов нет (глубина 2<4)
100000008324800100,transit,0.971,59,0.3512,"получает от 3, передаёт 1; pass-through 0.97 — деньги не задерживаются"
100000005030592100,terminal,0.8,3,0.2303,получил 10 000 KZT от 1 плательщиков  исходящих переводов нет (глубина 2<4)
100000001633685100,terminal,0.8,8,0.2548,получил 45 000 KZT от 3 плательщиков  исходящих переводов нет (глубина 2<4)
100000001848426100,terminal,0.8,1,0.2671,получил 95 530 KZT от 1 плательщиков  исходящих переводов нет (глубина 2<4)
100000004580202100,peripheral,0.15,11,0.1555,"низкая активность: 1 вх./3 исх. плательщиков/получателей, без выраженного паттерна"
100000008717375100,terminal,0.8,15,0.248,получил 29 506 KZT от 1 плательщиков  исходящих переводов нет (глубина 2<4)
100000007861311100,terminal,0.8,24,0.2548,получил 45 000 KZT от 1 плательщиков  исходящих переводов нет (глубина 2<4)
100000005578559100,distributor,0.7,29,0.4169,рассылает 893 164 KZT на 21 разных получателей
100000008764436100,terminal,0.8,38,0.2347,получил 13 100 KZT от 1 плательщиков  исходящих переводов нет (глубина 2<4)
100000000190228100,peripheral,0.15,24,0.1453,"низкая активность: 1 вх./1 исх. плательщиков/получателей, без выраженного паттерна"
100000003971049100,terminal,0.8,8,0.2584,получил 55 900 KZT от 1 плательщиков  исходящих переводов нет (глубина 2<4)
100000008743913100,peripheral,0.15,21,0.2048,"низкая активность: 3 вх./13 исх. плательщиков/получателей, без выраженного паттерна"
100000004400361100,terminal,0.8,2,0.2303,получил 10 000 KZT от 1 плательщиков  исходящих переводов нет (глубина 2<4)
100000002175422100,peripheral,0.15,12,0.19,"низкая активность: 3 вх./6 исх. плательщиков/получателей, без выраженного паттерна"
100000004544958100,peripheral,0.15,5,0.2026,"низкая активность: 1 вх./2 исх. плательщиков/получателей, без выраженного паттерна"
100000008466579100,distributor,0.567,32,0.3495,рассылает 1 933 000 KZT на 17 разных получателей
100000001184915100,terminal,0.8,3,0.2793,получил 201 000 KZT от 1 плательщиков  исходящих переводов нет (глубина 2<4)
100000004435304100,terminal,0.8,38,0.246,получил 26 200 KZT от 1 плательщиков  исходящих переводов нет (глубина 2<4)
100000008762728100,terminal,0.8,2,0.239,получил 17 026 KZT от 1 плательщиков  исходящих переводов нет (глубина 2<4)
100000004285800100,peripheral,0.15,8,0.145,"низкая активность: 1 вх./1 исх. плательщиков/получателей, без выраженного паттерна"
100000008557672100,terminal,0.8,38,0.2563,получил 49 125 KZT от 1 плательщиков  исходящих переводов нет (глубина 2<4)
100000005142589100,terminal,0.8,8,0.2566,получил 50 000 KZT от 1 плательщиков  исходящих переводов нет (глубина 2<4)
100000003747133100,consolidator,0.5,16,0.3834,получает от 5 разных плательщиков (237 068 KZT)  отдаёт дальше 105% полученного
100000003289405100,terminal,0.8,15,0.2886,получил 355 000 KZT от 1 плательщиков  исходящих переводов нет (глубина 2<4)
100000002691858100,terminal,0.8,55,0.2571,получил 51 500 KZT от 1 плательщиков  исходящих переводов нет (глубина 2<4)
100000007534354100,peripheral,0.15,29,0.1826,"низкая активность: 1 вх./3 исх. плательщиков/получателей, без выраженного паттерна"
100000000765628100,terminal,0.8,2,0.219,получил 5 000 KZT от 1 плательщиков  исходящих переводов нет (глубина 2<4)
100000004962193100,consolidator,0.8,8,0.5117,получает от 8 разных плательщиков (900 468 KZT)  отдаёт дальше 0% полученного
100000005032294100,terminal,0.8,0,0.2303,получил 10 000 KZT от 1 плательщиков  исходящих переводов нет (глубина 2<4)
100000001251686100,terminal,0.8,15,0.2399,получил 18 000 KZT от 1 плательщиков  исходящих переводов нет (глубина 2<4)
100000002398779100,consolidator,1.0,8,0.5873,получает от 13 разных плательщиков (1 095 690 KZT)  отдаёт дальше 6% полученного
100000008512827100,peripheral,0.15,48,0.1977,"низкая активность: 3 вх./10 исх. плательщиков/получателей, без выраженного паттерна"
100000003943483100,terminal,0.8,13,0.2303,получил 10 000 KZT от 1 плательщиков  исходящих переводов нет (глубина 2<4)
100000005031696100,peripheral,0.15,40,0.1464,"низкая активность: 1 вх./2 исх. плательщиков/получателей, без выраженного паттерна"
100000002703376100,terminal,0.8,8,0.2554,получил 46 501 KZT от 1 плательщиков  исходящих переводов нет (глубина 2<4)
100000003617552100,terminal,0.8,37,0.2453,получил 25 000 KZT от 1 плательщиков  исходящих переводов нет (глубина 2<4)
100000007617808100,terminal,0.8,2,0.2924,получил 450 000 KZT от 1 плательщиков  исходящих переводов нет (глубина 2<4)
100000002613776100,terminal,0.8,8,0.2482,получил 30 000 KZT от 1 плательщиков  исходящих переводов нет (глубина 2<4)
100000002578405100,distributor,1.0,38,0.5309,рассылает 3 108 352 KZT на 116 разных получателей
100000006161893100,terminal,0.8,2,0.2358,получил 14 000 KZT от 1 плательщиков  исходящих переводов нет (глубина 2<4)
100000002633701100,terminal,0.8,24,0.2839,получил 266 850 KZT от 1 плательщиков  исходящих переводов нет (глубина 2<4)
100000002432143100,terminal,0.8,15,0.2645,получил 81 310 KZT от 1 плательщиков  исходящих переводов нет (глубина 2<4)
100000000490383100,peripheral,0.15,2,0.1868,"низкая активность: 3 вх./8 исх. плательщиков/получателей, без выраженного паттерна"
100000005809252100,terminal,0.8,9,0.2453,получил 25 000 KZT от 1 плательщиков  исходящих переводов нет (глубина 2<4)
100000006612238100,peripheral,0.15,38,0.2015,"низкая активность: 1 вх./1 исх. плательщиков/получателей, без выраженного паттерна"
100000002593038100,terminal,0.8,13,0.2474,получил 28 500 KZT от 1 плательщиков  исходящих переводов нет (глубина 2<4)
100000002947299100,terminal,0.8,15,0.2652,получил 85 000 KZT от 1 плательщиков  исходящих переводов нет (глубина 2<4)
100000004336312100,transit,0.804,10,0.2989,"получает от 3, передаёт 2; pass-through 0.80 — деньги не задерживаются"
100000001308856100,terminal,0.8,38,0.2465,получил 27 000 KZT от 1 плательщиков  исходящих переводов нет (глубина 2<4)
100000008238989100,terminal,0.8,11,0.2792,получил 200 000 KZT от 1 плательщиков  исходящих переводов нет (глубина 2<4)
100000005561741100,terminal,0.8,29,0.2453,получил 25 000 KZT от 1 плательщиков  исходящих переводов нет (глубина 2<4)
100000006248077100,terminal,0.8,2,0.2566,получил 50 000 KZT от 1 плательщиков  исходящих переводов нет (глубина 2<4)
100000000646541100,terminal,0.8,8,0.2455,получил 25 300 KZT от 3 плательщиков  исходящих переводов нет (глубина 2<4)
100000006595426100,terminal,0.8,8,0.2652,получил 84 800 KZT от 1 плательщиков  исходящих переводов нет (глубина 2<4)
100000002956898100,terminal,0.8,3,0.2853,получил 290 240 KZT от 2 плательщиков  исходящих переводов нет (глубина 2<4)
100000001262647100,terminal,0.8,3,0.2444,получил 23 650 KZT от 1 плательщиков  исходящих переводов нет (глубина 2<4)
100000005849100100,terminal,0.8,15,0.2499,получил 33 300 KZT от 1 плательщиков  исходящих переводов нет (глубина 2<4)
100000000533217100,terminal,0.8,8,0.2577,получил 53 587 KZT от 1 плательщиков  исходящих переводов нет (глубина 2<4)
100000002812641100,peripheral,0.15,24,0.1563,"низкая активность: 1 вх./1 исх. плательщиков/получателей, без выраженного паттерна"
100000008647905100,peripheral,0.15,49,0.1831,"низкая активность: 1 вх./2 исх. плательщиков/получателей, без выраженного паттерна"
100000002842337100,terminal,0.8,24,0.2566,получил 50 000 KZT от 1 плательщиков  исходящих переводов нет (глубина 2<4)
100000002445750100,peripheral,0.15,8,0.1883,"низкая активность: 1 вх./1 исх. плательщиков/получателей, без выраженного паттерна"
100000005619339100,transit,0.911,2,0.2665,"получает от 1, передаёт 1; pass-through 1.09 — деньги не задерживаются"
100000006844768100,peripheral,0.15,8,0.2114,"низкая активность: 1 вх./2 исх. плательщиков/получателей, без выраженного паттерна"
100000002488629100,terminal,0.8,1,0.2628,получил 73 050 KZT от 1 плательщиков  исходящих переводов нет (глубина 2<4)
100000002796853100,peripheral,0.15,43,0.2051,"низкая активность: 1 вх./1 исх. плательщиков/получателей, без выраженного паттерна"
100000006755850100,terminal,0.8,9,0.2922,получил 443 476 KZT от 1 плательщиков  исходящих переводов нет (глубина 2<4)
100000008733194100,coordinator,1.0,31,0.7258,"связан с 4 seed-клиентами напрямую, betweenness=0.000, точка сочленения сети"
100000001904863100,terminal,0.8,0,0.2941,получил 500 000 KZT от 1 плательщиков  исходящих переводов нет (глубина 2<4)
100000001641951100,terminal,0.8,15,0.2453,получил 25 000 KZT от 1 плательщиков  исходящих переводов нет (глубина 2<4)
100000004816564100,peripheral,0.15,3,0.2113,"низкая активность: 1 вх./1 исх. плательщиков/получателей, без выраженного паттерна"
100000002205022100,peripheral,0.15,27,0.1515,"низкая активность: 1 вх./3 исх. плательщиков/получателей, без выраженного паттерна"
100000002267998100,peripheral,0.15,11,0.2182,"низкая активность: 2 вх./3 исх. плательщиков/получателей, без выраженного паттерна"
100000002199091100,terminal,0.8,38,0.2608,получил 65 000 KZT от 1 плательщиков  исходящих переводов нет (глубина 2<4)
100000008571443100,terminal,0.8,31,0.2608,получил 65 000 KZT от 2 плательщиков  исходящих переводов нет (глубина 2<4)
100000002742067100,terminal,0.8,3,0.2342,получил 12 730 KZT от 1 плательщиков  исходящих переводов нет (глубина 2<4)
100000003292979100,terminal,0.8,15,0.2562,получил 48 950 KZT от 1 плательщиков  исходящих переводов нет (глубина 2<4)
100000002558173100,terminal,0.8,55,0.2291,получил 9 300 KZT от 1 плательщиков  исходящих переводов нет (глубина 2<4)
100000004687282100,terminal,0.8,2,0.2416,получил 20 000 KZT от 1 плательщиков  исходящих переводов нет (глубина 2<4)
100000003034546100,terminal,0.8,24,0.2937,получил 486 715 KZT от 1 плательщиков  исходящих переводов нет (глубина 2<4)
100000003798151100,terminal,0.8,2,0.2883,получил 350 000 KZT от 1 плательщиков  исходящих переводов нет (глубина 2<4)
100000008710791100,distributor,0.767,32,0.4327,рассылает 5 521 511 KZT на 23 разных получателей
100000008688476100,terminal,0.8,38,0.2446,получил 24 000 KZT от 1 плательщиков  исходящих переводов нет (глубина 2<4)
100000003242289100,coordinator,0.608,41,0.4813,"связан с 0 seed-клиентами напрямую, betweenness=0.002, точка сочленения сети"
100000006564102100,terminal,0.8,15,0.2817,получил 233 235 KZT от 1 плательщиков  исходящих переводов нет (глубина 2<4)
100000001526235100,peripheral,0.15,51,0.1944,"низкая активность: 3 вх./8 исх. плательщиков/получателей, без выраженного паттерна"
100000004398811100,peripheral,0.15,15,0.2176,"низкая активность: 1 вх./3 исх. плательщиков/получателей, без выраженного паттерна"
100000002957787100,coordinator,1.0,8,0.658,"связан с 0 seed-клиентами напрямую, betweenness=0.005, точка сочленения сети"
100000002621915100,terminal,0.8,2,0.219,получил 5 000 KZT от 1 плательщиков  исходящих переводов нет (глубина 2<4)
100000008283183100,terminal,0.8,38,0.2477,получил 29 000 KZT от 1 плательщиков  исходящих переводов нет (глубина 2<4)
100000003843844100,peripheral,0.15,31,0.1649,"низкая активность: 1 вх./1 исх. плательщиков/получателей, без выраженного паттерна"
100000000954884100,terminal,0.8,34,0.2503,получил 34 000 KZT от 1 плательщиков  исходящих переводов нет (глубина 3<4)
100000005893892100,terminal,0.8,9,0.2683,получил 102 780 KZT от 1 плательщиков  исходящих переводов нет (глубина 3<4)
100000001819396100,terminal,0.8,45,0.2762,получил 166 080 KZT от 1 плательщиков  исходящих переводов нет (глубина 3<4)
100000008472324100,terminal,0.8,9,0.2796,получил 205 200 KZT от 1 плательщиков  исходящих переводов нет (глубина 3<4)
100000002646745100,terminal,0.8,38,0.2337,получил 12 300 KZT от 1 плательщиков  исходящих переводов нет (глубина 3<4)
100000008405209100,terminal,0.8,41,0.2579,получил 54 400 KZT от 1 плательщиков  исходящих переводов нет (глубина 3<4)
100000004417753100,terminal,0.8,15,0.2785,получил 192 099 KZT от 2 плательщиков  исходящих переводов нет (глубина 3<4)
100000003457710100,peripheral,0.15,9,0.2135,"низкая активность: 1 вх./1 исх. плательщиков/получателей, без выраженного паттерна"
100000007333038100,peripheral,0.15,48,0.1655,"низкая активность: 1 вх./2 исх. плательщиков/получателей, без выраженного паттерна"
100000006444163100,terminal,0.8,16,0.222,получил 6 026 KZT от 1 плательщиков  исходящих переводов нет (глубина 3<4)
100000008706947100,terminal,0.8,38,0.2392,получил 17 200 KZT от 1 плательщиков  исходящих переводов нет (глубина 3<4)
100000008761219100,peripheral,0.15,22,0.1832,"низкая активность: 2 вх./2 исх. плательщиков/получателей, без выраженного паттерна"
100000005022552100,peripheral,0.15,2,0.2082,"низкая активность: 1 вх./1 исх. плательщиков/получателей, без выраженного паттерна"
100000008735832100,terminal,0.8,38,0.2395,получил 17 600 KZT от 1 плательщиков  исходящих переводов нет (глубина 3<4)
100000005661528100,terminal,0.8,17,0.2453,получил 25 000 KZT от 1 плательщиков  исходящих переводов нет (глубина 3<4)
100000002529880100,terminal,0.8,32,0.2742,получил 147 000 KZT от 2 плательщиков  исходящих переводов нет (глубина 3<4)
100000001969496100,terminal,0.8,0,0.2437,получил 22 740 KZT от 1 плательщиков  исходящих переводов нет (глубина 3<4)
100000003215448100,peripheral,0.15,17,0.193,"низкая активность: 1 вх./2 исх. плательщиков/получателей, без выраженного паттерна"
100000006894637100,terminal,0.8,8,0.2575,получил 52 831 KZT от 1 плательщиков  исходящих переводов нет (глубина 3<4)
100000002936322100,terminal,0.8,17,0.3015,получил 787 133 KZT от 2 плательщиков  исходящих переводов нет (глубина 3<4)
100000005061890100,terminal,0.8,15,0.2662,получил 90 000 KZT от 1 плательщиков  исходящих переводов нет (глубина 3<4)
100000004017410100,peripheral,0.15,10,0.2057,"низкая активность: 2 вх./5 исх. плательщиков/получателей, без выраженного паттерна"
100000002983426100,terminal,0.8,29,0.266,получил 88 945 KZT от 1 плательщиков  исходящих переводов нет (глубина 3<4)
100000005530114100,peripheral,0.15,41,0.199,"низкая активность: 2 вх./1 исх. плательщиков/получателей, без выраженного паттерна"
100000001169666100,peripheral,0.15,29,0.2071,"низкая активность: 1 вх./1 исх. плательщиков/получателей, без выраженного паттерна"
100000001784279100,terminal,0.8,8,0.2511,получил 35 674 KZT от 1 плательщиков  исходящих переводов нет (глубина 3<4)
100000008744364100,terminal,0.8,38,0.2444,получил 23 700 KZT от 1 плательщиков  исходящих переводов нет (глубина 3<4)
100000008714412100,terminal,0.8,29,0.2764,получил 169 000 KZT от 1 плательщиков  исходящих переводов нет (глубина 3<4)
100000007754369100,terminal,0.8,8,0.2647,получил 82 424 KZT от 1 плательщиков  исходящих переводов нет (глубина 3<4)
100000003122817100,terminal,0.8,45,0.2922,получил 444 680 KZT от 1 плательщиков  исходящих переводов нет (глубина 3<4)
100000003711830100,terminal,0.8,17,0.2566,получил 50 000 KZT от 1 плательщиков  исходящих переводов нет (глубина 3<4)
100000001110358100,terminal,0.8,8,0.2493,получил 32 000 KZT от 2 плательщиков  исходящих переводов нет (глубина 3<4)
100000006530134100,terminal,0.8,9,0.2739,получил 144 663 KZT от 2 плательщиков  исходящих переводов нет (глубина 3<4)
100000001639766100,terminal,0.8,1,0.2416,получил 20 000 KZT от 1 плательщиков  исходящих переводов нет (глубина 3<4)
100000003242795100,terminal,0.8,9,0.2696,получил 111 000 KZT от 1 плательщиков  исходящих переводов нет (глубина 3<4)
100000004970752100,terminal,0.8,8,0.2303,получил 10 000 KZT от 1 плательщиков  исходящих переводов нет (глубина 3<4)
100000004564736100,terminal,0.8,11,0.2369,получил 15 000 KZT от 1 плательщиков  исходящих переводов нет (глубина 3<4)
100000005873152100,transit,1.0,5,0.2903,"получает от 1, передаёт 1; pass-through 1.00 — деньги не задерживаются"
100000001637376100,peripheral,0.15,9,0.1967,"низкая активность: 1 вх./1 исх. плательщиков/получателей, без выраженного паттерна"
100000006710485100,terminal,0.8,38,0.2416,получил 20 000 KZT от 1 плательщиков  исходящих переводов нет (глубина 3<4)
100000003582677100,peripheral,0.15,15,0.2041,"низкая активность: 2 вх./4 исх. плательщиков/получателей, без выраженного паттерна"
100000008713685100,terminal,0.8,38,0.2565,получил 49 700 KZT от 1 плательщиков  исходящих переводов нет (глубина 3<4)
100000008070101100,terminal,0.8,32,0.2679,получил 100 000 KZT от 1 плательщиков  исходящих переводов нет (глубина 3<4)
100000004475818100,peripheral,0.15,9,0.1607,"низкая активность: 1 вх./3 исх. плательщиков/получателей, без выраженного паттерна"
100000007197866100,peripheral,0.15,17,0.1679,"низкая активность: 1 вх./1 исх. плательщиков/получателей, без выраженного паттерна"
100000006965162100,terminal,0.8,57,0.2303,получил 10 000 KZT от 1 плательщиков  исходящих переводов нет (глубина 3<4)
100000005995391100,terminal,0.8,38,0.2392,получил 17 200 KZT от 1 плательщиков  исходящих переводов нет (глубина 3<4)
100000003834495100,peripheral,0.15,8,0.2232,"низкая активность: 3 вх./1 исх. плательщиков/получателей, без выраженного паттерна"
100000001223977100,peripheral,0.15,40,0.1453,"низкая активность: 1 вх./1 исх. плательщиков/получателей, без выраженного паттерна"
100000001046057100,terminal,0.8,47,0.2649,получил 83 420 KZT от 1 плательщиков  исходящих переводов нет (глубина 3<4)
100000002989353100,peripheral,0.15,48,0.2202,"низкая активность: 1 вх./2 исх. плательщиков/получателей, без выраженного паттерна"
100000006714366100,peripheral,0.15,31,0.1574,"низкая активность: 1 вх./1 исх. плательщиков/получателей, без выраженного паттерна"
100000001063678100,peripheral,0.15,11,0.1773,"низкая активность: 1 вх./2 исх. плательщиков/получателей, без выраженного паттерна"
100000004889043100,terminal,0.8,8,0.2842,получил 272 000 KZT от 2 плательщиков  исходящих переводов нет (глубина 3<4)
100000002984403100,peripheral,0.15,51,0.1679,"низкая активность: 1 вх./1 исх. плательщиков/получателей, без выраженного паттерна"
100000003951827100,peripheral,0.15,8,0.1546,"низкая активность: 1 вх./2 исх. плательщиков/получателей, без выраженного паттерна"
100000000933075100,peripheral,0.15,13,0.1792,"низкая активность: 1 вх./2 исх. плательщиков/получателей, без выраженного паттерна"
100000008502995100,terminal,0.8,8,0.2453,получил 25 000 KZT от 1 плательщиков  исходящих переводов нет (глубина 3<4)
100000008086440100,transit,0.808,8,0.3128,"получает от 1, передаёт 5; pass-through 0.81 — деньги не задерживаются"
100000008465789100,distributor,0.533,32,0.3404,рассылает 1 858 100 KZT на 16 разных получателей
100000002550141100,terminal,0.8,17,0.268,получил 100 586 KZT от 1 плательщиков  исходящих переводов нет (глубина 3<4)
100000008739887100,peripheral,0.15,17,0.2069,"низкая активность: 2 вх./2 исх. плательщиков/получателей, без выраженного паттерна"
100000008532050100,terminal,0.8,9,0.2926,получил 455 156 KZT от 1 плательщиков  исходящих переводов нет (глубина 3<4)
100000008422226100,terminal,0.8,8,0.2657,получил 87 450 KZT от 1 плательщиков  исходящих переводов нет (глубина 3<4)
100000002369874100,terminal,0.8,32,0.2971,получил 600 000 KZT от 4 плательщиков  исходящих переводов нет (глубина 3<4)
100000003321895100,peripheral,0.15,4,0.1712,"низкая активность: 1 вх./2 исх. плательщиков/получателей, без выраженного паттерна"
100000001875239100,terminal,0.8,32,0.2999,получил 712 000 KZT от 3 плательщиков  исходящих переводов нет (глубина 3<4)
100000002216999100,terminal,0.8,38,0.2444,получил 23 677 KZT от 1 плательщиков  исходящих переводов нет (глубина 3<4)
100000002653948100,terminal,0.8,9,0.2653,получил 85 200 KZT от 1 плательщиков  исходящих переводов нет (глубина 3<4)
100000008632060100,peripheral,0.15,8,0.178,"низкая активность: 1 вх./9 исх. плательщиков/получателей, без выраженного паттерна"
100000008746449100,peripheral,0.15,32,0.1585,"низкая активность: 1 вх./10 исх. плательщиков/получателей, без выраженного паттерна"
100000003031761100,terminal,0.8,17,0.2928,получил 460 408 KZT от 1 плательщиков  исходящих переводов нет (глубина 3<4)
100000008388049100,terminal,0.8,48,0.294,получил 496 400 KZT от 1 плательщиков  исходящих переводов нет (глубина 3<4)
100000002677201100,peripheral,0.15,32,0.2008,"низкая активность: 1 вх./1 исх. плательщиков/получателей, без выраженного паттерна"
100000002901457100,peripheral,0.15,8,0.215,"низкая активность: 1 вх./3 исх. плательщиков/получателей, без выраженного паттерна"
100000001160401100,terminal,0.8,8,0.2556,получил 47 190 KZT от 1 плательщиков  исходящих переводов нет (глубина 3<4)
100000002842321100,terminal,0.8,9,0.2755,получил 160 000 KZT от 1 плательщиков  исходящих переводов нет (глубина 3<4)
100000002547110100,consolidator,0.6,32,0.4481,получает от 6 разных плательщиков (1 500 000 KZT)  отдаёт дальше 0% полученного
100000001600934100,peripheral,0.15,17,0.2035,"низкая активность: 1 вх./1 исх. плательщиков/получателей, без выраженного паттерна"
100000002818726100,terminal,0.8,31,0.2317,получил 10 879 KZT от 1 плательщиков  исходящих переводов нет (глубина 3<4)
100000008712827100,terminal,0.8,38,0.2634,получил 76 000 KZT от 1 плательщиков  исходящих переводов нет (глубина 3<4)
100000008259451100,terminal,0.8,0,0.2581,получил 55 000 KZT от 1 плательщиков  исходящих переводов нет (глубина 3<4)
100000003060517100,terminal,0.8,41,0.2867,получил 315 955 KZT от 1 плательщиков  исходящих переводов нет (глубина 3<4)
100000002621434100,terminal,0.8,32,0.2644,получил 81 000 KZT от 1 плательщиков  исходящих переводов нет (глубина 3<4)
100000001860090100,terminal,0.8,1,0.219,получил 5 000 KZT от 1 плательщиков  исходящих переводов нет (глубина 3<4)
100000004689658100,peripheral,0.15,17,0.2189,"низкая активность: 1 вх./1 исх. плательщиков/получателей, без выраженного паттерна"
100000003486970100,terminal,0.8,9,0.2745,получил 150 000 KZT от 1 плательщиков  исходящих переводов нет (глубина 3<4)
100000004659919100,peripheral,0.15,40,0.1958,"низкая активность: 1 вх./1 исх. плательщиков/получателей, без выраженного паттерна"
100000006111439100,transit,0.833,9,0.2787,"получает от 3, передаёт 4; pass-through 1.17 — деньги не задерживаются"
100000002521039100,terminal,0.8,8,0.2883,получил 349 370 KZT от 1 плательщиков  исходящих переводов нет (глубина 3<4)
100000008493007100,transit,1.0,38,0.306,"получает от 1, передаёт 1; pass-through 1.00 — деньги не задерживаются"
100000007793871100,terminal,0.8,29,0.2459,получил 26 000 KZT от 1 плательщиков  исходящих переводов нет (глубина 3<4)
100000001650895100,peripheral,0.15,29,0.2012,"низкая активность: 1 вх./1 исх. плательщиков/получателей, без выраженного паттерна"
100000002567887100,terminal,0.8,9,0.2569,получил 50 915 KZT от 1 плательщиков  исходящих переводов нет (глубина 3<4)
100000008055972100,terminal,0.8,38,0.2473,получил 28 300 KZT от 1 плательщиков  исходящих переводов нет (глубина 3<4)
100000008684452100,terminal,0.8,38,0.2571,получил 51 800 KZT от 1 плательщиков  исходящих переводов нет (глубина 3<4)
100000000764836100,peripheral,0.15,17,0.2095,"низкая активность: 1 вх./2 исх. плательщиков/получателей, без выраженного паттерна"
100000003072676100,terminal,0.8,41,0.2491,получил 31 545 KZT от 1 плательщиков  исходящих переводов нет (глубина 3<4)
100000008757369100,peripheral,0.15,8,0.1722,"низкая активность: 1 вх./1 исх. плательщиков/получателей, без выраженного паттерна"
100000007618425100,terminal,0.8,41,0.2527,получил 39 348 KZT от 1 плательщиков  исходящих переводов нет (глубина 3<4)
100000004671609100,terminal,0.8,48,0.2679,получил 100 000 KZT от 1 плательщиков  исходящих переводов нет (глубина 3<4)
100000004676985100,transit,0.84,8,0.2873,"получает от 1, передаёт 1; pass-through 0.84 — деньги не задерживаются"
100000002531406100,transit,0.962,17,0.3495,"получает от 1, передаёт 1; pass-through 0.96 — деньги не задерживаются"
100000002877262100,terminal,0.8,32,0.2679,получил 100 000 KZT от 1 плательщиков  исходящих переводов нет (глубина 3<4)
100000007591246100,peripheral,0.15,47,0.1595,"низкая активность: 1 вх./1 исх. плательщиков/получателей, без выраженного паттерна"
100000008712184100,terminal,0.8,38,0.2399,получил 18 000 KZT от 1 плательщиков  исходящих переводов нет (глубина 3<4)
100000002975437100,peripheral,0.15,12,0.2211,"низкая активность: 1 вх./1 исх. плательщиков/получателей, без выраженного паттерна"
100000005008589100,terminal,0.8,8,0.254,получил 42 807 KZT от 1 плательщиков  исходящих переводов нет (глубина 3<4)
100000000782285100,terminal,0.8,16,0.2224,получил 6 151 KZT от 1 плательщиков  исходящих переводов нет (глубина 3<4)
100000005198498100,terminal,0.8,38,0.2476,получил 28 800 KZT от 1 плательщиков  исходящих переводов нет (глубина 3<4)
100000008517538100,distributor,0.567,32,0.3683,рассылает 1 439 000 KZT на 17 разных получателей
100000005756535100,terminal,0.8,38,0.2416,получил 20 000 KZT от 1 плательщиков  исходящих переводов нет (глубина 3<4)
100000004917367100,terminal,0.8,9,0.2709,получил 120 000 KZT от 2 плательщиков  исходящих переводов нет (глубина 3<4)
100000001222263100,peripheral,0.15,9,0.2269,"низкая активность: 1 вх./1 исх. плательщиков/получателей, без выраженного паттерна"
100000001149815100,terminal,0.8,38,0.2333,получил 12 000 KZT от 1 плательщиков  исходящих переводов нет (глубина 3<4)
100000006020215100,transit,0.873,31,0.3212,"получает от 1, передаёт 2; pass-through 1.13 — деньги не задерживаются"
100000000673868100,peripheral,0.15,60,0.2436,"низкая активность: 1 вх./5 исх. плательщиков/получателей, без выраженного паттерна"
100000008749900100,terminal,0.8,38,0.2391,получил 17 150 KZT от 1 плательщиков  исходящих переводов нет (глубина 3<4)
100000002862113100,terminal,0.8,0,0.2557,получил 47 405 KZT от 1 плательщиков  исходящих переводов нет (глубина 3<4)
100000001066017100,peripheral,0.15,8,0.2,"низкая активность: 2 вх./4 исх. плательщиков/получателей, без выраженного паттерна"
100000008436257100,terminal,0.8,41,0.2507,получил 35 000 KZT от 2 плательщиков  исходящих переводов нет (глубина 3<4)
100000003016438100,peripheral,0.15,32,0.2055,"низкая активность: 1 вх./1 исх. плательщиков/получателей, без выраженного паттерна"
100000002534091100,terminal,0.8,17,0.2433,получил 22 200 KZT от 1 плательщиков  исходящих переводов нет (глубина 3<4)
100000006882208100,terminal,0.8,2,0.2399,получил 18 000 KZT от 1 плательщиков  исходящих переводов нет (глубина 3<4)
100000005362848100,terminal,0.8,29,0.2477,получил 29 000 KZT от 1 плательщиков  исходящих переводов нет (глубина 3<4)
100000001073568100,peripheral,0.15,0,0.2261,"низкая активность: 1 вх./2 исх. плательщиков/получателей, без выраженного паттерна"
100000008687733100,terminal,0.8,38,0.2365,получил 14 650 KZT от 1 плательщиков  исходящих переводов нет (глубина 3<4)
100000007229557100,terminal,0.8,21,0.3033,получил 878 000 KZT от 3 плательщиков  исходящих переводов нет (глубина 3<4)
100000001052789100,terminal,0.8,49,0.2623,получил 70 975 KZT от 1 плательщиков  исходящих переводов нет (глубина 3<4)
100000006967370100,peripheral,0.15,41,0.1762,"низкая активность: 1 вх./1 исх. плательщиков/получателей, без выраженного паттерна"
100000001837130100,terminal,0.8,8,0.2768,получил 172 900 KZT от 1 плательщиков  исходящих переводов нет (глубина 3<4)
100000005820746100,peripheral,0.15,63,0.2427,"низкая активность: 1 вх./1 исх. плательщиков/получателей, без выраженного паттерна"
100000002883402100,terminal,0.8,32,0.2858,получил 300 000 KZT от 3 плательщиков  исходящих переводов нет (глубина 3<4)
100000008582730100,transit,1.0,49,0.279,"получает от 1, передаёт 1; pass-through 1.00 — деньги не задерживаются"
100000003116106100,terminal,0.8,9,0.2939,получил 494 050 KZT от 1 плательщиков  исходящих переводов нет (глубина 3<4)
100000001818442100,terminal,0.8,29,0.2538,получил 42 215 KZT от 1 плательщиков  исходящих переводов нет (глубина 3<4)
100000008690762100,terminal,0.8,38,0.2464,получил 26 750 KZT от 1 плательщиков  исходящих переводов нет (глубина 3<4)
100000008712991100,terminal,0.8,38,0.2611,получил 66 100 KZT от 1 плательщиков  исходящих переводов нет (глубина 3<4)
100000003292191100,terminal,0.8,21,0.2697,получил 112 000 KZT от 1 плательщиков  исходящих переводов нет (глубина 3<4)
100000005367284100,peripheral,0.15,8,0.162,"низкая активность: 1 вх./2 исх. плательщиков/получателей, без выраженного паттерна"
100000003216073100,peripheral,0.15,17,0.1777,"низкая активность: 1 вх./1 исх. плательщиков/получателей, без выраженного паттерна"
100000006169033100,peripheral,0.15,65,0.1828,"низкая активность: 1 вх./3 исх. плательщиков/получателей, без выраженного паттерна"
100000004407753100,peripheral,0.15,57,0.2088,"низкая активность: 1 вх./1 исх. плательщиков/получателей, без выраженного паттерна"
100000004420041100,peripheral,0.15,13,0.1911,"низкая активность: 1 вх./7 исх. плательщиков/получателей, без выраженного паттерна"
100000004715209100,peripheral,0.15,47,0.1461,"низкая активность: 1 вх./5 исх. плательщиков/получателей, без выраженного паттерна"
100000004580254100,terminal,0.8,41,0.2471,получил 27 940 KZT от 2 плательщиков  исходящих переводов нет (глубина 3<4)
100000001056414100,terminal,0.8,48,0.2828,получил 250 000 KZT от 1 плательщиков  исходящих переводов нет (глубина 3<4)
100000008686494100,terminal,0.8,38,0.2377,получил 15 700 KZT от 1 плательщиков  исходящих переводов нет (глубина 3<4)
100000002822472100,terminal,0.8,48,0.2839,получил 266 722 KZT от 2 плательщиков  исходящих переводов нет (глубина 3<4)
100000001831496100,peripheral,0.15,5,0.1713,"низкая активность: 1 вх./1 исх. плательщиков/получателей, без выраженного паттерна"
100000008732488100,peripheral,0.15,17,0.1993,"низкая активность: 1 вх./1 исх. плательщиков/получателей, без выраженного паттерна"
100000004007197100,terminal,0.8,44,0.2304,получил 10 048 KZT от 1 плательщиков  исходящих переводов нет (глубина 3<4)
100000002815005100,terminal,0.8,32,0.2934,получил 476 500 KZT от 1 плательщиков  исходящих переводов нет (глубина 3<4)
100000005756189100,peripheral,0.15,9,0.1871,"низкая активность: 1 вх./1 исх. плательщиков/получателей, без выраженного паттерна"
100000004877085100,peripheral,0.15,31,0.1721,"низкая активность: 1 вх./3 исх. плательщиков/получателей, без выраженного паттерна"
100000002713074100,peripheral,0.15,41,0.2259,"низкая активность: 2 вх./1 исх. плательщиков/получателей, без выраженного паттерна"
100000002356167100,peripheral,0.15,9,0.2124,"низкая активность: 1 вх./2 исх. плательщиков/получателей, без выраженного паттерна"
100000004140487100,peripheral,0.15,15,0.2031,"низкая активность: 1 вх./10 исх. плательщиков/получателей, без выраженного паттерна"
100000003147719100,terminal,0.8,32,0.2679,получил 100 000 KZT от 1 плательщиков  исходящих переводов нет (глубина 3<4)
100000008745884100,terminal,0.8,38,0.2416,получил 20 000 KZT от 1 плательщиков  исходящих переводов нет (глубина 3<4)
100000002559089100,terminal,0.8,48,0.3,получил 715 000 KZT от 2 плательщиков  исходящих переводов нет (глубина 3<4)
100000004984689100,terminal,0.8,17,0.2575,получил 53 030 KZT от 1 плательщиков  исходящих переводов нет (глубина 3<4)
100000004340038100,peripheral,0.15,31,0.1565,"низкая активность: 1 вх./1 исх. плательщиков/получателей, без выраженного паттерна"
100000005052998100,peripheral,0.15,8,0.1555,"низкая активность: 1 вх./1 исх. плательщиков/получателей, без выраженного паттерна"
100000007597382100,terminal,0.8,9,0.2377,получил 15 700 KZT от 1 плательщиков  исходящих переводов нет (глубина 3<4)
100000008697670100,terminal,0.8,38,0.2455,получил 25 350 KZT от 1 плательщиков  исходящих переводов нет (глубина 3<4)
100000008460102100,distributor,1.0,29,0.4735,рассылает 476 570 KZT на 31 разных получателей
100000004399686100,terminal,0.8,63,0.3019,получил 806 000 KZT от 1 плательщиков  исходящих переводов нет (глубина 3<4)
100000008688155100,terminal,0.8,38,0.2443,получил 23 600 KZT от 1 плательщиков  исходящих переводов нет (глубина 3<4)
100000004386331100,transit,0.875,13,0.2844,"получает от 1, передаёт 2; pass-through 0.88 — деньги не задерживаются"
100000007999728100,terminal,0.8,0,0.2441,получил 23 250 KZT от 1 плательщиков  исходящих переводов нет (глубина 3<4)
100000001597424100,terminal,0.8,0,0.2559,получил 48 100 KZT от 1 плательщиков  исходящих переводов нет (глубина 3<4)
100000003677936100,peripheral,0.15,24,0.1886,"низкая активность: 1 вх./1 исх. плательщиков/получателей, без выраженного паттерна"
100000002943472100,terminal,0.8,32,0.2765,получил 170 000 KZT от 1 плательщиков  исходящих переводов нет (глубина 3<4)
100000004892144100,peripheral,0.15,63,0.256,"низкая активность: 2 вх./1 исх. плательщиков/получателей, без выраженного паттерна"
100000008077552100,terminal,0.8,17,0.2803,получил 214 000 KZT от 1 плательщиков  исходящих переводов нет (глубина 3<4)
100000002914245100,terminal,0.8,17,0.2734,получил 140 611 KZT от 1 плательщиков  исходящих переводов нет (глубина 3<4)
100000004906181100,peripheral,0.15,69,0.1958,"низкая активность: 1 вх./7 исх. плательщиков/получателей, без выраженного паттерна"
100000008514970100,peripheral,0.15,17,0.2157,"низкая активность: 1 вх./1 исх. плательщиков/получателей, без выраженного паттерна"
100000008258458100,peripheral,0.15,68,0.1673,"низкая активность: 1 вх./2 исх. плательщиков/получателей, без выраженного паттерна"
100000003484058100,peripheral,0.15,0,0.1957,"низкая активность: 1 вх./1 исх. плательщиков/получателей, без выраженного паттерна"
100000003574895100,peripheral,0.15,8,0.1734,"низкая активность: 1 вх./1 исх. плательщиков/получателей, без выраженного паттерна"
100000000896111100,terminal,0.8,63,0.2851,получил 287 100 KZT от 1 плательщиков  исходящих переводов нет (глубина 3<4)
100000008715887100,terminal,0.8,38,0.2399,получил 18 000 KZT от 1 плательщиков  исходящих переводов нет (глубина 3<4)
100000000560751100,terminal,0.8,31,0.2453,получил 25 000 KZT от 1 плательщиков  исходящих переводов нет (глубина 3<4)
100000008708207100,terminal,0.8,32,0.293,получил 465 000 KZT от 2 плательщиков  исходящих переводов нет (глубина 3<4)
100000003152964100,peripheral,0.15,17,0.1999,"низкая активность: 1 вх./1 исх. плательщиков/получателей, без выраженного паттерна"
100000004991812100,terminal,0.8,11,0.2303,получил 10 000 KZT от 1 плательщиков  исходящих переводов нет (глубина 3<4)
100000000291908100,peripheral,0.15,61,0.2119,"низкая активность: 1 вх./1 исх. плательщиков/получателей, без выраженного паттерна"
100000003132484100,terminal,0.8,24,0.2662,получил 90 000 KZT от 1 плательщиков  исходящих переводов нет (глубина 3<4)
100000004077081100,peripheral,0.15,15,0.2352,"низкая активность: 1 вх./4 исх. плательщиков/получателей, без выраженного паттерна"
100000004770073100,transit,0.999,8,0.2806,"получает от 1, передаёт 1; pass-through 1.00 — деньги не задерживаются"
100000003163886100,terminal,0.8,27,0.2941,получил 500 000 KZT от 1 плательщиков  исходящих переводов нет (глубина 3<4)
100000000795374100,terminal,0.8,17,0.2566,получил 50 000 KZT от 1 плательщиков  исходящих переводов нет (глубина 3<4)
100000002391278100,peripheral,0.15,1,0.1742,"низкая активность: 1 вх./1 исх. плательщиков/получателей, без выраженного паттерна"
100000004635886100,terminal,0.8,2,0.2439,получил 23 000 KZT от 1 плательщиков  исходящих переводов нет (глубина 3<4)
100000000413678100,peripheral,0.15,17,0.213,"низкая активность: 2 вх./3 исх. плательщиков/получателей, без выраженного паттерна"
100000008659950100,terminal,0.8,32,0.2826,получил 246 000 KZT от 1 плательщиков  исходящих переводов нет (глубина 3<4)
100000003964910100,terminal,0.8,41,0.3055,получил 1 000 000 KZT от 2 плательщиков  исходящих переводов нет (глубина 3<4)
100000008764654100,terminal,0.8,38,0.246,получил 26 150 KZT от 1 плательщиков  исходящих переводов нет (глубина 3<4)
100000005830339100,consolidator,0.5,15,0.3935,получает от 5 разных плательщиков (476 341 KZT)  отдаёт дальше 71% полученного
100000002032323100,peripheral,0.15,47,0.2121,"низкая активность: 1 вх./1 исх. плательщиков/получателей, без выраженного паттерна"
100000008668099100,terminal,0.8,38,0.2377,получил 15 700 KZT от 1 плательщиков  исходящих переводов нет (глубина 3<4)
100000008634520100,terminal,0.8,32,0.2662,получил 90 000 KZT от 1 плательщиков  исходящих переводов нет (глубина 3<4)
100000002103448100,terminal,0.8,38,0.2465,получил 27 000 KZT от 1 плательщиков  исходящих переводов нет (глубина 3<4)
100000005996909100,terminal,0.8,3,0.2206,получил 5 500 KZT от 1 плательщиков  исходящих переводов нет (глубина 3<4)
100000007392365100,peripheral,0.15,54,0.1573,"низкая активность: 1 вх./6 исх. плательщиков/получателей, без выраженного паттерна"
100000008279405100,terminal,0.8,17,0.2818,получил 234 738 KZT от 1 плательщиков  исходящих переводов нет (глубина 3<4)
100000008343874100,peripheral,0.15,17,0.2115,"низкая активность: 2 вх./2 исх. плательщиков/получателей, без выраженного паттерна"
100000002548759100,terminal,0.8,32,0.2894,получил 375 000 KZT от 2 плательщиков  исходящих переводов нет (глубина 3<4)
100000003069463100,peripheral,0.15,45,0.1589,"низкая активность: 1 вх./1 исх. плательщиков/получателей, без выраженного паттерна"
100000008474391100,terminal,0.8,11,0.2416,получил 20 000 KZT от 1 плательщиков  исходящих переводов нет (глубина 3<4)
100000003097324100,terminal,0.8,21,0.2855,получил 294 000 KZT от 2 плательщиков  исходящих переводов нет (глубина 3<4)
100000001852140100,terminal,0.8,52,0.2482,получил 30 000 KZT от 1 плательщиков  исходящих переводов нет (глубина 3<4)
100000003293377100,terminal,0.8,9,0.2566,получил 50 000 KZT от 1 плательщиков  исходящих переводов нет (глубина 3<4)
100000006048193100,terminal,0.8,8,0.2536,получил 41 559 KZT от 1 плательщиков  исходящих переводов нет (глубина 3<4)
100000002435265100,terminal,0.8,8,0.2725,получил 132 628 KZT от 1 плательщиков  исходящих переводов нет (глубина 3<4)
100000004587414100,terminal,0.8,9,0.2952,получил 533 603 KZT от 2 плательщиков  исходящих переводов нет (глубина 3<4)
100000001726614100,terminal,0.8,8,0.2732,получил 138 717 KZT от 1 плательщиков  исходящих переводов нет (глубина 3<4)
100000003934614100,peripheral,0.15,10,0.165,"низкая активность: 2 вх./1 исх. плательщиков/получателей, без выраженного паттерна"
100000008772246100,terminal,0.8,38,0.2547,получил 44 500 KZT от 1 плательщиков  исходящих переводов нет (глубина 3<4)
100000002603371100,terminal,0.8,8,0.2291,получил 9 300 KZT от 1 плательщиков  исходящих переводов нет (глубина 3<4)
100000004445291100,terminal,0.8,51,0.2412,получил 19 500 KZT от 1 плательщиков  исходящих переводов нет (глубина 3<4)
100000008571243100,terminal,0.8,29,0.2727,получил 134 000 KZT от 1 плательщиков  исходящих переводов нет (глубина 3<4)
100000001138283100,peripheral,0.15,17,0.1909,"низкая активность: 1 вх./2 исх. плательщиков/получателей, без выраженного паттерна"
100000002593344100,terminal,0.8,32,0.2917,получил 431 000 KZT от 2 плательщиков  исходящих переводов нет (глубина 3<4)
100000007390016100,peripheral,0.15,59,0.2205,"низкая активность: 1 вх./1 исх. плательщиков/получателей, без выраженного паттерна"
100000001285440100,terminal,0.8,21,0.2824,получил 243 000 KZT от 2 плательщиков  исходящих переводов нет (глубина 3<4)
100000006746688100,terminal,0.8,38,0.2533,получил 41 000 KZT от 1 плательщиков  исходящих переводов нет (глубина 3<4)
100000006471232100,terminal,0.8,38,0.2536,получил 41 800 KZT от 1 плательщиков  исходящих переводов нет (глубина 3<4)
100000008662805100,terminal,0.8,38,0.2385,получил 16 500 KZT от 1 плательщиков  исходящих переводов нет (глубина 3<4)
100000004292885100,terminal,0.8,38,0.2698,получил 112 700 KZT от 1 плательщиков  исходящих переводов нет (глубина 3<4)
100000008190442100,terminal,0.8,38,0.2346,получил 13 000 KZT от 1 плательщиков  исходящих переводов нет (глубина 3<4)
100000007131370100,transit,1.0,3,0.3082,"получает от 1, передаёт 1; pass-through 1.00 — деньги не задерживаются"
100000008717802100,terminal,0.8,38,0.246,получил 26 150 KZT от 1 плательщиков  исходящих переводов нет (глубина 3<4)
100000005357034100,terminal,0.8,8,0.2299,получил 9 754 KZT от 1 плательщиков  исходящих переводов нет (глубина 3<4)
100000005532138100,terminal,0.8,24,0.2453,получил 25 046 KZT от 1 плательщиков  исходящих переводов нет (глубина 3<4)
100000005264874100,peripheral,0.15,56,0.1742,"низкая активность: 1 вх./2 исх. плательщиков/получателей, без выраженного паттерна"
100000008193258100,peripheral,0.15,41,0.1895,"низкая активность: 1 вх./1 исх. плательщиков/получателей, без выраженного паттерна"
100000003190207100,peripheral,0.15,25,0.1453,"низкая активность: 1 вх./1 исх. плательщиков/получателей, без выраженного паттерна"
100000004321983100,peripheral,0.15,1,0.1576,"низкая активность: 1 вх./2 исх. плательщиков/получателей, без выраженного паттерна"
100000002633108100,terminal,0.8,0,0.2869,получил 320 000 KZT от 1 плательщиков  исходящих переводов нет (глубина 3<4)
100000005941908100,terminal,0.8,0,0.2303,получил 10 000 KZT от 1 плательщиков  исходящих переводов нет (глубина 3<4)
100000001835625100,terminal,0.8,9,0.2632,получил 75 130 KZT от 1 плательщиков  исходящих переводов нет (глубина 3<4)
100000008671081100,terminal,0.8,38,0.2517,получил 37 200 KZT от 1 плательщиков  исходящих переводов нет (глубина 3<4)
100000002908521100,terminal,0.8,38,0.2547,получил 44 500 KZT от 1 плательщиков  исходящих переводов нет (глубина 3<4)
100000000749118100,peripheral,0.15,8,0.1571,"низкая активность: 1 вх./1 исх. плательщиков/получателей, без выраженного паттерна"
100000008652094100,terminal,0.8,8,0.2507,получил 35 000 KZT от 1 плательщиков  исходящих переводов нет (глубина 3<4)
100000007647294100,terminal,0.8,34,0.2899,получил 385 000 KZT от 1 плательщиков  исходящих переводов нет (глубина 3<4)
100000003270419100,terminal,0.8,31,0.2745,получил 150 000 KZT от 1 плательщиков  исходящих переводов нет (глубина 3<4)
100000003050771100,terminal,0.8,31,0.2814,получил 229 000 KZT от 1 плательщиков  исходящих переводов нет (глубина 3<4)
100000008427027100,terminal,0.8,15,0.2858,получил 300 000 KZT от 1 плательщиков  исходящих переводов нет (глубина 3<4)
100000004291560100,terminal,0.8,8,0.2556,получил 47 190 KZT от 1 плательщиков  исходящих переводов нет (глубина 3<4)
100000003594472100,terminal,0.8,12,0.2416,получил 20 000 KZT от 1 плательщиков  исходящих переводов нет (глубина 3<4)
100000002575080100,transit,0.962,3,0.2896,"получает от 1, передаёт 1; pass-through 0.96 — деньги не задерживаются"
100000008038077100,terminal,0.8,9,0.2941,получил 499 850 KZT от 1 плательщиков  исходящих переводов нет (глубина 3<4)
100000003899325100,terminal,0.8,17,0.2566,получил 50 120 KZT от 1 плательщиков  исходящих переводов нет (глубина 3<4)
100000001155773100,terminal,0.8,38,0.2428,получил 21 500 KZT от 1 плательщиков  исходящих переводов нет (глубина 3<4)
100000000611474100,terminal,0.8,11,0.2493,получил 32 000 KZT от 1 плательщиков  исходящих переводов нет (глубина 3<4)
100000006704530100,transit,0.95,45,0.3463,"получает от 1, передаёт 3; pass-through 0.95 — деньги не задерживаются"
100000003996562100,terminal,0.8,16,0.226,получил 7 700 KZT от 1 плательщиков  исходящих переводов нет (глубина 3<4)
100000002646887100,terminal,0.8,47,0.2448,получил 24 354 KZT от 1 плательщиков  исходящих переводов нет (глубина 3<4)
100000002556775100,terminal,0.8,9,0.2858,получил 300 000 KZT от 1 плательщиков  исходящих переводов нет (глубина 3<4)
100000002722108100,terminal,0.8,48,0.3018,получил 800 000 KZT от 1 плательщиков  исходящих переводов нет (глубина 3<4)
100000002737980100,terminal,0.8,2,0.2497,получил 32 900 KZT от 1 плательщиков  исходящих переводов нет (глубина 3<4)
100000002913340100,terminal,0.8,38,0.2443,получил 23 600 KZT от 1 плательщиков  исходящих переводов нет (глубина 3<4)
100000003610172100,terminal,0.8,9,0.2621,получил 70 000 KZT от 1 плательщиков  исходящих переводов нет (глубина 3<4)
100000001052945100,peripheral,0.15,53,0.1854,"низкая активность: 1 вх./3 исх. плательщиков/получателей, без выраженного паттерна"
100000002369510100,terminal,0.8,38,0.2517,получил 37 150 KZT от 1 плательщиков  исходящих переводов нет (глубина 3<4)
100000001954534100,peripheral,0.15,8,0.1609,"низкая активность: 1 вх./1 исх. плательщиков/получателей, без выраженного паттерна"
100000008488166100,terminal,0.8,38,0.2208,получил 5 600 KZT от 1 плательщиков  исходящих переводов нет (глубина 3<4)
100000005100475100,terminal,0.8,1,0.2529,получил 40 000 KZT от 1 плательщиков  исходящих переводов нет (глубина 3<4)
100000002708624100,terminal,0.8,51,0.2453,получил 25 000 KZT от 1 плательщиков  исходящих переводов нет (глубина 3<4)
100000004591973100,peripheral,0.15,13,0.1566,"низкая активность: 1 вх./1 исх. плательщиков/получателей, без выраженного паттерна"
100000000802149100,terminal,0.8,8,0.2685,получил 104 128 KZT от 1 плательщиков  исходящих переводов нет (глубина 3<4)
100000003095610100,terminal,0.8,29,0.2444,получил 23 665 KZT от 1 плательщиков  исходящих переводов нет (глубина 3<4)
100000004183610100,peripheral,0.15,31,0.1695,"низкая активность: 1 вх./1 исх. плательщиков/получателей, без выраженного паттерна"
100000005198906100,peripheral,0.15,9,0.2076,"низкая активность: 1 вх./1 исх. плательщиков/получателей, без выраженного паттерна"
100000008599354100,peripheral,0.15,8,0.2032,"низкая активность: 1 вх./1 исх. плательщиков/получателей, без выраженного паттерна"
100000001303311100,consolidator,0.5,21,0.41,получает от 5 разных плательщиков (1 324 000 KZT)  отдаёт дальше 0% полученного
100000008776420100,terminal,0.8,38,0.2619,получил 69 500 KZT от 1 плательщиков  исходящих переводов нет (глубина 3<4)
100000004737764100,terminal,0.8,15,0.2971,получил 600 000 KZT от 1 плательщиков  исходящих переводов нет (глубина 3<4)
100000003154105100,peripheral,0.15,46,0.1876,"низкая активность: 1 вх./7 исх. плательщиков/получателей, без выраженного паттерна"
100000008708025100,terminal,0.8,57,0.2303,получил 10 000 KZT от 1 плательщиков  исходящих переводов нет (глубина 3<4)
100000008740793100,terminal,0.8,38,0.2424,получил 21 000 KZT от 1 плательщиков  исходящих переводов нет (глубина 3<4)
100000008459449100,terminal,0.8,8,0.2577,получил 53 700 KZT от 1 плательщиков  исходящих переводов нет (глубина 3<4)
100000008677518100,terminal,0.8,38,0.2561,получил 48 700 KZT от 1 плательщиков  исходящих переводов нет (глубина 3<4)
100000002212494100,terminal,0.8,12,0.2755,получил 160 000 KZT от 1 плательщиков  исходящих переводов нет (глубина 3<4)
100000001825934100,peripheral,0.15,56,0.1789,"низкая активность: 1 вх./1 исх. плательщиков/получателей, без выраженного паттерна"
100000003736419100,peripheral,0.15,8,0.1704,"низкая активность: 1 вх./1 исх. плательщиков/получателей, без выраженного паттерна"
100000008430691100,peripheral,0.15,4,0.1679,"низкая активность: 1 вх./2 исх. плательщиков/получателей, без выраженного паттерна"
100000003073635100,terminal,0.8,17,0.2721,получил 129 231 KZT от 1 плательщиков  исходящих переводов нет (глубина 3<4)
100000001686328100,terminal,0.8,32,0.2734,получил 140 000 KZT от 1 плательщиков  исходящих переводов нет (глубина 3<4)
100000008707810100,terminal,0.8,38,0.246,получил 26 200 KZT от 1 плательщиков  исходящих переводов нет (глубина 3<4)
100000001236706100,peripheral,0.15,31,0.2003,"низкая активность: 3 вх./2 исх. плательщиков/получателей, без выраженного паттерна"
100000008536546100,terminal,0.8,21,0.2828,получил 250 000 KZT от 2 плательщиков  исходящих переводов нет (глубина 3<4)
100000007140834100,terminal,0.8,1,0.2306,получил 10 200 KZT от 1 плательщиков  исходящих переводов нет (глубина 3<4)
100000007022818100,terminal,0.8,38,0.2392,получил 17 200 KZT от 1 плательщиков  исходящих переводов нет (глубина 3<4)
100000007484343100,terminal,0.8,8,0.2464,получил 26 757 KZT от 2 плательщиков  исходящих переводов нет (глубина 3<4)
100000001379511100,terminal,0.8,47,0.2581,получил 55 000 KZT от 1 плательщиков  исходящих переводов нет (глубина 3<4)
100000004569484100,peripheral,0.15,29,0.2562,"низкая активность: 2 вх./4 исх. плательщиков/получателей, без выраженного паттерна"
100000002948492100,terminal,0.8,0,0.2444,получил 23 660 KZT от 1 плательщиков  исходящих переводов нет (глубина 3<4)
100000002116705100,terminal,0.8,38,0.2395,получил 17 600 KZT от 1 плательщиков  исходящих переводов нет (глубина 3<4)
100000002481974100,peripheral,0.15,17,0.1926,"низкая активность: 2 вх./2 исх. плательщиков/получателей, без выраженного паттерна"
100000003920950100,terminal,0.8,24,0.287,получил 323 290 KZT от 1 плательщиков  исходящих переводов нет (глубина 3<4)
100000000733451100,peripheral,0.15,31,0.1884,"низкая активность: 1 вх./1 исх. плательщиков/получателей, без выраженного паттерна"
100000005182219100,terminal,0.8,9,0.2581,получил 55 000 KZT от 2 плательщиков  исходящих переводов нет (глубина 3<4)
100000008633099100,peripheral,0.15,24,0.1675,"низкая активность: 1 вх./1 исх. плательщиков/получателей, без выраженного паттерна"
100000001380107100,terminal,0.8,27,0.222,получил 6 000 KZT от 1 плательщиков  исходящих переводов нет (глубина 3<4)
100000008755168100,terminal,0.8,38,0.2395,получил 17 600 KZT от 1 плательщиков  исходящих переводов нет (глубина 3<4)
100000002628576100,peripheral,0.15,9,0.2268,"низкая активность: 2 вх./2 исх. плательщиков/получателей, без выраженного паттерна"
100000001611488100,terminal,0.8,9,0.3014,получил 779 300 KZT от 2 плательщиков  исходящих переводов нет (глубина 3<4)
100000005375968100,peripheral,0.15,8,0.2031,"низкая активность: 1 вх./2 исх. плательщиков/получателей, без выраженного паттерна"
100000003581109100,terminal,0.8,8,0.254,получил 42 750 KZT от 1 плательщиков  исходящих переводов нет (глубина 3<4)
100000002933386100,peripheral,0.15,15,0.1632,"низкая активность: 1 вх./1 исх. плательщиков/получателей, без выраженного паттерна"
100000002284426100,terminal,0.8,9,0.2662,получил 90 000 KZT от 1 плательщиков  исходящих переводов нет (глубина 3<4)
100000008579978100,peripheral,0.15,9,0.1766,"низкая активность: 1 вх./1 исх. плательщиков/получателей, без выраженного паттерна"
100000001549194100,terminal,0.8,0,0.2554,получил 46 500 KZT от 1 плательщиков  исходящих переводов нет (глубина 3<4)
100000001427082100,peripheral,0.15,46,0.1461,"низкая активность: 1 вх./5 исх. плательщиков/получателей, без выраженного паттерна"
100000004657034100,terminal,0.8,9,0.2735,получил 141 250 KZT от 1 плательщиков  исходящих переводов нет (глубина 3<4)
100000003796063100,coordinator,0.88,9,0.6021,"связан с 2 seed-клиентами напрямую, betweenness=0.001, точка сочленения сети"
100000005268319100,peripheral,0.15,8,0.168,"низкая активность: 1 вх./5 исх. плательщиков/получателей, без выраженного паттерна"
100000008744799100,terminal,0.8,38,0.2341,получил 12 600 KZT от 1 плательщиков  исходящих переводов нет (глубина 3<4)
100000008677215100,terminal,0.8,11,0.2286,получил 9 000 KZT от 1 плательщиков  исходящих переводов нет (глубина 3<4)
100000007593823100,peripheral,0.15,8,0.1715,"низкая активность: 3 вх./13 исх. плательщиков/получателей, без выраженного паттерна"
100000001282143100,consolidator,0.5,48,0.4141,получает от 5 разных плательщиков (1 700 000 KZT)  отдаёт дальше 0% полученного
100000008029279100,terminal,0.8,17,0.239,получил 17 000 KZT от 1 плательщиков  исходящих переводов нет (глубина 3<4)
100000000594783100,peripheral,0.15,63,0.2473,"низкая активность: 1 вх./2 исх. плательщиков/получателей, без выраженного паттерна"
100000002705460100,terminal,0.8,2,0.267,получил 95 000 KZT от 1 плательщиков  исходящих переводов нет (глубина 3<4)
100000002952756100,terminal,0.8,29,0.2556,получил 47 000 KZT от 1 плательщиков  исходящих переводов нет (глубина 3<4)
100000004634420100,terminal,0.8,38,0.246,получил 26 150 KZT от 1 плательщиков  исходящих переводов нет (глубина 3<4)
100000000583220100,peripheral,0.15,50,0.1453,"низкая активность: 1 вх./1 исх. плательщиков/получателей, без выраженного паттерна"
100000003286537100,terminal,0.8,32,0.2748,получил 153 000 KZT от 2 плательщиков  исходящих переводов нет (глубина 3<4)
100000002958345100,terminal,0.8,48,0.2862,получил 307 000 KZT от 1 плательщиков  исходящих переводов нет (глубина 3<4)
100000005055454100,terminal,0.8,37,0.2233,получил 6 500 KZT от 1 плательщиков  исходящих переводов нет (глубина 3<4)
100000008738526100,peripheral,0.15,21,0.1632,"низкая активность: 1 вх./1 исх. плательщиков/получателей, без выраженного паттерна"
100000001298099100,terminal,0.8,29,0.2408,получил 19 000 KZT от 1 плательщиков  исходящих переводов нет (глубина 3<4)
100000006491272100,terminal,0.8,38,0.246,получил 26 200 KZT от 1 плательщиков  исходящих переводов нет (глубина 3<4)
100000000552584100,peripheral,0.15,63,0.2464,"низкая активность: 1 вх./1 исх. плательщиков/получателей, без выраженного паттерна"
100000005187208100,terminal,0.8,9,0.236,получил 14 160 KZT от 1 плательщиков  исходящих переводов нет (глубина 3<4)
100000003528285100,peripheral,0.15,15,0.228,"низкая активность: 4 вх./4 исх. плательщиков/получателей, без выраженного паттерна"
100000001484381100,terminal,0.8,29,0.2671,получил 95 585 KZT от 2 плательщиков  исходящих переводов нет (глубина 3<4)
100000002508637100,peripheral,0.15,17,0.2122,"низкая активность: 1 вх./1 исх. плательщиков/получателей, без выраженного паттерна"
100000003149149100,terminal,0.8,9,0.2825,получил 245 000 KZT от 1 плательщиков  исходящих переводов нет (глубина 3<4)
100000001538095100,terminal,0.8,48,0.2847,получил 280 000 KZT от 2 плательщиков  исходящих переводов нет (глубина 3<4)
100000008695133100,terminal,0.8,38,0.2515,получил 36 610 KZT от 1 плательщиков  исходящих переводов нет (глубина 3<4)
100000008749405100,terminal,0.8,38,0.2517,получил 37 150 KZT от 1 плательщиков  исходящих переводов нет (глубина 3<4)
100000005815602100,peripheral,0.15,2,0.1679,"низкая активность: 1 вх./1 исх. плательщиков/получателей, без выраженного паттерна"
100000006641671100,transit,0.864,17,0.2844,"получает от 2, передаёт 1; pass-through 1.14 — деньги не задерживаются"
100000002945031100,terminal,0.8,31,0.2369,получил 15 000 KZT от 1 плательщиков  исходящих переводов нет (глубина 3<4)
100000003497735100,terminal,0.8,49,0.2715,получил 125 000 KZT от 1 плательщиков  исходящих переводов нет (глубина 3<4)
100000004644615100,peripheral,0.15,29,0.1828,"низкая активность: 1 вх./2 исх. плательщиков/получателей, без выраженного паттерна"
100000002755292100,terminal,0.8,9,0.2795,получил 203 400 KZT от 1 плательщиков  исходящих переводов нет (глубина 3<4)
100000005142492100,peripheral,0.15,1,0.1563,"низкая активность: 1 вх./1 исх. плательщиков/получателей, без выраженного паттерна"
100000002893020100,terminal,0.8,29,0.2402,получил 18 340 KZT от 1 плательщиков  исходящих переводов нет (глубина 3<4)
100000004500444100,peripheral,0.15,0,0.2038,"низкая активность: 2 вх./1 исх. плательщиков/получателей, без выраженного паттерна"
100000008454065100,terminal,0.8,0,0.2446,получил 24 050 KZT от 1 плательщиков  исходящих переводов нет (глубина 3<4)
100000008416433100,terminal,0.8,0,0.2416,получил 20 000 KZT от 1 плательщиков  исходящих переводов нет (глубина 3<4)
100000005265073100,peripheral,0.15,25,0.1453,"низкая активность: 1 вх./1 исх. плательщиков/получателей, без выраженного паттерна"
100000006734214100,consolidator,0.5,9,0.3983,получает от 5 разных плательщиков (610 000 KZT)  отдаёт дальше 6% полученного
100000002611334100,peripheral,0.15,8,0.1823,"низкая активность: 1 вх./1 исх. плательщиков/получателей, без выраженного паттерна"
100000006225798100,peripheral,0.15,41,0.2267,"низкая активность: 3 вх./2 исх. плательщиков/получателей, без выраженного паттерна"
100000002849158100,peripheral,0.15,32,0.2265,"низкая активность: 3 вх./1 исх. плательщиков/получателей, без выраженного паттерна"
100000008686214100,terminal,0.8,17,0.2453,получил 25 000 KZT от 1 плательщиков  исходящих переводов нет (глубина 3<4)
100000004931931100,peripheral,0.15,8,0.1708,"низкая активность: 1 вх./1 исх. плательщиков/получателей, без выраженного паттерна"
100000007510875100,terminal,0.8,24,0.219,получил 5 000 KZT от 1 плательщиков  исходящих переводов нет (глубина 3<4)
100000005233755100,peripheral,0.15,41,0.1715,"низкая активность: 1 вх./1 исх. плательщиков/получателей, без выраженного паттерна"
100000008042075100,terminal,0.8,63,0.219,получил 5 000 KZT от 1 плательщиков  исходящих переводов нет (глубина 3<4)
100000001680944100,terminal,0.8,21,0.2902,получил 393 000 KZT от 1 плательщиков  исходящих переводов нет (глубина 3<4)
100000008417029100,terminal,0.8,32,0.2679,получил 100 000 KZT от 1 плательщиков  исходящих переводов нет (глубина 3<4)
100000004975919100,peripheral,0.15,17,0.17,"низкая активность: 1 вх./2 исх. плательщиков/получателей, без выраженного паттерна"
100000003087877100,terminal,0.8,17,0.2664,получил 91 486 KZT от 1 плательщиков  исходящих переводов нет (глубина 3<4)
100000008295429100,terminal,0.8,9,0.2884,получил 352 000 KZT от 1 плательщиков  исходящих переводов нет (глубина 3<4)
100000003254277100,transit,0.915,8,0.3047,"получает от 1, передаёт 1; pass-through 0.91 — деньги не задерживаются"
100000005314565100,terminal,0.8,8,0.2806,получил 218 500 KZT от 1 плательщиков  исходящих переводов нет (глубина 3<4)
100000002951898100,terminal,0.8,0,0.2529,получил 39 990 KZT от 1 плательщиков  исходящих переводов нет (глубина 3<4)
100000001009583100,terminal,0.8,9,0.2902,получил 393 740 KZT от 1 плательщиков  исходящих переводов нет (глубина 3<4)
100000004064431100,peripheral,0.15,44,0.1719,"низкая активность: 1 вх./1 исх. плательщиков/получателей, без выраженного паттерна"
100000001927599100,terminal,0.8,29,0.2782,получил 188 000 KZT от 2 плательщиков  исходящих переводов нет (глубина 3<4)
100000007737775100,terminal,0.8,5,0.222,получил 6 000 KZT от 1 плательщиков  исходящих переводов нет (глубина 3<4)
100000003157679100,terminal,0.8,32,0.2954,получил 541 000 KZT от 4 плательщиков  исходящих переводов нет (глубина 3<4)
100000001229743100,peripheral,0.15,8,0.1508,"низкая активность: 1 вх./1 исх. плательщиков/получателей, без выраженного паттерна"
100000003795588100,terminal,0.8,8,0.2905,получил 400 000 KZT от 1 плательщиков  исходящих переводов нет (глубина 3<4)
100000002301828100,terminal,0.8,41,0.2556,получил 46 977 KZT от 1 плательщиков  исходящих переводов нет (глубина 3<4)
100000005409156100,terminal,0.8,9,0.2835,получил 260 080 KZT от 2 плательщиков  исходящих переводов нет (глубина 3<4)
100000002513028100,peripheral,0.15,67,0.1564,"низкая активность: 1 вх./3 исх. плательщиков/получателей, без выраженного паттерна"
100000003218308100,terminal,0.8,8,0.2321,получил 11 165 KZT от 1 плательщиков  исходящих переводов нет (глубина 3<4)
100000008489604100,terminal,0.8,38,0.2319,получил 11 000 KZT от 1 плательщиков  исходящих переводов нет (глубина 3<4)
100000004450649100,peripheral,0.15,9,0.2355,"низкая активность: 2 вх./2 исх. плательщиков/получателей, без выраженного паттерна"
100000008767065100,terminal,0.8,21,0.2303,получил 10 000 KZT от 1 плательщиков  исходящих переводов нет (глубина 3<4)
100000003035737100,peripheral,0.15,9,0.2283,"низкая активность: 2 вх./1 исх. плательщиков/получателей, без выраженного паттерна"
100000002748761100,terminal,0.8,48,0.3017,получил 796 800 KZT от 1 плательщиков  исходящих переводов нет (глубина 3<4)
100000008432942100,terminal,0.8,8,0.2547,получил 44 542 KZT от 1 плательщиков  исходящих переводов нет (глубина 3<4)
100000004278574100,peripheral,0.15,9,0.1715,"низкая активность: 1 вх./1 исх. плательщиков/получателей, без выраженного паттерна"
100000000926766100,peripheral,0.15,51,0.1666,"низкая активность: 1 вх./1 исх. плательщиков/получателей, без выраженного паттерна"
100000008661550100,terminal,0.8,38,0.2438,получил 22 800 KZT от 1 плательщиков  исходящих переводов нет (глубина 3<4)
100000000783406100,terminal,0.8,34,0.2221,получил 6 066 KZT от 1 плательщиков  исходящих переводов нет (глубина 3<4)
100000008730371100,terminal,0.8,8,0.2948,получил 520 000 KZT от 2 плательщиков  исходящих переводов нет (глубина 3<4)
100000002878467100,terminal,0.8,32,0.2792,получил 200 000 KZT от 2 плательщиков  исходящих переводов нет (глубина 3<4)
100000003171587100,peripheral,0.15,9,0.2262,"низкая активность: 2 вх./2 исх. плательщиков/получателей, без выраженного паттерна"
100000002696152100,peripheral,0.15,5,0.1693,"низкая активность: 1 вх./2 исх. плательщиков/получателей, без выраженного паттерна"
100000002109656100,terminal,0.8,48,0.2941,получил 500 000 KZT от 1 плательщиков  исходящих переводов нет (глубина 3<4)
100000001317336100,peripheral,0.15,12,0.1989,"низкая активность: 1 вх./2 исх. плательщиков/получателей, без выраженного паттерна"
100000005222360100,peripheral,0.15,0,0.1588,"низкая активность: 1 вх./1 исх. плательщиков/получателей, без выраженного паттерна"
100000001445848100,peripheral,0.15,34,0.2216,"низкая активность: 1 вх./1 исх. плательщиков/получателей, без выраженного паттерна"
100000008720856100,peripheral,0.15,9,0.1663,"низкая активность: 1 вх./1 исх. плательщиков/получателей, без выраженного паттерна"
100000002448088100,peripheral,0.15,46,0.1679,"низкая активность: 3 вх./1 исх. плательщиков/получателей, без выраженного паттерна"
100000003109805100,terminal,0.8,41,0.2516,получил 36 929 KZT от 1 плательщиков  исходящих переводов нет (глубина 3<4)
100000008223661100,peripheral,0.15,32,0.2405,"низкая активность: 2 вх./5 исх. плательщиков/получателей, без выраженного паттерна"
100000004096559100,terminal,0.8,24,0.2553,получил 46 200 KZT от 1 плательщиков  исходящих переводов нет (глубина 3<4)
100000002257794100,terminal,0.8,44,0.2749,получил 154 000 KZT от 1 плательщиков  исходящих переводов нет (глубина 3<4)
100000003112578100,terminal,0.8,48,0.2681,получил 101 080 KZT от 1 плательщиков  исходящих переводов нет (глубина 3<4)
100000007020162100,terminal,0.8,0,0.2655,получил 86 395 KZT от 1 плательщиков  исходящих переводов нет (глубина 3<4)
100000001934935100,terminal,0.8,8,0.2707,получил 118 935 KZT от 1 плательщиков  исходящих переводов нет (глубина 3<4)
100000002663511100,terminal,0.8,8,0.284,получил 268 940 KZT от 1 плательщиков  исходящих переводов нет (глубина 3<4)
100000003338583100,terminal,0.8,44,0.243,получил 21 765 KZT от 1 плательщиков  исходящих переводов нет (глубина 3<4)
100000002904919100,peripheral,0.15,8,0.1859,"низкая активность: 1 вх./1 исх. плательщиков/получателей, без выраженного паттерна"
100000005127767100,terminal,0.8,62,0.2245,получил 7 000 KZT от 1 плательщиков  исходящих переводов нет (глубина 3<4)
100000004066647100,terminal,0.8,49,0.2569,получил 51 000 KZT от 1 плательщиков  исходящих переводов нет (глубина 3<4)
100000002394199100,peripheral,0.15,24,0.2105,"низкая активность: 1 вх./1 исх. плательщиков/получателей, без выраженного паттерна"
100000003968044100,peripheral,0.15,17,0.1792,"низкая активность: 1 вх./3 исх. плательщиков/получателей, без выраженного паттерна"
100000001808684100,peripheral,0.15,1,0.182,"низкая активность: 1 вх./1 исх. плательщиков/получателей, без выраженного паттерна"
100000008097580100,terminal,0.8,17,0.2493,получил 32 000 KZT от 2 плательщиков  исходящих переводов нет (глубина 3<4)
100000008687617100,terminal,0.8,38,0.2542,получил 43 350 KZT от 1 плательщиков  исходящих переводов нет (глубина 3<4)
100000005667841100,terminal,0.8,32,0.278,получил 186 000 KZT от 2 плательщиков  исходящих переводов нет (глубина 3<4)
100000001329153100,terminal,0.8,8,0.2746,получил 150 687 KZT от 1 плательщиков  исходящих переводов нет (глубина 3<4)
100000007689942100,peripheral,0.15,49,0.1453,"низкая активность: 1 вх./2 исх. плательщиков/получателей, без выраженного паттерна"
100000006476758100,terminal,0.8,5,0.2196,получил 5 200 KZT от 1 плательщиков  исходящих переводов нет (глубина 3<4)
100000002184107100,terminal,0.8,34,0.2221,получил 6 066 KZT от 1 плательщиков  исходящих переводов нет (глубина 3<4)
100000008663723100,terminal,0.8,38,0.2376,получил 15 600 KZT от 1 плательщиков  исходящих переводов нет (глубина 3<4)
100000000254336100,peripheral,0.15,8,0.1937,"низкая активность: 2 вх./1 исх. плательщиков/получателей, без выраженного паттерна"
100000008750464100,terminal,0.8,38,0.2277,получил 8 500 KZT от 1 плательщиков  исходящих переводов нет (глубина 3<4)
100000001530709100,terminal,0.8,8,0.2578,получил 53 961 KZT от 1 плательщиков  исходящих переводов нет (глубина 3<4)
100000000656682100,transit,0.873,8,0.3051,"получает от 1, передаёт 2; pass-through 1.13 — деньги не задерживаются"
100000008755754100,terminal,0.8,48,0.2245,получил 7 000 KZT от 1 плательщиков  исходящих переводов нет (глубина 3<4)
100000002691583100,terminal,0.8,45,0.285,получил 285 200 KZT от 1 плательщиков  исходящих переводов нет (глубина 3<4)
100000005241556100,terminal,0.8,21,0.2679,получил 100 000 KZT от 1 плательщиков  исходящих переводов нет (глубина 3<4)
100000004713684100,terminal,0.8,8,0.2519,получил 37 500 KZT от 1 плательщиков  исходящих переводов нет (глубина 3<4)
100000006919124100,terminal,0.8,8,0.2453,получил 25 000 KZT от 1 плательщиков  исходящих переводов нет (глубина 3<4)
100000003006633100,terminal,0.8,34,0.2303,получил 10 000 KZT от 1 плательщиков  исходящих переводов нет (глубина 3<4)
100000008306857100,terminal,0.8,48,0.2715,получил 125 000 KZT от 1 плательщиков  исходящих переводов нет (глубина 3<4)
100000003671721100,terminal,0.8,29,0.219,получил 5 000 KZT от 1 плательщиков  исходящих переводов нет (глубина 3<4)
100000002613929100,terminal,0.8,24,0.2474,получил 28 560 KZT от 1 плательщиков  исходящих переводов нет (глубина 3<4)
100000008669310100,terminal,0.8,8,0.2594,получил 59 567 KZT от 1 плательщиков  исходящих переводов нет (глубина 3<4)
100000006573438100,terminal,0.8,65,0.219,получил 5 000 KZT от 1 плательщиков  исходящих переводов нет (глубина 3<4)
100000006165886100,peripheral,0.15,8,0.2039,"низкая активность: 2 вх./1 исх. плательщиков/получателей, без выраженного паттерна"
100000008491390100,terminal,0.8,8,0.2512,получил 36 000 KZT от 1 плательщиков  исходящих переводов нет (глубина 3<4)
100000005186131100,transit,1.0,8,0.2906,"получает от 1, передаёт 1; pass-through 1.00 — деньги не задерживаются"
100000001550419100,terminal,0.8,0,0.2439,получил 23 000 KZT от 1 плательщиков  исходящих переводов нет (глубина 3<4)
100000004979283100,terminal,0.8,29,0.253,получил 40 132 KZT от 1 плательщиков  исходящих переводов нет (глубина 3<4)
100000002537811100,peripheral,0.15,5,0.1836,"низкая активность: 1 вх./1 исх. плательщиков/получателей, без выраженного паттерна"
100000002990675100,terminal,0.8,9,0.2569,получил 51 143 KZT от 1 плательщиков  исходящих переводов нет (глубина 3<4)
100000008763688100,terminal,0.8,38,0.2424,получил 21 000 KZT от 1 плательщиков  исходящих переводов нет (глубина 3<4)
100000002809896100,terminal,0.8,29,0.2521,получил 38 000 KZT от 1 плательщиков  исходящих переводов нет (глубина 3<4)
100000008716072100,terminal,0.8,38,0.2334,получил 12 100 KZT от 1 плательщиков  исходящих переводов нет (глубина 3<4)
100000001279272100,peripheral,0.15,8,0.2158,"низкая активность: 1 вх./2 исх. плательщиков/получателей, без выраженного паттерна"
100000001714173100,terminal,0.8,21,0.2981,получил 638 905 KZT от 1 плательщиков  исходящих переводов нет (глубина 3<4)
100000008729597100,terminal,0.8,17,0.2649,получил 83 090 KZT от 1 плательщиков  исходящих переводов нет (глубина 3<4)
100000002255058100,terminal,0.8,15,0.2939,получил 491 500 KZT от 1 плательщиков  исходящих переводов нет (глубина 3<4)
100000006111442100,terminal,0.8,32,0.2606,получил 64 000 KZT от 1 плательщиков  исходящих переводов нет (глубина 3<4)
100000008686247100,peripheral,0.15,63,0.1692,"низкая активность: 1 вх./1 исх. плательщиков/получателей, без выраженного паттерна"
100000001893287100,peripheral,0.15,1,0.1659,"низкая активность: 1 вх./1 исх. плательщиков/получателей, без выраженного паттерна"
100000005172860100,terminal,0.8,8,0.2371,получил 15 209 KZT от 1 плательщиков  исходящих переводов нет (глубина 3<4)
100000001788284100,peripheral,0.15,51,0.1535,"низкая активность: 1 вх./5 исх. плательщиков/получателей, без выраженного паттерна"
100000008755580100,terminal,0.8,38,0.238,получил 16 000 KZT от 1 плательщиков  исходящих переводов нет (глубина 3<4)
100000003896956100,peripheral,0.15,2,0.1566,"низкая активность: 1 вх./1 исх. плательщиков/получателей, без выраженного паттерна"
100000002475601100,terminal,0.8,17,0.2816,получил 232 301 KZT от 1 плательщиков  исходящих переводов нет (глубина 3<4)
100000008619857100,peripheral,0.15,8,0.1737,"низкая активность: 1 вх./2 исх. плательщиков/получателей, без выраженного паттерна"
100000001373265100,peripheral,0.15,17,0.1999,"низкая активность: 1 вх./1 исх. плательщиков/получателей, без выраженного паттерна"
100000004185681100,terminal,0.8,15,0.2303,получил 10 000 KZT от 1 плательщиков  исходящих переводов нет (глубина 3<4)
100000003031633100,terminal,0.8,32,0.2911,получил 414 000 KZT от 1 плательщиков  исходящих переводов нет (глубина 3<4)
100000002632742100,terminal,0.8,32,0.2819,получил 235 500 KZT от 2 плательщиков  исходящих переводов нет (глубина 3<4)
100000005847078100,terminal,0.8,38,0.2383,получил 16 300 KZT от 1 плательщиков  исходящих переводов нет (глубина 3<4)
100000002807334100,terminal,0.8,9,0.258,получил 54 715 KZT от 1 плательщиков  исходящих переводов нет (глубина 3<4)
100000008748795100,terminal,0.8,8,0.2556,получил 47 057 KZT от 1 плательщиков  исходящих переводов нет (глубина 3<4)
100000003899899100,peripheral,0.15,2,0.2069,"низкая активность: 2 вх./1 исх. плательщиков/получателей, без выраженного паттерна"
100000002308091100,terminal,0.8,48,0.2781,получил 186 720 KZT от 1 плательщиков  исходящих переводов нет (глубина 3<4)
100000008680912100,peripheral,0.15,16,0.1809,"низкая активность: 1 вх./1 исх. плательщиков/получателей, без выраженного паттерна"
100000008742053100,peripheral,0.15,48,0.1576,"низкая активность: 1 вх./12 исх. плательщиков/получателей, без выраженного паттерна"
100000008473765100,terminal,0.8,17,0.2482,получил 30 000 KZT от 1 плательщиков  исходящих переводов нет (глубина 3<4)
100000007472293100,peripheral,0.15,22,0.1456,"низкая активность: 1 вх./3 исх. плательщиков/получателей, без выраженного паттерна"
100000008753061100,terminal,0.8,38,0.2473,получил 28 400 KZT от 1 плательщиков  исходящих переводов нет (глубина 3<4)
100000008501413100,transit,0.98,5,0.2765,"получает от 1, передаёт 1; pass-through 1.02 — деньги не задерживаются"
100000002748581100,terminal,0.8,0,0.2534,получил 41 180 KZT от 1 плательщиков  исходящих переводов нет (глубина 3<4)
100000001384826100,peripheral,0.15,9,0.2153,"низкая активность: 1 вх./1 исх. плательщиков/получателей, без выраженного паттерна"
100000004099450100,terminal,0.8,8,0.2488,получил 31 000 KZT от 1 плательщиков  исходящих переводов нет (глубина 3<4)
100000002926970100,terminal,0.8,29,0.2652,получил 85 000 KZT от 1 плательщиков  исходящих переводов нет (глубина 3<4)
100000002753146100,terminal,0.8,48,0.3019,получил 803 540 KZT от 1 плательщиков  исходящих переводов нет (глубина 3<4)
100000003943247100,terminal,0.8,8,0.2529,получил 40 000 KZT от 1 плательщиков  исходящих переводов нет (глубина 3<4)
100000002872399100,terminal,0.8,39,0.3069,получил 1 090 000 KZT от 1 плательщиков  исходящих переводов нет (глубина 3<4)
100000008417359100,peripheral,0.15,41,0.1793,"низкая активность: 1 вх./2 исх. плательщиков/получателей, без выраженного паттерна"
100000002614095100,terminal,0.8,38,0.2199,получил 5 300 KZT от 1 плательщиков  исходящих переводов нет (глубина 3<4)
100000004717647100,peripheral,0.15,58,0.2129,"низкая активность: 1 вх./5 исх. плательщиков/получателей, без выраженного паттерна"
100000008537380100,terminal,0.8,38,0.2267,получил 8 000 KZT от 1 плательщиков  исходящих переводов нет (глубина 3<4)
100000001534244100,peripheral,0.15,32,0.2154,"низкая активность: 2 вх./1 исх. плательщиков/получателей, без выраженного паттерна"
100000008767950100,terminal,0.8,38,0.2393,получил 17 350 KZT от 1 плательщиков  исходящих переводов нет (глубина 3<4)
100000004613582100,peripheral,0.15,24,0.145,"низкая активность: 1 вх./1 исх. плательщиков/получателей, без выраженного паттерна"
100000008121806100,coordinator,0.749,17,0.5185,"связан с 0 seed-клиентами напрямую, betweenness=0.003, точка сочленения сети"
100000002369443100,terminal,0.8,38,0.2566,получил 50 000 KZT от 1 плательщиков  исходящих переводов нет (глубина 3<4)
100000008655779100,peripheral,0.15,57,0.1819,"низкая активность: 1 вх./2 исх. плательщиков/получателей, без выраженного паттерна"
100000008561016100,transit,0.972,32,0.3339,"получает от 1, передаёт 1; pass-through 1.03 — деньги не задерживаются"
100000002727288100,terminal,0.8,3,0.238,получил 16 000 KZT от 1 плательщиков  исходящих переводов нет (глубина 3<4)
100000001270349100,terminal,0.8,1,0.2792,получил 200 000 KZT от 1 плательщиков  исходящих переводов нет (глубина 3<4)
100000004722765100,peripheral,0.15,16,0.2083,"низкая активность: 1 вх./3 исх. плательщиков/получателей, без выраженного паттерна"
100000001677389100,peripheral,0.15,41,0.1581,"низкая активность: 1 вх./1 исх. плательщиков/получателей, без выраженного паттерна"
100000005857058100,terminal,0.8,8,0.2643,получил 80 222 KZT от 3 плательщиков  исходящих переводов нет (глубина 3<4)
100000008760098100,peripheral,0.15,21,0.1505,"низкая активность: 1 вх./1 исх. плательщиков/получателей, без выраженного паттерна"
100000002838519100,terminal,0.8,0,0.2555,получил 46 900 KZT от 1 плательщиков  исходящих переводов нет (глубина 3<4)
100000002597623100,terminal,0.8,8,0.2384,получил 16 418 KZT от 1 плательщиков  исходящих переводов нет (глубина 3<4)
100000003635660100,terminal,0.8,8,0.2408,получил 18 985 KZT от 1 плательщиков  исходящих переводов нет (глубина 3<4)
100000008676812100,terminal,0.8,49,0.2815,получил 230 800 KZT от 1 плательщиков  исходящих переводов нет (глубина 3<4)
100000003213473100,coordinator,0.713,8,0.5254,"связан с 2 seed-клиентами напрямую, betweenness=0.000, точка сочленения сети"
100000003071649100,terminal,0.8,32,0.2783,получил 189 500 KZT от 1 плательщиков  исходящих переводов нет (глубина 3<4)
100000002433697100,transit,0.846,9,0.3109,"получает от 1, передаёт 1; pass-through 0.85 — деньги не задерживаются"
100000008612257100,terminal,0.8,41,0.2295,получил 9 500 KZT от 1 плательщиков  исходящих переводов нет (глубина 3<4)
100000002736033100,peripheral,0.15,41,0.1768,"низкая активность: 1 вх./1 исх. плательщиков/получателей, без выраженного паттерна"
100000008687990100,terminal,0.8,38,0.2395,получил 17 600 KZT от 1 плательщиков  исходящих переводов нет (глубина 3<4)
100000008776310100,terminal,0.8,38,0.2409,получил 19 200 KZT от 1 плательщиков  исходящих переводов нет (глубина 3<4)
100000007267915100,peripheral,0.15,41,0.1684,"низкая активность: 2 вх./1 исх. плательщиков/получателей, без выраженного паттерна"
100000004217419100,peripheral,0.15,17,0.1969,"низкая активность: 2 вх./1 исх. плательщиков/получателей, без выраженного паттерна"
100000002773323100,peripheral,0.15,32,0.2113,"низкая активность: 2 вх./1 исх. плательщиков/получателей, без выраженного паттерна"
100000002528544100,terminal,0.8,17,0.2786,получил 192 912 KZT от 1 плательщиков  исходящих переводов нет (глубина 3<4)
100000003760160100,terminal,0.8,9,0.2686,получил 104 470 KZT от 1 плательщиков  исходящих переводов нет (глубина 3<4)
100000000640800100,peripheral,0.15,17,0.1932,"низкая активность: 1 вх./4 исх. плательщиков/получателей, без выраженного паттерна"
100000008238112100,terminal,0.8,9,0.2784,получил 190 000 KZT от 1 плательщиков  исходящих переводов нет (глубина 3<4)
100000008751349100,terminal,0.8,45,0.2328,получил 11 630 KZT от 1 плательщиков  исходящих переводов нет (глубина 3<4)
100000002963189100,peripheral,0.15,0,0.221,"низкая активность: 1 вх./7 исх. плательщиков/получателей, без выраженного паттерна"
100000008548853100,terminal,0.8,38,0.2358,получил 14 000 KZT от 1 плательщиков  исходящих переводов нет (глубина 3<4)
100000003164661100,terminal,0.8,37,0.297,получил 596 200 KZT от 1 плательщиков  исходящих переводов нет (глубина 3<4)
100000000791285100,peripheral,0.15,45,0.2339,"низкая активность: 1 вх./3 исх. плательщиков/получателей, без выраженного паттерна"
100000003192309100,peripheral,0.15,38,0.1652,"низкая активность: 1 вх./1 исх. плательщиков/получателей, без выраженного паттерна"
100000002891765100,terminal,0.8,0,0.2583,получил 55 576 KZT от 1 плательщиков  исходящих переводов нет (глубина 3<4)
100000001740277100,peripheral,0.15,24,0.154,"низкая активность: 1 вх./1 исх. плательщиков/получателей, без выраженного паттерна"
100000002232266100,terminal,0.8,17,0.2548,получил 45 000 KZT от 1 плательщиков  исходящих переводов нет (глубина 3<4)
100000006701983100,terminal,0.8,38,0.2465,получил 27 000 KZT от 1 плательщиков  исходящих переводов нет (глубина 3<4)
100000002871199100,terminal,0.8,0,0.244,получил 23 186 KZT от 1 плательщиков  исходящих переводов нет (глубина 3<4)
100000002757791100,terminal,0.8,1,0.2628,получил 73 050 KZT от 1 плательщиков  исходящих переводов нет (глубина 3<4)
100000000572276100,peripheral,0.15,38,0.1607,"низкая активность: 1 вх./1 исх. плательщиков/получателей, без выраженного паттерна"
100000001853812100,terminal,0.8,17,0.2621,получил 70 000 KZT от 1 плательщиков  исходящих переводов нет (глубина 3<4)
100000004726132100,peripheral,0.15,8,0.2146,"низкая активность: 1 вх./1 исх. плательщиков/получателей, без выраженного паттерна"
100000001785161100,terminal,0.8,60,0.2482,получил 30 000 KZT от 2 плательщиков  исходящих переводов нет (глубина 3<4)
100000002612809100,peripheral,0.15,56,0.1743,"низкая активность: 1 вх./3 исх. плательщиков/получателей, без выраженного паттерна"
100000008769097100,terminal,0.8,38,0.2488,получил 31 100 KZT от 1 плательщиков  исходящих переводов нет (глубина 3<4)
100000004488265100,terminal,0.8,17,0.2524,получил 38 740 KZT от 1 плательщиков  исходящих переводов нет (глубина 3<4)
100000002509598100,terminal,0.8,48,0.2861,получил 305 550 KZT от 1 плательщиков  исходящих переводов нет (глубина 3<4)
100000008706846100,terminal,0.8,38,0.236,получил 14 200 KZT от 1 плательщиков  исходящих переводов нет (глубина 3<4)
100000001280798100,terminal,0.8,29,0.2444,получил 23 785 KZT от 1 плательщиков  исходящих переводов нет (глубина 3<4)
100000006664478100,transit,0.909,1,0.3054,"получает от 1, передаёт 2; pass-through 1.09 — деньги не задерживаются"
100000003781406100,terminal,0.8,13,0.2548,получил 45 000 KZT от 1 плательщиков  исходящих переводов нет (глубина 3<4)
100000008708595100,terminal,0.8,38,0.2392,получил 17 200 KZT от 1 плательщиков  исходящих переводов нет (глубина 3<4)
100000004611571100,terminal,0.8,8,0.2436,получил 22 550 KZT от 1 плательщиков  исходящих переводов нет (глубина 3<4)
100000008576243100,terminal,0.8,8,0.2648,получил 82 920 KZT от 2 плательщиков  исходящих переводов нет (глубина 3<4)
100000008662216100,terminal,0.8,38,0.246,получил 26 200 KZT от 1 плательщиков  исходящих переводов нет (глубина 3<4)
100000002681544100,terminal,0.8,24,0.2762,получил 166 072 KZT от 2 плательщиков  исходящих переводов нет (глубина 3<4)
100000007864477100,peripheral,0.15,8,0.2199,"низкая активность: 2 вх./6 исх. плательщиков/получателей, без выраженного паттерна"
100000004746397100,peripheral,0.15,9,0.2067,"низкая активность: 1 вх./1 исх. плательщиков/получателей, без выраженного паттерна"
100000003814002100,terminal,0.8,9,0.2482,получил 30 000 KZT от 1 плательщиков  исходящих переводов нет (глубина 3<4)
100000003962994100,terminal,0.8,62,0.2303,получил 10 000 KZT от 1 плательщиков  исходящих переводов нет (глубина 3<4)
100000003366471100,peripheral,0.15,17,0.2136,"низкая активность: 2 вх./1 исх. плательщиков/получателей, без выраженного паттерна"
100000003561031100,peripheral,0.15,17,0.1612,"низкая активность: 1 вх./1 исх. плательщиков/получателей, без выраженного паттерна"
100000001690439100,terminal,0.8,9,0.236,получил 14 200 KZT от 1 плательщиков  исходящих переводов нет (глубина 3<4)
100000002954780100,terminal,0.8,32,0.2726,получил 133 400 KZT от 1 плательщиков  исходящих переводов нет (глубина 3<4)
100000008720668100,terminal,0.8,38,0.238,получил 16 000 KZT от 1 плательщиков  исходящих переводов нет (глубина 3<4)
100000002459164100,terminal,0.8,8,0.2416,получил 20 000 KZT от 1 плательщиков  исходящих переводов нет (глубина 3<4)
100000005082652100,terminal,0.8,24,0.2482,получил 30 000 KZT от 1 плательщиков  исходящих переводов нет (глубина 3<4)
100000005041905100,peripheral,0.15,38,0.145,"низкая активность: 1 вх./1 исх. плательщиков/получателей, без выраженного паттерна"
100000008653041100,terminal,0.8,38,0.2471,получил 28 000 KZT от 1 плательщиков  исходящих переводов нет (глубина 3<4)
100000008722417100,peripheral,0.15,9,0.2143,"низкая активность: 1 вх./3 исх. плательщиков/получателей, без выраженного паттерна"
100000008625905100,peripheral,0.15,66,0.2056,"низкая активность: 1 вх./2 исх. плательщиков/получателей, без выраженного паттерна"
100000007487729100,terminal,0.8,8,0.2453,получил 25 000 KZT от 1 плательщиков  исходящих переводов нет (глубина 3<4)
100000000838385100,peripheral,0.15,57,0.2183,"низкая активность: 1 вх./2 исх. плательщиков/получателей, без выраженного паттерна"
100000004750321100,terminal,0.8,29,0.2566,получил 50 185 KZT от 2 плательщиков  исходящих переводов нет (глубина 3<4)
100000008664774100,terminal,0.8,38,0.2383,получил 16 300 KZT от 1 плательщиков  исходящих переводов нет (глубина 3<4)
100000006274203100,peripheral,0.15,49,0.2822,"низкая активность: 2 вх./3 исх. плательщиков/получателей, без выраженного паттерна"
100000002185328100,peripheral,0.15,46,0.1638,"низкая активность: 1 вх./4 исх. плательщиков/получателей, без выраженного паттерна"
100000008254576100,peripheral,0.15,34,0.153,"низкая активность: 1 вх./1 исх. плательщиков/получателей, без выраженного паттерна"
100000001689968100,terminal,0.8,9,0.2881,получил 344 334 KZT от 3 плательщиков  исходящих переводов нет (глубина 3<4)
100000002236528100,terminal,0.8,24,0.2611,получил 66 000 KZT от 1 плательщиков  исходящих переводов нет (глубина 3<4)
100000002670960100,terminal,0.8,48,0.2935,получил 480 310 KZT от 1 плательщиков  исходящих переводов нет (глубина 3<4)
100000003557488100,peripheral,0.15,12,0.2251,"низкая активность: 1 вх./2 исх. плательщиков/получателей, без выраженного паттерна"
100000003888197100,terminal,0.8,9,0.2649,получил 83 167 KZT от 1 плательщиков  исходящих переводов нет (глубина 3<4)
100000002799941100,terminal,0.8,49,0.2971,получил 600 000 KZT от 1 плательщиков  исходящих переводов нет (глубина 3<4)
100000001632325100,terminal,0.8,38,0.2653,получил 85 600 KZT от 1 плательщиков  исходящих переводов нет (глубина 3<4)
100000008620570100,peripheral,0.15,17,0.2002,"низкая активность: 2 вх./2 исх. плательщиков/получателей, без выраженного паттерна"
100000005308954100,peripheral,0.15,2,0.1881,"низкая активность: 1 вх./1 исх. плательщиков/получателей, без выраженного паттерна"
100000008468762100,terminal,0.8,21,0.2765,получил 170 000 KZT от 2 плательщиков  исходящих переводов нет (глубина 3<4)
100000002305007100,terminal,0.8,38,0.2584,получил 56 000 KZT от 1 плательщиков  исходящих переводов нет (глубина 3<4)
100000008314863100,terminal,0.8,15,0.2333,получил 12 000 KZT от 1 плательщиков  исходящих переводов нет (глубина 3<4)
100000005709551100,terminal,0.8,31,0.245,получил 24 560 KZT от 1 плательщиков  исходящих переводов нет (глубина 3<4)
100000008297199100,terminal,0.8,8,0.2538,получил 42 268 KZT от 1 плательщиков  исходящих переводов нет (глубина 3<4)
100000003271151100,terminal,0.8,17,0.2718,получил 127 294 KZT от 1 плательщиков  исходящих переводов нет (глубина 3<4)
100000007005380100,terminal,0.8,9,0.2293,получил 9 400 KZT от 1 плательщиков  исходящих переводов нет (глубина 3<4)
100000004451012100,peripheral,0.15,49,0.1932,"низкая активность: 1 вх./3 исх. плательщиков/получателей, без выраженного паттерна"
100000004779204100,peripheral,0.15,8,0.1748,"низкая активность: 1 вх./1 исх. плательщиков/получателей, без выраженного паттерна"
100000002793881100,terminal,0.8,32,0.3015,получил 785 600 KZT от 3 плательщиков  исходящих переводов нет (глубина 3<4)
100000008671129100,terminal,0.8,38,0.246,получил 26 200 KZT от 1 плательщиков  исходящих переводов нет (глубина 3<4)
100000002095257100,terminal,0.8,13,0.2277,получил 8 500 KZT от 1 плательщиков  исходящих переводов нет (глубина 3<4)
100000002194329100,terminal,0.8,8,0.2454,получил 25 170 KZT от 1 плательщиков  исходящих переводов нет (глубина 3<4)
100000001884825100,terminal,0.8,32,0.294,получил 495 000 KZT от 3 плательщиков  исходящих переводов нет (глубина 3<4)
100000008692291100,transit,0.975,32,0.333,"получает от 3, передаёт 3; pass-through 0.97 — деньги не задерживаются"
100000002697752100,terminal,0.8,17,0.2784,получил 190 785 KZT от 2 плательщиков  исходящих переводов нет (глубина 3<4)
100000007170072100,transit,0.995,17,0.3277,"получает от 1, передаёт 2; pass-through 0.99 — деньги не задерживаются"
100000002373144100,peripheral,0.15,8,0.1817,"низкая активность: 1 вх./1 исх. плательщиков/получателей, без выраженного паттерна"
100000000287768100,terminal,0.8,8,0.2508,получил 35 168 KZT от 1 плательщиков  исходящих переводов нет (глубина 3<4)
100000004508696100,peripheral,0.15,62,0.1511,"низкая активность: 1 вх./3 исх. плательщиков/получателей, без выраженного паттерна"
100000008688109100,terminal,0.8,38,0.2343,получил 12 800 KZT от 1 плательщиков  исходящих переводов нет (глубина 3<4)
100000008724461100,peripheral,0.15,32,0.1942,"низкая активность: 1 вх./1 исх. плательщиков/получателей, без выраженного паттерна"
100000001714413100,terminal,0.8,9,0.2828,получил 250 172 KZT от 1 плательщиков  исходящих переводов нет (глубина 3<4)
100000008672493100,terminal,0.8,38,0.2358,получил 14 000 KZT от 1 плательщиков  исходящих переводов нет (глубина 3<4)
100000003241965100,terminal,0.8,29,0.2369,получил 15 000 KZT от 1 плательщиков  исходящих переводов нет (глубина 3<4)
100000002241986100,peripheral,0.15,64,0.2124,"низкая активность: 1 вх./6 исх. плательщиков/получателей, без выраженного паттерна"
100000004140994100,terminal,0.8,38,0.2405,получил 18 650 KZT от 1 плательщиков  исходящих переводов нет (глубина 3<4)
100000008489922100,distributor,1.0,32,0.5191,рассылает 3 789 900 KZT на 36 разных получателей
100000001252290100,peripheral,0.15,9,0.1998,"низкая активность: 1 вх./1 исх. плательщиков/получателей, без выраженного паттерна"
100000008667799100,terminal,0.8,38,0.2503,получил 34 000 KZT от 1 плательщиков  исходящих переводов нет (глубина 3<4)
100000008684951100,terminal,0.8,38,0.2392,получил 17 200 KZT от 1 плательщиков  исходящих переводов нет (глубина 3<4)
100000006126743100,terminal,0.8,9,0.2581,получил 55 000 KZT от 1 плательщиков  исходящих переводов нет (глубина 3<4)
100000003009900100,terminal,0.8,29,0.238,получил 15 998 KZT от 1 плательщиков  исходящих переводов нет (глубина 3<4)
100000001745217100,terminal,0.8,8,0.2566,получил 50 000 KZT от 1 плательщиков  исходящих переводов нет (глубина 3<4)
100000002886166100,terminal,0.8,44,0.2779,получил 185 000 KZT от 1 плательщиков  исходящих переводов нет (глубина 3<4)
100000002956779100,terminal,0.8,15,0.2909,получил 411 000 KZT от 1 плательщиков  исходящих переводов нет (глубина 3<4)
100000008568512100,terminal,0.8,9,0.2792,получил 199 640 KZT от 1 плательщиков  исходящих переводов нет (глубина 3<4)
100000008583360100,peripheral,0.15,29,0.1961,"низкая активность: 1 вх./1 исх. плательщиков/получателей, без выраженного паттерна"
100000001130176100,terminal,0.8,8,0.2453,получил 25 000 KZT от 1 плательщиков  исходящих переводов нет (глубина 3<4)
100000001145749100,terminal,0.8,15,0.2303,получил 10 000 KZT от 1 плательщиков  исходящих переводов нет (глубина 3<4)
100000005367445100,transit,1.0,32,0.279,"получает от 1, передаёт 1; pass-through 1.00 — деньги не задерживаются"
100000003917461100,peripheral,0.15,13,0.1566,"низкая активность: 1 вх./2 исх. плательщиков/получателей, без выраженного паттерна"
100000008200810100,terminal,0.8,48,0.2933,получил 475 000 KZT от 1 плательщиков  исходящих переводов нет (глубина 3<4)
100000002554175100,terminal,0.8,29,0.245,получил 24 621 KZT от 1 плательщиков  исходящих переводов нет (глубина 3<4)
100000008751380100,terminal,0.8,32,0.2881,получил 345 780 KZT от 2 плательщиков  исходящих переводов нет (глубина 3<4)
100000004071444100,peripheral,0.15,8,0.2089,"низкая активность: 1 вх./1 исх. плательщиков/получателей, без выраженного паттерна"
100000001141268100,peripheral,0.15,21,0.2198,"низкая активность: 2 вх./1 исх. плательщиков/получателей, без выраженного паттерна"
100000002645993100,peripheral,0.15,8,0.1831,"низкая активность: 2 вх./5 исх. плательщиков/получателей, без выраженного паттерна"
100000002546921100,terminal,0.8,0,0.2416,получил 20 000 KZT от 1 плательщиков  исходящих переводов нет (глубина 3<4)
100000008753897100,terminal,0.8,38,0.2446,получил 24 050 KZT от 1 плательщиков  исходящих переводов нет (глубина 3<4)
100000000870121100,terminal,0.8,31,0.2333,получил 12 000 KZT от 1 плательщиков  исходящих переводов нет (глубина 3<4)
100000003171006100,terminal,0.8,32,0.2936,получил 485 000 KZT от 2 плательщиков  исходящих переводов нет (глубина 3<4)
100000001690558100,terminal,0.8,49,0.3005,получил 740 000 KZT от 1 плательщиков  исходящих переводов нет (глубина 3<4)
100000008667795100,terminal,0.8,38,0.2503,получил 34 000 KZT от 1 плательщиков  исходящих переводов нет (глубина 3<4)
100000005674387100,terminal,0.8,38,0.246,получил 26 200 KZT от 1 плательщиков  исходящих переводов нет (глубина 3<4)
100000003636627100,peripheral,0.15,1,0.1896,"низкая активность: 1 вх./1 исх. плательщиков/получателей, без выраженного паттерна"
100000001275752100,terminal,0.8,32,0.2747,получил 151 500 KZT от 1 плательщиков  исходящих переводов нет (глубина 3<4)
100000002459240100,terminal,0.8,9,0.2745,получил 150 000 KZT от 1 плательщиков  исходящих переводов нет (глубина 3<4)
100000002644285100,terminal,0.8,48,0.2941,получил 500 000 KZT от 1 плательщиков  исходящих переводов нет (глубина 3<4)
100000005186109100,terminal,0.8,3,0.219,получил 5 000 KZT от 1 плательщиков  исходящих переводов нет (глубина 3<4)
100000005317181100,peripheral,0.15,8,0.1998,"низкая активность: 1 вх./1 исх. плательщиков/получателей, без выраженного паттерна"
100000003001661100,peripheral,0.15,57,0.1967,"низкая активность: 1 вх./5 исх. плательщиков/получателей, без выраженного паттерна"
100000000288317100,peripheral,0.15,17,0.1947,"низкая активность: 2 вх./3 исх. плательщиков/получателей, без выраженного паттерна"
100000004368189100,peripheral,0.15,48,0.2159,"низкая активность: 1 вх./2 исх. плательщиков/получателей, без выраженного паттерна"
100000004493586100,terminal,0.8,8,0.2256,получил 7 500 KZT от 1 плательщиков  исходящих переводов нет (глубина 3<4)
100000004114962100,terminal,0.8,9,0.2761,получил 165 000 KZT от 2 плательщиков  исходящих переводов нет (глубина 3<4)
100000008088082100,peripheral,0.15,31,0.1789,"низкая активность: 1 вх./1 исх. плательщиков/получателей, без выраженного паттерна"
100000008595687100,peripheral,0.15,2,0.2208,"низкая активность: 1 вх./1 исх. плательщиков/получателей, без выраженного паттерна"
100000001248999100,terminal,0.8,41,0.2442,получил 23 425 KZT от 1 плательщиков  исходящих переводов нет (глубина 3<4)
100000002736316100,terminal,0.8,8,0.2839,получил 266 921 KZT от 3 плательщиков  исходящих переводов нет (глубина 3<4)
100000008596924100,terminal,0.8,1,0.2679,получил 100 000 KZT от 1 плательщиков  исходящих переводов нет (глубина 3<4)
100000008598972100,terminal,0.8,17,0.2709,получил 120 000 KZT от 1 плательщиков  исходящих переводов нет (глубина 3<4)
100000002769809100,terminal,0.8,49,0.2699,получил 113 422 KZT от 1 плательщиков  исходящих переводов нет (глубина 3<4)
100000003089553100,terminal,0.8,32,0.2745,получил 150 000 KZT от 1 плательщиков  исходящих переводов нет (глубина 3<4)
100000002343825100,peripheral,0.15,32,0.2149,"низкая активность: 3 вх./2 исх. плательщиков/получателей, без выраженного паттерна"
100000002015633100,terminal,0.8,9,0.267,получил 94 970 KZT от 1 плательщиков  исходящих переводов нет (глубина 3<4)
100000002906470100,terminal,0.8,49,0.2722,получил 130 000 KZT от 1 плательщиков  исходящих переводов нет (глубина 3<4)
100000005628518100,terminal,0.8,49,0.2636,получил 77 000 KZT от 1 плательщиков  исходящих переводов нет (глубина 3<4)
100000002958139100,terminal,0.8,32,0.2799,получил 209 500 KZT от 1 плательщиков  исходящих переводов нет (глубина 3<4)
100000008754747100,terminal,0.8,38,0.255,получил 45 500 KZT от 1 плательщиков  исходящих переводов нет (глубина 3<4)
100000008776720100,terminal,0.8,38,0.246,получил 26 150 KZT от 1 плательщиков  исходящих переводов нет (глубина 3<4)
100000008576528100,terminal,0.8,9,0.2471,получил 28 000 KZT от 1 плательщиков  исходящих переводов нет (глубина 3<4)
100000004603109100,peripheral,0.15,63,0.2479,"низкая активность: 3 вх./2 исх. плательщиков/получателей, без выраженного паттерна"
100000008721637100,peripheral,0.15,1,0.2023,"низкая активность: 1 вх./2 исх. плательщиков/получателей, без выраженного паттерна"
100000004491749100,terminal,0.8,1,0.2566,получил 50 000 KZT от 1 плательщиков  исходящих переводов нет (глубина 3<4)
100000005171642100,transit,0.981,1,0.3569,"получает от 2, передаёт 1; pass-through 0.98 — деньги не задерживаются"
100000008682426100,terminal,0.8,0,0.2416,получил 20 000 KZT от 1 плательщиков  исходящих переводов нет (глубина 3<4)
100000006209210100,terminal,0.8,24,0.2814,получил 229 111 KZT от 1 плательщиков  исходящих переводов нет (глубина 3<4)
100000003888527100,terminal,0.8,65,0.2482,получил 30 000 KZT от 1 плательщиков  исходящих переводов нет (глубина 3<4)
100000008490127100,peripheral,0.15,9,0.2194,"низкая активность: 1 вх./6 исх. плательщиков/получателей, без выраженного паттерна"
100000004336228100,terminal,0.8,17,0.257,получил 51 407 KZT от 1 плательщиков  исходящих переводов нет (глубина 3<4)
100000006844004100,terminal,0.8,8,0.2421,получил 20 600 KZT от 1 плательщиков  исходящих переводов нет (глубина 3<4)
100000001688676100,terminal,0.8,49,0.2726,получил 133 700 KZT от 1 плательщиков  исходящих переводов нет (глубина 3<4)
100000008712036100,terminal,0.8,38,0.2424,получил 21 000 KZT от 1 плательщиков  исходящих переводов нет (глубина 3<4)
100000004697956100,transit,1.0,1,0.2903,"получает от 1, передаёт 1; pass-through 1.00 — деньги не задерживаются"
100000004921657100,peripheral,0.15,15,0.1533,"низкая активность: 1 вх./1 исх. плательщиков/получателей, без выраженного паттерна"
100000000408846100,terminal,0.8,45,0.2531,получил 40 500 KZT от 1 плательщиков  исходящих переводов нет (глубина 3<4)
100000003406094100,peripheral,0.15,2,0.1886,"низкая активность: 1 вх./3 исх. плательщиков/получателей, без выраженного паттерна"
100000008695566100,terminal,0.8,38,0.2501,получил 33 700 KZT от 1 плательщиков  исходящих переводов нет (глубина 3<4)
100000005974542100,terminal,0.8,11,0.267,получил 94 500 KZT от 1 плательщиков  исходящих переводов нет (глубина 3<4)
100000001887715100,peripheral,0.15,21,0.2365,"низкая активность: 3 вх./1 исх. плательщиков/получателей, без выраженного паттерна"
100000002472632100,peripheral,0.15,51,0.2205,"низкая активность: 2 вх./1 исх. плательщиков/получателей, без выраженного паттерна"
100000004629688100,peripheral,0.15,3,0.145,"низкая активность: 1 вх./1 исх. плательщиков/получателей, без выраженного паттерна"
100000002459832100,terminal,0.8,17,0.3034,получил 880 606 KZT от 2 плательщиков  исходящих переводов нет (глубина 3<4)
100000006100920100,terminal,0.8,8,0.2679,получил 100 000 KZT от 1 плательщиков  исходящих переводов нет (глубина 3<4)
100000001439416100,peripheral,0.15,16,0.1566,"низкая активность: 1 вх./2 исх. плательщиков/получателей, без выраженного паттерна"
100000002121357100,peripheral,0.15,32,0.2095,"низкая активность: 2 вх./1 исх. плательщиков/получателей, без выраженного паттерна"
100000002970466100,peripheral,0.15,8,0.1707,"низкая активность: 1 вх./2 исх. плательщиков/получателей, без выраженного паттерна"
100000002581346100,terminal,0.8,9,0.2762,получил 166 400 KZT от 1 плательщиков  исходящих переводов нет (глубина 3<4)
100000008738658100,terminal,0.8,38,0.2482,получил 29 920 KZT от 1 плательщиков  исходящих переводов нет (глубина 3<4)
100000005910114100,coordinator,1.0,8,0.8672,"связан с 2 seed-клиентами напрямую, betweenness=0.014, точка сочленения сети"
100000001046626100,terminal,0.8,9,0.2745,получил 150 000 KZT от 1 плательщиков  исходящих переводов нет (глубина 3<4)
100000006492770100,peripheral,0.15,8,0.2103,"низкая активность: 1 вх./1 исх. плательщиков/получателей, без выраженного паттерна"
100000001674850100,terminal,0.8,32,0.282,получил 237 000 KZT от 2 плательщиков  исходящих переводов нет (глубина 3<4)
100000000860514100,peripheral,0.15,51,0.1596,"низкая активность: 1 вх./1 исх. плательщиков/получателей, без выраженного паттерна"
100000003650146100,terminal,0.8,2,0.2363,получил 14 400 KZT от 1 плательщиков  исходящих переводов нет (глубина 3<4)
100000001227106100,terminal,0.8,9,0.276,получил 164 765 KZT от 1 плательщиков  исходящих переводов нет (глубина 3<4)
100000003647799100,terminal,0.8,9,0.2679,получил 100 000 KZT от 1 плательщиков  исходящих переводов нет (глубина 3<4)
100000008293431100,peripheral,0.15,8,0.1635,"низкая активность: 1 вх./5 исх. плательщиков/получателей, без выраженного паттерна"
100000002975287100,terminal,0.8,41,0.2369,получил 15 000 KZT от 1 плательщиков  исходящих переводов нет (глубина 3<4)
100000008507703100,terminal,0.8,38,0.2474,получил 28 500 KZT от 1 плательщиков  исходящих переводов нет (глубина 3<4)
100000001733687100,terminal,0.8,32,0.2858,получил 300 000 KZT от 1 плательщиков  исходящих переводов нет (глубина 3<4)
100000004552204100,peripheral,0.15,55,0.1698,"низкая активность: 1 вх./2 исх. плательщиков/получателей, без выраженного паттерна"
100000008223756100,terminal,0.8,17,0.2874,получил 331 682 KZT от 2 плательщиков  исходящих переводов нет (глубина 3<4)
100000002956769100,terminal,0.8,48,0.3026,получил 840 000 KZT от 3 плательщиков  исходящих переводов нет (глубина 3<4)
100000008555233100,terminal,0.8,21,0.2921,получил 440 600 KZT от 1 плательщиков  исходящих переводов нет (глубина 3<4)
100000002346166100,terminal,0.8,38,0.222,получил 6 000 KZT от 1 плательщиков  исходящих переводов нет (глубина 3<4)
100000000878006100,terminal,0.8,9,0.2556,получил 47 003 KZT от 1 плательщиков  исходящих переводов нет (глубина 3<4)
100000004997515100,peripheral,0.15,32,0.2176,"низкая активность: 4 вх./4 исх. плательщиков/получателей, без выраженного паттерна"
100000007653003100,terminal,0.8,41,0.2679,получил 100 000 KZT от 1 плательщиков  исходящих переводов нет (глубина 3<4)
100000000661131100,terminal,0.8,38,0.2376,получил 15 600 KZT от 1 плательщиков  исходящих переводов нет (глубина 3<4)
100000003880331100,coordinator,0.935,17,0.6333,"связан с 1 seed-клиентами напрямую, betweenness=0.003, точка сочленения сети"
100000003204491100,peripheral,0.15,8,0.1997,"низкая активность: 1 вх./1 исх. плательщиков/получателей, без выраженного паттерна"
100000008463968100,terminal,0.8,38,0.2303,получил 10 000 KZT от 1 плательщиков  исходящих переводов нет (глубина 3<4)
100000002712416100,terminal,0.8,48,0.2704,получил 116 800 KZT от 2 плательщиков  исходящих переводов нет (глубина 3<4)
100000008754997100,terminal,0.8,38,0.2399,получил 18 000 KZT от 1 плательщиков  исходящих переводов нет (глубина 3<4)
100000008011573100,terminal,0.8,41,0.2369,получил 15 000 KZT от 1 плательщиков  исходящих переводов нет (глубина 3<4)
100000003178549100,peripheral,0.15,41,0.2391,"низкая активность: 2 вх./4 исх. плательщиков/получателей, без выраженного паттерна"
100000000534581100,peripheral,0.15,17,0.1847,"низкая активность: 2 вх./1 исх. плательщиков/получателей, без выраженного паттерна"
100000007138613100,peripheral,0.15,8,0.2321,"низкая активность: 3 вх./2 исх. плательщиков/получателей, без выраженного паттерна"
100000002380341100,terminal,0.8,8,0.2589,получил 57 566 KZT от 1 плательщиков  исходящих переводов нет (глубина 3<4)
100000008309514100,terminal,0.8,38,0.2392,получил 17 200 KZT от 1 плательщиков  исходящих переводов нет (глубина 3<4)
100000003134474100,terminal,0.8,9,0.2703,получил 116 000 KZT от 1 плательщиков  исходящих переводов нет (глубина 3<4)
100000002373386100,terminal,0.8,38,0.2446,получил 24 000 KZT от 1 плательщиков  исходящих переводов нет (глубина 3<4)
100000008684767100,terminal,0.8,38,0.2488,получил 31 100 KZT от 1 плательщиков  исходящих переводов нет (глубина 3<4)
100000008332511100,terminal,0.8,1,0.2679,получил 100 000 KZT от 1 плательщиков  исходящих переводов нет (глубина 3<4)
100000005754335100,terminal,0.8,65,0.2545,получил 44 037 KZT от 1 плательщиков  исходящих переводов нет (глубина 3<4)
100000008547295100,terminal,0.8,1,0.2369,получил 15 000 KZT от 1 плательщиков  исходящих переводов нет (глубина 3<4)
100000001875167100,terminal,0.8,9,0.3055,получил 1 000 000 KZT от 1 плательщиков  исходящих переводов нет (глубина 3<4)
100000004670388100,peripheral,0.15,61,0.2019,"низкая активность: 1 вх./2 исх. плательщиков/получателей, без выраженного паттерна"
100000004097972100,peripheral,0.15,8,0.1973,"низкая активность: 1 вх./2 исх. плательщиков/получателей, без выраженного паттерна"
100000000481716100,terminal,0.8,29,0.2267,получил 8 000 KZT от 1 плательщиков  исходящих переводов нет (глубина 3<4)
100000005089460100,terminal,0.8,38,0.2337,получил 12 300 KZT от 1 плательщиков  исходящих переводов нет (глубина 3<4)
100000003105929100,peripheral,0.15,9,0.2179,"низкая активность: 1 вх./1 исх. плательщиков/получателей, без выраженного паттерна"
100000008379273100,transit,0.944,29,0.3037,"получает от 2, передаёт 4; pass-through 1.06 — деньги не задерживаются"
100000005357705100,peripheral,0.15,17,0.1845,"низкая активность: 1 вх./4 исх. плательщиков/получателей, без выраженного паттерна"
100000003111305100,terminal,0.8,1,0.2944,получил 509 338 KZT от 4 плательщиков  исходящих переводов нет (глубина 3<4)
100000008503177100,terminal,0.8,17,0.2503,получил 33 951 KZT от 1 плательщиков  исходящих переводов нет (глубина 3<4)
100000000955529100,peripheral,0.15,15,0.1725,"низкая активность: 1 вх./1 исх. плательщиков/получателей, без выраженного паттерна"
100000008695689100,terminal,0.8,38,0.246,получил 26 200 KZT от 1 плательщиков  исходящих переводов нет (глубина 3<4)
100000004184158100,terminal,0.8,8,0.2795,получил 203 805 KZT от 1 плательщиков  исходящих переводов нет (глубина 3<4)
100000005475379100,peripheral,0.15,5,0.1961,"низкая активность: 1 вх./3 исх. плательщиков/получателей, без выраженного паттерна"
100000003093299100,terminal,0.8,8,0.2369,получил 15 000 KZT от 1 плательщиков  исходящих переводов нет (глубина 3<4)
100000008767027100,terminal,0.8,21,0.219,получил 5 000 KZT от 1 плательщиков  исходящих переводов нет (глубина 3<4)
100000004539443100,terminal,0.8,15,0.2601,получил 61 990 KZT от 2 плательщиков  исходящих переводов нет (глубина 3<4)
100000007863304100,terminal,0.8,9,0.2453,получил 25 000 KZT от 1 плательщиков  исходящих переводов нет (глубина 3<4)
100000004959752100,terminal,0.8,15,0.2433,получил 22 200 KZT от 1 плательщиков  исходящих переводов нет (глубина 3<4)
100000002214664100,peripheral,0.15,38,0.1526,"низкая активность: 1 вх./1 исх. плательщиков/получателей, без выраженного паттерна"
100000008192264100,transit,0.846,9,0.3146,"получает от 1, передаёт 1; pass-through 1.15 — деньги не задерживаются"
100000000942301100,terminal,0.8,8,0.2589,получил 57 580 KZT от 1 плательщиков  исходящих переводов нет (глубина 3<4)
100000002578653100,terminal,0.8,16,0.2416,получил 20 000 KZT от 1 плательщиков  исходящих переводов нет (глубина 3<4)
100000002511581100,terminal,0.8,38,0.2395,получил 17 600 KZT от 1 плательщиков  исходящих переводов нет (глубина 3<4)
100000005610717100,peripheral,0.15,8,0.2199,"низкая активность: 4 вх./1 исх. плательщиков/получателей, без выраженного паттерна"
100000005704413100,coordinator,0.847,29,0.5745,"связан с 0 seed-клиентами напрямую, betweenness=0.003, точка сочленения сети"
100000000976943100,transit,0.8,5,0.2944,"получает от 1, передаёт 1; pass-through 1.20 — деньги не задерживаются"
100000008708061100,terminal,0.8,38,0.2279,получил 8 650 KZT от 1 плательщиков  исходящих переводов нет (глубина 3<4)
100000003986141100,terminal,0.8,41,0.2199,получил 5 286 KZT от 1 плательщиков  исходящих переводов нет (глубина 3<4)
100000005037490100,peripheral,0.15,31,0.1632,"низкая активность: 1 вх./2 исх. плательщиков/получателей, без выраженного паттерна"
100000004257714100,terminal,0.8,38,0.2573,получил 52 220 KZT от 1 плательщиков  исходящих переводов нет (глубина 3<4)
100000000569479100,terminal,0.8,8,0.2869,получил 320 000 KZT от 1 плательщиков  исходящих переводов нет (глубина 3<4)
100000007303047100,terminal,0.8,38,0.2573,получил 52 250 KZT от 1 плательщиков  исходящих переводов нет (глубина 3<4)
100000008708743100,terminal,0.8,38,0.2375,получил 15 550 KZT от 1 плательщиков  исходящих переводов нет (глубина 3<4)
100000008745863100,terminal,0.8,38,0.2438,получил 22 900 KZT от 1 плательщиков  исходящих переводов нет (глубина 3<4)
100000005048668100,peripheral,0.15,17,0.1652,"низкая активность: 2 вх./8 исх. плательщиков/получателей, без выраженного паттерна"
100000006522972100,terminal,0.8,9,0.2295,получил 9 515 KZT от 1 плательщиков  исходящих переводов нет (глубина 3<4)
100000008759857100,peripheral,0.15,21,0.145,"низкая активность: 1 вх./2 исх. плательщиков/получателей, без выраженного паттерна"
100000005342513100,peripheral,0.15,38,0.2078,"низкая активность: 1 вх./1 исх. плательщиков/получателей, без выраженного паттерна"
100000004750897100,terminal,0.8,3,0.2303,получил 10 000 KZT от 1 плательщиков  исходящих переводов нет (глубина 3<4)
100000001140785100,terminal,0.8,32,0.2804,получил 215 000 KZT от 2 плательщиков  исходящих переводов нет (глубина 3<4)
100000002821425100,terminal,0.8,48,0.2844,получил 275 000 KZT от 1 плательщиков  исходящих переводов нет (глубина 3<4)
100000003221510100,peripheral,0.15,8,0.1712,"низкая активность: 1 вх./2 исх. плательщиков/получателей, без выраженного паттерна"
100000003031003100,terminal,0.8,48,0.2847,получил 280 090 KZT от 3 плательщиков  исходящих переводов нет (глубина 3<4)
100000003060187100,terminal,0.8,49,0.2667,получил 93 046 KZT от 1 плательщиков  исходящих переводов нет (глубина 3<4)
100000008718811100,terminal,0.8,38,0.2628,получил 73 300 KZT от 1 плательщиков  исходящих переводов нет (глубина 3<4)
100000008043184100,terminal,0.8,41,0.2568,получил 50 564 KZT от 1 плательщиков  исходящих переводов нет (глубина 3<4)
100000002530224100,terminal,0.8,32,0.2699,получил 113 000 KZT от 1 плательщиков  исходящих переводов нет (глубина 3<4)
100000008754608100,terminal,0.8,38,0.2337,получил 12 300 KZT от 1 плательщиков  исходящих переводов нет (глубина 3<4)
100000006989232100,terminal,0.8,8,0.2433,получил 22 194 KZT от 1 плательщиков  исходящих переводов нет (глубина 3<4)
100000006532229100,terminal,0.8,32,0.2687,получил 105 000 KZT от 1 плательщиков  исходящих переводов нет (глубина 3<4)
100000005661829100,transit,0.932,49,0.3033,"получает от 1, передаёт 2; pass-through 1.07 — деньги не задерживаются"
100000004553349100,terminal,0.8,9,0.2262,получил 7 755 KZT от 1 плательщиков  исходящих переводов нет (глубина 3<4)
100000002945626100,terminal,0.8,32,0.2967,получил 584 000 KZT от 3 плательщиков  исходящих переводов нет (глубина 3<4)
100000008775471100,terminal,0.8,21,0.2966,получил 580 000 KZT от 1 плательщиков  исходящих переводов нет (глубина 3<4)
100000000404740100,peripheral,0.2,51,0.1733,"узел на 4-м колене без исходящих — вероятный артефакт обрыва обхода, не подтверждённый terminal (in_deg=1)"
100000004268036100,peripheral,0.2,29,0.1486,"узел на 4-м колене без исходящих — вероятный артефакт обрыва обхода, не подтверждённый terminal (in_deg=1)"
100000001256409100,peripheral,0.2,17,0.1547,"узел на 4-м колене без исходящих — вероятный артефакт обрыва обхода, не подтверждённый terminal (in_deg=1)"
100000005360814100,peripheral,0.2,17,0.2018,"узел на 4-м колене без исходящих — вероятный артефакт обрыва обхода, не подтверждённый terminal (in_deg=1)"
100000002369454100,peripheral,0.2,17,0.1733,"узел на 4-м колене без исходящих — вероятный артефакт обрыва обхода, не подтверждённый terminal (in_deg=1)"
100000004272302100,peripheral,0.2,16,0.1583,"узел на 4-м колене без исходящих — вероятный артефакт обрыва обхода, не подтверждённый terminal (in_deg=1)"
100000008727982100,peripheral,0.2,1,0.1762,"узел на 4-м колене без исходящих — вероятный артефакт обрыва обхода, не подтверждённый terminal (in_deg=1)"
100000000600707100,peripheral,0.2,56,0.194,"узел на 4-м колене без исходящих — вероятный артефакт обрыва обхода, не подтверждённый terminal (in_deg=1)"
100000004500781100,peripheral,0.2,0,0.191,"узел на 4-м колене без исходящих — вероятный артефакт обрыва обхода, не подтверждённый terminal (in_deg=1)"
100000008703533100,peripheral,0.2,32,0.1912,"узел на 4-м колене без исходящих — вероятный артефакт обрыва обхода, не подтверждённый terminal (in_deg=1)"
100000004549591100,peripheral,0.2,62,0.1842,"узел на 4-м колене без исходящих — вероятный артефакт обрыва обхода, не подтверждённый terminal (in_deg=1)"
100000002700161100,peripheral,0.2,40,0.1805,"узел на 4-м колене без исходящих — вероятный артефакт обрыва обхода, не подтверждённый terminal (in_deg=1)"
100000003134550100,peripheral,0.2,32,0.1959,"узел на 4-м колене без исходящих — вероятный артефакт обрыва обхода, не подтверждённый terminal (in_deg=1)"
100000001957974100,peripheral,0.2,0,0.2221,"узел на 4-м колене без исходящих — вероятный артефакт обрыва обхода, не подтверждённый terminal (in_deg=1)"
100000001246806100,peripheral,0.2,32,0.2002,"узел на 4-м колене без исходящих — вероятный артефакт обрыва обхода, не подтверждённый terminal (in_deg=1)"
100000003622955100,peripheral,0.2,5,0.1649,"узел на 4-м колене без исходящих — вероятный артефакт обрыва обхода, не подтверждённый terminal (in_deg=1)"
100000003692843100,peripheral,0.2,4,0.2225,"узел на 4-м колене без исходящих — вероятный артефакт обрыва обхода, не подтверждённый terminal (in_deg=1)"
100000008629504100,peripheral,0.2,8,0.1696,"узел на 4-м колене без исходящих — вероятный артефакт обрыва обхода, не подтверждённый terminal (in_deg=1)"
100000005621418100,peripheral,0.2,45,0.1762,"узел на 4-м колене без исходящих — вероятный артефакт обрыва обхода, не подтверждённый terminal (in_deg=1)"
100000004167082100,peripheral,0.2,31,0.163,"узел на 4-м колене без исходящих — вероятный артефакт обрыва обхода, не подтверждённый terminal (in_deg=1)"
100000004379306100,peripheral,0.2,17,0.1649,"узел на 4-м колене без исходящих — вероятный артефакт обрыва обхода, не подтверждённый terminal (in_deg=1)"
100000004856746100,peripheral,0.2,10,0.1696,"узел на 4-м колене без исходящих — вероятный артефакт обрыва обхода, не подтверждённый terminal (in_deg=1)"
100000004891562100,peripheral,0.2,29,0.1964,"узел на 4-м колене без исходящих — вероятный артефакт обрыва обхода, не подтверждённый terminal (in_deg=1)"
100000007042175100,peripheral,0.2,8,0.1875,"узел на 4-м колене без исходящих — вероятный артефакт обрыва обхода, не подтверждённый terminal (in_deg=1)"
100000002670463100,peripheral,0.2,29,0.177,"узел на 4-м колене без исходящих — вероятный артефакт обрыва обхода, не подтверждённый terminal (in_deg=1)"
100000005567828100,peripheral,0.2,29,0.1949,"узел на 4-м колене без исходящих — вероятный артефакт обрыва обхода, не подтверждённый terminal (in_deg=1)"
100000004200745100,peripheral,0.2,13,0.2002,"узел на 4-м колене без исходящих — вероятный артефакт обрыва обхода, не подтверждённый terminal (in_deg=1)"
100000003989033100,peripheral,0.2,29,0.2174,"узел на 4-м колене без исходящих — вероятный артефакт обрыва обхода, не подтверждённый terminal (in_deg=1)"
100000005146665100,peripheral,0.2,53,0.1486,"узел на 4-м колене без исходящих — вероятный артефакт обрыва обхода, не подтверждённый terminal (in_deg=1)"
100000003096787100,peripheral,0.2,29,0.1664,"узел на 4-м колене без исходящих — вероятный артефакт обрыва обхода, не подтверждённый terminal (in_deg=1)"
100000003074515100,peripheral,0.2,32,0.1967,"узел на 4-м колене без исходящих — вероятный артефакт обрыва обхода, не подтверждённый terminal (in_deg=1)"
100000004377043100,peripheral,0.2,57,0.1491,"узел на 4-м колене без исходящих — вероятный артефакт обрыва обхода, не подтверждённый terminal (in_deg=1)"
100000008680061100,peripheral,0.2,9,0.1814,"узел на 4-м колене без исходящих — вероятный артефакт обрыва обхода, не подтверждённый terminal (in_deg=1)"
100000008471634100,peripheral,0.2,51,0.1696,"узел на 4-м колене без исходящих — вероятный артефакт обрыва обхода, не подтверждённый terminal (in_deg=1)"
100000002119762100,peripheral,0.2,9,0.1916,"узел на 4-м колене без исходящих — вероятный артефакт обрыва обхода, не подтверждённый terminal (in_deg=1)"
100000008628818100,peripheral,0.2,29,0.1833,"узел на 4-м колене без исходящих — вероятный артефакт обрыва обхода, не подтверждённый terminal (in_deg=1)"
100000007510567100,peripheral,0.2,29,0.1852,"узел на 4-м колене без исходящих — вероятный артефакт обрыва обхода, не подтверждённый terminal (in_deg=1)"
100000004780327100,peripheral,0.2,29,0.1613,"узел на 4-м колене без исходящих — вероятный артефакт обрыва обхода, не подтверждённый terminal (in_deg=1)"
100000008376785100,peripheral,0.2,9,0.2098,"узел на 4-м колене без исходящих — вероятный артефакт обрыва обхода, не подтверждённый terminal (in_deg=1)"
100000005745873100,peripheral,0.2,54,0.209,"узел на 4-м колене без исходящих — вероятный артефакт обрыва обхода, не подтверждённый terminal (in_deg=1)"
100000002594214100,peripheral,0.2,64,0.2335,"узел на 4-м колене без исходящих — вероятный артефакт обрыва обхода, не подтверждённый terminal (in_deg=1)"
100000001299323100,peripheral,0.2,32,0.1973,"узел на 4-м колене без исходящих — вероятный артефакт обрыва обхода, не подтверждённый terminal (in_deg=1)"
100000003838587100,peripheral,0.2,0,0.15,"узел на 4-м колене без исходящих — вероятный артефакт обрыва обхода, не подтверждённый terminal (in_deg=1)"
100000000673915100,peripheral,0.2,69,0.1698,"узел на 4-м колене без исходящих — вероятный артефакт обрыва обхода, не подтверждённый terminal (in_deg=1)"
100000003061115100,peripheral,0.2,8,0.1828,"узел на 4-м колене без исходящих — вероятный артефакт обрыва обхода, не подтверждённый terminal (in_deg=1)"
100000004326224100,peripheral,0.2,9,0.1875,"узел на 4-м колене без исходящих — вероятный артефакт обрыва обхода, не подтверждённый terminal (in_deg=1)"
100000004988240100,peripheral,0.2,8,0.1696,"узел на 4-м колене без исходящих — вероятный артефакт обрыва обхода, не подтверждённый terminal (in_deg=1)"
100000008525136100,peripheral,0.2,8,0.1639,"узел на 4-м колене без исходящих — вероятный артефакт обрыва обхода, не подтверждённый terminal (in_deg=1)"
100000001991973100,peripheral,0.2,29,0.1703,"узел на 4-м колене без исходящих — вероятный артефакт обрыва обхода, не подтверждённый terminal (in_deg=1)"
100000004569637100,peripheral,0.2,17,0.1486,"узел на 4-м колене без исходящих — вероятный артефакт обрыва обхода, не подтверждённый terminal (in_deg=1)"
100000008675322100,peripheral,0.2,69,0.2158,"узел на 4-м колене без исходящих — вероятный артефакт обрыва обхода, не подтверждённый terminal (in_deg=1)"
100000004235471100,peripheral,0.2,9,0.2055,"узел на 4-м колене без исходящих — вероятный артефакт обрыва обхода, не подтверждённый terminal (in_deg=1)"
100000003194831100,peripheral,0.2,29,0.1507,"узел на 4-м колене без исходящих — вероятный артефакт обрыва обхода, не подтверждённый terminal (in_deg=1)"
100000008588665100,peripheral,0.2,8,0.1733,"узел на 4-м колене без исходящих — вероятный артефакт обрыва обхода, не подтверждённый terminal (in_deg=1)"
100000003230329100,peripheral,0.2,32,0.1974,"узел на 4-м колене без исходящих — вероятный артефакт обрыва обхода, не подтверждённый terminal (in_deg=1)"
100000002217806100,peripheral,0.2,62,0.1861,"узел на 4-м колене без исходящих — вероятный артефакт обрыва обхода, не подтверждённый terminal (in_deg=1)"
100000004041294100,peripheral,0.2,51,0.1677,"узел на 4-м колене без исходящих — вероятный артефакт обрыва обхода, не подтверждённый terminal (in_deg=1)"
100000008583971100,peripheral,0.2,8,0.1849,"узел на 4-м колене без исходящих — вероятный артефакт обрыва обхода, не подтверждённый terminal (in_deg=2)"
100000008251939100,peripheral,0.2,29,0.1826,"узел на 4-м колене без исходящих — вероятный артефакт обрыва обхода, не подтверждённый terminal (in_deg=1)"
100000004049912100,peripheral,0.2,49,0.1583,"узел на 4-м колене без исходящих — вероятный артефакт обрыва обхода, не подтверждённый terminal (in_deg=1)"
100000002227960100,peripheral,0.2,46,0.1583,"узел на 4-м колене без исходящих — вероятный артефакт обрыва обхода, не подтверждённый terminal (in_deg=1)"
100000008677368100,peripheral,0.2,24,0.1632,"узел на 4-м колене без исходящих — вероятный артефакт обрыва обхода, не подтверждённый terminal (in_deg=1)"
100000008631800100,peripheral,0.2,29,0.1624,"узел на 4-м колене без исходящих — вероятный артефакт обрыва обхода, не подтверждённый terminal (in_deg=1)"
100000003220685100,peripheral,0.2,9,0.2378,"узел на 4-м колене без исходящих — вероятный артефакт обрыва обхода, не подтверждённый terminal (in_deg=1)"
100000003072205100,peripheral,0.2,32,0.2039,"узел на 4-м колене без исходящих — вероятный артефакт обрыва обхода, не подтверждённый terminal (in_deg=2)"
100000001202637100,peripheral,0.2,29,0.1583,"узел на 4-м колене без исходящих — вероятный артефакт обрыва обхода, не подтверждённый terminal (in_deg=1)"
100000002835874100,peripheral,0.2,32,0.1872,"узел на 4-м колене без исходящих — вероятный артефакт обрыва обхода, не подтверждённый terminal (in_deg=1)"
100000002707106100,peripheral,0.2,0,0.1649,"узел на 4-м колене без исходящих — вероятный артефакт обрыва обхода, не подтверждённый terminal (in_deg=1)"
100000008343415100,peripheral,0.2,17,0.1959,"узел на 4-м колене без исходящих — вероятный артефакт обрыва обхода, не подтверждённый terminal (in_deg=1)"
100000004981068100,peripheral,0.2,17,0.1583,"узел на 4-м колене без исходящих — вероятный артефакт обрыва обхода, не подтверждённый terminal (in_deg=1)"
100000004241142100,peripheral,0.2,8,0.1746,"узел на 4-м колене без исходящих — вероятный артефакт обрыва обхода, не подтверждённый terminal (in_deg=1)"
100000008190411100,peripheral,0.2,47,0.2071,"узел на 4-м колене без исходящих — вероятный артефакт обрыва обхода, не подтверждённый terminal (in_deg=1)"
100000008699083100,peripheral,0.2,48,0.2101,"узел на 4-м колене без исходящих — вероятный артефакт обрыва обхода, не подтверждённый terminal (in_deg=1)"
100000008136608100,peripheral,0.2,29,0.2045,"узел на 4-м колене без исходящих — вероятный артефакт обрыва обхода, не подтверждённый terminal (in_deg=1)"
100000008695157100,peripheral,0.2,17,0.2195,"узел на 4-м колене без исходящих — вероятный артефакт обрыва обхода, не подтверждённый terminal (in_deg=1)"
100000000369781100,peripheral,0.2,9,0.147,"узел на 4-м колене без исходящих — вероятный артефакт обрыва обхода, не подтверждённый terminal (in_deg=1)"
100000003133045100,peripheral,0.2,47,0.1896,"узел на 4-м колене без исходящих — вероятный артефакт обрыва обхода, не подтверждённый terminal (in_deg=1)"
100000002474570100,peripheral,0.2,29,0.1519,"узел на 4-м колене без исходящих — вероятный артефакт обрыва обхода, не подтверждённый terminal (in_deg=1)"
100000002514975100,peripheral,0.2,45,0.1678,"узел на 4-м колене без исходящих — вероятный артефакт обрыва обхода, не подтверждённый terminal (in_deg=1)"
100000001089055100,peripheral,0.2,41,0.1626,"узел на 4-м колене без исходящих — вероятный артефакт обрыва обхода, не подтверждённый terminal (in_deg=1)"
100000000608031100,peripheral,0.2,41,0.1762,"узел на 4-м колене без исходящих — вероятный артефакт обрыва обхода, не подтверждённый terminal (in_deg=1)"
100000002659103100,peripheral,0.2,58,0.2041,"узел на 4-м колене без исходящих — вероятный артефакт обрыва обхода, не подтверждённый terminal (in_deg=1)"
100000000733940100,peripheral,0.2,12,0.2288,"узел на 4-м колене без исходящих — вероятный артефакт обрыва обхода, не подтверждённый terminal (in_deg=1)"
100000001537524100,peripheral,0.2,48,0.2025,"узел на 4-м колене без исходящих — вероятный артефакт обрыва обхода, не подтверждённый terminal (in_deg=1)"
100000002971593100,peripheral,0.2,9,0.1843,"узел на 4-м колене без исходящих — вероятный артефакт обрыва обхода, не подтверждённый terminal (in_deg=1)"
100000006918814100,peripheral,0.2,15,0.1696,"узел на 4-м колене без исходящих — вероятный артефакт обрыва обхода, не подтверждённый terminal (in_deg=1)"
100000007381662100,peripheral,0.2,8,0.1599,"узел на 4-м колене без исходящих — вероятный артефакт обрыва обхода, не подтверждённый terminal (in_deg=1)"
100000003199390100,peripheral,0.2,9,0.2115,"узел на 4-м колене без исходящих — вероятный артефакт обрыва обхода, не подтверждённый terminal (in_deg=1)"
100000007749747100,peripheral,0.2,32,0.1846,"узел на 4-м колене без исходящих — вероятный артефакт обрыва обхода, не подтверждённый terminal (in_deg=1)"
100000003447411100,peripheral,0.2,17,0.2139,"узел на 4-м колене без исходящих — вероятный артефакт обрыва обхода, не подтверждённый terminal (in_deg=1)"
100000000500040100,peripheral,0.2,8,0.1696,"узел на 4-м колене без исходящих — вероятный артефакт обрыва обхода, не подтверждённый terminal (in_deg=1)"
100000008551752100,peripheral,0.2,54,0.2187,"узел на 4-м колене без исходящих — вероятный артефакт обрыва обхода, не подтверждённый terminal (in_deg=1)"
100000002876914100,peripheral,0.2,29,0.1613,"узел на 4-м колене без исходящих — вероятный артефакт обрыва обхода, не подтверждённый terminal (in_deg=1)"
100000004571634100,peripheral,0.2,5,0.1696,"узел на 4-м колене без исходящих — вероятный артефакт обрыва обхода, не подтверждённый terminal (in_deg=1)"
100000004610802100,peripheral,0.2,67,0.2102,"узел на 4-м колене без исходящих — вероятный артефакт обрыва обхода, не подтверждённый terminal (in_deg=1)"
100000001311175100,peripheral,0.2,48,0.2138,"узел на 4-м колене без исходящих — вероятный артефакт обрыва обхода, не подтверждённый terminal (in_deg=1)"
100000008740295100,peripheral,0.2,32,0.2138,"узел на 4-м колене без исходящих — вероятный артефакт обрыва обхода, не подтверждённый terminal (in_deg=1)"
100000002596039100,peripheral,0.2,17,0.2127,"узел на 4-м колене без исходящих — вероятный артефакт обрыва обхода, не подтверждённый terminal (in_deg=1)"
100000002126791100,peripheral,0.2,32,0.2379,"узел на 4-м колене без исходящих — вероятный артефакт обрыва обхода, не подтверждённый terminal (in_deg=1)"
100000005783452100,peripheral,0.2,48,0.2131,"узел на 4-м колене без исходящих — вероятный артефакт обрыва обхода, не подтверждённый terminal (in_deg=2)"
100000006693788100,peripheral,0.2,8,0.1595,"узел на 4-м колене без исходящих — вероятный артефакт обрыва обхода, не подтверждённый terminal (in_deg=1)"
100000002832753100,peripheral,0.2,3,0.1619,"узел на 4-м колене без исходящих — вероятный артефакт обрыва обхода, не подтверждённый terminal (in_deg=1)"
100000002981489100,peripheral,0.2,9,0.1583,"узел на 4-м колене без исходящих — вероятный артефакт обрыва обхода, не подтверждённый terminal (in_deg=1)"
100000003084870100,peripheral,0.2,48,0.1513,"узел на 4-м колене без исходящих — вероятный артефакт обрыва обхода, не подтверждённый terminal (in_deg=1)"
100000002791494100,peripheral,0.2,29,0.1934,"узел на 4-м колене без исходящих — вероятный артефакт обрыва обхода, не подтверждённый terminal (in_deg=1)"
100000003345947100,peripheral,0.2,17,0.1921,"узел на 4-м колене без исходящих — вероятный артефакт обрыва обхода, не подтверждённый terminal (in_deg=1)"
100000002733083100,peripheral,0.2,29,0.1651,"узел на 4-м колене без исходящих — вероятный артефакт обрыва обхода, не подтверждённый terminal (in_deg=1)"
100000003247600100,peripheral,0.2,15,0.187,"узел на 4-м колене без исходящих — вероятный артефакт обрыва обхода, не подтверждённый terminal (in_deg=1)"
100000001378288100,peripheral,0.2,17,0.212,"узел на 4-м колене без исходящих — вероятный артефакт обрыва обхода, не подтверждённый terminal (in_deg=1)"
100000002305477100,peripheral,0.2,46,0.1696,"узел на 4-м колене без исходящих — вероятный артефакт обрыва обхода, не подтверждённый terminal (in_deg=1)"
100000006638021100,peripheral,0.2,22,0.218,"узел на 4-м колене без исходящих — вероятный артефакт обрыва обхода, не подтверждённый terminal (in_deg=2)"
100000008517061100,peripheral,0.2,0,0.2434,"узел на 4-м колене без исходящих — вероятный артефакт обрыва обхода, не подтверждённый terminal (in_deg=1)"
100000005910895100,peripheral,0.2,5,0.1473,"узел на 4-м колене без исходящих — вероятный артефакт обрыва обхода, не подтверждённый terminal (in_deg=1)"
100000002723439100,peripheral,0.2,5,0.1679,"узел на 4-м колене без исходящих — вероятный артефакт обрыва обхода, не подтверждённый terminal (in_deg=1)"
100000002320495100,peripheral,0.2,41,0.1632,"узел на 4-м колене без исходящих — вероятный артефакт обрыва обхода, не подтверждённый terminal (in_deg=1)"
100000002229615100,peripheral,0.2,46,0.1733,"узел на 4-м колене без исходящих — вероятный артефакт обрыва обхода, не подтверждённый terminal (in_deg=1)"
100000008327791100,peripheral,0.2,41,0.1599,"узел на 4-м колене без исходящих — вероятный артефакт обрыва обхода, не подтверждённый terminal (in_deg=1)"
100000002208836100,peripheral,0.2,9,0.1942,"узел на 4-м колене без исходящих — вероятный артефакт обрыва обхода, не подтверждённый terminal (in_deg=1)"
100000001724740100,peripheral,0.2,32,0.2059,"узел на 4-м колене без исходящих — вероятный артефакт обрыва обхода, не подтверждённый terminal (in_deg=1)"
100000004386286100,peripheral,0.2,13,0.1619,"узел на 4-м колене без исходящих — вероятный артефакт обрыва обхода, не подтверждённый terminal (in_deg=1)"
100000001714883100,peripheral,0.2,29,0.1523,"узел на 4-м колене без исходящих — вероятный артефакт обрыва обхода, не подтверждённый terminal (in_deg=1)"
100000008337304100,peripheral,0.2,17,0.1967,"узел на 4-м колене без исходящих — вероятный артефакт обрыва обхода, не подтверждённый terminal (in_deg=1)"
100000000655469100,peripheral,0.2,46,0.1696,"узел на 4-м колене без исходящих — вероятный артефакт обрыва обхода, не подтверждённый terminal (in_deg=1)"
100000008722541100,peripheral,0.2,9,0.2127,"узел на 4-м колене без исходящих — вероятный артефакт обрыва обхода, не подтверждённый terminal (in_deg=1)"
100000004222274100,peripheral,0.2,8,0.1655,"узел на 4-м колене без исходящих — вероятный артефакт обрыва обхода, не подтверждённый terminal (in_deg=1)"
100000006232642100,peripheral,0.2,65,0.2206,"узел на 4-м колене без исходящих — вероятный артефакт обрыва обхода, не подтверждённый terminal (in_deg=1)"
100000004066370100,peripheral,0.2,56,0.1888,"узел на 4-м колене без исходящих — вероятный артефакт обрыва обхода, не подтверждённый terminal (in_deg=1)"
100000005685783100,peripheral,0.2,38,0.174,"узел на 4-м колене без исходящих — вероятный артефакт обрыва обхода, не подтверждённый terminal (in_deg=1)"
100000006171671100,peripheral,0.2,8,0.1583,"узел на 4-м колене без исходящих — вероятный артефакт обрыва обхода, не подтверждённый terminal (in_deg=1)"
100000003481025100,peripheral,0.2,8,0.1566,"узел на 4-м колене без исходящих — вероятный артефакт обрыва обхода, не подтверждённый terminal (in_deg=1)"
100000003646145100,peripheral,0.2,55,0.147,"узел на 4-м колене без исходящих — вероятный артефакт обрыва обхода, не подтверждённый terminal (in_deg=1)"
100000002659265100,peripheral,0.2,32,0.2015,"узел на 4-м колене без исходящих — вероятный артефакт обрыва обхода, не подтверждённый terminal (in_deg=1)"
100000003289281100,peripheral,0.2,8,0.1809,"узел на 4-м колене без исходящих — вероятный артефакт обрыва обхода, не подтверждённый terminal (in_deg=1)"
100000004840086100,peripheral,0.2,8,0.1959,"узел на 4-м колене без исходящих — вероятный артефакт обрыва обхода, не подтверждённый terminal (in_deg=1)"
100000008554390100,peripheral,0.2,29,0.1638,"узел на 4-м колене без исходящих — вероятный артефакт обрыва обхода, не подтверждённый terminal (in_deg=1)"
100000004691350100,peripheral,0.2,61,0.163,"узел на 4-м колене без исходящих — вероятный артефакт обрыва обхода, не подтверждённый terminal (in_deg=1)"
100000004652395100,peripheral,0.2,8,0.1961,"узел на 4-м колене без исходящих — вероятный артефакт обрыва обхода, не подтверждённый terminal (in_deg=3)"
100000004979264100,peripheral,0.2,32,0.1808,"узел на 4-м колене без исходящих — вероятный артефакт обрыва обхода, не подтверждённый terminal (in_deg=1)"
100000008074304100,peripheral,0.2,9,0.1486,"узел на 4-м колене без исходящих — вероятный артефакт обрыва обхода, не подтверждённый terminal (in_deg=1)"
100000002227989100,peripheral,0.2,46,0.1696,"узел на 4-м колене без исходящих — вероятный артефакт обрыва обхода, не подтверждённый terminal (in_deg=1)"
100000003207060100,peripheral,0.2,8,0.1855,"узел на 4-м колене без исходящих — вероятный артефакт обрыва обхода, не подтверждённый terminal (in_deg=1)"
100000004601193100,peripheral,0.2,5,0.193,"узел на 4-м колене без исходящих — вероятный артефакт обрыва обхода, не подтверждённый terminal (in_deg=1)"
100000004991593100,peripheral,0.2,17,0.1828,"узел на 4-м колене без исходящих — вероятный артефакт обрыва обхода, не подтверждённый terminal (in_deg=1)"
100000003128638100,peripheral,0.2,32,0.2138,"узел на 4-м колене без исходящих — вероятный артефакт обрыва обхода, не подтверждённый terminal (in_deg=1)"
100000005878334100,peripheral,0.2,17,0.1915,"узел на 4-м колене без исходящих — вероятный артефакт обрыва обхода, не подтверждённый terminal (in_deg=1)"
100000002878483100,peripheral,0.2,29,0.15,"узел на 4-м колене без исходящих — вероятный артефакт обрыва обхода, не подтверждённый terminal (in_deg=1)"
100000000981693100,peripheral,0.2,8,0.1665,"узел на 4-м колене без исходящих — вероятный артефакт обрыва обхода, не подтверждённый terminal (in_deg=1)"
100000006416061100,peripheral,0.2,17,0.1762,"узел на 4-м колене без исходящих — вероятный артефакт обрыва обхода, не подтверждённый terminal (in_deg=1)"
100000008168850100,peripheral,0.2,9,0.2062,"узел на 4-м колене без исходящих — вероятный артефакт обрыва обхода, не подтверждённый terminal (in_deg=1)"
100000004747154100,peripheral,0.2,47,0.1893,"узел на 4-м колене без исходящих — вероятный артефакт обрыва обхода, не подтверждённый terminal (in_deg=1)"
100000008524903100,peripheral,0.2,8,0.1649,"узел на 4-м колене без исходящих — вероятный артефакт обрыва обхода, не подтверждённый terminal (in_deg=1)"
100000005049404100,peripheral,0.2,9,0.1955,"узел на 4-м колене без исходящих — вероятный артефакт обрыва обхода, не подтверждённый terminal (in_deg=1)"
100000002258492100,peripheral,0.2,25,0.1566,"узел на 4-м колене без исходящих — вероятный артефакт обрыва обхода, не подтверждённый terminal (in_deg=1)"
100000005497148100,peripheral,0.2,9,0.1726,"узел на 4-м колене без исходящих — вероятный артефакт обрыва обхода, не подтверждённый terminal (in_deg=1)"
100000004596284100,peripheral,0.2,2,0.1762,"узел на 4-м колене без исходящих — вероятный артефакт обрыва обхода, не подтверждённый terminal (in_deg=1)"
100000007960337100,peripheral,0.2,17,0.179,"узел на 4-м колене без исходящих — вероятный артефакт обрыва обхода, не подтверждённый terminal (in_deg=1)"
100000003180305100,peripheral,0.2,8,0.2018,"узел на 4-м колене без исходящих — вероятный артефакт обрыва обхода, не подтверждённый terminal (in_deg=1)"
100000007653094100,peripheral,0.2,31,0.166,"узел на 4-м колене без исходящих — вероятный артефакт обрыва обхода, не подтверждённый terminal (in_deg=1)"
100000008175078100,peripheral,0.2,69,0.2435,"узел на 4-м колене без исходящих — вероятный артефакт обрыва обхода, не подтверждённый terminal (in_deg=1)"
100000004263867100,peripheral,0.2,29,0.1566,"узел на 4-м колене без исходящих — вероятный артефакт обрыва обхода, не подтверждённый terminal (in_deg=1)"
100000002194320100,peripheral,0.2,66,0.2124,"узел на 4-м колене без исходящих — вероятный артефакт обрыва обхода, не подтверждённый terminal (in_deg=1)"
100000001222245100,peripheral,0.2,9,0.2193,"узел на 4-м колене без исходящих — вероятный артефакт обрыва обхода, не подтверждённый terminal (in_deg=1)"
100000008151098100,peripheral,0.2,45,0.1762,"узел на 4-м колене без исходящих — вероятный артефакт обрыва обхода, не подтверждённый terminal (in_deg=1)"
100000008735802100,peripheral,0.2,8,0.1932,"узел на 4-м колене без исходящих — вероятный артефакт обрыва обхода, не подтверждённый terminal (in_deg=1)"
100000004047887100,peripheral,0.2,64,0.1762,"узел на 4-м колене без исходящих — вероятный артефакт обрыва обхода, не подтверждённый terminal (in_deg=1)"
100000003146511100,peripheral,0.2,31,0.1583,"узел на 4-м колене без исходящих — вероятный артефакт обрыва обхода, не подтверждённый terminal (in_deg=1)"
100000007511780100,peripheral,0.2,16,0.203,"узел на 4-м колене без исходящих — вероятный артефакт обрыва обхода, не подтверждённый terminal (in_deg=1)"
100000007867364100,peripheral,0.2,49,0.1817,"узел на 4-м колене без исходящих — вероятный артефакт обрыва обхода, не подтверждённый terminal (in_deg=1)"
100000006288612100,peripheral,0.2,13,0.1767,"узел на 4-м колене без исходящих — вероятный артефакт обрыва обхода, не подтверждённый terminal (in_deg=1)"
100000006735545100,peripheral,0.2,17,0.147,"узел на 4-м колене без исходящих — вероятный артефакт обрыва обхода, не подтверждённый terminal (in_deg=1)"
100000004403641100,peripheral,0.2,48,0.2047,"узел на 4-м колене без исходящих — вероятный артефакт обрыва обхода, не подтверждённый terminal (in_deg=1)"
100000003370425100,peripheral,0.2,31,0.1696,"узел на 4-м колене без исходящих — вероятный артефакт обрыва обхода, не подтверждённый terminal (in_deg=1)"
100000004350094100,peripheral,0.2,49,0.1696,"узел на 4-м колене без исходящих — вероятный артефакт обрыва обхода, не подтверждённый terminal (in_deg=1)"
100000004911971100,peripheral,0.2,69,0.1787,"узел на 4-м колене без исходящих — вероятный артефакт обрыва обхода, не подтверждённый terminal (in_deg=1)"
100000001202787100,peripheral,0.2,8,0.1648,"узел на 4-м колене без исходящих — вероятный артефакт обрыва обхода, не подтверждённый terminal (in_deg=2)"
100000008469048100,peripheral,0.2,8,0.2118,"узел на 4-м колене без исходящих — вероятный артефакт обрыва обхода, не подтверждённый terminal (in_deg=1)"
100000002635746100,peripheral,0.2,29,0.1479,"узел на 4-м колене без исходящих — вероятный артефакт обрыва обхода, не подтверждённый terminal (in_deg=1)"
100000008321975100,peripheral,0.2,46,0.1497,"узел на 4-м колене без исходящих — вероятный артефакт обрыва обхода, не подтверждённый terminal (in_deg=1)"
100000003078839100,peripheral,0.2,17,0.1638,"узел на 4-м колене без исходящих — вероятный артефакт обрыва обхода, не подтверждённый terminal (in_deg=1)"
100000004006327100,peripheral,0.2,32,0.2138,"узел на 4-м колене без исходящих — вероятный артефакт обрыва обхода, не подтверждённый terminal (in_deg=1)"
100000007865484100,peripheral,0.2,54,0.2247,"узел на 4-м колене без исходящих — вероятный артефакт обрыва обхода, не подтверждённый terminal (in_deg=1)"
100000005367180100,peripheral,0.2,17,0.154,"узел на 4-м колене без исходящих — вероятный артефакт обрыва обхода, не подтверждённый terminal (in_deg=1)"
100000001669260100,peripheral,0.2,17,0.2221,"узел на 4-м колене без исходящих — вероятный артефакт обрыва обхода, не подтверждённый terminal (in_deg=1)"
100000001297206100,peripheral,0.2,8,0.1519,"узел на 4-м колене без исходящих — вероятный артефакт обрыва обхода, не подтверждённый terminal (in_deg=1)"
100000002645046100,peripheral,0.2,29,0.1613,"узел на 4-м колене без исходящих — вероятный артефакт обрыва обхода, не подтверждённый terminal (in_deg=1)"
100000006308406100,peripheral,0.2,46,0.2057,"узел на 4-м колене без исходящих — вероятный артефакт обрыва обхода, не подтверждённый terminal (in_deg=1)"
100000002728246100,peripheral,0.2,9,0.1583,"узел на 4-м колене без исходящих — вероятный артефакт обрыва обхода, не подтверждённый terminal (in_deg=1)"
100000001590795100,peripheral,0.2,29,0.1472,"узел на 4-м колене без исходящих — вероятный артефакт обрыва обхода, не подтверждённый terminal (in_deg=1)"
100000006257675100,peripheral,0.2,46,0.1901,"узел на 4-м колене без исходящих — вероятный артефакт обрыва обхода, не подтверждённый terminal (in_deg=1)"
100000002130400100,peripheral,0.2,56,0.1583,"узел на 4-м колене без исходящих — вероятный артефакт обрыва обхода, не подтверждённый terminal (in_deg=1)"
100000000557536100,peripheral,0.2,69,0.2028,"узел на 4-м колене без исходящих — вероятный артефакт обрыва обхода, не подтверждённый terminal (in_deg=1)"
100000002689717100,peripheral,0.2,29,0.1837,"узел на 4-м колене без исходящих — вероятный артефакт обрыва обхода, не подтверждённый terminal (in_deg=1)"
100000005189258100,peripheral,0.2,9,0.1846,"узел на 4-м колене без исходящих — вероятный артефакт обрыва обхода, не подтверждённый terminal (in_deg=1)"
100000002748511100,peripheral,0.2,2,0.1696,"узел на 4-м колене без исходящих — вероятный артефакт обрыва обхода, не подтверждённый terminal (in_deg=1)"
100000002371892100,peripheral,0.2,4,0.1824,"узел на 4-м колене без исходящих — вероятный артефакт обрыва обхода, не подтверждённый terminal (in_deg=1)"
100000008130868100,peripheral,0.2,48,0.1717,"узел на 4-м колене без исходящих — вероятный артефакт обрыва обхода, не подтверждённый terminal (in_deg=1)"
100000007153161100,peripheral,0.2,8,0.1828,"узел на 4-м колене без исходящих — вероятный артефакт обрыва обхода, не подтверждённый terminal (in_deg=1)"
100000002994441100,peripheral,0.2,17,0.147,"узел на 4-м колене без исходящих — вероятный артефакт обрыва обхода, не подтверждённый terminal (in_deg=1)"
100000001065481100,peripheral,0.2,31,0.166,"узел на 4-м колене без исходящих — вероятный артефакт обрыва обхода, не подтверждённый terminal (in_deg=1)"
100000007731977100,peripheral,0.2,8,0.1846,"узел на 4-м колене без исходящих — вероятный артефакт обрыва обхода, не подтверждённый terminal (in_deg=1)"
100000003252446100,peripheral,0.2,32,0.1972,"узел на 4-м колене без исходящих — вероятный артефакт обрыва обхода, не подтверждённый terminal (in_deg=1)"
100000002671326100,peripheral,0.2,47,0.2343,"узел на 4-м колене без исходящих — вероятный артефакт обрыва обхода, не подтверждённый terminal (in_deg=1)"
100000005087923100,peripheral,0.2,1,0.1696,"узел на 4-м колене без исходящих — вероятный артефакт обрыва обхода, не подтверждённый terminal (in_deg=1)"
100000008770483100,peripheral,0.2,22,0.147,"узел на 4-м колене без исходящих — вероятный артефакт обрыва обхода, не подтверждённый terminal (in_deg=1)"
100000002748040100,peripheral,0.2,29,0.1679,"узел на 4-м колене без исходящих — вероятный артефакт обрыва обхода, не подтверждённый terminal (in_deg=1)"
100000004800648100,peripheral,0.2,13,0.2003,"узел на 4-м колене без исходящих — вероятный артефакт обрыва обхода, не подтверждённый terminal (in_deg=1)"
100000005025629100,peripheral,0.2,9,0.1477,"узел на 4-м колене без исходящих — вероятный артефакт обрыва обхода, не подтверждённый terminal (in_deg=1)"
100000000581682100,peripheral,0.2,57,0.147,"узел на 4-м колене без исходящих — вероятный артефакт обрыва обхода, не подтверждённый terminal (in_deg=1)"
100000004976946100,peripheral,0.2,54,0.2106,"узел на 4-м колене без исходящих — вероятный артефакт обрыва обхода, не подтверждённый terminal (in_deg=1)"
100000000957746100,peripheral,0.2,41,0.1479,"узел на 4-м колене без исходящих — вероятный артефакт обрыва обхода, не подтверждённый terminal (in_deg=1)"
100000003001138100,peripheral,0.2,57,0.1762,"узел на 4-м колене без исходящих — вероятный артефакт обрыва обхода, не подтверждённый terminal (in_deg=1)"
100000001325618100,peripheral,0.2,29,0.1571,"узел на 4-м колене без исходящих — вероятный артефакт обрыва обхода, не подтверждённый terminal (in_deg=1)"
100000003792647100,peripheral,0.2,9,0.1547,"узел на 4-м колене без исходящих — вероятный артефакт обрыва обхода, не подтверждённый terminal (in_deg=1)"
100000004107228100,peripheral,0.2,15,0.147,"узел на 4-м колене без исходящих — вероятный артефакт обрыва обхода, не подтверждённый terminal (in_deg=1)"
100000003500764100,peripheral,0.2,41,0.1704,"узел на 4-м колене без исходящих — вероятный артефакт обрыва обхода, не подтверждённый terminal (in_deg=1)"
100000004261340100,peripheral,0.2,8,0.1841,"узел на 4-м колене без исходящих — вероятный артефакт обрыва обхода, не подтверждённый terminal (in_deg=1)"
100000008172721100,peripheral,0.2,17,0.2044,"узел на 4-м колене без исходящих — вероятный артефакт обрыва обхода, не подтверждённый terminal (in_deg=1)"
100000005079473100,peripheral,0.2,17,0.1806,"узел на 4-м колене без исходящих — вероятный артефакт обрыва обхода, не подтверждённый terminal (in_deg=1)"
100000004850609100,peripheral,0.2,8,0.1583,"узел на 4-м колене без исходящих — вероятный артефакт обрыва обхода, не подтверждённый terminal (in_deg=1)"
100000005042822100,peripheral,0.2,12,0.2335,"узел на 4-м колене без исходящих — вероятный артефакт обрыва обхода, не подтверждённый terminal (in_deg=1)"
100000002794374100,peripheral,0.2,22,0.1976,"узел на 4-м колене без исходящих — вероятный артефакт обрыва обхода, не подтверждённый terminal (in_deg=1)"
100000002860934100,peripheral,0.2,57,0.2127,"узел на 4-м колене без исходящих — вероятный артефакт обрыва обхода, не подтверждённый terminal (in_deg=1)"
100000003097947100,peripheral,0.2,17,0.1855,"узел на 4-м колене без исходящих — вероятный артефакт обрыва обхода, не подтверждённый terminal (in_deg=1)"
100000004260869100,peripheral,0.2,2,0.1583,"узел на 4-м колене без исходящих — вероятный артефакт обрыва обхода, не подтверждённый terminal (in_deg=1)"
100000008762885100,peripheral,0.2,32,0.1525,"узел на 4-м колене без исходящих — вероятный артефакт обрыва обхода, не подтверждённый terminal (in_deg=1)"
100000002986245100,peripheral,0.2,29,0.1493,"узел на 4-м колене без исходящих — вероятный артефакт обрыва обхода, не подтверждённый terminal (in_deg=1)"
100000001471706100,peripheral,0.2,25,0.2175,"узел на 4-м колене без исходящих — вероятный артефакт обрыва обхода, не подтверждённый terminal (in_deg=1)"
100000002304943100,peripheral,0.2,46,0.1649,"узел на 4-м колене без исходящих — вероятный артефакт обрыва обхода, не подтверждённый terminal (in_deg=1)"
100000002695812100,peripheral,0.2,29,0.195,"узел на 4-м колене без исходящих — вероятный артефакт обрыва обхода, не подтверждённый terminal (in_deg=1)"
100000008761220100,peripheral,0.2,32,0.1583,"узел на 4-м колене без исходящих — вероятный артефакт обрыва обхода, не подтверждённый terminal (in_deg=1)"
100000004890713100,peripheral,0.2,29,0.1811,"узел на 4-м колене без исходящих — вероятный артефакт обрыва обхода, не подтверждённый terminal (in_deg=1)"
100000003083865100,peripheral,0.2,29,0.1649,"узел на 4-м колене без исходящих — вероятный артефакт обрыва обхода, не подтверждённый terminal (in_deg=1)"
100000004030553100,peripheral,0.2,17,0.1901,"узел на 4-м колене без исходящих — вероятный артефакт обрыва обхода, не подтверждённый terminal (in_deg=1)"
100000002653187100,peripheral,0.2,13,0.1649,"узел на 4-м колене без исходящих — вероятный артефакт обрыва обхода, не подтверждённый terminal (in_deg=1)"
100000006412162100,peripheral,0.2,29,0.1649,"узел на 4-м колене без исходящих — вероятный артефакт обрыва обхода, не подтверждённый terminal (in_deg=1)"
100000004674178100,peripheral,0.2,51,0.1696,"узел на 4-м колене без исходящих — вероятный артефакт обрыва обхода, не подтверждённый terminal (in_deg=1)"
100000004070530100,peripheral,0.2,64,0.1696,"узел на 4-м колене без исходящих — вероятный артефакт обрыва обхода, не подтверждённый terminal (in_deg=1)"
100000006706519100,peripheral,0.2,8,0.1792,"узел на 4-м колене без исходящих — вероятный артефакт обрыва обхода, не подтверждённый terminal (in_deg=1)"
100000005636951100,peripheral,0.2,1,0.1809,"узел на 4-м колене без исходящих — вероятный артефакт обрыва обхода, не подтверждённый terminal (in_deg=1)"
100000003040087100,peripheral,0.2,29,0.1757,"узел на 4-м колене без исходящих — вероятный артефакт обрыва обхода, не подтверждённый terminal (in_deg=1)"
100000008766764100,peripheral,0.2,32,0.147,"узел на 4-м колене без исходящих — вероятный артефакт обрыва обхода, не подтверждённый terminal (in_deg=1)"
100000000299820100,peripheral,0.2,17,0.1583,"узел на 4-м колене без исходящих — вероятный артефакт обрыва обхода, не подтверждённый terminal (in_deg=1)"
100000008349740100,peripheral,0.2,69,0.1901,"узел на 4-м колене без исходящих — вероятный артефакт обрыва обхода, не подтверждённый terminal (in_deg=1)"
100000008761132100,peripheral,0.2,32,0.1583,"узел на 4-м колене без исходящих — вероятный артефакт обрыва обхода, не подтверждённый terminal (in_deg=1)"
100000002540033100,peripheral,0.2,21,0.1583,"узел на 4-м колене без исходящих — вероятный артефакт обрыва обхода, не подтверждённый terminal (in_deg=1)"
100000001845505100,peripheral,0.2,17,0.1696,"узел на 4-м колене без исходящих — вероятный артефакт обрыва обхода, не подтверждённый terminal (in_deg=1)"
100000003782913100,peripheral,0.2,0,0.2072,"узел на 4-м колене без исходящих — вероятный артефакт обрыва обхода, не подтверждённый terminal (in_deg=1)"
100000008778753100,peripheral,0.2,51,0.1583,"узел на 4-м колене без исходящих — вероятный артефакт обрыва обхода, не подтверждённый terminal (in_deg=1)"
100000008710913100,peripheral,0.2,32,0.1638,"узел на 4-м колене без исходящих — вероятный артефакт обрыва обхода, не подтверждённый terminal (in_deg=1)"
100000005495211100,peripheral,0.2,8,0.1644,"узел на 4-м колене без исходящих — вероятный артефакт обрыва обхода, не подтверждённый terminal (in_deg=1)"
100000004013952100,peripheral,0.2,8,0.1486,"узел на 4-м колене без исходящих — вероятный артефакт обрыва обхода, не подтверждённый terminal (in_deg=1)"
100000007330432100,peripheral,0.2,4,0.2247,"узел на 4-м колене без исходящих — вероятный артефакт обрыва обхода, не подтверждённый terminal (in_deg=1)"
100000000737152100,peripheral,0.2,8,0.1787,"узел на 4-м колене без исходящих — вероятный артефакт обрыва обхода, не подтверждённый terminal (in_deg=1)"
100000004674389100,peripheral,0.2,5,0.1649,"узел на 4-м колене без исходящих — вероятный артефакт обрыва обхода, не подтверждённый terminal (in_deg=1)"
100000002529877100,peripheral,0.2,48,0.2096,"узел на 4-м колене без исходящих — вероятный артефакт обрыва обхода, не подтверждённый terminal (in_deg=1)"
100000004035925100,peripheral,0.2,68,0.2352,"узел на 4-м колене без исходящих — вероятный артефакт обрыва обхода, не подтверждённый terminal (in_deg=1)"
100000002188586100,peripheral,0.2,29,0.1802,"узел на 4-м колене без исходящих — вероятный артефакт обрыва обхода, не подтверждённый terminal (in_deg=1)"
100000008050986100,peripheral,0.2,9,0.195,"узел на 4-м колене без исходящих — вероятный артефакт обрыва обхода, не подтверждённый terminal (in_deg=1)"
100000004777215100,peripheral,0.2,46,0.1875,"узел на 4-м колене без исходящих — вероятный артефакт обрыва обхода, не подтверждённый terminal (in_deg=1)"
100000000926078100,peripheral,0.2,17,0.2108,"узел на 4-м колене без исходящих — вероятный артефакт обрыва обхода, не подтверждённый terminal (in_deg=1)"
100000003486846100,peripheral,0.2,2,0.1745,"узел на 4-м колене без исходящих — вероятный артефакт обрыва обхода, не подтверждённый terminal (in_deg=1)"
100000002516862100,peripheral,0.2,67,0.1926,"узел на 4-м колене без исходящих — вероятный артефакт обрыва обхода, не подтверждённый terminal (in_deg=1)"
100000008730238100,peripheral,0.2,32,0.1979,"узел на 4-м колене без исходящих — вероятный артефакт обрыва обхода, не подтверждённый terminal (in_deg=1)"
100000000803368100,peripheral,0.2,0,0.2013,"узел на 4-м колене без исходящих — вероятный артефакт обрыва обхода, не подтверждённый terminal (in_deg=1)"
100000002528978100,peripheral,0.2,29,0.1659,"узел на 4-м колене без исходящих — вероятный артефакт обрыва обхода, не подтверждённый terminal (in_deg=1)"
100000002597074100,peripheral,0.2,8,0.1547,"узел на 4-м колене без исходящих — вероятный артефакт обрыва обхода, не подтверждённый terminal (in_deg=1)"
100000003631015100,peripheral,0.2,54,0.2118,"узел на 4-м колене без исходящих — вероятный артефакт обрыва обхода, не подтверждённый terminal (in_deg=1)"
100000008255655100,peripheral,0.2,41,0.1483,"узел на 4-м колене без исходящих — вероятный артефакт обрыва обхода, не подтверждённый terminal (in_deg=1)"
100000004265639100,peripheral,0.2,17,0.1583,"узел на 4-м колене без исходящих — вероятный артефакт обрыва обхода, не подтверждённый terminal (in_deg=1)"
100000002726055100,peripheral,0.2,46,0.1583,"узел на 4-м колене без исходящих — вероятный артефакт обрыва обхода, не подтверждённый terminal (in_deg=1)"
100000003696422100,peripheral,0.2,12,0.1986,"узел на 4-м колене без исходящих — вероятный артефакт обрыва обхода, не подтверждённый terminal (in_deg=1)"
100000007745062100,peripheral,0.2,13,0.1959,"узел на 4-м колене без исходящих — вероятный артефакт обрыва обхода, не подтверждённый terminal (in_deg=1)"
100000005041147100,peripheral,0.2,8,0.1583,"узел на 4-м колене без исходящих — вероятный артефакт обрыва обхода, не подтверждённый terminal (in_deg=1)"
100000003819173100,peripheral,0.2,17,0.2018,"узел на 4-м колене без исходящих — вероятный артефакт обрыва обхода, не подтверждённый terminal (in_deg=1)"
100000001275557100,peripheral,0.2,11,0.1696,"узел на 4-м колене без исходящих — вероятный артефакт обрыва обхода, не подтверждённый terminal (in_deg=1)"
100000002706810100,peripheral,0.2,29,0.1828,"узел на 4-м колене без исходящих — вероятный артефакт обрыва обхода, не подтверждённый terminal (in_deg=1)"
100000002896506100,peripheral,0.2,9,0.1828,"узел на 4-м колене без исходящих — вероятный артефакт обрыва обхода, не подтверждённый terminal (in_deg=1)"
100000008766031100,peripheral,0.2,32,0.147,"узел на 4-м колене без исходящих — вероятный артефакт обрыва обхода, не подтверждённый terminal (in_deg=1)"
100000008758607100,peripheral,0.2,32,0.147,"узел на 4-м колене без исходящих — вероятный артефакт обрыва обхода, не подтверждённый terminal (in_deg=1)"
100000008648783100,peripheral,0.2,29,0.1476,"узел на 4-м колене без исходящих — вероятный артефакт обрыва обхода, не подтверждённый terminal (in_deg=1)"
100000004291663100,peripheral,0.2,8,0.1733,"узел на 4-м колене без исходящих — вероятный артефакт обрыва обхода, не подтверждённый terminal (in_deg=1)"
100000003037476100,peripheral,0.2,32,0.2238,"узел на 4-м колене без исходящих — вероятный артефакт обрыва обхода, не подтверждённый terminal (in_deg=3)"
100000008715513100,peripheral,0.2,29,0.1775,"узел на 4-м колене без исходящих — вероятный артефакт обрыва обхода, не подтверждённый terminal (in_deg=1)"
100000001276409100,peripheral,0.2,29,0.195,"узел на 4-м колене без исходящих — вероятный артефакт обрыва обхода, не подтверждённый terminal (in_deg=1)"
100000003232675100,peripheral,0.2,31,0.1825,"узел на 4-м колене без исходящих — вероятный артефакт обрыва обхода, не подтверждённый terminal (in_deg=1)"
100000007988344100,peripheral,0.2,8,0.1696,"узел на 4-м колене без исходящих — вероятный артефакт обрыва обхода, не подтверждённый terminal (in_deg=1)"
100000003047800100,peripheral,0.2,48,0.1616,"узел на 4-м колене без исходящих — вероятный артефакт обрыва обхода, не подтверждённый terminal (in_deg=1)"
100000003230328100,peripheral,0.2,8,0.1743,"узел на 4-м колене без исходящих — вероятный артефакт обрыва обхода, не подтверждённый terminal (in_deg=3)"
100000002702968100,peripheral,0.2,29,0.1771,"узел на 4-м колене без исходящих — вероятный артефакт обрыва обхода, не подтверждённый terminal (in_deg=1)"
100000004788983100,peripheral,0.2,8,0.1745,"узел на 4-м колене без исходящих — вероятный артефакт обрыва обхода, не подтверждённый terminal (in_deg=1)"
100000006490615100,peripheral,0.2,31,0.1816,"узел на 4-м колене без исходящих — вероятный артефакт обрыва обхода, не подтверждённый terminal (in_deg=1)"
100000008745676100,peripheral,0.2,38,0.1785,"узел на 4-м колене без исходящих — вероятный артефакт обрыва обхода, не подтверждённый terminal (in_deg=1)"
100000001598625100,peripheral,0.2,17,0.1733,"узел на 4-м колене без исходящих — вероятный артефакт обрыва обхода, не подтверждённый terminal (in_deg=1)"
100000008461217100,peripheral,0.2,40,0.1679,"узел на 4-м колене без исходящих — вероятный артефакт обрыва обхода, не подтверждённый terminal (in_deg=1)"
100000005711521100,peripheral,0.2,31,0.21,"узел на 4-м колене без исходящих — вероятный артефакт обрыва обхода, не подтверждённый terminal (in_deg=1)"
100000002713974100,peripheral,0.2,17,0.1846,"узел на 4-м колене без исходящих — вероятный артефакт обрыва обхода, не подтверждённый terminal (in_deg=1)"
100000005272139100,peripheral,0.2,2,0.2041,"узел на 4-м колене без исходящих — вероятный артефакт обрыва обхода, не подтверждённый terminal (in_deg=1)"
100000002968096100,peripheral,0.2,17,0.1901,"узел на 4-м колене без исходящих — вероятный артефакт обрыва обхода, не подтверждённый terminal (in_deg=1)"
100000004449824100,peripheral,0.2,29,0.1566,"узел на 4-м колене без исходящих — вероятный артефакт обрыва обхода, не подтверждённый terminal (in_deg=1)"
100000004502048100,peripheral,0.2,49,0.1637,"узел на 4-м колене без исходящих — вероятный артефакт обрыва обхода, не подтверждённый terminal (in_deg=1)"
100000002660298100,peripheral,0.2,29,0.1767,"узел на 4-м колене без исходящих — вероятный артефакт обрыва обхода, не подтверждённый terminal (in_deg=1)"
100000001299828100,peripheral,0.2,8,0.1959,"узел на 4-м колене без исходящих — вероятный артефакт обрыва обхода, не подтверждённый terminal (in_deg=1)"
100000000581662100,peripheral,0.2,48,0.1705,"узел на 4-м колене без исходящих — вероятный артефакт обрыва обхода, не подтверждённый terminal (in_deg=1)"
100000001249054100,peripheral,0.2,29,0.1673,"узел на 4-м колене без исходящих — вероятный артефакт обрыва обхода, не подтверждённый terminal (in_deg=1)"
100000008759795100,peripheral,0.2,29,0.167,"узел на 4-м колене без исходящих — вероятный артефакт обрыва обхода, не подтверждённый terminal (in_deg=1)"
100000001299443100,peripheral,0.2,29,0.1547,"узел на 4-м колене без исходящих — вероятный артефакт обрыва обхода, не подтверждённый terminal (in_deg=1)"
100000007997939100,peripheral,0.2,32,0.1626,"узел на 4-м колене без исходящих — вероятный артефакт обрыва обхода, не подтверждённый terminal (in_deg=1)"
100000003470579100,peripheral,0.2,45,0.2166,"узел на 4-м колене без исходящих — вероятный артефакт обрыва обхода, не подтверждённый terminal (in_deg=1)"
100000008649416100,peripheral,0.2,41,0.147,"узел на 4-м колене без исходящих — вероятный артефакт обрыва обхода, не подтверждённый terminal (in_deg=1)"
100000008183752100,peripheral,0.2,21,0.2014,"узел на 4-м колене без исходящих — вероятный артефакт обрыва обхода, не подтверждённый terminal (in_deg=1)"
100000003950749100,peripheral,0.2,2,0.1525,"узел на 4-м колене без исходящих — вероятный артефакт обрыва обхода, не подтверждённый terminal (in_deg=1)"
100000005979037100,peripheral,0.2,17,0.1876,"узел на 4-м колене без исходящих — вероятный артефакт обрыва обхода, не подтверждённый terminal (in_deg=1)"
100000008734279100,peripheral,0.2,17,0.1771,"узел на 4-м колене без исходящих — вероятный артефакт обрыва обхода, не подтверждённый terminal (in_deg=1)"
100000005589319100,peripheral,0.2,15,0.1739,"узел на 4-м колене без исходящих — вероятный артефакт обрыва обхода, не подтверждённый terminal (in_deg=1)"
100000003626268100,peripheral,0.2,17,0.147,"узел на 4-м колене без исходящих — вероятный артефакт обрыва обхода, не подтверждённый terminal (in_deg=1)"
100000001220124100,peripheral,0.2,17,0.1809,"узел на 4-м колене без исходящих — вероятный артефакт обрыва обхода, не подтверждённый terminal (in_deg=1)"
100000003904497100,peripheral,0.2,32,0.1583,"узел на 4-м колене без исходящих — вероятный артефакт обрыва обхода, не подтверждённый terminal (in_deg=1)"
100000001270470100,peripheral,0.2,8,0.1753,"узел на 4-м колене без исходящих — вероятный артефакт обрыва обхода, не подтверждённый terminal (in_deg=1)"
100000003091142100,peripheral,0.2,8,0.1809,"узел на 4-м колене без исходящих — вероятный артефакт обрыва обхода, не подтверждённый terminal (in_deg=1)"
100000001053894100,peripheral,0.2,64,0.2448,"узел на 4-м колене без исходящих — вероятный артефакт обрыва обхода, не подтверждённый terminal (in_deg=1)"
100000004722630100,peripheral,0.2,61,0.2158,"узел на 4-м колене без исходящих — вероятный артефакт обрыва обхода, не подтверждённый terminal (in_deg=1)"
100000004655046100,peripheral,0.2,29,0.1726,"узел на 4-м колене без исходящих — вероятный артефакт обрыва обхода, не подтверждённый terminal (in_deg=1)"
100000004019056100,peripheral,0.2,31,0.1846,"узел на 4-м колене без исходящих — вероятный артефакт обрыва обхода, не подтверждённый terminal (in_deg=1)"
100000008071749100,peripheral,0.2,29,0.1732,"узел на 4-м колене без исходящих — вероятный артефакт обрыва обхода, не подтверждённый terminal (in_deg=1)"
100000008221765100,peripheral,0.2,9,0.2032,"узел на 4-м колене без исходящих — вероятный артефакт обрыва обхода, не подтверждённый terminal (in_deg=1)"
100000008778010100,peripheral,0.2,38,0.1916,"узел на 4-м колене без исходящих — вероятный артефакт обрыва обхода, не подтверждённый terminal (in_deg=1)"
100000004584730100,peripheral,0.2,58,0.1836,"узел на 4-м колене без исходящих — вероятный артефакт обрыва обхода, не подтверждённый terminal (in_deg=1)"
100000004797167100,peripheral,0.2,17,0.1768,"узел на 4-м колене без исходящих — вероятный артефакт обрыва обхода, не подтверждённый terminal (in_deg=1)"
100000005010159100,peripheral,0.2,17,0.1527,"узел на 4-м колене без исходящих — вероятный артефакт обрыва обхода, не подтверждённый terminal (in_deg=1)"
100000003025903100,peripheral,0.2,9,0.2179,"узел на 4-м колене без исходящих — вероятный артефакт обрыва обхода, не подтверждённый terminal (in_deg=1)"
100000003005167100,peripheral,0.2,29,0.1525,"узел на 4-м колене без исходящих — вероятный артефакт обрыва обхода, не подтверждённый terminal (in_deg=1)"
100000002214383100,peripheral,0.2,38,0.2082,"узел на 4-м колене без исходящих — вероятный артефакт обрыва обхода, не подтверждённый terminal (in_deg=1)"
100000004800452100,peripheral,0.2,9,0.1514,"узел на 4-м колене без исходящих — вероятный артефакт обрыва обхода, не подтверждённый terminal (in_deg=1)"
100000006903193100,peripheral,0.2,8,0.1566,"узел на 4-м колене без исходящих — вероятный артефакт обрыва обхода, не подтверждённый terminal (in_deg=1)"
100000007811950100,peripheral,0.2,51,0.1846,"узел на 4-м колене без исходящих — вероятный артефакт обрыва обхода, не подтверждённый terminal (in_deg=1)"
100000000375150100,peripheral,0.2,31,0.2138,"узел на 4-м колене без исходящих — вероятный артефакт обрыва обхода, не подтверждённый terminal (in_deg=1)"
100000008775747100,peripheral,0.2,32,0.147,"узел на 4-м колене без исходящих — вероятный артефакт обрыва обхода, не подтверждённый terminal (in_deg=1)"
100000006689603100,peripheral,0.2,17,0.2185,"узел на 4-м колене без исходящих — вероятный артефакт обрыва обхода, не подтверждённый terminal (in_deg=1)"
100000005075949100,peripheral,0.2,16,0.2465,"узел на 4-м колене без исходящих — вероятный артефакт обрыва обхода, не подтверждённый terminal (in_deg=1)"
100000003985389100,peripheral,0.2,17,0.2194,"узел на 4-м колене без исходящих — вероятный артефакт обрыва обхода, не подтверждённый terminal (in_deg=1)"
100000002478829100,peripheral,0.2,46,0.1783,"узел на 4-м колене без исходящих — вероятный артефакт обрыва обхода, не подтверждённый terminal (in_deg=1)"
100000003125997100,peripheral,0.2,32,0.1937,"узел на 4-м колене без исходящих — вероятный артефакт обрыва обхода, не подтверждённый terminal (in_deg=1)"
100000003214786100,peripheral,0.2,8,0.147,"узел на 4-м колене без исходящих — вероятный артефакт обрыва обхода, не подтверждённый terminal (in_deg=1)"
100000008308418100,peripheral,0.2,8,0.1846,"узел на 4-м колене без исходящих — вероятный артефакт обрыва обхода, не подтверждённый terminal (in_deg=1)"
100000008619159100,peripheral,0.2,68,0.2203,"узел на 4-м колене без исходящих — вероятный артефакт обрыва обхода, не подтверждённый terminal (in_deg=1)"
100000004418967100,peripheral,0.2,32,0.1959,"узел на 4-м колене без исходящих — вероятный артефакт обрыва обхода, не подтверждённый terminal (in_deg=1)"
100000003173783100,peripheral,0.2,60,0.1722,"узел на 4-м колене без исходящих — вероятный артефакт обрыва обхода, не подтверждённый terminal (in_deg=1)"
100000002242455100,peripheral,0.2,9,0.1974,"узел на 4-м колене без исходящих — вероятный артефакт обрыва обхода, не подтверждённый terminal (in_deg=1)"
100000004848236100,peripheral,0.2,8,0.1536,"узел на 4-м колене без исходящих — вероятный артефакт обрыва обхода, не подтверждённый terminal (in_deg=1)"
100000004674412100,peripheral,0.2,5,0.1832,"узел на 4-м колене без исходящих — вероятный артефакт обрыва обхода, не подтверждённый terminal (in_deg=1)"
100000007071852100,peripheral,0.2,17,0.2068,"узел на 4-м колене без исходящих — вероятный артефакт обрыва обхода, не подтверждённый terminal (in_deg=1)"
100000001498732100,peripheral,0.2,47,0.1486,"узел на 4-м колене без исходящих — вероятный артефакт обрыва обхода, не подтверждённый terminal (in_deg=1)"
100000000627521100,peripheral,0.2,64,0.1513,"узел на 4-м колене без исходящих — вероятный артефакт обрыва обхода, не подтверждённый terminal (in_deg=1)"
100000003105089100,peripheral,0.2,46,0.1583,"узел на 4-м колене без исходящих — вероятный артефакт обрыва обхода, не подтверждённый terminal (in_deg=1)"
100000003166017100,peripheral,0.2,29,0.1649,"узел на 4-м колене без исходящих — вероятный артефакт обрыва обхода, не подтверждённый terminal (in_deg=1)"
100000002506987100,peripheral,0.2,29,0.1752,"узел на 4-м колене без исходящих — вероятный артефакт обрыва обхода, не подтверждённый terminal (in_deg=1)"
100000005767403100,peripheral,0.2,10,0.235,"узел на 4-м колене без исходящих — вероятный артефакт обрыва обхода, не подтверждённый terminal (in_deg=1)"
100000005553088100,peripheral,0.2,17,0.1674,"узел на 4-м колене без исходящих — вероятный артефакт обрыва обхода, не подтверждённый terminal (in_deg=1)"
100000003632533100,peripheral,0.2,9,0.1583,"узел на 4-м колене без исходящих — вероятный артефакт обрыва обхода, не подтверждённый terminal (in_deg=1)"
100000008762005100,peripheral,0.2,32,0.147,"узел на 4-м колене без исходящих — вероятный артефакт обрыва обхода, не подтверждённый terminal (in_deg=1)"
100000002214207100,peripheral,0.2,56,0.1954,"узел на 4-м колене без исходящих — вероятный артефакт обрыва обхода, не подтверждённый terminal (in_deg=1)"
100000003180820100,peripheral,0.2,32,0.196,"узел на 4-м колене без исходящих — вероятный артефакт обрыва обхода, не подтверждённый terminal (in_deg=1)"
100000003786516100,peripheral,0.2,8,0.147,"узел на 4-м колене без исходящих — вероятный артефакт обрыва обхода, не подтверждённый terminal (in_deg=1)"
100000005226217100,peripheral,0.2,32,0.1674,"узел на 4-м колене без исходящих — вероятный артефакт обрыва обхода, не подтверждённый terminal (in_deg=1)"
100000001533161100,peripheral,0.2,58,0.1959,"узел на 4-м колене без исходящих — вероятный артефакт обрыва обхода, не подтверждённый terminal (in_deg=1)"
100000007034089100,peripheral,0.2,32,0.207,"узел на 4-м колене без исходящих — вероятный артефакт обрыва обхода, не подтверждённый terminal (in_deg=2)"
100000008336318100,peripheral,0.2,32,0.2045,"узел на 4-м колене без исходящих — вероятный артефакт обрыва обхода, не подтверждённый terminal (in_deg=1)"
100000005370558100,peripheral,0.2,8,0.147,"узел на 4-м колене без исходящих — вероятный артефакт обрыва обхода, не подтверждённый terminal (in_deg=1)"
100000002729875100,peripheral,0.2,29,0.1914,"узел на 4-м колене без исходящих — вероятный артефакт обрыва обхода, не подтверждённый terminal (in_deg=1)"
100000006512787100,peripheral,0.2,8,0.1696,"узел на 4-м колене без исходящих — вероятный артефакт обрыва обхода, не подтверждённый terminal (in_deg=1)"
100000003186579100,peripheral,0.2,17,0.1974,"узел на 4-м колене без исходящих — вероятный артефакт обрыва обхода, не подтверждённый terminal (in_deg=1)"
100000004472936100,peripheral,0.2,31,0.147,"узел на 4-м колене без исходящих — вероятный артефакт обрыва обхода, не подтверждённый terminal (in_deg=1)"
100000002231144100,peripheral,0.2,46,0.1649,"узел на 4-м колене без исходящих — вероятный артефакт обрыва обхода, не подтверждённый terminal (in_deg=1)"
100000002505277100,peripheral,0.2,8,0.1875,"узел на 4-м колене без исходящих — вероятный артефакт обрыва обхода, не подтверждённый terminal (in_deg=1)"
100000003177533100,peripheral,0.2,17,0.1696,"узел на 4-м колене без исходящих — вероятный артефакт обрыва обхода, не подтверждённый terminal (in_deg=1)"
100000005888829100,peripheral,0.2,32,0.2069,"узел на 4-м колене без исходящих — вероятный артефакт обрыва обхода, не подтверждённый terminal (in_deg=1)"
100000002242066100,peripheral,0.2,34,0.1875,"узел на 4-м колене без исходящих — вероятный артефакт обрыва обхода, не подтверждённый terminal (in_deg=1)"
100000008027922100,peripheral,0.2,11,0.1901,"узел на 4-м колене без исходящих — вероятный артефакт обрыва обхода, не подтверждённый terminal (in_deg=1)"
100000002686226100,peripheral,0.2,41,0.2197,"узел на 4-м колене без исходящих — вероятный артефакт обрыва обхода, не подтверждённый terminal (in_deg=1)"
100000001065234100,peripheral,0.2,66,0.2168,"узел на 4-м колене без исходящих — вероятный артефакт обрыва обхода, не подтверждённый terminal (in_deg=1)"
100000000424935100,peripheral,0.2,57,0.1649,"узел на 4-м колене без исходящих — вероятный артефакт обрыва обхода, не подтверждённый terminal (in_deg=1)"
100000005723580100,peripheral,0.2,32,0.1787,"узел на 4-м колене без исходящих — вероятный артефакт обрыва обхода, не подтверждённый terminal (in_deg=1)"
100000000704700100,peripheral,0.2,44,0.1583,"узел на 4-м колене без исходящих — вероятный артефакт обрыва обхода, не подтверждённый terminal (in_deg=1)"
100000005293969100,peripheral,0.2,8,0.1485,"узел на 4-м колене без исходящих — вероятный артефакт обрыва обхода, не подтверждённый terminal (in_deg=1)"
100000002512742100,peripheral,0.2,29,0.15,"узел на 4-м колене без исходящих — вероятный артефакт обрыва обхода, не подтверждённый terminal (in_deg=1)"
100000001816678100,peripheral,0.2,15,0.1875,"узел на 4-м колене без исходящих — вероятный артефакт обрыва обхода, не подтверждённый terminal (in_deg=1)"
100000004586598100,peripheral,0.2,50,0.229,"узел на 4-м колене без исходящих — вероятный артефакт обрыва обхода, не подтверждённый terminal (in_deg=1)"
100000005782886100,peripheral,0.2,32,0.1638,"узел на 4-м колене без исходящих — вероятный артефакт обрыва обхода, не подтверждённый terminal (in_deg=1)"
100000002622822100,peripheral,0.2,21,0.2288,"узел на 4-м колене без исходящих — вероятный артефакт обрыва обхода, не подтверждённый terminal (in_deg=1)"
100000003718715100,peripheral,0.2,31,0.232,"узел на 4-м колене без исходящих — вероятный артефакт обрыва обхода, не подтверждённый terminal (in_deg=1)"
100000006491963100,peripheral,0.2,29,0.166,"узел на 4-м колене без исходящих — вероятный артефакт обрыва обхода, не подтверждённый terminal (in_deg=1)"
100000004526651100,peripheral,0.2,32,0.1778,"узел на 4-м колене без исходящих — вероятный артефакт обрыва обхода, не подтверждённый terminal (in_deg=1)"
100000008331280100,peripheral,0.2,45,0.1813,"узел на 4-м колене без исходящих — вероятный артефакт обрыва обхода, не подтверждённый terminal (in_deg=1)"
100000004177936100,peripheral,0.2,17,0.1583,"узел на 4-м колене без исходящих — вероятный артефакт обрыва обхода, не подтверждённый terminal (in_deg=1)"
100000002922000100,peripheral,0.2,58,0.2204,"узел на 4-м колене без исходящих — вероятный артефакт обрыва обхода, не подтверждённый terminal (in_deg=1)"
100000002404112100,peripheral,0.2,45,0.1875,"узел на 4-м колене без исходящих — вероятный артефакт обрыва обхода, не подтверждённый terminal (in_deg=1)"
100000000634341100,peripheral,0.2,8,0.1726,"узел на 4-м колене без исходящих — вероятный артефакт обрыва обхода, не подтверждённый terminal (in_deg=1)"
100000001822650100,peripheral,0.2,32,0.1977,"узел на 4-м колене без исходящих — вероятный артефакт обрыва обхода, не подтверждённый terminal (in_deg=1)"
100000004791226100,peripheral,0.2,8,0.1696,"узел на 4-м колене без исходящих — вероятный артефакт обрыва обхода, не подтверждённый terminal (in_deg=1)"
100000007841978100,peripheral,0.2,9,0.2204,"узел на 4-м колене без исходящих — вероятный артефакт обрыва обхода, не подтверждённый terminal (in_deg=1)"
100000006866831100,peripheral,0.2,17,0.1665,"узел на 4-м колене без исходящих — вероятный артефакт обрыва обхода, не подтверждённый terminal (in_deg=1)"
100000002999140100,peripheral,0.2,13,0.1583,"узел на 4-м колене без исходящих — вероятный артефакт обрыва обхода, не подтверждённый terminal (in_deg=1)"
100000002884708100,peripheral,0.2,32,0.236,"узел на 4-м колене без исходящих — вероятный артефакт обрыва обхода, не подтверждённый terminal (in_deg=1)"
100000001130553100,peripheral,0.2,9,0.1679,"узел на 4-м колене без исходящих — вероятный артефакт обрыва обхода, не подтверждённый terminal (in_deg=1)"
100000006351075100,peripheral,0.2,54,0.1809,"узел на 4-м колене без исходящих — вероятный артефакт обрыва обхода, не подтверждённый terminal (in_deg=1)"
100000005616568100,peripheral,0.2,9,0.2231,"узел на 4-м колене без исходящих — вероятный артефакт обрыва обхода, не подтверждённый terminal (in_deg=1)"
100000006381453100,peripheral,0.2,32,0.1828,"узел на 4-м колене без исходящих — вероятный артефакт обрыва обхода, не подтверждённый terminal (in_deg=1)"
100000004616845100,peripheral,0.2,53,0.1698,"узел на 4-м колене без исходящих — вероятный артефакт обрыва обхода, не подтверждённый terminal (in_deg=1)"
100000004908173100,peripheral,0.2,32,0.1704,"узел на 4-м колене без исходящих — вероятный артефакт обрыва обхода, не подтверждённый terminal (in_deg=1)"
100000004433250100,peripheral,0.2,8,0.1547,"узел на 4-м колене без исходящих — вероятный артефакт обрыва обхода, не подтверждённый terminal (in_deg=1)"
100000003664994100,peripheral,0.2,65,0.2158,"узел на 4-м колене без исходящих — вероятный артефакт обрыва обхода, не подтверждённый terminal (in_deg=1)"
100000004673335100,peripheral,0.2,60,0.1922,"узел на 4-м колене без исходящих — вероятный артефакт обрыва обхода, не подтверждённый terminal (in_deg=1)"
100000002487222100,peripheral,0.2,9,0.1942,"узел на 4-м колене без исходящих — вероятный артефакт обрыва обхода, не подтверждённый terminal (in_deg=1)"
100000000018102100,peripheral,0.2,17,0.1525,"узел на 4-м колене без исходящих — вероятный артефакт обрыва обхода, не подтверждённый terminal (in_deg=1)"
100000008638859100,peripheral,0.2,49,0.1783,"узел на 4-м колене без исходящих — вероятный артефакт обрыва обхода, не подтверждённый terminal (in_deg=1)"
100000001131403100,peripheral,0.2,53,0.2408,"узел на 4-м колене без исходящих — вероятный артефакт обрыва обхода, не подтверждённый terminal (in_deg=1)"
100000001733216100,peripheral,0.2,8,0.1875,"узел на 4-м колене без исходящих — вероятный артефакт обрыва обхода, не подтверждённый terminal (in_deg=1)"
100000004400480100,peripheral,0.2,48,0.1709,"узел на 4-м колене без исходящих — вероятный артефакт обрыва обхода, не подтверждённый terminal (in_deg=1)"
100000007539296100,peripheral,0.2,9,0.1832,"узел на 4-м колене без исходящих — вероятный артефакт обрыва обхода, не подтверждённый terminal (in_deg=1)"
100000008757301100,peripheral,0.2,8,0.1871,"узел на 4-м колене без исходящих — вероятный артефакт обрыва обхода, не подтверждённый terminal (in_deg=1)"
100000002752565100,peripheral,0.2,17,0.1867,"узел на 4-м колене без исходящих — вероятный артефакт обрыва обхода, не подтверждённый terminal (in_deg=1)"
100000002734815100,peripheral,0.2,32,0.1974,"узел на 4-м колене без исходящих — вероятный артефакт обрыва обхода, не подтверждённый terminal (in_deg=1)"
100000008333492100,peripheral,0.2,22,0.2085,"узел на 4-м колене без исходящих — вероятный артефакт обрыва обхода, не подтверждённый terminal (in_deg=1)"
100000006527156100,peripheral,0.2,16,0.1841,"узел на 4-м колене без исходящих — вероятный артефакт обрыва обхода, не подтверждённый terminal (in_deg=1)"
100000003448713100,peripheral,0.2,17,0.2119,"узел на 4-м колене без исходящих — вероятный артефакт обрыва обхода, не подтверждённый terminal (in_deg=1)"
100000004780083100,peripheral,0.2,67,0.1583,"узел на 4-м колене без исходящих — вероятный артефакт обрыва обхода, не подтверждённый terminal (in_deg=1)"
100000004798515100,peripheral,0.2,13,0.2072,"узел на 4-м колене без исходящих — вероятный артефакт обрыва обхода, не подтверждённый terminal (in_deg=1)"
100000004232712100,peripheral,0.2,9,0.1619,"узел на 4-м колене без исходящих — вероятный артефакт обрыва обхода, не подтверждённый terminal (in_deg=1)"
100000005209352100,peripheral,0.2,8,0.147,"узел на 4-м колене без исходящих — вероятный артефакт обрыва обхода, не подтверждённый terminal (in_deg=1)"
100000000561160100,peripheral,0.2,15,0.2102,"узел на 4-м колене без исходящих — вероятный артефакт обрыва обхода, не подтверждённый terminal (in_deg=1)"
100000003568904100,peripheral,0.2,31,0.1842,"узел на 4-м колене без исходящих — вероятный артефакт обрыва обхода, не подтверждённый terminal (in_deg=1)"
100000000470237100,peripheral,0.2,57,0.1775,"узел на 4-м колене без исходящих — вероятный артефакт обрыва обхода, не подтверждённый terminal (in_deg=1)"
100000008560263100,peripheral,0.2,9,0.1959,"узел на 4-м колене без исходящих — вероятный артефакт обрыва обхода, не подтверждённый terminal (in_deg=1)"
100000000542087100,peripheral,0.2,69,0.1557,"узел на 4-м колене без исходящих — вероятный артефакт обрыва обхода, не подтверждённый terminal (in_deg=1)"
100000004403548100,peripheral,0.2,17,0.147,"узел на 4-м колене без исходящих — вероятный артефакт обрыва обхода, не подтверждённый terminal (in_deg=1)"
100000003010908100,peripheral,0.2,29,0.167,"узел на 4-м колене без исходящих — вероятный артефакт обрыва обхода, не подтверждённый terminal (in_deg=1)"
100000006756956100,peripheral,0.2,8,0.199,"узел на 4-м колене без исходящих — вероятный артефакт обрыва обхода, не подтверждённый terminal (in_deg=1)"
100000007357489100,peripheral,0.2,32,0.204,"узел на 4-м колене без исходящих — вероятный артефакт обрыва обхода, не подтверждённый terminal (in_deg=2)"
100000002599729100,peripheral,0.2,8,0.1888,"узел на 4-м колене без исходящих — вероятный артефакт обрыва обхода, не подтверждённый terminal (in_deg=1)"
100000005849862100,peripheral,0.2,24,0.1626,"узел на 4-м колене без исходящих — вероятный артефакт обрыва обхода, не подтверждённый terminal (in_deg=1)"
100000008762843100,peripheral,0.2,32,0.1525,"узел на 4-м колене без исходящих — вероятный артефакт обрыва обхода, не подтверждённый terminal (in_deg=1)"
100000002723674100,peripheral,0.2,46,0.1762,"узел на 4-м колене без исходящих — вероятный артефакт обрыва обхода, не подтверждённый terminal (in_deg=1)"
100000008758106100,peripheral,0.2,32,0.1583,"узел на 4-м колене без исходящих — вероятный артефакт обрыва обхода, не подтверждённый terminal (in_deg=1)"
100000001286703100,peripheral,0.2,64,0.17,"узел на 4-м колене без исходящих — вероятный артефакт обрыва обхода, не подтверждённый terminal (in_deg=1)"
