gid,depth,is_seed,in_deg,out_deg,in_kzt,out_kzt,in_tx,out_tx,pagerank,hub_score,authority_score,betweenness,is_articulation,component_id,pass_through,is_frontier_cutoff,n_seed_neighbors,role,role_score,evidence,cluster_id,role_weight,priority_score,why
100000000343175100,0,True,8,31,178712.0,4000039.0,14,33,0.0007166946382018721,0.006589397755091345,0.000289330672528298,0.0009621593645475513,True,0,22.382598818210305,False,1,distributor,1.0,рассылает 4 000 039 KZT на 31 разных получателей,5,0.75,0.5412,рассылает 4 000 039 KZT на 31 разных получателей Кластер 5 (1 seed)  объём входящих 178 712 KZT.
100000000456947100,0,True,0,0,0.0,0.0,0,0,0.0,0.0,0.0,0.0,False,16,,False,0,terminal,0.8,получил 0 KZT от 0 плательщиков  исходящих переводов нет (глубина 0<4),70,0.25,0.08,получил 0 KZT от 0 плательщиков  исходящих переводов нет (глубина 0<4) Кластер 70 (1 seed)  объём входящих 0 KZT.
100000000580561100,0,True,2,3,27980.0,1488077.0,3,13,0.0008384348345170698,2.5165638266858e-19,9.387962293488574e-19,1.2092493060924398e-06,True,12,53.183595425303785,False,0,peripheral,0.15,"низкая активность: 2 вх./3 исх. плательщиков/получателей, без выраженного паттерна",33,0.1,0.1731,"низкая активность: 2 вх./3 исх. плательщиков/получателей, без выраженного паттерна Кластер 33 (1 seed)  объём входящих 27 980 KZT."
100000001415126100,0,True,1,0,27000.0,0.0,1,0,0.00041140900981635563,-0.0,2.8874364319325576e-07,0.0,False,0,0.0,False,0,terminal,0.8,получил 27 000 KZT от 1 плательщиков  исходящих переводов нет (глубина 0<4),25,0.25,0.2465,получил 27 000 KZT от 1 плательщиков  исходящих переводов нет (глубина 0<4) Кластер 25 (14 seed)  объём входящих 27 000 KZT.
100000001429930100,0,True,1,0,26000.0,0.0,1,0,0.00035234645645923095,-0.0,4.259946144306409e-08,0.0,False,0,0.0,False,0,terminal,0.8,получил 26 000 KZT от 1 плательщиков  исходящих переводов нет (глубина 0<4),31,0.25,0.2459,получил 26 000 KZT от 1 плательщиков  исходящих переводов нет (глубина 0<4) Кластер 31 (3 seed)  объём входящих 26 000 KZT.
100000001616816100,0,True,5,3,176195.0,181326.0,12,10,0.0024461862547303505,2.1870372321527164e-05,4.749001496165258e-07,0.00010339081567090361,True,0,1.0291211441868384,False,0,consolidator,0.5,получает от 5 разных плательщиков (176 195 KZT)  отдаёт дальше 103% полученного,1,0.9,0.3786,получает от 5 разных плательщиков (176 195 KZT)  отдаёт дальше 103% полученного Кластер 1 (3 seed)  объём входящих 176 195 KZT.
100000001732159100,0,True,2,4,2378100.0,1505966.0,30,23,0.0010993974323755236,5.3401858075808906e-05,7.69949262491341e-07,4.010676865206592e-05,False,0,0.633264370716118,False,2,coordinator,0.705,"связан с 2 seed-клиентами напрямую, betweenness=0.000",6,1.0,0.5822,"связан с 2 seed-клиентами напрямую, betweenness=0.000 Кластер 6 (3 seed)  объём входящих 2 378 100 KZT."
100000002527114100,0,True,3,111,129000.0,3289249.0,4,113,0.000814617972518457,4.786761256321906e-16,1.0793409481047371e-19,0.0001975107199950985,True,1,25.49805426356589,False,0,distributor,1.0,рассылает 3 289 249 KZT на 111 разных получателей,38,0.75,0.4949,рассылает 3 289 249 KZT на 111 разных получателей Кластер 38 (1 seed)  объём входящих 129 000 KZT.
100000002916006100,0,True,0,1,0.0,32000.0,0,1,0.00028684885067513784,3.512635343069075e-19,-0.0,0.0,False,0,,False,1,peripheral,0.15,"низкая активность: 0 вх./1 исх. плательщиков/получателей, без выраженного паттерна",25,0.1,0.036,"низкая активность: 0 вх./1 исх. плательщиков/получателей, без выраженного паттерна Кластер 25 (14 seed)  объём входящих 0 KZT."
100000003016635100,0,True,8,73,586981.0,9414081.0,36,151,0.0011952566810188175,0.015842594967054723,1.2490791051076769e-05,0.00952344291013101,True,0,16.038135817002594,False,0,coordinator,1.0,"связан с 0 seed-клиентами напрямую, betweenness=0.010, точка сочленения сети",2,1.0,0.7535,"связан с 0 seed-клиентами напрямую, betweenness=0.010, точка сочленения сети Кластер 2 (7 seed)  объём входящих 586 981 KZT."
100000003200071100,0,True,0,1,0.0,30000.0,0,1,0.00028684885067513784,-1.4280876345491614e-19,-0.0,0.0,False,2,,False,0,peripheral,0.15,"низкая активность: 0 вх./1 исх. плательщиков/получателей, без выраженного паттерна",7,0.1,0.006,"низкая активность: 0 вх./1 исх. плательщиков/получателей, без выраженного паттерна Кластер 7 (1 seed)  объём входящих 0 KZT."
100000003265658100,0,True,0,0,0.0,0.0,0,0,0.0,0.0,0.0,0.0,False,17,,False,0,terminal,0.8,получил 0 KZT от 0 плательщиков  исходящих переводов нет (глубина 0<4),71,0.25,0.08,получил 0 KZT от 0 плательщиков  исходящих переводов нет (глубина 0<4) Кластер 71 (1 seed)  объём входящих 0 KZT.
100000003349739100,0,True,0,0,0.0,0.0,0,0,0.0,0.0,0.0,0.0,False,18,,False,0,terminal,0.8,получил 0 KZT от 0 плательщиков  исходящих переводов нет (глубина 0<4),72,0.25,0.08,получил 0 KZT от 0 плательщиков  исходящих переводов нет (глубина 0<4) Кластер 72 (1 seed)  объём входящих 0 KZT.
100000003684369100,0,True,24,62,3848436.0,8588655.0,58,67,0.002028869963852265,0.024746163659923506,0.0013537174513606302,0.00232941724663607,True,0,2.2317260830113845,False,1,coordinator,0.861,"связан с 1 seed-клиентами напрямую, betweenness=0.002, точка сочленения сети",15,1.0,0.6553,"связан с 1 seed-клиентами напрямую, betweenness=0.002, точка сочленения сети Кластер 15 (5 seed)  объём входящих 3 848 436 KZT."
100000003770083100,0,True,0,0,0.0,0.0,0,0,0.0,0.0,0.0,0.0,False,19,,False,0,terminal,0.8,получил 0 KZT от 0 плательщиков  исходящих переводов нет (глубина 0<4),73,0.25,0.08,получил 0 KZT от 0 плательщиков  исходящих переводов нет (глубина 0<4) Кластер 73 (1 seed)  объём входящих 0 KZT.
100000003975102100,0,True,1,2,25650.0,88500.0,1,2,0.00034699252992357845,4.642704712358635e-07,3.195678590946628e-19,1.0480160652801146e-05,False,0,3.4502923976608186,False,2,coordinator,0.701,"связан с 2 seed-клиентами напрямую, betweenness=0.000",2,1.0,0.5062,"связан с 2 seed-клиентами напрямую, betweenness=0.000 Кластер 2 (7 seed)  объём входящих 25 650 KZT."
100000003977183100,0,True,2,4,123800.0,766000.0,2,6,0.0003329322852730705,4.951925900256164e-05,4.200664191209718e-05,1.612332408123253e-06,True,0,6.187399030694669,False,1,peripheral,0.15,"низкая активность: 2 вх./4 исх. плательщиков/получателей, без выраженного паттерна",1,0.1,0.2274,"низкая активность: 2 вх./4 исх. плательщиков/получателей, без выраженного паттерна Кластер 1 (3 seed)  объём входящих 123 800 KZT."
100000004007116100,0,True,3,4,764704.0,148000.0,24,6,0.0006304640304726735,6.656385122325102e-19,-2.6937152541445107e-19,8.061662040616265e-07,False,4,0.19353893794200108,False,0,peripheral,0.15,"низкая активность: 3 вх./4 исх. плательщиков/получателей, без выраженного паттерна",44,0.1,0.2271,"низкая активность: 3 вх./4 исх. плательщиков/получателей, без выраженного паттерна Кластер 44 (1 seed)  объём входящих 764 704 KZT."
100000004019124100,0,True,3,0,193000.0,0.0,3,0,0.001207959054622012,-0.0,2.6673228852276597e-08,0.0,True,0,0.0,False,2,coordinator,0.7,"связан с 2 seed-клиентами напрямую, betweenness=0.000, точка сочленения сети",2,1.0,0.5386,"связан с 2 seed-клиентами напрямую, betweenness=0.000, точка сочленения сети Кластер 2 (7 seed)  объём входящих 193 000 KZT."
100000004021459100,0,True,0,0,0.0,0.0,0,0,0.0,0.0,0.0,0.0,False,20,,False,0,terminal,0.8,получил 0 KZT от 0 плательщиков  исходящих переводов нет (глубина 0<4),74,0.25,0.08,получил 0 KZT от 0 плательщиков  исходящих переводов нет (глубина 0<4) Кластер 74 (1 seed)  объём входящих 0 KZT.
100000004041163100,0,True,1,2,50000.0,866000.0,1,6,0.0020929038577057807,4.642405532587415e-07,3.251091732795159e-19,2.3781903019817984e-05,True,0,17.32,False,2,coordinator,0.703,"связан с 2 seed-клиентами напрямую, betweenness=0.000, точка сочленения сети",25,1.0,0.5181,"связан с 2 seed-клиентами напрямую, betweenness=0.000, точка сочленения сети Кластер 25 (14 seed)  объём входящих 50 000 KZT."
100000004174835100,0,True,0,0,0.0,0.0,0,0,0.0,0.0,0.0,0.0,False,21,,False,0,terminal,0.8,получил 0 KZT от 0 плательщиков  исходящих переводов нет (глубина 0<4),75,0.25,0.08,получил 0 KZT от 0 плательщиков  исходящих переводов нет (глубина 0<4) Кластер 75 (1 seed)  объём входящих 0 KZT.
100000004193835100,0,True,1,1,47000.0,5000.0,1,1,0.0004719965493240662,4.605582293615564e-07,6.973423529529493e-11,6.046246530462199e-07,False,0,0.10638297872340426,False,1,peripheral,0.15,"низкая активность: 1 вх./1 исх. плательщиков/получателей, без выраженного паттерна",2,0.1,0.2116,"низкая активность: 1 вх./1 исх. плательщиков/получателей, без выраженного паттерна Кластер 2 (7 seed)  объём входящих 47 000 KZT."
100000004269433100,0,True,0,1,0.0,1372000.0,0,67,0.00028684885067513784,-1.0500030194577763e-20,-0.0,0.0,False,0,,False,1,peripheral,0.15,"низкая активность: 0 вх./1 исх. плательщиков/получателей, без выраженного паттерна",3,0.1,0.036,"низкая активность: 0 вх./1 исх. плательщиков/получателей, без выраженного паттерна Кластер 3 (3 seed)  объём входящих 0 KZT."
100000004358004100,0,True,0,11,0.0,980850.0,0,17,0.00028684885067513784,0.0036381727346354214,-0.0,0.0,True,0,,False,1,peripheral,0.15,"низкая активность: 0 вх./11 исх. плательщиков/получателей, без выраженного паттерна",15,0.1,0.036,"низкая активность: 0 вх./11 исх. плательщиков/получателей, без выраженного паттерна Кластер 15 (5 seed)  объём входящих 0 KZT."
100000004388983100,0,True,0,2,0.0,450816.0,0,23,0.00028684885067513784,-2.416555786000818e-19,-0.0,0.0,True,9,,False,0,peripheral,0.15,"низкая активность: 0 вх./2 исх. плательщиков/получателей, без выраженного паттерна",26,0.1,0.006,"низкая активность: 0 вх./2 исх. плательщиков/получателей, без выраженного паттерна Кластер 26 (1 seed)  объём входящих 0 KZT."
100000004714705100,0,True,0,1,0.0,36550.0,0,1,0.00028684885067513784,1.0834726262428837e-19,-0.0,0.0,False,0,,False,1,peripheral,0.15,"низкая активность: 0 вх./1 исх. плательщиков/получателей, без выраженного паттерна",25,0.1,0.036,"низкая активность: 0 вх./1 исх. плательщиков/получателей, без выраженного паттерна Кластер 25 (14 seed)  объём входящих 0 KZT."
100000004723755100,0,True,0,1,0.0,95000.0,0,5,0.00028684885067513784,1.83106979384137e-19,-0.0,0.0,False,0,,False,0,peripheral,0.15,"низкая активность: 0 вх./1 исх. плательщиков/получателей, без выраженного паттерна",15,0.1,0.006,"низкая активность: 0 вх./1 исх. плательщиков/получателей, без выраженного паттерна Кластер 15 (5 seed)  объём входящих 0 KZT."
100000004813068100,0,True,0,3,0.0,297000.0,0,5,0.00028684885067513784,3.8596557884439736e-19,-0.0,0.0,True,0,,False,0,peripheral,0.15,"низкая активность: 0 вх./3 исх. плательщиков/получателей, без выраженного паттерна",63,0.1,0.006,"низкая активность: 0 вх./3 исх. плательщиков/получателей, без выраженного паттерна Кластер 63 (1 seed)  объём входящих 0 KZT."
100000004971871100,0,True,1,1,25400.0,5650.0,3,1,0.0007461346034888532,6.855671311457404e-20,9.450069239346758e-20,0.0,False,8,0.22244094488188976,False,0,peripheral,0.15,"низкая активность: 1 вх./1 исх. плательщиков/получателей, без выраженного паттерна",52,0.1,0.1715,"низкая активность: 1 вх./1 исх. плательщиков/получателей, без выраженного паттерна Кластер 52 (1 seed)  объём входящих 25 400 KZT."
100000005017150100,0,True,0,0,0.0,0.0,0,0,0.0,0.0,0.0,0.0,False,22,,False,0,terminal,0.8,получил 0 KZT от 0 плательщиков  исходящих переводов нет (глубина 0<4),76,0.25,0.08,получил 0 KZT от 0 плательщиков  исходящих переводов нет (глубина 0<4) Кластер 76 (1 seed)  объём входящих 0 KZT.
100000005087431100,0,True,0,0,0.0,0.0,0,0,0.0,0.0,0.0,0.0,False,23,,False,0,terminal,0.8,получил 0 KZT от 0 плательщиков  исходящих переводов нет (глубина 0<4),77,0.25,0.08,получил 0 KZT от 0 плательщиков  исходящих переводов нет (глубина 0<4) Кластер 77 (1 seed)  объём входящих 0 KZT.
100000005235389100,0,True,0,0,0.0,0.0,0,0,0.0,0.0,0.0,0.0,False,24,,False,0,terminal,0.8,получил 0 KZT от 0 плательщиков  исходящих переводов нет (глубина 0<4),78,0.25,0.08,получил 0 KZT от 0 плательщиков  исходящих переводов нет (глубина 0<4) Кластер 78 (1 seed)  объём входящих 0 KZT.
100000005264990100,0,True,1,2,17070.0,122000.0,1,2,0.00036559855128775223,4.6424055325864127e-07,2.8874364319325576e-07,8.706595003865566e-05,True,0,7.147041593438781,False,1,peripheral,0.15,"низкая активность: 1 вх./2 исх. плательщиков/получателей, без выраженного паттерна",25,0.1,0.1963,"низкая активность: 1 вх./2 исх. плательщиков/получателей, без выраженного паттерна Кластер 25 (14 seed)  объём входящих 17 070 KZT."
100000005370580100,0,True,1,0,24075.0,0.0,1,0,0.0003474971144925241,-0.0,4.259946144306409e-08,0.0,False,0,0.0,False,0,terminal,0.8,получил 24 075 KZT от 1 плательщиков  исходящих переводов нет (глубина 0<4),31,0.25,0.2446,получил 24 075 KZT от 1 плательщиков  исходящих переводов нет (глубина 0<4) Кластер 31 (3 seed)  объём входящих 24 075 KZT.
100000005382566100,0,True,7,1,393066.0,50000.0,11,1,0.0021219671978348746,1.3837476115724858e-19,1.0820738113120115e-06,4.7160722937605155e-05,True,0,0.12720510041570626,False,6,coordinator,1.0,"связан с 6 seed-клиентами напрямую, betweenness=0.000, точка сочленения сети",25,1.0,0.7609,"связан с 6 seed-клиентами напрямую, betweenness=0.000, точка сочленения сети Кластер 25 (14 seed)  объём входящих 393 066 KZT."
100000005386383100,0,True,2,1,37500.0,29000.0,2,1,0.0005266275322641041,4.605582293615564e-07,-5.065889163152363e-19,2.2975736815756357e-05,False,0,0.7733333333333333,False,1,peripheral,0.15,"низкая активность: 2 вх./1 исх. плательщиков/получателей, без выраженного паттерна",25,0.1,0.2082,"низкая активность: 2 вх./1 исх. плательщиков/получателей, без выраженного паттерна Кластер 25 (14 seed)  объём входящих 37 500 KZT."
100000005392290100,0,True,0,1,0.0,81465.0,0,1,0.00028684885067513784,6.434699618483594e-20,-0.0,0.0,False,10,,False,0,peripheral,0.15,"низкая активность: 0 вх./1 исх. плательщиков/получателей, без выраженного паттерна",28,0.1,0.006,"низкая активность: 0 вх./1 исх. плательщиков/получателей, без выраженного паттерна Кластер 28 (1 seed)  объём входящих 0 KZT."
100000005395727100,0,True,1,0,17000.0,0.0,1,0,0.00037285017574888944,-0.0,-7.372013896482346e-19,0.0,False,0,0.0,False,0,terminal,0.8,получил 17 000 KZT от 1 плательщиков  исходящих переводов нет (глубина 0<4),3,0.25,0.239,получил 17 000 KZT от 1 плательщиков  исходящих переводов нет (глубина 0<4) Кластер 3 (3 seed)  объём входящих 17 000 KZT.
100000005409680100,0,True,2,0,55060.0,0.0,2,0,0.0006362170091600223,-0.0,3.582520634368292e-05,0.0,False,0,0.0,False,0,terminal,0.8,получил 55 060 KZT от 2 плательщиков  исходящих переводов нет (глубина 0<4),49,0.25,0.2581,получил 55 060 KZT от 2 плательщиков  исходящих переводов нет (глубина 0<4) Кластер 49 (1 seed)  объём входящих 55 060 KZT.
100000005417257100,0,True,0,2,0.0,106000.0,0,2,0.00028684885067513784,4.896071866982569e-20,-0.0,0.0,True,0,,False,1,peripheral,0.15,"низкая активность: 0 вх./2 исх. плательщиков/получателей, без выраженного паттерна",25,0.1,0.036,"низкая активность: 0 вх./2 исх. плательщиков/получателей, без выраженного паттерна Кластер 25 (14 seed)  объём входящих 0 KZT."
100000005454368100,0,True,2,0,48600.0,0.0,2,0,0.000395923735358343,-0.0,5.071743849085351e-06,0.0,False,0,0.0,False,0,terminal,0.8,получил 48 600 KZT от 2 плательщиков  исходящих переводов нет (глубина 0<4),31,0.25,0.2561,получил 48 600 KZT от 2 плательщиков  исходящих переводов нет (глубина 0<4) Кластер 31 (3 seed)  объём входящих 48 600 KZT.
100000005480435100,0,True,0,0,0.0,0.0,0,0,0.0,0.0,0.0,0.0,False,25,,False,0,terminal,0.8,получил 0 KZT от 0 плательщиков  исходящих переводов нет (глубина 0<4),79,0.25,0.08,получил 0 KZT от 0 плательщиков  исходящих переводов нет (глубина 0<4) Кластер 79 (1 seed)  объём входящих 0 KZT.
100000005485830100,0,True,0,5,0.0,275885.0,0,9,0.00028684885067513784,-1.0061413418785779e-18,-0.0,0.0,True,3,,False,0,peripheral,0.15,"низкая активность: 0 вх./5 исх. плательщиков/получателей, без выраженного паттерна",14,0.1,0.006,"низкая активность: 0 вх./5 исх. плательщиков/получателей, без выраженного паттерна Кластер 14 (1 seed)  объём входящих 0 KZT."
100000005493505100,0,True,3,0,62020.0,0.0,3,0,0.0006201052363006144,-0.0,4.3288936452281975e-08,0.0,True,0,0.0,False,1,terminal,0.8,получил 62 020 KZT от 3 плательщиков  исходящих переводов нет (глубина 0<4),15,0.25,0.2901,получил 62 020 KZT от 3 плательщиков  исходящих переводов нет (глубина 0<4) Кластер 15 (5 seed)  объём входящих 62 020 KZT.
100000005495722100,0,True,0,0,0.0,0.0,0,0,0.0,0.0,0.0,0.0,False,26,,False,0,terminal,0.8,получил 0 KZT от 0 плательщиков  исходящих переводов нет (глубина 0<4),80,0.25,0.08,получил 0 KZT от 0 плательщиков  исходящих переводов нет (глубина 0<4) Кластер 80 (1 seed)  объём входящих 0 KZT.
100000005498992100,0,True,0,16,0.0,2262868.0,0,19,0.00028684885067513784,0.0012206418473347973,-0.0,0.0,True,0,,False,0,distributor,0.533,рассылает 2 262 868 KZT на 16 разных получателей,24,0.75,0.1599,рассылает 2 262 868 KZT на 16 разных получателей Кластер 24 (2 seed)  объём входящих 0 KZT.
100000005519347100,0,True,2,1,73100.0,99000.0,2,1,0.0005591119636921238,1.1352806918656571e-08,3.5773853358039507e-19,2.0557238203571478e-05,False,0,1.3543091655266757,False,2,coordinator,0.703,"связан с 2 seed-клиентами напрямую, betweenness=0.000",2,1.0,0.5243,"связан с 2 seed-клиентами напрямую, betweenness=0.000 Кластер 2 (7 seed)  объём входящих 73 100 KZT."
100000005523088100,0,True,1,0,700000.0,0.0,2,0,0.001727016136115811,-0.0,8.651558043889439e-09,0.0,False,0,0.0,False,1,terminal,0.8,получил 700 000 KZT от 1 плательщиков  исходящих переводов нет (глубина 0<4),25,0.25,0.3296,получил 700 000 KZT от 1 плательщиков  исходящих переводов нет (глубина 0<4) Кластер 25 (14 seed)  объём входящих 700 000 KZT.
100000005543136100,0,True,0,1,0.0,10000.0,0,1,0.00028684885067513784,1.8424876117493566e-08,-0.0,0.0,False,0,,False,1,peripheral,0.15,"низкая активность: 0 вх./1 исх. плательщиков/получателей, без выраженного паттерна",15,0.1,0.036,"низкая активность: 0 вх./1 исх. плательщиков/получателей, без выраженного паттерна Кластер 15 (5 seed)  объём входящих 0 KZT."
100000005550592100,0,True,0,0,0.0,0.0,0,0,0.0,0.0,0.0,0.0,False,27,,False,0,terminal,0.8,получил 0 KZT от 0 плательщиков  исходящих переводов нет (глубина 0<4),81,0.25,0.08,получил 0 KZT от 0 плательщиков  исходящих переводов нет (глубина 0<4) Кластер 81 (1 seed)  объём входящих 0 KZT.
100000005560900100,0,True,0,0,0.0,0.0,0,0,0.0,0.0,0.0,0.0,False,28,,False,0,terminal,0.8,получил 0 KZT от 0 плательщиков  исходящих переводов нет (глубина 0<4),82,0.25,0.08,получил 0 KZT от 0 плательщиков  исходящих переводов нет (глубина 0<4) Кластер 82 (1 seed)  объём входящих 0 KZT.
100000005568407100,0,True,0,0,0.0,0.0,0,0,0.0,0.0,0.0,0.0,False,29,,False,0,terminal,0.8,получил 0 KZT от 0 плательщиков  исходящих переводов нет (глубина 0<4),83,0.25,0.08,получил 0 KZT от 0 плательщиков  исходящих переводов нет (глубина 0<4) Кластер 83 (1 seed)  объём входящих 0 KZT.
100000005668605100,0,True,3,0,94500.0,0.0,3,0,0.0008418642511074619,-0.0,2.9287207228889124e-06,0.0,True,0,0.0,False,1,terminal,0.8,получил 94 500 KZT от 3 плательщиков  исходящих переводов нет (глубина 0<4),25,0.25,0.297,получил 94 500 KZT от 3 плательщиков  исходящих переводов нет (глубина 0<4) Кластер 25 (14 seed)  объём входящих 94 500 KZT.
100000005744674100,0,True,0,1,0.0,50066.0,0,2,0.00028684885067513784,4.605582293615564e-07,-0.0,0.0,False,0,,False,1,peripheral,0.15,"низкая активность: 0 вх./1 исх. плательщиков/получателей, без выраженного паттерна",25,0.1,0.036,"низкая активность: 0 вх./1 исх. плательщиков/получателей, без выраженного паттерна Кластер 25 (14 seed)  объём входящих 0 KZT."
100000006232815100,0,True,1,5,160000.0,296500.0,2,5,0.0005589743134767565,-1.9983135128747909e-19,2.1036220324674883e-19,2.821581714215693e-06,True,15,1.853125,False,0,peripheral,0.15,"низкая активность: 1 вх./5 исх. плательщиков/получателей, без выраженного паттерна",37,0.1,0.2016,"низкая активность: 1 вх./5 исх. плательщиков/получателей, без выраженного паттерна Кластер 37 (1 seed)  объём входящих 160 000 KZT."
100000006249740100,0,True,0,3,0.0,93007.0,0,5,0.00028684885067513784,2.0209773577212035e-19,-0.0,0.0,True,11,,False,0,peripheral,0.15,"низкая активность: 0 вх./3 исх. плательщиков/получателей, без выраженного паттерна",30,0.1,0.006,"низкая активность: 0 вх./3 исх. плательщиков/получателей, без выраженного паттерна Кластер 30 (2 seed)  объём входящих 0 KZT."
100000006831291100,0,True,0,1,0.0,15000.0,0,3,0.00028684885067513784,2.1244510241668582e-19,-0.0,0.0,False,11,,False,0,peripheral,0.15,"низкая активность: 0 вх./1 исх. плательщиков/получателей, без выраженного паттерна",30,0.1,0.006,"низкая активность: 0 вх./1 исх. плательщиков/получателей, без выраженного паттерна Кластер 30 (2 seed)  объём входящих 0 KZT."
100000006866783100,0,True,13,67,838812.0,3948037.0,31,90,0.0008741047179040798,0.1154587259210017,0.0006837652775653544,0.008590910153582723,True,0,4.706700667133994,False,0,coordinator,1.0,"связан с 0 seed-клиентами напрямую, betweenness=0.009, точка сочленения сети",8,1.0,0.746,"связан с 0 seed-клиентами напрямую, betweenness=0.009, точка сочленения сети Кластер 8 (1 seed)  объём входящих 838 812 KZT."
100000007018630100,0,True,0,1,0.0,200000.0,0,5,0.00028684885067513784,5.0227501199439343e-20,-0.0,0.0,False,14,,False,0,peripheral,0.15,"низкая активность: 0 вх./1 исх. плательщиков/получателей, без выраженного паттерна",36,0.1,0.006,"низкая активность: 0 вх./1 исх. плательщиков/получателей, без выраженного паттерна Кластер 36 (1 seed)  объём входящих 0 KZT."
100000007747786100,0,True,0,31,0.0,4238009.4,0,35,0.00028684885067513784,0.00023295930000687175,-0.0,0.0,True,0,,False,0,distributor,1.0,рассылает 4 238 009 KZT на 31 разных получателей,24,0.75,0.3,рассылает 4 238 009 KZT на 31 разных получателей Кластер 24 (2 seed)  объём входящих 0 KZT.
100000007982728100,0,True,0,8,0.0,1804384.0,0,12,0.00028684885067513784,0.00219446424597605,-0.0,0.0,False,0,,False,1,peripheral,0.15,"низкая активность: 0 вх./8 исх. плательщиков/получателей, без выраженного паттерна",1,0.1,0.036,"низкая активность: 0 вх./8 исх. плательщиков/получателей, без выраженного паттерна Кластер 1 (3 seed)  объём входящих 0 KZT."
100000008117324100,0,True,0,0,0.0,0.0,0,0,0.0,0.0,0.0,0.0,False,30,,False,0,terminal,0.8,получил 0 KZT от 0 плательщиков  исходящих переводов нет (глубина 0<4),84,0.25,0.08,получил 0 KZT от 0 плательщиков  исходящих переводов нет (глубина 0<4) Кластер 84 (1 seed)  объём входящих 0 KZT.
100000008205000100,0,True,0,0,0.0,0.0,0,0,0.0,0.0,0.0,0.0,False,31,,False,0,terminal,0.8,получил 0 KZT от 0 плательщиков  исходящих переводов нет (глубина 0<4),85,0.25,0.08,получил 0 KZT от 0 плательщиков  исходящих переводов нет (глубина 0<4) Кластер 85 (1 seed)  объём входящих 0 KZT.
100000008314203100,0,True,2,2,382076.0,327000.0,10,13,0.0005050728131960829,4.055189449426747e-05,1.0094203836568666e-06,0.0,False,0,0.8558506684533967,False,2,coordinator,0.7,"связан с 2 seed-клиентами напрямую, betweenness=0.000",6,1.0,0.5498,"связан с 2 seed-клиентами напрямую, betweenness=0.000 Кластер 6 (3 seed)  объём входящих 382 076 KZT."
100000008418835100,0,True,1,4,1372000.0,186179.0,67,6,0.0005309030338467364,0.00012847887531502704,-2.4669644286430706e-20,0.0003220633985226198,True,0,0.13569897959183674,False,2,coordinator,0.743,"связан с 2 seed-клиентами напрямую, betweenness=0.000, точка сочленения сети",3,1.0,0.5924,"связан с 2 seed-клиентами напрямую, betweenness=0.000, точка сочленения сети Кластер 3 (3 seed)  объём входящих 1 372 000 KZT."
100000008513251100,0,True,0,0,0.0,0.0,0,0,0.0,0.0,0.0,0.0,False,32,,False,0,terminal,0.8,получил 0 KZT от 0 плательщиков  исходящих переводов нет (глубина 0<4),86,0.25,0.08,получил 0 KZT от 0 плательщиков  исходящих переводов нет (глубина 0<4) Кластер 86 (1 seed)  объём входящих 0 KZT.
100000008516839100,0,True,3,0,155000.0,0.0,4,0,0.0010741596212647674,-0.0,8.252877640885987e-19,0.0,True,0,0.0,False,1,terminal,0.8,получил 155 000 KZT от 3 плательщиков  исходящих переводов нет (глубина 0<4),25,0.25,0.305,получил 155 000 KZT от 3 плательщиков  исходящих переводов нет (глубина 0<4) Кластер 25 (14 seed)  объём входящих 155 000 KZT.
100000008522127100,0,True,0,1,0.0,145000.0,0,3,0.00028684885067513784,-3.1389242977171186e-19,-0.0,0.0,False,0,,False,0,peripheral,0.15,"низкая активность: 0 вх./1 исх. плательщиков/получателей, без выраженного паттерна",43,0.1,0.006,"низкая активность: 0 вх./1 исх. плательщиков/получателей, без выраженного паттерна Кластер 43 (1 seed)  объём входящих 0 KZT."
100000008571433100,0,True,2,2,350000.0,1434000.0,2,3,0.0016372326866585763,5.137078585274476e-19,5.968927086316916e-20,1.0077077550770332e-06,True,13,4.097142857142857,False,0,peripheral,0.15,"низкая активность: 2 вх./2 исх. плательщиков/получателей, без выраженного паттерна",35,0.1,0.2143,"низкая активность: 2 вх./2 исх. плательщиков/получателей, без выраженного паттерна Кластер 35 (1 seed)  объём входящих 350 000 KZT."
100000008575624100,0,True,0,3,0.0,89500.0,0,5,0.00028684885067513784,-6.442388542252404e-19,-0.0,0.0,False,7,,False,0,peripheral,0.15,"низкая активность: 0 вх./3 исх. плательщиков/получателей, без выраженного паттерна",23,0.1,0.006,"низкая активность: 0 вх./3 исх. плательщиков/получателей, без выраженного паттерна Кластер 23 (1 seed)  объём входящих 0 KZT."
100000008601794100,0,True,2,1,494400.0,871400.0,8,13,0.0023872850889654295,-2.200683775809745e-20,4.799867292063037e-19,4.0308310203081327e-07,False,5,1.7625404530744337,False,0,peripheral,0.15,"низкая активность: 2 вх./1 исх. плательщиков/получателей, без выраженного паттерна",19,0.1,0.22,"низкая активность: 2 вх./1 исх. плательщиков/получателей, без выраженного паттерна Кластер 19 (1 seed)  объём входящих 494 400 KZT."
100000008637537100,0,True,3,3,619890.0,2351495.0,22,30,0.000832076082742809,7.634003709759985e-07,9.450604459427446e-05,7.920582954905481e-05,True,0,3.793406894771653,False,2,coordinator,0.711,"связан с 2 seed-клиентами напрямую, betweenness=0.000, точка сочленения сети",6,1.0,0.5632,"связан с 2 seed-клиентами напрямую, betweenness=0.000, точка сочленения сети Кластер 6 (3 seed)  объём входящих 619 890 KZT."
100000008650785100,0,True,2,2,92000.0,120120.0,2,2,0.0006151829911466888,1.484974985870096e-19,8.721849827788178e-09,2.4789610774895015e-05,True,0,1.3056521739130436,False,2,coordinator,0.703,"связан с 2 seed-клиентами напрямую, betweenness=0.000, точка сочленения сети",2,1.0,0.5281,"связан с 2 seed-клиентами напрямую, betweenness=0.000, точка сочленения сети Кластер 2 (7 seed)  объём входящих 92 000 KZT."
100000008654653100,0,True,0,1,0.0,54000.0,0,1,0.00028684885067513784,1.1352806918656571e-08,-0.0,0.0,False,0,,False,1,peripheral,0.15,"низкая активность: 0 вх./1 исх. плательщиков/получателей, без выраженного паттерна",2,0.1,0.036,"низкая активность: 0 вх./1 исх. плательщиков/получателей, без выраженного паттерна Кластер 2 (7 seed)  объём входящих 0 KZT."
100000008659445100,0,True,3,4,138490.0,875150.0,7,18,0.002457648618435237,2.8257628005764687e-19,-3.859789341258317e-19,1.4107908571078464e-06,False,6,6.319228825185934,False,0,peripheral,0.15,"низкая активность: 3 вх./4 исх. плательщиков/получателей, без выраженного паттерна",20,0.1,0.1992,"низкая активность: 3 вх./4 исх. плательщиков/получателей, без выраженного паттерна Кластер 20 (1 seed)  объём входящих 138 490 KZT."
100000008669037100,0,True,0,0,0.0,0.0,0,0,0.0,0.0,0.0,0.0,False,33,,False,0,terminal,0.8,получил 0 KZT от 0 плательщиков  исходящих переводов нет (глубина 0<4),87,0.25,0.08,получил 0 KZT от 0 плательщиков  исходящих переводов нет (глубина 0<4) Кластер 87 (1 seed)  объём входящих 0 KZT.
100000008673001100,0,True,1,0,80000.0,0.0,1,0,0.0004710406870310613,-0.0,5.75161923923009e-20,0.0,False,0,0.0,False,1,terminal,0.8,получил 80 000 KZT от 1 плательщиков  исходящих переводов нет (глубина 0<4),25,0.25,0.2942,получил 80 000 KZT от 1 плательщиков  исходящих переводов нет (глубина 0<4) Кластер 25 (14 seed)  объём входящих 80 000 KZT.
100000008680731100,0,True,0,27,0.0,1464354.0,0,28,0.00028684885067513784,0.0005419654118780545,-0.0,0.0,True,0,,False,0,distributor,0.9,рассылает 1 464 354 KZT на 27 разных получателей,13,0.75,0.27,рассылает 1 464 354 KZT на 27 разных получателей Кластер 13 (1 seed)  объём входящих 0 KZT.
100000008701222100,0,True,0,0,0.0,0.0,0,0,0.0,0.0,0.0,0.0,False,34,,False,0,terminal,0.8,получил 0 KZT от 0 плательщиков  исходящих переводов нет (глубина 0<4),88,0.25,0.08,получил 0 KZT от 0 плательщиков  исходящих переводов нет (глубина 0<4) Кластер 88 (1 seed)  объём входящих 0 KZT.
100000008738325100,0,True,1,1,36550.0,54000.0,1,1,0.0005309030338467364,1.2465382826267114e-06,2.545600706681746e-19,2.0154155101540663e-07,True,0,1.4774281805745555,False,2,coordinator,0.7,"связан с 2 seed-клиентами напрямую, betweenness=0.000, точка сочленения сети",25,1.0,0.5115,"связан с 2 seed-клиентами напрямую, betweenness=0.000, точка сочленения сети Кластер 25 (14 seed)  объём входящих 36 550 KZT."
100000003134937100,1,False,1,0,10286.0,0.0,1,0,0.0002879597204265748,-0.0,0.0002952416133208372,0.0,False,0,0.0,False,1,terminal,0.8,получил 10 286 KZT от 1 плательщиков  исходящих переводов нет (глубина 1<4),2,0.25,0.2608,получил 10 286 KZT от 1 плательщиков  исходящих переводов нет (глубина 1<4) Кластер 2 (7 seed)  объём входящих 10 286 KZT.
100000005074393100,1,False,4,6,563026.0,685500.0,5,10,0.00106451347090125,2.6167064333604005e-06,0.0007322918602276395,0.00022088953991288566,True,0,1.2175281425724567,False,1,peripheral,0.15,"низкая активность: 4 вх./6 исх. плательщиков/получателей, без выраженного паттерна",31,0.1,0.2553,"низкая активность: 4 вх./6 исх. плательщиков/получателей, без выраженного паттерна Кластер 31 (3 seed)  объём входящих 563 026 KZT."
100000001924185100,1,False,2,0,151000.0,0.0,2,0,0.00031161113451595403,-0.0,0.0005839675713304565,0.0,False,0,0.0,False,2,coordinator,0.7,"связан с 2 seed-клиентами напрямую, betweenness=0.000",5,1.0,0.5346,"связан с 2 seed-клиентами напрямую, betweenness=0.000 Кластер 5 (1 seed)  объём входящих 151 000 KZT."
100000004070318100,1,False,4,19,207246.55,551860.0,6,37,0.0003155185661358385,0.004977218192349818,0.006655303540804857,0.0028536268208271425,True,0,2.662818753798314,False,3,coordinator,1.0,"связан с 3 seed-клиентами напрямую, betweenness=0.003, точка сочленения сети",8,1.0,0.7308,"связан с 3 seed-клиентами напрямую, betweenness=0.003, точка сочленения сети Кластер 8 (1 seed)  объём входящих 207 247 KZT."
100000005807278100,1,False,1,0,8385.0,0.0,1,0,0.0002942664135215915,-0.0,-4.727824310226131e-19,0.0,False,3,0.0,False,1,terminal,0.8,получил 8 385 KZT от 1 плательщиков  исходящих переводов нет (глубина 1<4),14,0.25,0.2574,получил 8 385 KZT от 1 плательщиков  исходящих переводов нет (глубина 1<4) Кластер 14 (1 seed)  объём входящих 8 385 KZT.
100000003377795100,1,False,1,0,7000.0,0.0,1,0,0.0002872519595691864,-0.0,4.3414150090413515e-06,0.0,False,0,0.0,False,1,terminal,0.8,получил 7 000 KZT от 1 плательщиков  исходящих переводов нет (глубина 1<4),24,0.25,0.2545,получил 7 000 KZT от 1 плательщиков  исходящих переводов нет (глубина 1<4) Кластер 24 (2 seed)  объём входящих 7 000 KZT.
100000004330371100,1,False,2,2,264171.0,90681.0,12,6,0.0012610864292053748,5.358905915259528e-06,0.00029760217313452283,0.00034040367966502183,True,0,0.3432662934235779,False,1,peripheral,0.15,"низкая активность: 2 вх./2 исх. плательщиков/получателей, без выраженного паттерна",2,0.1,0.2446,"низкая активность: 2 вх./2 исх. плательщиков/получателей, без выраженного паттерна Кластер 2 (7 seed)  объём входящих 264 171 KZT."
100000008165763100,1,False,15,17,1165815.0,1267858.0,26,17,0.0009141720501285506,0.007660859302985752,0.0009408997842647329,0.0003341558915835442,True,0,1.087529324978663,False,1,distributor,0.567,рассылает 1 267 858 KZT на 17 разных получателей,15,0.75,0.4329,рассылает 1 267 858 KZT на 17 разных получателей Кластер 15 (5 seed)  объём входящих 1 165 815 KZT.
100000001684867100,1,False,1,0,30550.0,0.0,1,0,0.0002901481964758766,-0.0,0.0002952416133208372,0.0,False,0,0.0,False,1,terminal,0.8,получил 30 550 KZT от 1 плательщиков  исходящих переводов нет (глубина 1<4),2,0.25,0.2785,получил 30 550 KZT от 1 плательщиков  исходящих переводов нет (глубина 1<4) Кластер 2 (7 seed)  объём входящих 30 550 KZT.
100000003900547100,1,False,1,0,23700.0,0.0,1,0,0.0002894084086285751,-0.0,0.0002952416133208372,0.0,False,0,0.0,False,1,terminal,0.8,получил 23 700 KZT от 1 плательщиков  исходящих переводов нет (глубина 1<4),2,0.25,0.2744,получил 23 700 KZT от 1 плательщиков  исходящих переводов нет (глубина 1<4) Кластер 2 (7 seed)  объём входящих 23 700 KZT.
100000006656003100,1,False,1,1,20000.0,9000.0,1,1,0.0002910637433394611,4.593950530359936e-20,1.0225514520154618e-17,0.0,False,1,0.45,False,1,peripheral,0.15,"низкая активность: 1 вх./1 исх. плательщиков/получателей, без выраженного паттерна",38,0.1,0.1976,"низкая активность: 1 вх./1 исх. плательщиков/получателей, без выраженного паттерна Кластер 38 (1 seed)  объём входящих 20 000 KZT."
100000008237827100,1,False,1,0,40001.0,0.0,1,0,0.00029489033300800986,-0.0,0.0004611679650745667,0.0,False,0,0.0,False,1,terminal,0.8,получил 40 001 KZT от 1 плательщиков  исходящих переводов нет (глубина 1<4),15,0.25,0.2829,получил 40 001 KZT от 1 плательщиков  исходящих переводов нет (глубина 1<4) Кластер 15 (5 seed)  объём входящих 40 001 KZT.
100000003014659100,1,False,1,0,280000.0,0.0,1,0,0.00032951873404572026,-0.0,0.0001227996062558897,0.0,False,0,0.0,False,1,terminal,0.8,получил 280 000 KZT от 1 плательщиков  исходящих переводов нет (глубина 1<4),5,0.25,0.3147,получил 280 000 KZT от 1 плательщиков  исходящих переводов нет (глубина 1<4) Кластер 5 (1 seed)  объём входящих 280 000 KZT.
100000007939160100,1,False,1,2,795000.0,14300.0,2,2,0.0006680900198229332,5.133625956400417e-19,1.9708747904521009e-19,4.0308310203081327e-07,True,12,0.017987421383647798,False,1,peripheral,0.15,"низкая активность: 1 вх./2 исх. плательщиков/получателей, без выраженного паттерна",33,0.1,0.2577,"низкая активность: 1 вх./2 исх. плательщиков/получателей, без выраженного паттерна Кластер 33 (1 seed)  объём входящих 795 000 KZT."
100000007274584100,1,False,1,0,38000.0,0.0,1,0,0.0002944880679109353,-0.0,0.0004611679650745667,0.0,False,0,0.0,False,1,terminal,0.8,получил 38 000 KZT от 1 плательщиков  исходящих переводов нет (глубина 1<4),15,0.25,0.2821,получил 38 000 KZT от 1 плательщиков  исходящих переводов нет (глубина 1<4) Кластер 15 (5 seed)  объём входящих 38 000 KZT.
100000001524952100,1,False,1,0,103807.0,0.0,1,0,0.00030640694076239356,-0.0,0.0021516816268908243,0.0,False,0,0.0,False,1,terminal,0.8,получил 103 807 KZT от 1 плательщиков  исходящих переводов нет (глубина 1<4),8,0.25,0.2985,получил 103 807 KZT от 1 плательщиков  исходящих переводов нет (глубина 1<4) Кластер 8 (1 seed)  объём входящих 103 807 KZT.
100000003131693100,1,False,1,0,353277.0,0.0,1,0,0.0003578688440280544,-0.0,0.0004611679650745667,0.0,False,0,0.0,False,1,terminal,0.8,получил 353 277 KZT от 1 плательщиков  исходящих переводов нет (глубина 1<4),15,0.25,0.3185,получил 353 277 KZT от 1 плательщиков  исходящих переводов нет (глубина 1<4) Кластер 15 (5 seed)  объём входящих 353 277 KZT.
100000008383405100,1,False,1,0,25000.0,0.0,2,0,0.0003073921320868886,-0.0,3.0227321129719533e-19,0.0,False,0,0.0,False,1,terminal,0.8,получил 25 000 KZT от 1 плательщиков  исходящих переводов нет (глубина 1<4),63,0.25,0.2753,получил 25 000 KZT от 1 плательщиков  исходящих переводов нет (глубина 1<4) Кластер 63 (1 seed)  объём входящих 25 000 KZT.
100000008736173100,1,False,1,0,31060.0,0.0,1,0,0.00029339457898283194,-0.0,1.0225514520154618e-17,0.0,False,1,0.0,False,1,terminal,0.8,получил 31 060 KZT от 1 плательщиков  исходящих переводов нет (глубина 1<4),38,0.25,0.2788,получил 31 060 KZT от 1 плательщиков  исходящих переводов нет (глубина 1<4) Кластер 38 (1 seed)  объём входящих 31 060 KZT.
100000002861485100,1,False,1,0,29323.0,0.0,1,0,0.0002900156826527176,-0.0,0.0002952416133208372,0.0,False,0,0.0,False,1,terminal,0.8,получил 29 323 KZT от 1 плательщиков  исходящих переводов нет (глубина 1<4),2,0.25,0.2779,получил 29 323 KZT от 1 плательщиков  исходящих переводов нет (глубина 1<4) Кластер 2 (7 seed)  объём входящих 29 323 KZT.
100000008745474100,1,False,1,0,40559.0,0.0,1,0,0.00029539644225375224,-0.0,1.0225514520154618e-17,0.0,False,1,0.0,False,1,terminal,0.8,получил 40 559 KZT от 1 плательщиков  исходящих переводов нет (глубина 1<4),38,0.25,0.2832,получил 40 559 KZT от 1 плательщиков  исходящих переводов нет (глубина 1<4) Кластер 38 (1 seed)  объём входящих 40 559 KZT.
100000008691330100,1,False,1,0,21440.0,0.0,1,0,0.00029136721561129244,-0.0,1.0225514520154618e-17,0.0,False,1,0.0,False,1,terminal,0.8,получил 21 440 KZT от 1 плательщиков  исходящих переводов нет (глубина 1<4),38,0.25,0.2728,получил 21 440 KZT от 1 плательщиков  исходящих переводов нет (глубина 1<4) Кластер 38 (1 seed)  объём входящих 21 440 KZT.
100000007639767100,1,False,4,10,90913.0,822244.0,4,13,0.00030278321457567097,0.0025974459331570125,0.006025939301765299,6.187325616172983e-05,True,0,9.044295095310902,False,2,coordinator,0.708,"связан с 2 seed-клиентами напрямую, betweenness=0.000, точка сочленения сети",16,1.0,0.5304,"связан с 2 seed-клиентами напрямую, betweenness=0.000, точка сочленения сети Кластер 16 (0 seed)  объём входящих 90 913 KZT."
100000002921047100,1,False,2,1,338000.0,163000.02,2,1,0.00031846212425336036,-2.7074263450652558e-20,5.617563035295741e-06,2.1968029060679322e-05,True,0,0.48224857988165676,False,1,peripheral,0.15,"низкая активность: 2 вх./1 исх. плательщиков/получателей, без выраженного паттерна",24,0.1,0.2441,"низкая активность: 2 вх./1 исх. плательщиков/получателей, без выраженного паттерна Кластер 24 (2 seed)  объём входящих 338 000 KZT."
100000004783447100,1,False,1,0,26200.0,0.0,1,0,0.00029237036006540134,-0.0,1.0225514520154618e-17,0.0,False,1,0.0,False,1,terminal,0.8,получил 26 200 KZT от 1 плательщиков  исходящих переводов нет (глубина 1<4),38,0.25,0.276,получил 26 200 KZT от 1 плательщиков  исходящих переводов нет (глубина 1<4) Кластер 38 (1 seed)  объём входящих 26 200 KZT.
100000008696919100,1,False,1,0,31945.0,0.0,1,0,0.0002935810879832282,-0.0,1.0225514520154618e-17,0.0,False,1,0.0,False,1,terminal,0.8,получил 31 945 KZT от 1 плательщиков  исходящих переводов нет (глубина 1<4),38,0.25,0.2793,получил 31 945 KZT от 1 плательщиков  исходящих переводов нет (глубина 1<4) Кластер 38 (1 seed)  объём входящих 31 945 KZT.
100000008736940100,1,False,3,3,451090.0,182100.0,13,6,0.0024481745423749314,2.872248632876323e-20,2.439234465770742e-19,8.061662040616265e-07,False,6,0.40368884258130305,False,1,peripheral,0.15,"низкая активность: 3 вх./3 исх. плательщиков/получателей, без выраженного паттерна",20,0.1,0.2485,"низкая активность: 3 вх./3 исх. плательщиков/получателей, без выраженного паттерна Кластер 20 (1 seed)  объём входящих 451 090 KZT."
100000005940652100,1,False,1,0,8395.0,0.0,1,0,0.0002893773976301017,-0.0,1.4226681777823108e-08,0.0,False,0,0.0,False,1,terminal,0.8,получил 8 395 KZT от 1 плательщиков  исходящих переводов нет (глубина 1<4),6,0.25,0.2575,получил 8 395 KZT от 1 плательщиков  исходящих переводов нет (глубина 1<4) Кластер 6 (3 seed)  объём входящих 8 395 KZT.
100000004180097100,1,False,3,3,104854.0,47800.0,5,7,0.0008599843237032199,7.6231010451076284e-06,0.002186648804528202,0.0003194433583594195,True,0,0.4558719743643542,False,1,peripheral,0.15,"низкая активность: 3 вх./3 исх. плательщиков/получателей, без выраженного паттерна",8,0.1,0.2292,"низкая активность: 3 вх./3 исх. плательщиков/получателей, без выраженного паттерна Кластер 8 (1 seed)  объём входящих 104 854 KZT."
100000005539201100,1,False,1,1,45504.0,25000.0,1,1,0.00029176320194573737,-1.3173287258220238e-19,0.0002952416133208372,4.312989191729702e-05,False,0,0.5494022503516175,False,1,peripheral,0.15,"низкая активность: 1 вх./1 исх. плательщиков/получателей, без выраженного паттерна",2,0.1,0.2116,"низкая активность: 1 вх./1 исх. плательщиков/получателей, без выраженного паттерна Кластер 2 (7 seed)  объём входящих 45 504 KZT."
100000005620225100,1,False,2,0,49845.66,0.0,2,0,0.00029755896877035,-0.0,0.0027944973115175795,0.0,False,0,0.0,False,1,terminal,0.8,получил 49 846 KZT от 2 плательщиков  исходящих переводов нет (глубина 1<4),8,0.25,0.2865,получил 49 846 KZT от 2 плательщиков  исходящих переводов нет (глубина 1<4) Кластер 8 (1 seed)  объём входящих 49 846 KZT.
100000004388353100,1,False,2,0,62960.0,0.0,2,0,0.00034227174180232346,-0.0,0.000151901477710621,0.0,False,0,0.0,False,1,terminal,0.8,получил 62 960 KZT от 2 плательщиков  исходящих переводов нет (глубина 1<4),5,0.25,0.2903,получил 62 960 KZT от 2 плательщиков  исходящих переводов нет (глубина 1<4) Кластер 5 (1 seed)  объём входящих 62 960 KZT.
100000007442518100,1,False,5,9,510000.0,4419999.0,8,12,0.0006515232072674916,2.0802215632700777e-05,0.005493256774154659,0.00025676393599362806,True,0,8.666664705882352,False,1,peripheral,0.15,"низкая активность: 5 вх./9 исх. плательщиков/получателей, без выраженного паттерна",60,0.1,0.2542,"низкая активность: 5 вх./9 исх. плательщиков/получателей, без выраженного паттерна Кластер 60 (0 seed)  объём входящих 510 000 KZT."
100000000267734100,1,False,2,7,180000.0,282000.0,4,8,0.0005396268570373782,-4.0618708902322827e-19,4.376405902723719e-06,3.6277479182773194e-06,True,0,1.5666666666666667,False,1,peripheral,0.15,"низкая активность: 2 вх./7 исх. плательщиков/получателей, без выраженного паттерна",24,0.1,0.2335,"низкая активность: 2 вх./7 исх. плательщиков/получателей, без выраженного паттерна Кластер 24 (2 seed)  объём входящих 180 000 KZT."
100000001987030100,1,False,2,1,30864.0,19000.0,2,1,0.0002951862409947934,1.8969132871453604e-06,0.0003309179629303354,5.804396669243711e-05,False,0,0.6156039398652151,False,1,peripheral,0.15,"низкая активность: 2 вх./1 исх. плательщиков/получателей, без выраженного паттерна",3,0.1,0.2055,"низкая активность: 2 вх./1 исх. плательщиков/получателей, без выраженного паттерна Кластер 3 (3 seed)  объём входящих 30 864 KZT."
100000002603478100,1,False,1,0,23500.0,0.0,1,0,0.0002907654400411877,-0.0,1.0100033668708853e-05,0.0,False,0,0.0,False,1,terminal,0.8,получил 23 500 KZT от 1 плательщиков  исходящих переводов нет (глубина 1<4),13,0.25,0.2742,получил 23 500 KZT от 1 плательщиков  исходящих переводов нет (глубина 1<4) Кластер 13 (1 seed)  объём входящих 23 500 KZT.
100000001380054100,1,False,2,3,127050.0,360000.0,2,4,0.0007193751577744332,2.68606566869353e-19,1.0500640656791447e-19,2.821581714215693e-06,True,15,2.833530106257379,False,1,peripheral,0.15,"низкая активность: 2 вх./3 исх. плательщиков/получателей, без выраженного паттерна",37,0.1,0.2278,"низкая активность: 2 вх./3 исх. плательщиков/получателей, без выраженного паттерна Кластер 37 (1 seed)  объём входящих 127 050 KZT."
100000002992171100,1,False,1,0,14627.0,0.0,1,0,0.0002899314124251907,-0.0,1.0225514520154618e-17,0.0,False,1,0.0,False,1,terminal,0.8,получил 14 627 KZT от 1 плательщиков  исходящих переводов нет (глубина 1<4),38,0.25,0.2665,получил 14 627 KZT от 1 плательщиков  исходящих переводов нет (глубина 1<4) Кластер 38 (1 seed)  объём входящих 14 627 KZT.
100000002781227100,1,False,2,3,191167.62,212420.0,8,10,0.0023373647787345705,2.6559289169062627e-06,-7.37484982726086e-19,0.00013523438073133784,True,0,1.1111714421092862,False,1,transit,0.889,"получает от 2, передаёт 3; pass-through 1.11 — деньги не задерживаются",43,0.35,0.3549,"получает от 2, передаёт 3; pass-through 1.11 — деньги не задерживаются Кластер 43 (1 seed)  объём входящих 191 168 KZT."
100000008745643100,1,False,1,0,20313.0,0.0,1,0,0.00029112970640965776,-0.0,1.0225514520154618e-17,0.0,False,1,0.0,False,1,terminal,0.8,получил 20 313 KZT от 1 плательщиков  исходящих переводов нет (глубина 1<4),38,0.25,0.2719,получил 20 313 KZT от 1 плательщиков  исходящих переводов нет (глубина 1<4) Кластер 38 (1 seed)  объём входящих 20 313 KZT.
100000002836736100,1,False,2,0,509000.0,0.0,2,0,0.0004537654899640319,-0.0,5.452157877819221e-06,0.0,False,0,0.0,False,1,terminal,0.8,получил 509 000 KZT от 2 плательщиков  исходящих переводов нет (глубина 1<4),1,0.25,0.3244,получил 509 000 KZT от 2 плательщиков  исходящих переводов нет (глубина 1<4) Кластер 1 (3 seed)  объём входящих 509 000 KZT.
100000004188160100,1,False,2,5,87862.0,133846.0,5,6,0.00029815609164499123,9.609308633689184e-05,0.0003309179629303354,5.804396669243711e-05,True,0,1.5233661878855478,False,1,peripheral,0.15,"низкая активность: 2 вх./5 исх. плательщиков/получателей, без выраженного паттерна",2,0.1,0.2226,"низкая активность: 2 вх./5 исх. плательщиков/получателей, без выраженного паттерна Кластер 2 (7 seed)  объём входящих 87 862 KZT."
100000004841728100,1,False,1,0,52208.0,0.0,1,0,0.0002978514064860873,-0.0,1.0225514520154618e-17,0.0,False,1,0.0,False,1,terminal,0.8,получил 52 208 KZT от 1 плательщиков  исходящих переводов нет (глубина 1<4),38,0.25,0.2873,получил 52 208 KZT от 1 плательщиков  исходящих переводов нет (глубина 1<4) Кластер 38 (1 seed)  объём входящих 52 208 KZT.
100000001554432100,1,False,1,0,53920.0,0.0,1,0,0.0002976884978686694,-0.0,0.0004611679650745667,0.0,False,0,0.0,False,1,terminal,0.8,получил 53 920 KZT от 1 плательщиков  исходящих переводов нет (глубина 1<4),15,0.25,0.2878,получил 53 920 KZT от 1 плательщиков  исходящих переводов нет (глубина 1<4) Кластер 15 (5 seed)  объём входящих 53 920 KZT.
100000008768896100,1,False,1,0,47060.0,0.0,1,0,0.00029676649311429057,-0.0,1.0225514520154618e-17,0.0,False,1,0.0,False,1,terminal,0.8,получил 47 060 KZT от 1 плательщиков  исходящих переводов нет (глубина 1<4),38,0.25,0.2856,получил 47 060 KZT от 1 плательщиков  исходящих переводов нет (глубина 1<4) Кластер 38 (1 seed)  объём входящих 47 060 KZT.
100000008232832100,1,False,1,1,337000.0,138000.0,2,1,0.0004962754348031013,1.232445872335905e-05,9.951937018790086e-07,0.0,False,0,0.4094955489614243,False,1,peripheral,0.15,"низкая активность: 1 вх./1 исх. плательщиков/получателей, без выраженного паттерна",6,0.1,0.2437,"низкая активность: 1 вх./1 исх. плательщиков/получателей, без выраженного паттерна Кластер 6 (3 seed)  объём входящих 337 000 KZT."
100000002864256100,1,False,1,0,135780.0,0.0,1,0,0.0003141449800508374,-0.0,0.0004611679650745667,0.0,False,0,0.0,False,1,terminal,0.8,получил 135 780 KZT от 1 плательщиков  исходящих переводов нет (глубина 1<4),15,0.25,0.3029,получил 135 780 KZT от 1 плательщиков  исходящих переводов нет (глубина 1<4) Кластер 15 (5 seed)  объём входящих 135 780 KZT.
100000001929088100,1,False,2,0,396010.0,0.0,2,0,0.0003190036140627866,-0.0,2.708922046916265e-05,0.0,False,0,0.0,False,2,coordinator,0.7,"связан с 2 seed-клиентами напрямую, betweenness=0.000",24,1.0,0.5503,"связан с 2 seed-клиентами напрямую, betweenness=0.000 Кластер 24 (2 seed)  объём входящих 396 010 KZT."
100000002794197100,1,False,1,0,30100.0,0.0,1,0,0.00028858221891954645,-0.0,4.3414150090413515e-06,0.0,False,0,0.0,False,1,terminal,0.8,получил 30 100 KZT от 1 плательщиков  исходящих переводов нет (глубина 1<4),24,0.25,0.2783,получил 30 100 KZT от 1 плательщиков  исходящих переводов нет (глубина 1<4) Кластер 24 (2 seed)  объём входящих 30 100 KZT.
100000005669845100,1,False,1,0,20000.0,0.0,1,0,0.00031893869465529943,-0.0,-1.4362670109846943e-19,0.0,False,15,0.0,False,1,terminal,0.8,получил 20 000 KZT от 1 плательщиков  исходящих переводов нет (глубина 1<4),37,0.25,0.2716,получил 20 000 KZT от 1 плательщиков  исходящих переводов нет (глубина 1<4) Кластер 37 (1 seed)  объём входящих 20 000 KZT.
100000002211413100,1,False,1,0,37000.0,0.0,1,0,0.0002946464021041359,-0.0,1.0225514520154618e-17,0.0,False,1,0.0,False,1,terminal,0.8,получил 37 000 KZT от 1 плательщиков  исходящих переводов нет (глубина 1<4),38,0.25,0.2817,получил 37 000 KZT от 1 плательщиков  исходящих переводов нет (глубина 1<4) Кластер 38 (1 seed)  объём входящих 37 000 KZT.
100000002784085100,1,False,1,0,200000.0,0.0,1,0,0.00030841919266341104,-0.0,2.2747805460121378e-05,0.0,False,0,0.0,False,1,terminal,0.8,получил 200 000 KZT от 1 плательщиков  исходящих переводов нет (глубина 1<4),24,0.25,0.3092,получил 200 000 KZT от 1 плательщиков  исходящих переводов нет (глубина 1<4) Кластер 24 (2 seed)  объём входящих 200 000 KZT.
100000008782421100,1,False,1,0,49680.0,0.0,1,0,0.00029731864405331684,-0.0,1.0225514520154618e-17,0.0,False,1,0.0,False,1,terminal,0.8,получил 49 680 KZT от 1 плательщиков  исходящих переводов нет (глубина 1<4),38,0.25,0.2865,получил 49 680 KZT от 1 плательщиков  исходящих переводов нет (глубина 1<4) Кластер 38 (1 seed)  объём входящих 49 680 KZT.
100000003739818100,1,False,1,0,57293.0,0.0,1,0,0.00029836657891436273,-0.0,0.0004611679650745667,0.0,False,0,0.0,False,1,terminal,0.8,получил 57 293 KZT от 1 плательщиков  исходящих переводов нет (глубина 1<4),15,0.25,0.2888,получил 57 293 KZT от 1 плательщиков  исходящих переводов нет (глубина 1<4) Кластер 15 (5 seed)  объём входящих 57 293 KZT.
100000002214570100,1,False,1,0,26471.0,0.0,1,0,0.00029242747186100296,-0.0,1.0225514520154618e-17,0.0,False,1,0.0,False,1,terminal,0.8,получил 26 471 KZT от 1 плательщиков  исходящих переводов нет (глубина 1<4),38,0.25,0.2762,получил 26 471 KZT от 1 плательщиков  исходящих переводов нет (глубина 1<4) Кластер 38 (1 seed)  объём входящих 26 471 KZT.
100000006443391100,1,False,3,2,86775.93,60041.71000000001,7,6,0.0024348970700620136,-5.858781533700822e-19,2.3115980147424935e-05,1.2092493060924398e-06,True,0,0.6919166409394865,False,1,peripheral,0.15,"низкая активность: 3 вх./2 исх. плательщиков/получателей, без выраженного паттерна",24,0.1,0.2216,"низкая активность: 3 вх./2 исх. плательщиков/получателей, без выраженного паттерна Кластер 24 (2 seed)  объём входящих 86 776 KZT."
100000005473151100,1,False,3,4,1220000.0,225000.0,4,6,0.0004703173260136688,-4.531783534471705e-19,6.247986024188128e-06,0.00025676393599362806,True,0,0.18442622950819673,False,1,peripheral,0.15,"низкая активность: 3 вх./4 исх. плательщиков/получателей, без выраженного паттерна",29,0.1,0.2684,"низкая активность: 3 вх./4 исх. плательщиков/получателей, без выраженного паттерна Кластер 29 (0 seed)  объём входящих 1 220 000 KZT."
100000005124479100,1,False,2,2,137753.0,22000.0,2,2,0.00030458050269059725,-3.054558754871633e-19,0.0015931064087231638,4.836997224369759e-05,True,0,0.15970614070110994,False,1,peripheral,0.15,"низкая активность: 2 вх./2 исх. плательщиков/получателей, без выраженного паттерна",8,0.1,0.2298,"низкая активность: 2 вх./2 исх. плательщиков/получателей, без выраженного паттерна Кластер 8 (1 seed)  объём входящих 137 753 KZT."
100000005527892100,1,False,3,8,220001.0,552419.0,3,8,0.00031382479998316135,3.060880236394676e-06,0.0030873352842451488,0.000727564999165618,True,0,2.510984040981632,False,1,peripheral,0.15,"низкая активность: 3 вх./8 исх. плательщиков/получателей, без выраженного паттерна",21,0.1,0.2472,"низкая активность: 3 вх./8 исх. плательщиков/получателей, без выраженного паттерна Кластер 21 (0 seed)  объём входящих 220 001 KZT."
100000008028628100,1,False,1,0,57224.0,0.0,1,0,0.00029890850156629963,-0.0,1.0225514520154618e-17,0.0,False,1,0.0,False,1,terminal,0.8,получил 57 224 KZT от 1 плательщиков  исходящих переводов нет (глубина 1<4),38,0.25,0.2888,получил 57 224 KZT от 1 плательщиков  исходящих переводов нет (глубина 1<4) Кластер 38 (1 seed)  объём входящих 57 224 KZT.
100000001953577100,1,False,1,0,15600.0,0.0,1,0,0.00029013646695331,-0.0,1.0225514520154618e-17,0.0,False,1,0.0,False,1,terminal,0.8,получил 15 600 KZT от 1 плательщиков  исходящих переводов нет (глубина 1<4),38,0.25,0.2676,получил 15 600 KZT от 1 плательщиков  исходящих переводов нет (глубина 1<4) Кластер 38 (1 seed)  объём входящих 15 600 KZT.
100000008193577100,1,False,2,5,154300.0,480180.0,6,16,0.0012553919287856357,-2.61209615372487e-19,4.010203127878379e-19,8.061662040616265e-07,True,6,3.1119896305897603,False,1,peripheral,0.15,"низкая активность: 2 вх./5 исх. плательщиков/получателей, без выраженного паттерна",20,0.1,0.231,"низкая активность: 2 вх./5 исх. плательщиков/получателей, без выраженного паттерна Кластер 20 (1 seed)  объём входящих 154 300 KZT."
100000008753193100,1,False,1,0,35225.0,0.0,1,0,0.00029427233038017725,-0.0,1.0225514520154618e-17,0.0,False,1,0.0,False,1,terminal,0.8,получил 35 225 KZT от 1 плательщиков  исходящих переводов нет (глубина 1<4),38,0.25,0.2809,получил 35 225 KZT от 1 плательщиков  исходящих переводов нет (глубина 1<4) Кластер 38 (1 seed)  объём входящих 35 225 KZT.
100000008746025100,1,False,1,0,22000.0,0.0,1,0,0.0002914852326058935,-0.0,1.0225514520154618e-17,0.0,False,1,0.0,False,1,terminal,0.8,получил 22 000 KZT от 1 плательщиков  исходящих переводов нет (глубина 1<4),38,0.25,0.2732,получил 22 000 KZT от 1 плательщиков  исходящих переводов нет (глубина 1<4) Кластер 38 (1 seed)  объём входящих 22 000 KZT.
100000002934441100,1,False,2,0,60845.6,0.0,2,0,0.00030382983985550484,-0.0,0.0027944973115175795,0.0,False,0,0.0,False,1,terminal,0.8,получил 60 846 KZT от 2 плательщиков  исходящих переводов нет (глубина 1<4),8,0.25,0.2898,получил 60 846 KZT от 2 плательщиков  исходящих переводов нет (глубина 1<4) Кластер 8 (1 seed)  объём входящих 60 846 KZT.
100000003701161100,1,False,4,3,1527103.0,349000.0,13,7,0.001660640474476565,2.7773114874924166e-06,0.0003935192246416824,0.00021665716734156214,True,0,0.22853730232996727,False,1,peripheral,0.15,"низкая активность: 4 вх./3 исх. плательщиков/получателей, без выраженного паттерна",11,0.1,0.2715,"низкая активность: 4 вх./3 исх. плательщиков/получателей, без выраженного паттерна Кластер 11 (0 seed)  объём входящих 1 527 103 KZT."
100000006707582100,1,False,2,14,39520.0,961138.0,2,15,0.0005404098122016989,0.00124641616958344,2.2929682109604453e-05,0.0003512869234198538,True,0,24.320293522267207,False,1,peripheral,0.15,"низкая активность: 2 вх./14 исх. плательщиков/получателей, без выраженного паттерна",29,0.1,0.2138,"низкая активность: 2 вх./14 исх. плательщиков/получателей, без выраженного паттерна Кластер 29 (0 seed)  объём входящих 39 520 KZT."
100000003239379100,1,False,1,0,92500.0,0.0,1,0,0.00030226521307341917,-0.0,1.0100033668708853e-05,0.0,False,0,0.0,False,1,terminal,0.8,получил 92 500 KZT от 1 плательщиков  исходящих переводов нет (глубина 1<4),13,0.25,0.2966,получил 92 500 KZT от 1 плательщиков  исходящих переводов нет (глубина 1<4) Кластер 13 (1 seed)  объём входящих 92 500 KZT.
100000000979923100,1,False,1,0,97900.0,0.0,1,0,0.00030176807061078073,-0.0,0.0001227996062558897,0.0,False,0,0.0,False,1,terminal,0.8,получил 97 900 KZT от 1 плательщиков  исходящих переводов нет (глубина 1<4),5,0.25,0.2975,получил 97 900 KZT от 1 плательщиков  исходящих переводов нет (глубина 1<4) Кластер 5 (1 seed)  объём входящих 97 900 KZT.
100000001111763100,1,False,1,0,17144.0,0.0,1,0,0.00029046185666699575,-0.0,1.0225514520154618e-17,0.0,False,1,0.0,False,1,terminal,0.8,получил 17 144 KZT от 1 плательщиков  исходящих переводов нет (глубина 1<4),38,0.25,0.2691,получил 17 144 KZT от 1 плательщиков  исходящих переводов нет (глубина 1<4) Кластер 38 (1 seed)  объём входящих 17 144 KZT.
100000003865939100,1,False,1,0,81465.0,0.0,1,0,0.0005309030338467364,-0.0,1.5118218494266444e-19,0.0,False,10,0.0,False,1,terminal,0.8,получил 81 465 KZT от 1 плательщиков  исходящих переводов нет (глубина 1<4),28,0.25,0.2945,получил 81 465 KZT от 1 плательщиков  исходящих переводов нет (глубина 1<4) Кластер 28 (1 seed)  объём входящих 81 465 KZT.
100000002858835100,1,False,1,0,24400.0,0.0,1,0,0.0002919910197256123,-0.0,1.0225514520154618e-17,0.0,False,1,0.0,False,1,terminal,0.8,получил 24 400 KZT от 1 плательщиков  исходящих переводов нет (глубина 1<4),38,0.25,0.2749,получил 24 400 KZT от 1 плательщиков  исходящих переводов нет (глубина 1<4) Кластер 38 (1 seed)  объём входящих 24 400 KZT.
100000003404627100,1,False,4,0,877700.0,0.0,5,0,0.0013842186166753438,-0.0,2.895610842005697e-05,0.0,False,0,0.0,False,1,terminal,0.8,получил 877 700 KZT от 4 плательщиков  исходящих переводов нет (глубина 1<4),6,0.25,0.3333,получил 877 700 KZT от 4 плательщиков  исходящих переводов нет (глубина 1<4) Кластер 6 (3 seed)  объём входящих 877 700 KZT.
100000008691027100,1,False,1,0,17534.0,0.0,1,0,0.00029054404707395005,-0.0,1.0225514520154618e-17,0.0,False,1,0.0,False,1,terminal,0.8,получил 17 534 KZT от 1 плательщиков  исходящих переводов нет (глубина 1<4),38,0.25,0.2695,получил 17 534 KZT от 1 плательщиков  исходящих переводов нет (глубина 1<4) Кластер 38 (1 seed)  объём входящих 17 534 KZT.
100000004071080100,1,False,9,2,238600.0,46500.0,16,5,0.0013756642514148804,0.00027800905763374534,0.009263053882842176,3.930060244800429e-05,True,0,0.19488683989941324,False,1,consolidator,0.9,получает от 9 разных плательщиков (238 600 KZT)  отдаёт дальше 19% полученного,8,0.9,0.5566,получает от 9 разных плательщиков (238 600 KZT)  отдаёт дальше 19% полученного Кластер 8 (1 seed)  объём входящих 238 600 KZT.
100000002864680100,1,False,1,0,55932.0,0.0,1,0,0.00029617066669309104,-0.0,1.0100033668708853e-05,0.0,False,0,0.0,False,1,terminal,0.8,получил 55 932 KZT от 1 плательщиков  исходящих переводов нет (глубина 1<4),13,0.25,0.2884,получил 55 932 KZT от 1 плательщиков  исходящих переводов нет (глубина 1<4) Кластер 13 (1 seed)  объём входящих 55 932 KZT.
100000001330685100,1,False,3,1,2435923.0,100500.0,7,1,0.00044009946636472044,-6.958312261067279e-20,0.006229763140151088,1.9549530448494444e-05,True,0,0.04125746175063826,False,1,peripheral,0.15,"низкая активность: 3 вх./1 исх. плательщиков/получателей, без выраженного паттерна",9,0.1,0.2763,"низкая активность: 3 вх./1 исх. плательщиков/получателей, без выраженного паттерна Кластер 9 (0 seed)  объём входящих 2 435 923 KZT."
100000008745725100,1,False,1,0,47060.0,0.0,1,0,0.00029676649311429057,-0.0,1.0225514520154618e-17,0.0,False,1,0.0,False,1,terminal,0.8,получил 47 060 KZT от 1 плательщиков  исходящих переводов нет (глубина 1<4),38,0.25,0.2856,получил 47 060 KZT от 1 плательщиков  исходящих переводов нет (глубина 1<4) Кластер 38 (1 seed)  объём входящих 47 060 KZT.
100000002621949100,1,False,1,0,164612.0,0.0,1,0,0.00031994113561248247,-0.0,0.0004611679650745667,0.0,False,0,0.0,False,1,terminal,0.8,получил 164 612 KZT от 1 плательщиков  исходящих переводов нет (глубина 1<4),15,0.25,0.306,получил 164 612 KZT от 1 плательщиков  исходящих переводов нет (глубина 1<4) Кластер 15 (5 seed)  объём входящих 164 612 KZT.
100000007908818100,1,False,4,6,727475.0,302000.0,4,13,0.0004774440730320625,6.417716556551264e-19,0.0008570152459958185,0.00018058122970980434,True,0,0.4151345407058662,False,2,coordinator,0.724,"связан с 2 seed-клиентами напрямую, betweenness=0.000, точка сочленения сети",15,1.0,0.5725,"связан с 2 seed-клиентами напрямую, betweenness=0.000, точка сочленения сети Кластер 15 (5 seed)  объём входящих 727 475 KZT."
100000008691495100,1,False,1,0,27000.0,0.0,1,0,0.00029253895577197427,-0.0,1.0225514520154618e-17,0.0,False,1,0.0,False,1,terminal,0.8,получил 27 000 KZT от 1 плательщиков  исходящих переводов нет (глубина 1<4),38,0.25,0.2765,получил 27 000 KZT от 1 плательщиков  исходящих переводов нет (глубина 1<4) Кластер 38 (1 seed)  объём входящих 27 000 KZT.
100000003832231100,1,False,1,0,35000.0,0.0,1,0,0.0002938849718133724,-0.0,0.0004611679650745667,0.0,False,0,0.0,False,1,terminal,0.8,получил 35 000 KZT от 1 плательщиков  исходящих переводов нет (глубина 1<4),15,0.25,0.2807,получил 35 000 KZT от 1 плательщиков  исходящих переводов нет (глубина 1<4) Кластер 15 (5 seed)  объём входящих 35 000 KZT.
100000002371751100,1,False,1,1,200000.0,250000.0,5,1,0.0005309030338467364,-1.6955569193703556e-19,1.180086690251911e-19,2.0154155101540663e-07,True,14,1.25,False,1,peripheral,0.15,"низкая активность: 1 вх./1 исх. плательщиков/получателей, без выраженного паттерна",36,0.1,0.2352,"низкая активность: 1 вх./1 исх. плательщиков/получателей, без выраженного паттерна Кластер 36 (1 seed)  объём входящих 200 000 KZT."
100000002894076100,1,False,4,0,1122782.0,0.0,6,0,0.0003843819319233609,-0.0,0.00013028097700293754,0.0,False,0,0.0,False,2,coordinator,0.7,"связан с 2 seed-клиентами напрямую, betweenness=0.000",24,1.0,0.5673,"связан с 2 seed-клиентами напрямую, betweenness=0.000 Кластер 24 (2 seed)  объём входящих 1 122 782 KZT."
100000001362940100,1,False,1,0,81000.0,0.0,1,0,0.00030313244530933775,-0.0,0.0004611679650745667,0.0,False,0,0.0,False,1,terminal,0.8,получил 81 000 KZT от 1 плательщиков  исходящих переводов нет (глубина 1<4),15,0.25,0.2944,получил 81 000 KZT от 1 плательщиков  исходящих переводов нет (глубина 1<4) Кластер 15 (5 seed)  объём входящих 81 000 KZT.
100000008741372100,1,False,1,0,35975.0,0.0,1,0,0.00029443038885508933,-0.0,1.0225514520154618e-17,0.0,False,1,0.0,False,1,terminal,0.8,получил 35 975 KZT от 1 плательщиков  исходящих переводов нет (глубина 1<4),38,0.25,0.2812,получил 35 975 KZT от 1 плательщиков  исходящих переводов нет (глубина 1<4) Кластер 38 (1 seed)  объём входящих 35 975 KZT.
100000002618492100,1,False,2,0,296500.0,0.0,2,0,0.00037066846997843025,-0.0,0.00014602774038052383,0.0,False,0,0.0,False,1,terminal,0.8,получил 296 500 KZT от 2 плательщиков  исходящих переводов нет (глубина 1<4),5,0.25,0.3156,получил 296 500 KZT от 2 плательщиков  исходящих переводов нет (глубина 1<4) Кластер 5 (1 seed)  объём входящих 296 500 KZT.
100000002750332100,1,False,1,0,11360.0,0.0,1,0,0.00028807404610007176,-0.0,2.2747805460121378e-05,0.0,False,0,0.0,False,1,terminal,0.8,получил 11 360 KZT от 1 плательщиков  исходящих переводов нет (глубина 1<4),24,0.25,0.2624,получил 11 360 KZT от 1 плательщиков  исходящих переводов нет (глубина 1<4) Кластер 24 (2 seed)  объём входящих 11 360 KZT.
100000004948177100,1,False,3,0,437163.0,0.0,8,0,0.00042401244562977693,-0.0,0.00032984033923955954,0.0,False,0,0.0,False,1,terminal,0.8,получил 437 163 KZT от 3 плательщиков  исходящих переводов нет (глубина 1<4),2,0.25,0.322,получил 437 163 KZT от 3 плательщиков  исходящих переводов нет (глубина 1<4) Кластер 2 (7 seed)  объём входящих 437 163 KZT.
100000002511825100,1,False,1,0,65000.0,0.0,1,0,0.00029909538371887886,-0.0,0.0021516816268908243,0.0,False,0,0.0,False,1,terminal,0.8,получил 65 000 KZT от 1 плательщиков  исходящих переводов нет (глубина 1<4),8,0.25,0.2908,получил 65 000 KZT от 1 плательщиков  исходящих переводов нет (глубина 1<4) Кластер 8 (1 seed)  объём входящих 65 000 KZT.
100000008566737100,1,False,2,0,230000.0,0.0,2,0,0.00035100729487815317,-0.0,0.0006222222245243991,0.0,False,0,0.0,False,1,terminal,0.8,получил 230 000 KZT от 2 плательщиков  исходящих переводов нет (глубина 1<4),8,0.25,0.3115,получил 230 000 KZT от 2 плательщиков  исходящих переводов нет (глубина 1<4) Кластер 8 (1 seed)  объём входящих 230 000 KZT.
100000008661585100,1,False,1,0,43141.0,0.0,1,0,0.00029594058489671636,-0.0,1.0225514520154618e-17,0.0,False,1,0.0,False,1,terminal,0.8,получил 43 141 KZT от 1 плательщиков  исходящих переводов нет (глубина 1<4),38,0.25,0.2842,получил 43 141 KZT от 1 плательщиков  исходящих переводов нет (глубина 1<4) Кластер 38 (1 seed)  объём входящих 43 141 KZT.
100000004759121100,1,False,6,2,710000.0,312000.0,10,6,0.001425134238056269,6.544687409363431e-19,0.0103502369987131,7.839966334499319e-05,True,0,0.4394366197183099,False,1,consolidator,0.6,получает от 6 разных плательщиков (710 000 KZT)  отдаёт дальше 44% полученного,8,0.9,0.467,получает от 6 разных плательщиков (710 000 KZT)  отдаёт дальше 44% полученного Кластер 8 (1 seed)  объём входящих 710 000 KZT.
100000004360785100,1,False,1,0,94705.0,0.0,1,0,0.0002970768226574279,-0.0,0.0002952416133208372,0.0,False,0,0.0,False,1,terminal,0.8,получил 94 705 KZT от 1 плательщиков  исходящих переводов нет (глубина 1<4),2,0.25,0.297,получил 94 705 KZT от 1 плательщиков  исходящих переводов нет (глубина 1<4) Кластер 2 (7 seed)  объём входящих 94 705 KZT.
100000005092518100,1,False,1,0,26144.0,0.0,1,0,0.00029235855836594126,-0.0,1.0225514520154618e-17,0.0,False,1,0.0,False,1,terminal,0.8,получил 26 144 KZT от 1 плательщиков  исходящих переводов нет (глубина 1<4),38,0.25,0.276,получил 26 144 KZT от 1 плательщиков  исходящих переводов нет (глубина 1<4) Кластер 38 (1 seed)  объём входящих 26 144 KZT.
100000008737958100,1,False,2,0,53373.0,0.0,2,0,0.0003009630124549001,-0.0,1.0001383881713085e-17,0.0,False,1,0.0,False,1,terminal,0.8,получил 53 373 KZT от 2 плательщиков  исходящих переводов нет (глубина 1<4),38,0.25,0.2876,получил 53 373 KZT от 2 плательщиков  исходящих переводов нет (глубина 1<4) Кластер 38 (1 seed)  объём входящих 53 373 KZT.
100000003044518100,1,False,1,0,34423.0,0.0,1,0,0.0002888311674551139,-0.0,4.3414150090413515e-06,0.0,False,0,0.0,False,1,terminal,0.8,получил 34 423 KZT от 1 плательщиков  исходящих переводов нет (глубина 1<4),24,0.25,0.2805,получил 34 423 KZT от 1 плательщиков  исходящих переводов нет (глубина 1<4) Кластер 24 (2 seed)  объём входящих 34 423 KZT.
100000004159526100,1,False,4,4,275037.0,68000.0,4,6,0.0008567019383121542,-5.159474636788448e-19,5.239896447168564e-05,9.956152620161088e-05,True,0,0.24723946232688693,False,1,peripheral,0.15,"низкая активность: 4 вх./4 исх. плательщиков/получателей, без выраженного паттерна",0,0.1,0.2418,"низкая активность: 4 вх./4 исх. плательщиков/получателей, без выраженного паттерна Кластер 0 (0 seed)  объём входящих 275 037 KZT."
100000007544358100,1,False,2,1,322500.0,350000.0,2,3,0.00034208926864801845,1.197629307117963e-19,0.0003197167634671029,1.9952613550525257e-05,True,0,1.0852713178294573,False,1,transit,0.915,"получает от 2, передаёт 1; pass-through 1.09 — деньги не задерживаются",2,0.35,0.3654,"получает от 2, передаёт 1; pass-through 1.09 — деньги не задерживаются Кластер 2 (7 seed)  объём входящих 322 500 KZT."
100000005901606100,1,False,1,0,35660.0,0.0,1,0,0.0002943640042956263,-0.0,1.0225514520154618e-17,0.0,False,1,0.0,False,1,terminal,0.8,получил 35 660 KZT от 1 плательщиков  исходящих переводов нет (глубина 1<4),38,0.25,0.2811,получил 35 660 KZT от 1 плательщиков  исходящих переводов нет (глубина 1<4) Кластер 38 (1 seed)  объём входящих 35 660 KZT.
100000006658598100,1,False,1,0,9000.0,0.0,1,0,0.0002878208347080887,-0.0,0.0002952416133208372,0.0,False,0,0.0,False,1,terminal,0.8,получил 9 000 KZT от 1 плательщиков  исходящих переводов нет (глубина 1<4),2,0.25,0.2586,получил 9 000 KZT от 1 плательщиков  исходящих переводов нет (глубина 1<4) Кластер 2 (7 seed)  объём входящих 9 000 KZT.
100000002793851100,1,False,1,0,11052.0,0.0,1,0,0.00028804244706760154,-0.0,0.0002952416133208372,0.0,False,0,0.0,False,1,terminal,0.8,получил 11 052 KZT от 1 плательщиков  исходящих переводов нет (глубина 1<4),2,0.25,0.2619,получил 11 052 KZT от 1 плательщиков  исходящих переводов нет (глубина 1<4) Кластер 2 (7 seed)  объём входящих 11 052 KZT.
100000005612411100,1,False,3,8,115500.0,506997.0,4,8,0.0003286627982415822,2.092410505052417e-20,0.00028074996253846116,0.0001580085759960788,True,0,4.389584415584416,False,1,peripheral,0.15,"низкая активность: 3 вх./8 исх. плательщиков/получателей, без выраженного паттерна",15,0.1,0.2285,"низкая активность: 3 вх./8 исх. плательщиков/получателей, без выраженного паттерна Кластер 15 (5 seed)  объём входящих 115 500 KZT."
100000007511163100,1,False,2,3,63666.0,82052.0,2,3,0.0003410988058420589,0.00012739686232496618,0.0003053651890932943,3.3858980570588316e-05,False,0,1.2887883642760658,False,2,coordinator,0.705,"связан с 2 seed-клиентами напрямую, betweenness=0.000",2,1.0,0.523,"связан с 2 seed-клиентами напрямую, betweenness=0.000 Кластер 2 (7 seed)  объём входящих 63 666 KZT."
100000002648315100,1,False,1,2,132000.0,76000.0,1,3,0.00029445033267719544,5.855600921451124e-20,4.3414150090413515e-06,4.0308310203081327e-07,True,0,0.5757575757575758,False,1,peripheral,0.15,"низкая активность: 1 вх./2 исх. плательщиков/получателей, без выраженного паттерна",24,0.1,0.2284,"низкая активность: 1 вх./2 исх. плательщиков/получателей, без выраженного паттерна Кластер 24 (2 seed)  объём входящих 132 000 KZT."
100000004739664100,1,False,1,1,12000.0,10000.0,1,1,0.00028937778627373184,-1.3809018787096382e-19,1.0225514520154618e-17,1.4107908571078464e-06,True,1,0.8333333333333334,False,1,transit,0.833,"получает от 1, передаёт 1; pass-through 0.83 — деньги не задерживаются",38,0.35,0.2999,"получает от 1, передаёт 1; pass-through 0.83 — деньги не задерживаются Кластер 38 (1 seed)  объём входящих 12 000 KZT."
100000003713616100,1,False,1,0,15893.0,0.0,1,0,0.0002885652664791032,-0.0,0.0002952416133208372,0.0,False,0,0.0,False,1,terminal,0.8,получил 15 893 KZT от 1 плательщиков  исходящих переводов нет (глубина 1<4),2,0.25,0.2679,получил 15 893 KZT от 1 плательщиков  исходящих переводов нет (глубина 1<4) Кластер 2 (7 seed)  объём входящих 15 893 KZT.
100000003476560100,1,False,1,0,50000.0,0.0,1,0,0.0002969004523011872,-0.0,0.0004611679650745667,0.0,False,0,0.0,False,1,terminal,0.8,получил 50 000 KZT от 1 плательщиков  исходящих переводов нет (глубина 1<4),15,0.25,0.2866,получил 50 000 KZT от 1 плательщиков  исходящих переводов нет (глубина 1<4) Кластер 15 (5 seed)  объём входящих 50 000 KZT.
100000008782800100,1,False,1,0,43381.0,0.0,1,0,0.00029599116360868824,-0.0,1.0225514520154618e-17,0.0,False,1,0.0,False,1,terminal,0.8,получил 43 381 KZT от 1 плательщиков  исходящих переводов нет (глубина 1<4),38,0.25,0.2843,получил 43 381 KZT от 1 плательщиков  исходящих переводов нет (глубина 1<4) Кластер 38 (1 seed)  объём входящих 43 381 KZT.
100000004218576100,1,False,1,0,26144.0,0.0,1,0,0.00029235855836594126,-0.0,1.0225514520154618e-17,0.0,False,1,0.0,False,1,terminal,0.8,получил 26 144 KZT от 1 плательщиков  исходящих переводов нет (глубина 1<4),38,0.25,0.276,получил 26 144 KZT от 1 плательщиков  исходящих переводов нет (глубина 1<4) Кластер 38 (1 seed)  объём входящих 26 144 KZT.
100000003299365100,1,False,1,1,200000.0,200000.0,1,1,0.00032705525717933515,0.0005761766950985906,0.0004611679650745667,0.0,False,0,1.0,False,1,transit,1.0,"получает от 1, передаёт 1; pass-through 1.00 — деньги не задерживаются",15,0.35,0.3692,"получает от 1, передаёт 1; pass-through 1.00 — деньги не задерживаются Кластер 15 (5 seed)  объём входящих 200 000 KZT."
100000008730021100,1,False,1,0,75555.0,0.0,3,0,0.00047017474651074484,-0.0,2.394324320260348e-06,0.0,False,0,0.0,False,1,terminal,0.8,получил 75 555 KZT от 1 плательщиков  исходящих переводов нет (глубина 1<4),3,0.25,0.2933,получил 75 555 KZT от 1 плательщиков  исходящих переводов нет (глубина 1<4) Кластер 3 (3 seed)  объём входящих 75 555 KZT.
100000002757797100,1,False,1,0,100000.0,0.0,1,0,0.0003035151884030096,-0.0,1.0100033668708853e-05,0.0,False,0,0.0,False,1,terminal,0.8,получил 100 000 KZT от 1 плательщиков  исходящих переводов нет (глубина 1<4),13,0.25,0.2979,получил 100 000 KZT от 1 плательщиков  исходящих переводов нет (глубина 1<4) Кластер 13 (1 seed)  объём входящих 100 000 KZT.
100000002845605100,1,False,1,0,57567.0,0.0,1,0,0.0002976949455632769,-0.0,0.0021516816268908243,0.0,False,0,0.0,False,1,terminal,0.8,получил 57 567 KZT от 1 плательщиков  исходящих переводов нет (глубина 1<4),8,0.25,0.2889,получил 57 567 KZT от 1 плательщиков  исходящих переводов нет (глубина 1<4) Кластер 8 (1 seed)  объём входящих 57 567 KZT.
100000000817146100,1,False,1,0,70020.0,0.0,1,0,0.0005919922486484172,-0.0,-8.846159017696149e-21,0.0,False,0,0.0,False,1,terminal,0.8,получил 70 020 KZT от 1 плательщиков  исходящих переводов нет (глубина 1<4),2,0.25,0.2921,получил 70 020 KZT от 1 плательщиков  исходящих переводов нет (глубина 1<4) Кластер 2 (7 seed)  объём входящих 70 020 KZT.
100000002957306100,1,False,2,0,398490.0,0.0,2,0,0.00035676811080891124,-0.0,0.0005839675713304565,0.0,False,0,0.0,False,2,coordinator,0.7,"связан с 2 seed-клиентами напрямую, betweenness=0.000",5,1.0,0.5504,"связан с 2 seed-клиентами напрямую, betweenness=0.000 Кластер 5 (1 seed)  объём входящих 398 490 KZT."
100000008188026100,1,False,2,4,86468.0,337983.17,5,4,0.0003006429930811247,-3.982122049454716e-19,0.000347811449849661,0.000194286055178852,True,0,3.9087659018365173,False,1,peripheral,0.15,"низкая активность: 2 вх./4 исх. плательщиков/получателей, без выраженного паттерна",3,0.1,0.2243,"низкая активность: 2 вх./4 исх. плательщиков/получателей, без выраженного паттерна Кластер 3 (3 seed)  объём входящих 86 468 KZT."
100000004790991100,1,False,1,0,239413.0,0.0,4,0,0.00031270502992856704,-0.0,0.0002952416133208372,0.0,False,0,0.0,False,1,terminal,0.8,получил 239 413 KZT от 1 плательщиков  исходящих переводов нет (глубина 1<4),2,0.25,0.3121,получил 239 413 KZT от 1 плательщиков  исходящих переводов нет (глубина 1<4) Кластер 2 (7 seed)  объём входящих 239 413 KZT.
100000002973903100,1,False,3,0,92880.0,0.0,3,0,0.0003182802675880095,-0.0,0.0001549274525417348,0.0,False,0,0.0,False,1,terminal,0.8,получил 92 880 KZT от 3 плательщиков  исходящих переводов нет (глубина 1<4),13,0.25,0.2967,получил 92 880 KZT от 3 плательщиков  исходящих переводов нет (глубина 1<4) Кластер 13 (1 seed)  объём входящих 92 880 KZT.
100000004325327100,1,False,2,1,70817.0,70000.0,3,1,0.00029711325361029054,-1.5610627599107014e-19,0.005057463282107322,3.909906089698889e-05,True,0,0.988463222107686,False,1,transit,0.988,"получает от 2, передаёт 1; pass-through 0.99 — деньги не задерживаются",8,0.35,0.3511,"получает от 2, передаёт 1; pass-through 0.99 — деньги не задерживаются Кластер 8 (1 seed)  объём входящих 70 817 KZT."
100000001477796100,1,False,1,0,182000.0,0.0,1,0,0.0003321339211112198,-0.0,6.780076054127141e-05,0.0,False,0,0.0,False,1,terminal,0.8,получил 182 000 KZT от 1 плательщиков  исходящих переводов нет (глубина 1<4),15,0.25,0.3077,получил 182 000 KZT от 1 плательщиков  исходящих переводов нет (глубина 1<4) Кластер 15 (5 seed)  объём входящих 182 000 KZT.
100000007536804100,1,False,1,2,100000.0,55000.0,1,2,0.00029260754916154514,-1.641543476899665e-20,4.3414150090413515e-06,8.061662040616265e-07,True,0,0.55,False,1,peripheral,0.15,"низкая активность: 1 вх./2 исх. плательщиков/получателей, без выраженного паттерна",24,0.1,0.2239,"низкая активность: 1 вх./2 исх. плательщиков/получателей, без выраженного паттерна Кластер 24 (2 seed)  объём входящих 100 000 KZT."
100000008665380100,1,False,2,1,69100.0,18200.0,2,1,0.0002920753644667843,9.758552007034303e-20,0.005057463282107322,1.9549530448494444e-05,True,0,0.2633863965267728,False,1,peripheral,0.15,"низкая активность: 2 вх./1 исх. плательщиков/получателей, без выраженного паттерна",8,0.1,0.2181,"низкая активность: 2 вх./1 исх. плательщиков/получателей, без выраженного паттерна Кластер 8 (1 seed)  объём входящих 69 100 KZT."
100000001870116100,1,False,1,0,24000.0,0.0,1,0,0.0002919067218723258,-0.0,1.0225514520154618e-17,0.0,False,1,0.0,False,1,terminal,0.8,получил 24 000 KZT от 1 плательщиков  исходящих переводов нет (глубина 1<4),38,0.25,0.2746,получил 24 000 KZT от 1 плательщиков  исходящих переводов нет (глубина 1<4) Кластер 38 (1 seed)  объём входящих 24 000 KZT.
100000001074553100,1,False,2,0,28971.0,0.0,2,0,0.00029079508036821935,-0.0,3.284783912883029e-05,0.0,False,0,0.0,False,2,coordinator,0.7,"связан с 2 seed-клиентами напрямую, betweenness=0.000",24,1.0,0.5077,"связан с 2 seed-клиентами напрямую, betweenness=0.000 Кластер 24 (2 seed)  объём входящих 28 971 KZT."
100000000978041100,1,False,1,0,44445.0,0.0,1,0,0.00029621539589843026,-0.0,1.0225514520154618e-17,0.0,False,1,0.0,False,1,terminal,0.8,получил 44 445 KZT от 1 плательщиков  исходящих переводов нет (глубина 1<4),38,0.25,0.2846,получил 44 445 KZT от 1 плательщиков  исходящих переводов нет (глубина 1<4) Кластер 38 (1 seed)  объём входящих 44 445 KZT.
100000002603769100,1,False,3,0,1185368.0,0.0,3,0,0.0005438818121874436,-0.0,0.003320880216401806,0.0,False,0,0.0,False,1,terminal,0.8,получил 1 185 368 KZT от 3 плательщиков  исходящих переводов нет (глубина 1<4),8,0.25,0.3382,получил 1 185 368 KZT от 3 плательщиков  исходящих переводов нет (глубина 1<4) Кластер 8 (1 seed)  объём входящих 1 185 368 KZT.
100000005034574100,1,False,1,0,258816.0,0.0,16,0,0.00042696172925917313,-0.0,-2.838828581166449e-19,0.0,False,9,0.0,False,1,terminal,0.8,получил 258 816 KZT от 1 плательщиков  исходящих переводов нет (глубина 1<4),26,0.25,0.3134,получил 258 816 KZT от 1 плательщиков  исходящих переводов нет (глубина 1<4) Кластер 26 (1 seed)  объём входящих 258 816 KZT.
100000002958286100,1,False,1,0,257000.0,0.0,1,0,0.0003145667401300689,-0.0,2.2747805460121378e-05,0.0,False,0,0.0,False,1,terminal,0.8,получил 257 000 KZT от 1 плательщиков  исходящих переводов нет (глубина 1<4),24,0.25,0.3133,получил 257 000 KZT от 1 плательщиков  исходящих переводов нет (глубина 1<4) Кластер 24 (2 seed)  объём входящих 257 000 KZT.
100000005634552100,1,False,1,3,25850.0,1196000.0,1,4,0.0002896406048142245,0.001679076034202197,0.0002952416133208372,3.1642023509418844e-05,True,0,46.2669245647969,False,1,peripheral,0.15,"низкая активность: 1 вх./3 исх. плательщиков/получателей, без выраженного паттерна",8,0.1,0.2023,"низкая активность: 1 вх./3 исх. плательщиков/получателей, без выраженного паттерна Кластер 8 (1 seed)  объём входящих 25 850 KZT."
100000008736760100,1,False,1,0,54757.0,0.0,1,0,0.00029838859455615536,-0.0,1.0225514520154618e-17,0.0,False,1,0.0,False,1,terminal,0.8,получил 54 757 KZT от 1 плательщиков  исходящих переводов нет (глубина 1<4),38,0.25,0.2881,получил 54 757 KZT от 1 плательщиков  исходящих переводов нет (глубина 1<4) Кластер 38 (1 seed)  объём входящих 54 757 KZT.
100000008701944100,1,False,1,0,52124.0,0.0,1,0,0.0004133220026112795,-0.0,2.394324320260348e-06,0.0,False,0,0.0,False,1,terminal,0.8,получил 52 124 KZT от 1 плательщиков  исходящих переводов нет (глубина 1<4),3,0.25,0.2872,получил 52 124 KZT от 1 плательщиков  исходящих переводов нет (глубина 1<4) Кластер 3 (3 seed)  объём входящих 52 124 KZT.
100000008748408100,1,False,1,21,360000.0,1499960.0,2,22,0.0003355410946441464,0.001541184209978465,4.08958990433193e-05,7.457037387570046e-06,True,0,4.166555555555555,False,1,distributor,0.7,рассылает 1 499 960 KZT на 21 разных получателей,1,0.75,0.4489,рассылает 1 499 960 KZT на 21 разных получателей Кластер 1 (3 seed)  объём входящих 360 000 KZT.
100000008486520100,1,False,1,1,35720.0,14000.0,2,1,0.0002907065473036939,-2.320265391884199e-19,0.0002952416133208372,1.9549530448494444e-05,True,0,0.3919372900335946,False,1,peripheral,0.15,"низкая активность: 1 вх./1 исх. плательщиков/получателей, без выраженного паттерна",2,0.1,0.2074,"низкая активность: 1 вх./1 исх. плательщиков/получателей, без выраженного паттерна Кластер 2 (7 seed)  объём входящих 35 720 KZT."
100000003163256100,1,False,1,1,13485.0,15000.0,1,1,0.0002883052067511759,-8.063250475705962e-20,0.0002952416133208372,1.9549530448494444e-05,True,0,1.1123470522803114,False,1,transit,0.888,"получает от 1, передаёт 1; pass-through 1.11 — деньги не задерживаются",2,0.35,0.3098,"получает от 1, передаёт 1; pass-through 1.11 — деньги не задерживаются Кластер 2 (7 seed)  объём входящих 13 485 KZT."
100000003102157100,1,False,1,0,96746.0,0.0,2,0,0.000305076590457442,-0.0,0.0021516816268908243,0.0,False,0,0.0,False,1,terminal,0.8,получил 96 746 KZT от 1 плательщиков  исходящих переводов нет (глубина 1<4),8,0.25,0.2973,получил 96 746 KZT от 1 плательщиков  исходящих переводов нет (глубина 1<4) Кластер 8 (1 seed)  объём входящих 96 746 KZT.
100000004741837100,1,False,1,0,25596.0,0.0,1,0,0.0002896131732648501,-0.0,0.0002952416133208372,0.0,False,0,0.0,False,1,terminal,0.8,получил 25 596 KZT от 1 плательщиков  исходящих переводов нет (глубина 1<4),2,0.25,0.2756,получил 25 596 KZT от 1 плательщиков  исходящих переводов нет (глубина 1<4) Кластер 2 (7 seed)  объём входящих 25 596 KZT.
100000008443341100,1,False,2,3,34500.0,50000.0,2,4,0.0006717923143888374,0.0002401614833999988,0.002168885072987578,0.00034040367966502183,True,0,1.4492753623188406,False,1,peripheral,0.15,"низкая активность: 2 вх./3 исх. плательщиков/получателей, без выраженного паттерна",8,0.1,0.2114,"низкая активность: 2 вх./3 исх. плательщиков/получателей, без выраженного паттерна Кластер 8 (1 seed)  объём входящих 34 500 KZT."
100000004792397100,1,False,1,0,73520.0,0.0,1,0,0.0003023427961091902,-0.0,1.0225514520154618e-17,0.0,False,1,0.0,False,1,terminal,0.8,получил 73 520 KZT от 1 плательщиков  исходящих переводов нет (глубина 1<4),38,0.25,0.2929,получил 73 520 KZT от 1 плательщиков  исходящих переводов нет (глубина 1<4) Кластер 38 (1 seed)  объём входящих 73 520 KZT.
100000003809101100,1,False,2,2,166050.0,55200.0,3,4,0.0003635610112366245,-1.3785466404904507e-19,0.00012382997603206845,0.0001368467131394611,True,0,0.3324299909665763,False,1,peripheral,0.15,"низкая активность: 2 вх./2 исх. плательщиков/получателей, без выраженного паттерна",5,0.1,0.2341,"низкая активность: 2 вх./2 исх. плательщиков/получателей, без выраженного паттерна Кластер 5 (1 seed)  объём входящих 166 050 KZT."
100000002838861100,1,False,5,1,554523.95,10000.0,5,1,0.002144533479807019,-4.0179484181352745e-21,3.0731960461665056e-05,1.975107199950985e-05,True,0,0.018033486200190272,False,2,coordinator,0.703,"связан с 2 seed-клиентами напрямую, betweenness=0.000, точка сочленения сети",24,1.0,0.5573,"связан с 2 seed-клиентами напрямую, betweenness=0.000, точка сочленения сети Кластер 24 (2 seed)  объём входящих 554 524 KZT."
100000008560717100,1,False,7,1,529000.0,25000.0,9,1,0.0003322955354998569,2.346367517228424e-20,0.012337796852200864,1.9549530448494444e-05,True,0,0.04725897920604915,False,1,consolidator,0.7,получает от 7 разных плательщиков (529 000 KZT)  отдаёт дальше 5% полученного,9,0.9,0.4973,получает от 7 разных плательщиков (529 000 KZT)  отдаёт дальше 5% полученного Кластер 9 (0 seed)  объём входящих 529 000 KZT.
100000008693069100,1,False,1,0,20000.0,0.0,1,0,0.0002910637433394611,-0.0,1.0225514520154618e-17,0.0,False,1,0.0,False,1,terminal,0.8,получил 20 000 KZT от 1 плательщиков  исходящих переводов нет (глубина 1<4),38,0.25,0.2716,получил 20 000 KZT от 1 плательщиков  исходящих переводов нет (глубина 1<4) Кластер 38 (1 seed)  объём входящих 20 000 KZT.
100000008672162100,1,False,1,0,15550.0,0.0,1,0,0.0002901259297216492,-0.0,1.0225514520154618e-17,0.0,False,1,0.0,False,1,terminal,0.8,получил 15 550 KZT от 1 плательщиков  исходящих переводов нет (глубина 1<4),38,0.25,0.2675,получил 15 550 KZT от 1 плательщиков  исходящих переводов нет (глубина 1<4) Кластер 38 (1 seed)  объём входящих 15 550 KZT.
100000007311010100,1,False,2,1,64480.0,20000.0,2,1,0.00031073529373132754,7.286079702105409e-20,0.0006039352620193496,2.43865276728642e-05,True,0,0.31017369727047145,False,1,peripheral,0.15,"низкая активность: 2 вх./1 исх. плательщиков/получателей, без выраженного паттерна",15,0.1,0.2171,"низкая активность: 2 вх./1 исх. плательщиков/получателей, без выраженного паттерна Кластер 15 (5 seed)  объём входящих 64 480 KZT."
100000005505655100,1,False,2,1,33070.0,20000.0,2,1,0.0003229334635277658,8.933928361497922e-09,0.00029774229506284735,0.0002736934262789222,True,0,0.6047777441790142,False,1,peripheral,0.15,"низкая активность: 2 вх./1 исх. плательщиков/получателей, без выраженного паттерна",51,0.1,0.2098,"низкая активность: 2 вх./1 исх. плательщиков/получателей, без выраженного паттерна Кластер 51 (0 seed)  объём входящих 33 070 KZT."
100000004707703100,1,False,2,5,239300.0,231650.0,3,6,0.0006383417067098001,7.525374197765901e-19,0.0002976021731345221,0.0001638532809755256,True,0,0.9680317592979524,False,3,coordinator,0.872,"связан с 3 seed-клиентами напрямую, betweenness=0.000, точка сочленения сети",2,1.0,0.6433,"связан с 3 seed-клиентами напрямую, betweenness=0.000, точка сочленения сети Кластер 2 (7 seed)  объём входящих 239 300 KZT."
100000004005964100,1,False,3,3,97900.0,72000.0,9,5,0.000406285803905278,4.120924434102011e-19,7.509415564983455e-19,0.0,False,4,0.7354443309499489,False,1,peripheral,0.15,"низкая активность: 3 вх./3 исх. плательщиков/получателей, без выраженного паттерна",44,0.1,0.2235,"низкая активность: 3 вх./3 исх. плательщиков/получателей, без выраженного паттерна Кластер 44 (1 seed)  объём входящих 97 900 KZT."
100000008244300100,1,False,5,0,65430.0,0.0,6,0,0.00048145402937650815,-0.0,0.00015744284086380267,0.0,False,0,0.0,False,1,consolidator,0.5,получает от 5 разных плательщиков (65 430 KZT)  отдаёт дальше 0% полученного,9,0.9,0.391,получает от 5 разных плательщиков (65 430 KZT)  отдаёт дальше 0% полученного Кластер 9 (0 seed)  объём входящих 65 430 KZT.
100000002692044100,1,False,1,0,97000.0,0.0,1,0,0.0003030151982711734,-0.0,1.0100033668708853e-05,0.0,False,0,0.0,False,1,terminal,0.8,получил 97 000 KZT от 1 плательщиков  исходящих переводов нет (глубина 1<4),13,0.25,0.2974,получил 97 000 KZT от 1 плательщиков  исходящих переводов нет (глубина 1<4) Кластер 13 (1 seed)  объём входящих 97 000 KZT.
100000001103905100,1,False,1,0,18000.0,0.0,1,0,0.0002906422540730288,-0.0,1.0225514520154618e-17,0.0,False,1,0.0,False,1,terminal,0.8,получил 18 000 KZT от 1 плательщиков  исходящих переводов нет (глубина 1<4),38,0.25,0.2699,получил 18 000 KZT от 1 плательщиков  исходящих переводов нет (глубина 1<4) Кластер 38 (1 seed)  объём входящих 18 000 KZT.
100000008755361100,1,False,1,0,14627.0,0.0,1,0,0.0002899314124251907,-0.0,1.0225514520154618e-17,0.0,False,1,0.0,False,1,terminal,0.8,получил 14 627 KZT от 1 плательщиков  исходящих переводов нет (глубина 1<4),38,0.25,0.2665,получил 14 627 KZT от 1 плательщиков  исходящих переводов нет (глубина 1<4) Кластер 38 (1 seed)  объём входящих 14 627 KZT.
100000002810870100,1,False,1,0,33677.0,0.0,1,0,0.0002939460976879586,-0.0,1.0225514520154618e-17,0.0,False,1,0.0,False,1,terminal,0.8,получил 33 677 KZT от 1 плательщиков  исходящих переводов нет (глубина 1<4),38,0.25,0.2801,получил 33 677 KZT от 1 плательщиков  исходящих переводов нет (глубина 1<4) Кластер 38 (1 seed)  объём входящих 33 677 KZT.
100000005897462100,1,False,1,0,98400.0,0.0,1,0,0.0003018442668310854,-0.0,0.0001227996062558897,0.0,False,0,0.0,False,1,terminal,0.8,получил 98 400 KZT от 1 плательщиков  исходящих переводов нет (глубина 1<4),5,0.25,0.2976,получил 98 400 KZT от 1 плательщиков  исходящих переводов нет (глубина 1<4) Кластер 5 (1 seed)  объём входящих 98 400 KZT.
100000000941942100,1,False,1,0,130000.0,0.0,1,0,0.00031298301490286607,-0.0,0.0004611679650745667,0.0,False,0,0.0,False,1,terminal,0.8,получил 130 000 KZT от 1 плательщиков  исходящих переводов нет (глубина 1<4),15,0.25,0.3022,получил 130 000 KZT от 1 плательщиков  исходящих переводов нет (глубина 1<4) Кластер 15 (5 seed)  объём входящих 130 000 KZT.
100000008723830100,1,False,2,1,459785.0,455000.0,2,1,0.0003417527073129887,-3.475762115478166e-20,0.0003197167634671029,1.9952613550525257e-05,True,0,0.9895929619278576,False,1,transit,0.99,"получает от 2, передаёт 1; pass-through 0.99 — деньги не задерживаются",2,0.35,0.3817,"получает от 2, передаёт 1; pass-through 0.99 — деньги не задерживаются Кластер 2 (7 seed)  объём входящих 459 785 KZT."
100000008776576100,1,False,1,0,14765.0,0.0,1,0,0.0002899604951845745,-0.0,1.0225514520154618e-17,0.0,False,1,0.0,False,1,terminal,0.8,получил 14 765 KZT от 1 плательщиков  исходящих переводов нет (глубина 1<4),38,0.25,0.2667,получил 14 765 KZT от 1 плательщиков  исходящих переводов нет (глубина 1<4) Кластер 38 (1 seed)  объём входящих 14 765 KZT.
100000005432267100,1,False,2,0,350001.0,0.0,2,0,0.000343840296909673,-0.0,0.0005748252019694644,0.0,False,0,0.0,False,1,terminal,0.8,получил 350 001 KZT от 2 плательщиков  исходящих переводов нет (глубина 1<4),15,0.25,0.3183,получил 350 001 KZT от 2 плательщиков  исходящих переводов нет (глубина 1<4) Кластер 15 (5 seed)  объём входящих 350 001 KZT.
100000006745291100,1,False,1,0,82534.0,0.0,1,0,0.0002994264083683794,-0.0,0.0001227996062558897,0.0,False,0,0.0,False,1,terminal,0.8,получил 82 534 KZT от 1 плательщиков  исходящих переводов нет (глубина 1<4),5,0.25,0.2947,получил 82 534 KZT от 1 плательщиков  исходящих переводов нет (глубина 1<4) Кластер 5 (1 seed)  объём входящих 82 534 KZT.
100000008670667100,1,False,1,0,15534.0,0.0,1,0,0.00029012255780751776,-0.0,1.0225514520154618e-17,0.0,False,1,0.0,False,1,terminal,0.8,получил 15 534 KZT от 1 плательщиков  исходящих переводов нет (глубина 1<4),38,0.25,0.2675,получил 15 534 KZT от 1 плательщиков  исходящих переводов нет (глубина 1<4) Кластер 38 (1 seed)  объём входящих 15 534 KZT.
100000002480800100,1,False,2,0,569251.0,0.0,2,0,0.0006438277688958372,-0.0,0.0004648551640214541,0.0,False,0,0.0,False,1,terminal,0.8,получил 569 251 KZT от 2 плательщиков  исходящих переводов нет (глубина 1<4),15,0.25,0.3263,получил 569 251 KZT от 2 плательщиков  исходящих переводов нет (глубина 1<4) Кластер 15 (5 seed)  объём входящих 569 251 KZT.
100000002182176100,1,False,1,0,42465.0,0.0,1,0,0.0002948496049167142,-0.0,0.0021516816268908243,0.0,False,0,0.0,False,1,terminal,0.8,получил 42 465 KZT от 1 плательщиков  исходящих переводов нет (глубина 1<4),8,0.25,0.2839,получил 42 465 KZT от 1 плательщиков  исходящих переводов нет (глубина 1<4) Кластер 8 (1 seed)  объём входящих 42 465 KZT.
100000008219168100,1,False,1,0,53200.0,0.0,2,0,0.0002899124782699065,-0.0,4.3414150090413515e-06,0.0,False,0,0.0,False,1,terminal,0.8,получил 53 200 KZT от 1 плательщиков  исходящих переводов нет (глубина 1<4),24,0.25,0.2876,получил 53 200 KZT от 1 плательщиков  исходящих переводов нет (глубина 1<4) Кластер 24 (2 seed)  объём входящих 53 200 KZT.
100000004226848100,1,False,1,0,301866.0,0.0,1,0,0.000347533586204118,-0.0,0.0004611679650745667,0.0,False,0,0.0,False,1,terminal,0.8,получил 301 866 KZT от 1 плательщиков  исходящих переводов нет (глубина 1<4),15,0.25,0.3159,получил 301 866 KZT от 1 плательщиков  исходящих переводов нет (глубина 1<4) Кластер 15 (5 seed)  объём входящих 301 866 KZT.
100000006326645100,1,False,1,0,25264.0,0.0,1,0,0.000292173103088711,-0.0,1.0225514520154618e-17,0.0,False,1,0.0,False,1,terminal,0.8,получил 25 264 KZT от 1 плательщиков  исходящих переводов нет (глубина 1<4),38,0.25,0.2754,получил 25 264 KZT от 1 плательщиков  исходящих переводов нет (глубина 1<4) Кластер 38 (1 seed)  объём входящих 25 264 KZT.
100000003589877100,1,False,2,6,176000.0,416129.0,2,6,0.00030834598588796167,0.00012316260585161433,4.833056457588846e-06,0.0001122586439155815,True,0,2.364369318181818,False,1,peripheral,0.15,"низкая активность: 2 вх./6 исх. плательщиков/получателей, без выраженного паттерна",32,0.1,0.2347,"низкая активность: 2 вх./6 исх. плательщиков/получателей, без выраженного паттерна Кластер 32 (0 seed)  объём входящих 176 000 KZT."
100000003942602100,1,False,1,1,30000.0,30000.0,1,1,0.00029317118967162276,4.593950530359936e-20,1.0225514520154618e-17,0.0,False,1,1.0,False,1,transit,1.0,"получает от 1, передаёт 1; pass-through 1.00 — деньги не задерживаются",38,0.35,0.3382,"получает от 1, передаёт 1; pass-through 1.00 — деньги не задерживаются Кластер 38 (1 seed)  объём входящих 30 000 KZT."
100000000922570100,1,False,1,1,47101.0,50000.0,1,1,0.00029469886240834274,6.536159348967401e-20,1.0100033668708853e-05,2.0154155101540663e-07,True,0,1.0615485870788306,False,1,transit,0.938,"получает от 1, передаёт 1; pass-through 1.06 — деньги не задерживаются",13,0.35,0.3369,"получает от 1, передаёт 1; pass-through 1.06 — деньги не задерживаются Кластер 13 (1 seed)  объём входящих 47 101 KZT."
100000005079754100,1,False,1,2,70000.0,122000.0,1,2,0.0003009210929516069,-9.397025798914981e-21,0.0004611679650745667,9.673994448739518e-05,True,0,1.7428571428571429,False,1,peripheral,0.15,"низкая активность: 1 вх./2 исх. плательщиков/получателей, без выраженного паттерна",15,0.1,0.2194,"низкая активность: 1 вх./2 исх. плательщиков/получателей, без выраженного паттерна Кластер 15 (5 seed)  объём входящих 70 000 KZT."
100000003187359100,1,False,1,0,19072.0,0.0,1,0,0.0002908681723198365,-0.0,1.0225514520154618e-17,0.0,False,1,0.0,False,1,terminal,0.8,получил 19 072 KZT от 1 плательщиков  исходящих переводов нет (глубина 1<4),38,0.25,0.2708,получил 19 072 KZT от 1 плательщиков  исходящих переводов нет (глубина 1<4) Кластер 38 (1 seed)  объём входящих 19 072 KZT.
100000000998559100,1,False,1,0,100000.0,0.0,1,0,0.00030695205392723647,-0.0,0.0004611679650745667,0.0,False,0,0.0,False,1,terminal,0.8,получил 100 000 KZT от 1 плательщиков  исходящих переводов нет (глубина 1<4),15,0.25,0.2979,получил 100 000 KZT от 1 плательщиков  исходящих переводов нет (глубина 1<4) Кластер 15 (5 seed)  объём входящих 100 000 KZT.
100000008690932100,1,False,1,0,23000.0,0.0,1,0,0.00029169597723910964,-0.0,1.0225514520154618e-17,0.0,False,1,0.0,False,1,terminal,0.8,получил 23 000 KZT от 1 плательщиков  исходящих переводов нет (глубина 1<4),38,0.25,0.2739,получил 23 000 KZT от 1 плательщиков  исходящих переводов нет (глубина 1<4) Кластер 38 (1 seed)  объём входящих 23 000 KZT.
100000008773876100,1,False,1,0,26120.0,0.0,1,0,0.00029235350049474404,-0.0,1.0225514520154618e-17,0.0,False,1,0.0,False,1,terminal,0.8,получил 26 120 KZT от 1 плательщиков  исходящих переводов нет (глубина 1<4),38,0.25,0.276,получил 26 120 KZT от 1 плательщиков  исходящих переводов нет (глубина 1<4) Кластер 38 (1 seed)  объём входящих 26 120 KZT.
100000006789108100,1,False,1,0,37500.0,0.0,1,0,0.00029256356719798375,-0.0,0.0001227996062558897,0.0,False,0,0.0,False,1,terminal,0.8,получил 37 500 KZT от 1 плательщиков  исходящих переводов нет (глубина 1<4),5,0.25,0.2819,получил 37 500 KZT от 1 плательщиков  исходящих переводов нет (глубина 1<4) Кластер 5 (1 seed)  объём входящих 37 500 KZT.
100000004058740100,1,False,1,0,30000.0,0.0,1,0,0.00029317118967162276,-0.0,1.0225514520154618e-17,0.0,False,1,0.0,False,1,terminal,0.8,получил 30 000 KZT от 1 плательщиков  исходящих переводов нет (глубина 1<4),38,0.25,0.2782,получил 30 000 KZT от 1 плательщиков  исходящих переводов нет (глубина 1<4) Кластер 38 (1 seed)  объём входящих 30 000 KZT.
100000007641801100,1,False,1,0,200000.0,0.0,1,0,0.00029836624764795243,-0.0,4.3414150090413515e-06,0.0,False,0,0.0,False,1,terminal,0.8,получил 200 000 KZT от 1 плательщиков  исходящих переводов нет (глубина 1<4),24,0.25,0.3092,получил 200 000 KZT от 1 плательщиков  исходящих переводов нет (глубина 1<4) Кластер 24 (2 seed)  объём входящих 200 000 KZT.
100000000555721100,1,False,2,0,113000.0,0.0,3,0,0.0003094618711002591,-0.0,0.00328958905998096,0.0,False,0,0.0,False,1,terminal,0.8,получил 113 000 KZT от 2 плательщиков  исходящих переводов нет (глубина 1<4),8,0.25,0.2999,получил 113 000 KZT от 2 плательщиков  исходящих переводов нет (глубина 1<4) Кластер 8 (1 seed)  объём входящих 113 000 KZT.
100000008729801100,1,False,1,0,17534.0,0.0,1,0,0.00029054404707395005,-0.0,1.0225514520154618e-17,0.0,False,1,0.0,False,1,terminal,0.8,получил 17 534 KZT от 1 плательщиков  исходящих переводов нет (глубина 1<4),38,0.25,0.2695,получил 17 534 KZT от 1 плательщиков  исходящих переводов нет (глубина 1<4) Кластер 38 (1 seed)  объём входящих 17 534 KZT.
100000004664905100,1,False,2,0,329020.0,0.0,4,0,0.00041365015812107553,-0.0,0.0003053651890932943,0.0,False,0,0.0,False,1,terminal,0.8,получил 329 020 KZT от 2 плательщиков  исходящих переводов нет (глубина 1<4),2,0.25,0.3173,получил 329 020 KZT от 2 плательщиков  исходящих переводов нет (глубина 1<4) Кластер 2 (7 seed)  объём входящих 329 020 KZT.
100000003057225100,1,False,1,0,236000.0,0.0,1,0,0.0003123364319836269,-0.0,0.0002952416133208372,0.0,False,0,0.0,False,1,terminal,0.8,получил 236 000 KZT от 1 плательщиков  исходящих переводов нет (глубина 1<4),2,0.25,0.3119,получил 236 000 KZT от 1 плательщиков  исходящих переводов нет (глубина 1<4) Кластер 2 (7 seed)  объём входящих 236 000 KZT.
100000000703902100,1,False,1,0,25499.0,0.0,1,0,0.0002922226280775168,-0.0,1.0225514520154618e-17,0.0,False,1,0.0,False,1,terminal,0.8,получил 25 499 KZT от 1 плательщиков  исходящих переводов нет (глубина 1<4),38,0.25,0.2756,получил 25 499 KZT от 1 плательщиков  исходящих переводов нет (глубина 1<4) Кластер 38 (1 seed)  объём входящих 25 499 KZT.
100000008720798100,1,False,1,0,15534.0,0.0,1,0,0.00029012255780751776,-0.0,1.0225514520154618e-17,0.0,False,1,0.0,False,1,terminal,0.8,получил 15 534 KZT от 1 плательщиков  исходящих переводов нет (глубина 1<4),38,0.25,0.2675,получил 15 534 KZT от 1 плательщиков  исходящих переводов нет (глубина 1<4) Кластер 38 (1 seed)  объём входящих 15 534 KZT.
100000001411870100,1,False,2,0,900000.0,0.0,4,0,0.00048013729699259474,-0.0,4.200664191209718e-05,0.0,False,0,0.0,False,1,terminal,0.8,получил 900 000 KZT от 2 плательщиков  исходящих переводов нет (глубина 1<4),1,0.25,0.3337,получил 900 000 KZT от 2 плательщиков  исходящих переводов нет (глубина 1<4) Кластер 1 (3 seed)  объём входящих 900 000 KZT.
100000008556318100,1,False,2,0,180132.0,0.0,2,0,0.0005629471177705016,-0.0,0.00046485516402145475,0.0,False,0,0.0,False,1,terminal,0.8,получил 180 132 KZT от 2 плательщиков  исходящих переводов нет (глубина 1<4),15,0.25,0.3075,получил 180 132 KZT от 2 плательщиков  исходящих переводов нет (глубина 1<4) Кластер 15 (5 seed)  объём входящих 180 132 KZT.
100000002720627100,1,False,1,0,199300.0,0.0,1,0,0.00031722066408855596,-0.0,0.0001227996062558897,0.0,False,0,0.0,False,1,terminal,0.8,получил 199 300 KZT от 1 плательщиков  исходящих переводов нет (глубина 1<4),5,0.25,0.3091,получил 199 300 KZT от 1 плательщиков  исходящих переводов нет (глубина 1<4) Кластер 5 (1 seed)  объём входящих 199 300 KZT.
100000003022835100,1,False,1,0,125000.0,0.0,1,0,0.00031197785474026117,-0.0,0.0004611679650745667,0.0,False,0,0.0,False,1,terminal,0.8,получил 125 000 KZT от 1 плательщиков  исходящих переводов нет (глубина 1<4),15,0.25,0.3015,получил 125 000 KZT от 1 плательщиков  исходящих переводов нет (глубина 1<4) Кластер 15 (5 seed)  объём входящих 125 000 KZT.
100000008304115100,1,False,1,0,51000.0,0.0,1,0,0.00029534868291635245,-0.0,1.0100033668708853e-05,0.0,False,0,0.0,False,1,terminal,0.8,получил 51 000 KZT от 1 плательщиков  исходящих переводов нет (глубина 1<4),13,0.25,0.2869,получил 51 000 KZT от 1 плательщиков  исходящих переводов нет (глубина 1<4) Кластер 13 (1 seed)  объём входящих 51 000 KZT.
100000003886323100,1,False,2,1,78168.0,7650.0,6,1,0.0018299553035193115,9.075208771630821e-20,0.0002976021731345227,1.9549530448494444e-05,True,0,0.09786613447958244,False,1,peripheral,0.15,"низкая активность: 2 вх./1 исх. плательщиков/получателей, без выраженного паттерна",2,0.1,0.2201,"низкая активность: 2 вх./1 исх. плательщиков/получателей, без выраженного паттерна Кластер 2 (7 seed)  объём входящих 78 168 KZT."
100000000607731100,1,False,1,1,20000.0,66666.0,1,1,0.00031893869465529943,1.7224795690146317e-19,-1.4362670109846943e-19,6.046246530462199e-07,True,15,3.3333,False,1,peripheral,0.15,"низкая активность: 1 вх./1 исх. плательщиков/получателей, без выраженного паттерна",37,0.1,0.1976,"низкая активность: 1 вх./1 исх. плательщиков/получателей, без выраженного паттерна Кластер 37 (1 seed)  объём входящих 20 000 KZT."
100000005961971100,1,False,1,0,47353.0,0.0,1,0,0.00029682824129182285,-0.0,1.0225514520154618e-17,0.0,False,1,0.0,False,1,terminal,0.8,получил 47 353 KZT от 1 плательщиков  исходящих переводов нет (глубина 1<4),38,0.25,0.2857,получил 47 353 KZT от 1 плательщиков  исходящих переводов нет (глубина 1<4) Кластер 38 (1 seed)  объём входящих 47 353 KZT.
100000000440392100,1,False,1,0,105705.0,0.0,4,0,0.00029826480314214563,-0.0,0.0002952416133208372,0.0,False,0,0.0,False,1,terminal,0.8,получил 105 705 KZT от 1 плательщиков  исходящих переводов нет (глубина 1<4),2,0.25,0.2988,получил 105 705 KZT от 1 плательщиков  исходящих переводов нет (глубина 1<4) Кластер 2 (7 seed)  объём входящих 105 705 KZT.
100000004105288100,1,False,2,0,215000.0,0.0,2,0,0.0004650702159430337,-0.0,0.00012379738721095683,0.0,False,0,0.0,False,1,terminal,0.8,получил 215 000 KZT от 2 плательщиков  исходящих переводов нет (глубина 1<4),15,0.25,0.3104,получил 215 000 KZT от 2 плательщиков  исходящих переводов нет (глубина 1<4) Кластер 15 (5 seed)  объём входящих 215 000 KZT.
100000008169544100,1,False,1,4,137104.0,42800.0,2,7,0.0003016558394366594,0.00013281054775000312,0.0002952416133208372,1.9347988897479037e-05,True,0,0.31217178200490137,False,2,coordinator,0.703,"связан с 2 seed-клиентами напрямую, betweenness=0.000, точка сочленения сети",2,1.0,0.5345,"связан с 2 seed-клиентами напрямую, betweenness=0.000, точка сочленения сети Кластер 2 (7 seed)  объём входящих 137 104 KZT."
100000004186824100,1,False,2,1,451700.0,7000.0,7,1,0.0003836267039906735,0.0001266670798979953,0.0003078381006324072,0.0,False,0,0.015497011290679655,False,1,peripheral,0.15,"низкая активность: 2 вх./1 исх. плательщиков/получателей, без выраженного паттерна",2,0.1,0.2485,"низкая активность: 2 вх./1 исх. плательщиков/получателей, без выраженного паттерна Кластер 2 (7 seed)  объём входящих 451 700 KZT."
100000008672200100,1,False,1,0,8511.0,0.0,1,0,0.00028864249824844064,-0.0,1.0225514520154618e-17,0.0,False,1,0.0,False,1,terminal,0.8,получил 8 511 KZT от 1 плательщиков  исходящих переводов нет (глубина 1<4),38,0.25,0.2577,получил 8 511 KZT от 1 плательщиков  исходящих переводов нет (глубина 1<4) Кластер 38 (1 seed)  объём входящих 8 511 KZT.
100000002188829100,1,False,1,0,400000.0,0.0,1,0,0.0003672616636835324,-0.0,0.0004611679650745667,0.0,False,0,0.0,False,1,terminal,0.8,получил 400 000 KZT от 1 плательщиков  исходящих переводов нет (глубина 1<4),15,0.25,0.3205,получил 400 000 KZT от 1 плательщиков  исходящих переводов нет (глубина 1<4) Кластер 15 (5 seed)  объём входящих 400 000 KZT.
100000008717341100,1,False,1,0,14627.0,0.0,1,0,0.0002899314124251907,-0.0,1.0225514520154618e-17,0.0,False,1,0.0,False,1,terminal,0.8,получил 14 627 KZT от 1 плательщиков  исходящих переводов нет (глубина 1<4),38,0.25,0.2665,получил 14 627 KZT от 1 плательщиков  исходящих переводов нет (глубина 1<4) Кластер 38 (1 seed)  объём входящих 14 627 KZT.
100000002214301100,1,False,1,1,21438.0,8000.0,1,1,0.0002908879456811643,5.1941102862887585e-19,0.0021516816268908243,9.774765224247222e-05,True,0,0.373169138912212,False,1,peripheral,0.15,"низкая активность: 1 вх./1 исх. плательщиков/получателей, без выраженного паттерна",8,0.1,0.2002,"низкая активность: 1 вх./1 исх. плательщиков/получателей, без выраженного паттерна Кластер 8 (1 seed)  объём входящих 21 438 KZT."
100000002565277100,1,False,1,0,483319.0,0.0,1,0,0.00038401145160114853,-0.0,0.0004611679650745667,0.0,False,0,0.0,False,1,terminal,0.8,получил 483 319 KZT от 1 плательщиков  исходящих переводов нет (глубина 1<4),15,0.25,0.3236,получил 483 319 KZT от 1 плательщиков  исходящих переводов нет (глубина 1<4) Кластер 15 (5 seed)  объём входящих 483 319 KZT.
100000005546031100,1,False,3,1,66800.0,8000.0,6,1,0.0007155990213297732,-1.8193449114387544e-20,-9.843293899412175e-19,6.046246530462199e-07,False,7,0.11976047904191617,False,1,peripheral,0.15,"низкая активность: 3 вх./1 исх. плательщиков/получателей, без выраженного паттерна",23,0.1,0.2173,"низкая активность: 3 вх./1 исх. плательщиков/получателей, без выраженного паттерна Кластер 23 (1 seed)  объём входящих 66 800 KZT."
100000003449074100,1,False,1,0,10000.0,0.0,1,0,0.0002887329326818672,-0.0,0.0021516816268908243,0.0,False,0,0.0,False,1,terminal,0.8,получил 10 000 KZT от 1 плательщиков  исходящих переводов нет (глубина 1<4),8,0.25,0.2603,получил 10 000 KZT от 1 плательщиков  исходящих переводов нет (глубина 1<4) Кластер 8 (1 seed)  объём входящих 10 000 KZT.
100000008748914100,1,False,2,13,180000.0,4471847.0,9,21,0.0007942533093309315,0.0033332684529872674,4.302067674150254e-19,0.0006515838344328097,True,0,24.843594444444445,False,2,coordinator,0.787,"связан с 2 seed-клиентами напрямую, betweenness=0.001, точка сочленения сети",15,1.0,0.5816,"связан с 2 seed-клиентами напрямую, betweenness=0.001, точка сочленения сети Кластер 15 (5 seed)  объём входящих 180 000 KZT."
100000004744306100,1,False,1,2,69000.0,92000.0,1,3,0.00046278759100797285,4.543941018081496e-19,8.651558043653717e-09,3.9905227101050515e-05,True,0,1.3333333333333333,False,2,coordinator,0.705,"связан с 2 seed-клиентами напрямую, betweenness=0.000, точка сочленения сети",25,1.0,0.5244,"связан с 2 seed-клиентами напрямую, betweenness=0.000, точка сочленения сети Кластер 25 (14 seed)  объём входящих 69 000 KZT."
100000003158727100,1,False,3,0,367940.0,0.0,3,0,0.0003155311171243537,-0.0,7.583777668916333e-06,0.0,False,0,0.0,False,1,terminal,0.8,получил 367 940 KZT от 3 плательщиков  исходящих переводов нет (глубина 1<4),24,0.25,0.3191,получил 367 940 KZT от 3 плательщиков  исходящих переводов нет (глубина 1<4) Кластер 24 (2 seed)  объём входящих 367 940 KZT.
100000001389255100,1,False,1,0,16136.0,0.0,1,0,0.00029024942607671386,-0.0,1.0225514520154618e-17,0.0,False,1,0.0,False,1,terminal,0.8,получил 16 136 KZT от 1 плательщиков  исходящих переводов нет (глубина 1<4),38,0.25,0.2681,получил 16 136 KZT от 1 плательщиков  исходящих переводов нет (глубина 1<4) Кластер 38 (1 seed)  объём входящих 16 136 KZT.
100000008695495100,1,False,1,0,21000.0,0.0,1,0,0.0002912744879726773,-0.0,1.0225514520154618e-17,0.0,False,1,0.0,False,1,terminal,0.8,получил 21 000 KZT от 1 плательщиков  исходящих переводов нет (глубина 1<4),38,0.25,0.2724,получил 21 000 KZT от 1 плательщиков  исходящих переводов нет (глубина 1<4) Кластер 38 (1 seed)  объём входящих 21 000 KZT.
100000004015047100,1,False,9,1,919104.0,69195.0,18,7,0.0022863430313044357,2.0212962345491843e-07,5.05689220220507e-05,0.0001185064319970591,False,0,0.07528527783580531,False,3,coordinator,0.866,"связан с 3 seed-клиентами напрямую, betweenness=0.000",1,1.0,0.6622,"связан с 3 seed-клиентами напрямую, betweenness=0.000 Кластер 1 (3 seed)  объём входящих 919 104 KZT."
100000005183943100,1,False,1,0,680900.0,0.0,9,0,0.000613373519949017,-0.0,1.9708747904521009e-19,0.0,False,12,0.0,False,1,terminal,0.8,получил 680 900 KZT от 1 плательщиков  исходящих переводов нет (глубина 1<4),33,0.25,0.3292,получил 680 900 KZT от 1 плательщиков  исходящих переводов нет (глубина 1<4) Кластер 33 (1 seed)  объём входящих 680 900 KZT.
100000003004487100,1,False,4,2,183702.8,265015.0,9,3,0.00035240525203726717,3.8871004504915445e-19,0.005747752526384539,0.00019609992913799065,True,0,1.4426290726107605,False,1,peripheral,0.15,"низкая активность: 4 вх./2 исх. плательщиков/получателей, без выраженного паттерна",12,0.1,0.2366,"низкая активность: 4 вх./2 исх. плательщиков/получателей, без выраженного паттерна Кластер 12 (0 seed)  объём входящих 183 703 KZT."
100000003042994100,1,False,1,0,286086.0,0.0,3,0,0.00031774563112522427,-0.0,0.0002952416133208372,0.0,False,0,0.0,False,1,terminal,0.8,получил 286 086 KZT от 1 плательщиков  исходящих переводов нет (глубина 1<4),2,0.25,0.315,получил 286 086 KZT от 1 плательщиков  исходящих переводов нет (глубина 1<4) Кластер 2 (7 seed)  объём входящих 286 086 KZT.
100000001899164100,1,False,4,3,291675.0,76500.0,5,3,0.0011811551122980375,-7.8572880864784735e-19,0.00012720359609665546,0.00012878505109884485,True,0,0.2622782206222679,False,1,peripheral,0.15,"низкая активность: 4 вх./3 исх. плательщиков/получателей, без выраженного паттерна",13,0.1,0.2432,"низкая активность: 4 вх./3 исх. плательщиков/получателей, без выраженного паттерна Кластер 13 (1 seed)  объём входящих 291 675 KZT."
100000003946524100,1,False,2,2,133757.0,144750.0,2,2,0.00032750537174210614,1.2919255307366052e-19,0.00046488488207099967,0.0001215295552622902,True,0,1.0821863528637754,False,1,transit,0.918,"получает от 2, передаёт 2; pass-through 1.08 — деньги не задерживаются",15,0.35,0.3529,"получает от 2, передаёт 2; pass-through 1.08 — деньги не задерживаются Кластер 15 (5 seed)  объём входящих 133 757 KZT."
100000008717340100,1,False,1,0,41500.0,0.0,1,0,0.0002955947529536087,-0.0,1.0225514520154618e-17,0.0,False,1,0.0,False,1,terminal,0.8,получил 41 500 KZT от 1 плательщиков  исходящих переводов нет (глубина 1<4),38,0.25,0.2835,получил 41 500 KZT от 1 плательщиков  исходящих переводов нет (глубина 1<4) Кластер 38 (1 seed)  объём входящих 41 500 KZT.
100000003831324100,1,False,2,0,300000.0,0.0,2,0,0.0003166000006754672,-0.0,4.672374915293253e-06,0.0,False,0,0.0,False,1,terminal,0.8,получил 300 000 KZT от 2 плательщиков  исходящих переводов нет (глубина 1<4),24,0.25,0.3158,получил 300 000 KZT от 2 плательщиков  исходящих переводов нет (глубина 1<4) Кластер 24 (2 seed)  объём входящих 300 000 KZT.
100000008129393100,1,False,1,0,10000.0,0.0,1,0,0.00031308926087776764,-0.0,-1.2155481922067616e-20,0.0,False,11,0.0,False,1,terminal,0.8,получил 10 000 KZT от 1 плательщиков  исходящих переводов нет (глубина 1<4),30,0.25,0.2603,получил 10 000 KZT от 1 плательщиков  исходящих переводов нет (глубина 1<4) Кластер 30 (2 seed)  объём входящих 10 000 KZT.
100000004388209100,1,False,1,0,11800.0,0.0,1,0,0.00028933563734708857,-0.0,1.0225514520154618e-17,0.0,False,1,0.0,False,1,terminal,0.8,получил 11 800 KZT от 1 плательщиков  исходящих переводов нет (глубина 1<4),38,0.25,0.263,получил 11 800 KZT от 1 плательщиков  исходящих переводов нет (глубина 1<4) Кластер 38 (1 seed)  объём входящих 11 800 KZT.
100000000706545100,1,False,3,1,1070300.0,75800.0,8,3,0.003277557229983344,-9.275835137053453e-21,0.0003222730106543244,1.9952613550525257e-05,True,0,0.07082126506586939,False,1,peripheral,0.15,"низкая активность: 3 вх./1 исх. плательщиков/получателей, без выраженного паттерна",2,0.1,0.2629,"низкая активность: 3 вх./1 исх. плательщиков/получателей, без выраженного паттерна Кластер 2 (7 seed)  объём входящих 1 070 300 KZT."
100000004497606100,1,False,1,0,15534.0,0.0,1,0,0.00029012255780751776,-0.0,1.0225514520154618e-17,0.0,False,1,0.0,False,1,terminal,0.8,получил 15 534 KZT от 1 плательщиков  исходящих переводов нет (глубина 1<4),38,0.25,0.2675,получил 15 534 KZT от 1 плательщиков  исходящих переводов нет (глубина 1<4) Кластер 38 (1 seed)  объём входящих 15 534 KZT.
100000008470470100,1,False,1,0,33547.0,0.0,1,0,0.0002939187008856405,-0.0,1.0225514520154618e-17,0.0,False,1,0.0,False,1,terminal,0.8,получил 33 547 KZT от 1 плательщиков  исходящих переводов нет (глубина 1<4),38,0.25,0.2801,получил 33 547 KZT от 1 плательщиков  исходящих переводов нет (глубина 1<4) Кластер 38 (1 seed)  объём входящих 33 547 KZT.
100000004318918100,1,False,1,0,75600.0,0.0,1,0,0.0002983697191851951,-0.0,0.0001227996062558897,0.0,False,0,0.0,False,1,terminal,0.8,получил 75 600 KZT от 1 плательщиков  исходящих переводов нет (глубина 1<4),5,0.25,0.2933,получил 75 600 KZT от 1 плательщиков  исходящих переводов нет (глубина 1<4) Кластер 5 (1 seed)  объём входящих 75 600 KZT.
100000005228059100,1,False,1,0,26000.0,0.0,1,0,0.0002923282111387581,-0.0,1.0225514520154618e-17,0.0,False,1,0.0,False,1,terminal,0.8,получил 26 000 KZT от 1 плательщиков  исходящих переводов нет (глубина 1<4),38,0.25,0.2759,получил 26 000 KZT от 1 плательщиков  исходящих переводов нет (глубина 1<4) Кластер 38 (1 seed)  объём входящих 26 000 KZT.
100000001609499100,1,False,3,2,263113.0,21000.0,3,2,0.0003223366953122206,0.0005433343005036616,0.0066618750802430625,0.0,False,0,0.07981361620292422,False,1,peripheral,0.15,"низкая активность: 3 вх./2 исх. плательщиков/получателей, без выраженного паттерна",8,0.1,0.2397,"низкая активность: 3 вх./2 исх. плательщиков/получателей, без выраженного паттерна Кластер 8 (1 seed)  объём входящих 263 113 KZT."
100000002824176100,1,False,1,0,144000.0,0.0,1,0,0.0003401013976697422,-0.0,9.228378273116955e-07,0.0,False,0,0.0,False,1,terminal,0.8,получил 144 000 KZT от 1 плательщиков  исходящих переводов нет (глубина 1<4),1,0.25,0.3038,получил 144 000 KZT от 1 плательщиков  исходящих переводов нет (глубина 1<4) Кластер 1 (3 seed)  объём входящих 144 000 KZT.
100000001363952100,1,False,2,1,196655.0,91000.0,2,2,0.0003084632675251654,1.0019911795217638e-19,0.002265338863785721,1.9549530448494444e-05,True,0,0.4627393150441128,False,1,peripheral,0.15,"низкая активность: 2 вх./1 исх. плательщиков/получателей, без выраженного паттерна",17,0.1,0.2352,"низкая активность: 2 вх./1 исх. плательщиков/получателей, без выраженного паттерна Кластер 17 (0 seed)  объём входящих 196 655 KZT."
100000001049200100,1,False,2,4,76624.0,36000.0,2,5,0.00029962398783979087,1.1012390978402381e-05,0.0003797223472582722,0.0010842935444628876,False,0,0.46982668615577367,False,1,peripheral,0.15,"низкая активность: 2 вх./4 исх. плательщиков/получателей, без выраженного паттерна",49,0.1,0.2351,"низкая активность: 2 вх./4 исх. плательщиков/получателей, без выраженного паттерна Кластер 49 (1 seed)  объём входящих 76 624 KZT."
100000002662768100,1,False,1,0,84300.0,0.0,1,0,0.00030782429813536703,-0.0,6.780076054127141e-05,0.0,False,0,0.0,False,1,terminal,0.8,получил 84 300 KZT от 1 плательщиков  исходящих переводов нет (глубина 1<4),15,0.25,0.2951,получил 84 300 KZT от 1 плательщиков  исходящих переводов нет (глубина 1<4) Кластер 15 (5 seed)  объём входящих 84 300 KZT.
100000004737477100,1,False,2,1,49598.0,40500.0,3,3,0.0002936262172488947,-2.6035535734266053e-20,0.005057463282107322,1.9549530448494444e-05,True,0,0.8165651840800032,False,1,transit,0.817,"получает от 2, передаёт 1; pass-through 0.82 — деньги не задерживаются",8,0.35,0.3211,"получает от 2, передаёт 1; pass-through 0.82 — деньги не задерживаются Кластер 8 (1 seed)  объём входящих 49 598 KZT."
100000008680451100,1,False,1,0,23534.0,0.0,1,0,0.0002918085148732471,-0.0,1.0225514520154618e-17,0.0,False,1,0.0,False,1,terminal,0.8,получил 23 534 KZT от 1 плательщиков  исходящих переводов нет (глубина 1<4),38,0.25,0.2743,получил 23 534 KZT от 1 плательщиков  исходящих переводов нет (глубина 1<4) Кластер 38 (1 seed)  объём входящих 23 534 KZT.
100000001952325100,1,False,1,0,77888.0,0.0,2,0,0.00030326332866707843,-0.0,1.0225514520154618e-17,0.0,False,1,0.0,False,1,terminal,0.8,получил 77 888 KZT от 1 плательщиков  исходящих переводов нет (глубина 1<4),38,0.25,0.2938,получил 77 888 KZT от 1 плательщиков  исходящих переводов нет (глубина 1<4) Кластер 38 (1 seed)  объём входящих 77 888 KZT.
100000008751429100,1,False,3,1,386200.0,72600.0,6,2,0.0015247528636116818,1.0382004395716074e-19,5.2441619731499944e-20,0.0,False,6,0.1879854997410668,False,1,peripheral,0.15,"низкая активность: 3 вх./1 исх. плательщиков/получателей, без выраженного паттерна",20,0.1,0.2459,"низкая активность: 3 вх./1 исх. плательщиков/получателей, без выраженного паттерна Кластер 20 (1 seed)  объём входящих 386 200 KZT."
100000001960517100,1,False,1,0,200000.0,0.0,1,0,0.00036081072150097716,-0.0,9.228378273116955e-07,0.0,False,0,0.0,False,1,terminal,0.8,получил 200 000 KZT от 1 плательщиков  исходящих переводов нет (глубина 1<4),1,0.25,0.3092,получил 200 000 KZT от 1 плательщиков  исходящих переводов нет (глубина 1<4) Кластер 1 (3 seed)  объём входящих 200 000 KZT.
100000008686234100,1,False,1,0,39778.0,0.0,1,0,0.000294343352081506,-0.0,0.0021516816268908243,0.0,False,0,0.0,False,1,terminal,0.8,получил 39 778 KZT от 1 плательщиков  исходящих переводов нет (глубина 1<4),8,0.25,0.2828,получил 39 778 KZT от 1 плательщиков  исходящих переводов нет (глубина 1<4) Кластер 8 (1 seed)  объём входящих 39 778 KZT.
100000004213658100,1,False,1,0,25347.0,0.0,1,0,0.000292190594893268,-0.0,1.0225514520154618e-17,0.0,False,1,0.0,False,1,terminal,0.8,получил 25 347 KZT от 1 плательщиков  исходящих переводов нет (глубина 1<4),38,0.25,0.2755,получил 25 347 KZT от 1 плательщиков  исходящих переводов нет (глубина 1<4) Кластер 38 (1 seed)  объём входящих 25 347 KZT.
100000001194266100,1,False,1,0,50000.0,0.0,1,0,0.0002969004523011872,-0.0,0.0004611679650745667,0.0,False,0,0.0,False,1,terminal,0.8,получил 50 000 KZT от 1 плательщиков  исходящих переводов нет (глубина 1<4),15,0.25,0.2866,получил 50 000 KZT от 1 плательщиков  исходящих переводов нет (глубина 1<4) Кластер 15 (5 seed)  объём входящих 50 000 KZT.
100000002243354100,1,False,1,0,20879.0,0.0,1,0,0.00029124898787205816,-0.0,1.0225514520154618e-17,0.0,False,1,0.0,False,1,terminal,0.8,получил 20 879 KZT от 1 плательщиков  исходящих переводов нет (глубина 1<4),38,0.25,0.2723,получил 20 879 KZT от 1 плательщиков  исходящих переводов нет (глубина 1<4) Кластер 38 (1 seed)  объём входящих 20 879 KZT.
100000006069103100,1,False,3,3,228818.0,270000.0,3,4,0.001156458424215176,-3.4596075691246877e-19,0.0003102993737615592,5.905167444751414e-05,True,0,1.1799770997036947,False,1,transit,0.82,"получает от 3, передаёт 3; pass-through 1.18 — деньги не задерживаются",42,0.35,0.347,"получает от 3, передаёт 3; pass-through 1.18 — деньги не задерживаются Кластер 42 (0 seed)  объём входящих 228 818 KZT."
100000002760175100,1,False,1,0,187410.0,0.0,1,0,0.0003154087179697123,-0.0,0.0001227996062558897,0.0,False,0,0.0,False,1,terminal,0.8,получил 187 410 KZT от 1 плательщиков  исходящих переводов нет (глубина 1<4),5,0.25,0.3081,получил 187 410 KZT от 1 плательщиков  исходящих переводов нет (глубина 1<4) Кластер 5 (1 seed)  объём входящих 187 410 KZT.
100000003567087100,1,False,1,0,62115.0,0.0,1,0,0.00029993925356735986,-0.0,1.0225514520154618e-17,0.0,False,1,0.0,False,1,terminal,0.8,получил 62 115 KZT от 1 плательщиков  исходящих переводов нет (глубина 1<4),38,0.25,0.2901,получил 62 115 KZT от 1 плательщиков  исходящих переводов нет (глубина 1<4) Кластер 38 (1 seed)  объём входящих 62 115 KZT.
100000008229700100,1,False,1,1,23500.0,7200.0,1,1,0.0002907654400411877,1.97584024221936e-20,1.0100033668708853e-05,2.0154155101540663e-07,True,0,0.30638297872340425,False,1,peripheral,0.15,"низкая активность: 1 вх./1 исх. плательщиков/получателей, без выраженного паттерна",13,0.1,0.2003,"низкая активность: 1 вх./1 исх. плательщиков/получателей, без выраженного паттерна Кластер 13 (1 seed)  объём входящих 23 500 KZT."
100000004076740100,1,False,3,6,93250.0,125000.0,5,10,0.0007445676652619166,1.9583614637394944e-07,0.002186652298185172,0.0004091293485612755,True,0,1.3404825737265416,False,1,peripheral,0.15,"низкая активность: 3 вх./6 исх. плательщиков/получателей, без выраженного паттерна",10,0.1,0.2286,"низкая активность: 3 вх./6 исх. плательщиков/получателей, без выраженного паттерна Кластер 10 (0 seed)  объём входящих 93 250 KZT."
100000003284932100,1,False,1,0,69925.0,0.0,1,0,0.00030090601554916784,-0.0,0.0004611679650745667,0.0,False,0,0.0,False,1,terminal,0.8,получил 69 925 KZT от 1 плательщиков  исходящих переводов нет (глубина 1<4),15,0.25,0.292,получил 69 925 KZT от 1 плательщиков  исходящих переводов нет (глубина 1<4) Кластер 15 (5 seed)  объём входящих 69 925 KZT.
100000008071620100,1,False,1,0,46968.0,0.0,1,0,0.00029569800704434444,-0.0,0.0021516816268908243,0.0,False,0,0.0,False,1,terminal,0.8,получил 46 968 KZT от 1 плательщиков  исходящих переводов нет (глубина 1<4),8,0.25,0.2855,получил 46 968 KZT от 1 плательщиков  исходящих переводов нет (глубина 1<4) Кластер 8 (1 seed)  объём входящих 46 968 KZT.
100000003235780100,1,False,2,0,65000.0,0.0,2,0,0.0002925027501530129,-0.0,0.005057463282107322,0.0,False,0,0.0,False,1,terminal,0.8,получил 65 000 KZT от 2 плательщиков  исходящих переводов нет (глубина 1<4),8,0.25,0.2908,получил 65 000 KZT от 2 плательщиков  исходящих переводов нет (глубина 1<4) Кластер 8 (1 seed)  объём входящих 65 000 KZT.
100000005363908100,1,False,1,1,19500.0,19500.0,1,1,0.00034002266712034653,-4.189557091213523e-19,-2.646494795944137e-19,0.0,False,7,1.0,False,1,transit,1.0,"получает от 1, передаёт 1; pass-through 1.00 — деньги не задерживаются",23,0.35,0.3312,"получает от 1, передаёт 1; pass-through 1.00 — деньги не задерживаются Кластер 23 (1 seed)  объём входящих 19 500 KZT."
100000001851289100,1,False,1,0,109510.0,0.0,3,0,0.00029867573639163206,-0.0,0.0002952416133208372,0.0,False,0,0.0,False,1,terminal,0.8,получил 109 510 KZT от 1 плательщиков  исходящих переводов нет (глубина 1<4),2,0.25,0.2994,получил 109 510 KZT от 1 плательщиков  исходящих переводов нет (глубина 1<4) Кластер 2 (7 seed)  объём входящих 109 510 KZT.
100000002870937100,1,False,1,0,83700.0,0.0,1,0,0.0002916688813082607,-0.0,4.3414150090413515e-06,0.0,False,0,0.0,False,1,terminal,0.8,получил 83 700 KZT от 1 плательщиков  исходящих переводов нет (глубина 1<4),24,0.25,0.295,получил 83 700 KZT от 1 плательщиков  исходящих переводов нет (глубина 1<4) Кластер 24 (2 seed)  объём входящих 83 700 KZT.
100000002152857100,1,False,1,5,105000.0,1230000.0,1,6,0.0003010507551660987,2.298155265070941e-05,4.08958990433193e-05,0.00031883873370637327,True,0,11.714285714285714,False,1,peripheral,0.15,"низкая активность: 1 вх./5 исх. плательщиков/получателей, без выраженного паттерна",1,0.1,0.2293,"низкая активность: 1 вх./5 исх. плательщиков/получателей, без выраженного паттерна Кластер 1 (3 seed)  объём входящих 105 000 KZT."
100000002600345100,1,False,2,0,52400.0,0.0,2,0,0.0002970437332948684,-0.0,0.0003197167634671029,0.0,False,0,0.0,False,1,terminal,0.8,получил 52 400 KZT от 2 плательщиков  исходящих переводов нет (глубина 1<4),2,0.25,0.2873,получил 52 400 KZT от 2 плательщиков  исходящих переводов нет (глубина 1<4) Кластер 2 (7 seed)  объём входящих 52 400 KZT.
100000002580377100,1,False,1,1,37750.0,5000.0,2,1,0.00029092578370223726,-8.74360437066944e-20,0.0002952416133208372,1.9549530448494444e-05,True,0,0.13245033112582782,False,1,peripheral,0.15,"низкая активность: 1 вх./1 исх. плательщиков/получателей, без выраженного паттерна",2,0.1,0.2083,"низкая активность: 1 вх./1 исх. плательщиков/получателей, без выраженного паттерна Кластер 2 (7 seed)  объём входящих 37 750 KZT."
100000004094958100,1,False,1,1,39000.0,40000.0,1,1,0.0003931964835655551,-1.7198039339988065e-19,-2.646494795944137e-19,2.0154155101540663e-07,False,7,1.0256410256410255,False,1,transit,0.974,"получает от 1, передаёт 1; pass-through 1.03 — деньги не задерживаются",23,0.35,0.3389,"получает от 1, передаёт 1; pass-through 1.03 — деньги не задерживаются Кластер 23 (1 seed)  объём входящих 39 000 KZT."
100000002609774100,1,False,1,1,7700.0,27500.0,1,1,0.00028768043701444027,1.2056205087958065e-05,0.0002952416133208372,0.0,False,0,3.5714285714285716,False,1,peripheral,0.15,"низкая активность: 1 вх./1 исх. плательщиков/получателей, без выраженного паттерна",29,0.1,0.182,"низкая активность: 1 вх./1 исх. плательщиков/получателей, без выраженного паттерна Кластер 29 (0 seed)  объём входящих 7 700 KZT."
100000002596035100,1,False,1,0,231570.0,0.0,1,0,0.00032213836814701556,-0.0,0.0001227996062558897,0.0,False,0,0.0,False,1,terminal,0.8,получил 231 570 KZT от 1 плательщиков  исходящих переводов нет (глубина 1<4),5,0.25,0.3116,получил 231 570 KZT от 1 плательщиков  исходящих переводов нет (глубина 1<4) Кластер 5 (1 seed)  объём входящих 231 570 KZT.
100000004664515100,1,False,1,0,37691.0,0.0,1,0,0.0002939501441667016,-0.0,0.0021516816268908243,0.0,False,0,0.0,False,1,terminal,0.8,получил 37 691 KZT от 1 плательщиков  исходящих переводов нет (глубина 1<4),8,0.25,0.282,получил 37 691 KZT от 1 плательщиков  исходящих переводов нет (глубина 1<4) Кластер 8 (1 seed)  объём входящих 37 691 KZT.
100000000661912100,1,False,5,2,393036.0,430700.0,9,8,0.0017684681959515534,5.771827469193274e-19,0.007862144498655549,0.0003780919497049028,True,0,1.0958283719557496,False,1,consolidator,0.5,получает от 5 разных плательщиков (393 036 KZT)  отдаёт дальше 110% полученного,8,0.9,0.4256,получает от 5 разных плательщиков (393 036 KZT)  отдаёт дальше 110% полученного Кластер 8 (1 seed)  объём входящих 393 036 KZT.
100000004144536100,1,False,4,0,168000.0,0.0,6,0,0.0009726769407571345,-0.0,-4.246108589516397e-19,0.0,False,4,0.0,False,1,terminal,0.8,получил 168 000 KZT от 4 плательщиков  исходящих переводов нет (глубина 1<4),44,0.25,0.3063,получил 168 000 KZT от 4 плательщиков  исходящих переводов нет (глубина 1<4) Кластер 44 (1 seed)  объём входящих 168 000 KZT.
100000006177176100,1,False,1,0,8911.0,0.0,1,0,0.00028781122286598507,-0.0,0.0002952416133208372,0.0,False,0,0.0,False,1,terminal,0.8,получил 8 911 KZT от 1 плательщиков  исходящих переводов нет (глубина 1<4),2,0.25,0.2584,получил 8 911 KZT от 1 плательщиков  исходящих переводов нет (глубина 1<4) Кластер 2 (7 seed)  объём входящих 8 911 KZT.
100000002158488100,1,False,1,0,31723.0,0.0,1,0,0.00029353430267465425,-0.0,1.0225514520154618e-17,0.0,False,1,0.0,False,1,terminal,0.8,получил 31 723 KZT от 1 плательщиков  исходящих переводов нет (глубина 1<4),38,0.25,0.2791,получил 31 723 KZT от 1 плательщиков  исходящих переводов нет (глубина 1<4) Кластер 38 (1 seed)  объём входящих 31 723 KZT.
100000000041368100,1,False,1,0,160000.0,0.0,1,0,0.00031901397587849573,-0.0,0.0004611679650745667,0.0,False,0,0.0,False,1,terminal,0.8,получил 160 000 KZT от 1 плательщиков  исходящих переводов нет (глубина 1<4),15,0.25,0.3055,получил 160 000 KZT от 1 плательщиков  исходящих переводов нет (глубина 1<4) Кластер 15 (5 seed)  объём входящих 160 000 KZT.
100000008722328100,1,False,1,0,23677.0,0.0,1,0,0.000291838651355797,-0.0,1.0225514520154618e-17,0.0,False,1,0.0,False,1,terminal,0.8,получил 23 677 KZT от 1 плательщиков  исходящих переводов нет (глубина 1<4),38,0.25,0.2744,получил 23 677 KZT от 1 плательщиков  исходящих переводов нет (глубина 1<4) Кластер 38 (1 seed)  объём входящих 23 677 KZT.
100000008735384100,1,False,1,0,39220.0,0.0,1,0,0.0002951142551898758,-0.0,1.0225514520154618e-17,0.0,False,1,0.0,False,1,terminal,0.8,получил 39 220 KZT от 1 плательщиков  исходящих переводов нет (глубина 1<4),38,0.25,0.2826,получил 39 220 KZT от 1 плательщиков  исходящих переводов нет (глубина 1<4) Кластер 38 (1 seed)  объём входящих 39 220 KZT.
100000004480280100,1,False,1,2,146694.0,295850.0,1,7,0.00031633904365377147,1.8572189436754748e-08,0.0004611679650745667,4.1114476407142956e-05,True,0,2.0167832358515003,False,2,coordinator,0.705,"связан с 2 seed-клиентами напрямую, betweenness=0.000, точка сочленения сети",15,1.0,0.5367,"связан с 2 seed-клиентами напрямую, betweenness=0.000, точка сочленения сети Кластер 15 (5 seed)  объём входящих 146 694 KZT."
100000004286573100,1,False,1,0,16590.0,0.0,1,0,0.00028961379610419177,-0.0,1.0100033668708853e-05,0.0,False,0,0.0,False,1,terminal,0.8,получил 16 590 KZT от 1 плательщиков  исходящих переводов нет (глубина 1<4),13,0.25,0.2686,получил 16 590 KZT от 1 плательщиков  исходящих переводов нет (глубина 1<4) Кластер 13 (1 seed)  объём входящих 16 590 KZT.
100000001746925100,1,False,1,1,65250.0,5000.0,1,1,0.0002999661907971322,-1.0326833070665639e-20,0.0004611679650745667,0.00012092493060924399,True,0,0.07662835249042145,False,1,peripheral,0.15,"низкая активность: 1 вх./1 исх. плательщиков/получателей, без выраженного паттерна",15,0.1,0.2186,"низкая активность: 1 вх./1 исх. плательщиков/получателей, без выраженного паттерна Кластер 15 (5 seed)  объём входящих 65 250 KZT."
100000001660397100,1,False,2,3,48600.0,49000.0,2,4,0.00029647040245110745,0.0005350800982536709,0.003756093425026565,0.00022008337370882405,False,0,1.008230452674897,False,1,transit,0.992,"получает от 2, передаёт 3; pass-through 1.01 — деньги не задерживаются",8,0.35,0.3481,"получает от 2, передаёт 3; pass-through 1.01 — деньги не задерживаются Кластер 8 (1 seed)  объём входящих 48 600 KZT."
100000002591469100,1,False,1,0,235670.0,0.0,1,0,0.00030042037539805387,-0.0,4.3414150090413515e-06,0.0,False,0,0.0,False,1,terminal,0.8,получил 235 670 KZT от 1 плательщиков  исходящих переводов нет (глубина 1<4),24,0.25,0.3119,получил 235 670 KZT от 1 плательщиков  исходящих переводов нет (глубина 1<4) Кластер 24 (2 seed)  объём входящих 235 670 KZT.
100000002731501100,1,False,3,7,570370.0,833960.0,7,20,0.0004876865688334443,-1.158280181201789e-18,6.187878940185036e-19,2.4184986121848796e-06,True,4,1.4621386117783193,False,1,peripheral,0.15,"низкая активность: 3 вх./7 исх. плательщиков/получателей, без выраженного паттерна",44,0.1,0.2523,"низкая активность: 3 вх./7 исх. плательщиков/получателей, без выраженного паттерна Кластер 44 (1 seed)  объём входящих 570 370 KZT."
100000000089154100,1,False,1,15,10000.0,425500.0,1,21,0.0002887329326818672,0.0028494328304310155,0.0021516816268908243,3.8695977794958074e-05,True,0,42.55,False,2,coordinator,0.705,"связан с 2 seed-клиентами напрямую, betweenness=0.000, точка сочленения сети",8,1.0,0.4929,"связан с 2 seed-клиентами напрямую, betweenness=0.000, точка сочленения сети Кластер 8 (1 seed)  объём входящих 10 000 KZT."
100000008732098100,1,False,1,0,15677.0,0.0,1,0,0.00029015269429006767,-0.0,1.0225514520154618e-17,0.0,False,1,0.0,False,1,terminal,0.8,получил 15 677 KZT от 1 плательщиков  исходящих переводов нет (глубина 1<4),38,0.25,0.2676,получил 15 677 KZT от 1 плательщиков  исходящих переводов нет (глубина 1<4) Кластер 38 (1 seed)  объём входящих 15 677 KZT.
100000005456919100,1,False,2,1,479950.0,5000.0,10,1,0.0013880209367746227,-1.6428248481156137e-19,-3.347716325101014e-20,0.0,False,6,0.010417751849150954,False,1,peripheral,0.15,"низкая активность: 2 вх./1 исх. плательщиков/получателей, без выраженного паттерна",20,0.1,0.2495,"низкая активность: 2 вх./1 исх. плательщиков/получателей, без выраженного паттерна Кластер 20 (1 seed)  объём входящих 479 950 KZT."
100000000507799100,1,False,1,1,5132.0,8000.0,1,1,0.0002874030975703716,2.348136216008325e-19,0.0002952416133208372,0.00011729718269096666,True,0,1.558846453624318,False,1,peripheral,0.15,"низкая активность: 1 вх./1 исх. плательщиков/получателей, без выраженного паттерна",62,0.1,0.1771,"низкая активность: 1 вх./1 исх. плательщиков/получателей, без выраженного паттерна Кластер 62 (0 seed)  объём входящих 5 132 KZT."
100000008716439100,1,False,1,0,12267.0,0.0,1,0,0.00028943405509080055,-0.0,1.0225514520154618e-17,0.0,False,1,0.0,False,1,terminal,0.8,получил 12 267 KZT от 1 плательщиков  исходящих переводов нет (глубина 1<4),38,0.25,0.2636,получил 12 267 KZT от 1 плательщиков  исходящих переводов нет (глубина 1<4) Кластер 38 (1 seed)  объём входящих 12 267 KZT.
100000002981527100,1,False,1,0,168000.0,0.0,1,0,0.0003049679379452873,-0.0,2.2747805460121378e-05,0.0,False,0,0.0,False,1,terminal,0.8,получил 168 000 KZT от 1 плательщиков  исходящих переводов нет (глубина 1<4),24,0.25,0.3063,получил 168 000 KZT от 1 плательщиков  исходящих переводов нет (глубина 1<4) Кластер 24 (2 seed)  объём входящих 168 000 KZT.
100000002844652100,1,False,1,0,61360.0,0.0,1,0,0.0002903823880663974,-0.0,4.3414150090413515e-06,0.0,False,0,0.0,False,1,terminal,0.8,получил 61 360 KZT от 1 плательщиков  исходящих переводов нет (глубина 1<4),24,0.25,0.2899,получил 61 360 KZT от 1 плательщиков  исходящих переводов нет (глубина 1<4) Кластер 24 (2 seed)  объём входящих 61 360 KZT.
100000002605548100,1,False,2,0,116695.0,0.0,2,0,0.0003157303745278675,-0.0,0.0001250948569094631,0.0,False,0,0.0,False,1,terminal,0.8,получил 116 695 KZT от 2 плательщиков  исходящих переводов нет (глубина 1<4),5,0.25,0.3004,получил 116 695 KZT от 2 плательщиков  исходящих переводов нет (глубина 1<4) Кластер 5 (1 seed)  объём входящих 116 695 KZT.
100000002750956100,1,False,1,0,47416.0,0.0,1,0,0.00029578241391824595,-0.0,0.0021516816268908243,0.0,False,0,0.0,False,1,terminal,0.8,получил 47 416 KZT от 1 плательщиков  исходящих переводов нет (глубина 1<4),8,0.25,0.2857,получил 47 416 KZT от 1 плательщиков  исходящих переводов нет (глубина 1<4) Кластер 8 (1 seed)  объём входящих 47 416 KZT.
100000002982252100,1,False,1,0,20320.0,0.0,1,0,0.0002911311816220903,-0.0,1.0225514520154618e-17,0.0,False,1,0.0,False,1,terminal,0.8,получил 20 320 KZT от 1 плательщиков  исходящих переводов нет (глубина 1<4),38,0.25,0.2719,получил 20 320 KZT от 1 плательщиков  исходящих переводов нет (глубина 1<4) Кластер 38 (1 seed)  объём входящих 20 320 KZT.
100000000961900100,1,False,2,0,36000.0,0.0,3,0,0.00029563555809140467,-0.0,0.0027944973115175795,0.0,False,0,0.0,False,1,terminal,0.8,получил 36 000 KZT от 2 плательщиков  исходящих переводов нет (глубина 1<4),8,0.25,0.2812,получил 36 000 KZT от 2 плательщиков  исходящих переводов нет (глубина 1<4) Кластер 8 (1 seed)  объём входящих 36 000 KZT.
100000007175718100,1,False,1,0,20000.0,0.0,1,0,0.0003045413082695412,-0.0,-4.727824310226131e-19,0.0,False,3,0.0,False,1,terminal,0.8,получил 20 000 KZT от 1 плательщиков  исходящих переводов нет (глубина 1<4),14,0.25,0.2716,получил 20 000 KZT от 1 плательщиков  исходящих переводов нет (глубина 1<4) Кластер 14 (1 seed)  объём входящих 20 000 KZT.
100000002306369100,1,False,1,6,73166.0,260900.0,1,9,0.0003006339250855741,0.003795760997273607,0.0021516816268908243,0.0004990168803141468,True,0,3.5658639258672062,False,1,peripheral,0.15,"низкая активность: 1 вх./6 исх. плательщиков/получателей, без выраженного паттерна",15,0.1,0.2259,"низкая активность: 1 вх./6 исх. плательщиков/получателей, без выраженного паттерна Кластер 15 (5 seed)  объём входящих 73 166 KZT."
100000000667713100,1,False,2,6,119495.0,79236.0,10,7,0.0003215340602637967,0.0006759245224282999,0.0003002707577084793,8.222895281428591e-05,True,0,0.663090505878907,False,2,coordinator,0.711,"связан с 2 seed-клиентами напрямую, betweenness=0.000, точка сочленения сети",2,1.0,0.5364,"связан с 2 seed-клиентами напрямую, betweenness=0.000, точка сочленения сети Кластер 2 (7 seed)  объём входящих 119 495 KZT."
100000001072022100,1,False,3,0,1684000.0,0.0,6,0,0.000504279220993778,-0.0,0.003463460628578926,0.0,False,0,0.0,False,1,terminal,0.8,получил 1 684 000 KZT от 3 плательщиков  исходящих переводов нет (глубина 1<4),15,0.25,0.344,получил 1 684 000 KZT от 3 плательщиков  исходящих переводов нет (глубина 1<4) Кластер 15 (5 seed)  объём входящих 1 684 000 KZT.
100000008116374100,1,False,1,0,31284.0,0.0,1,0,0.000290227467173675,-0.0,0.0002952416133208372,0.0,False,0,0.0,False,1,terminal,0.8,получил 31 284 KZT от 1 плательщиков  исходящих переводов нет (глубина 1<4),2,0.25,0.2789,получил 31 284 KZT от 1 плательщиков  исходящих переводов нет (глубина 1<4) Кластер 2 (7 seed)  объём входящих 31 284 KZT.
100000000703894100,1,False,1,1,120000.0,35000.0,1,1,0.00047938791455610696,-2.2274987227741457e-20,-1.4362670109846943e-19,6.046246530462199e-07,True,15,0.2916666666666667,False,1,peripheral,0.15,"низкая активность: 1 вх./1 исх. плательщиков/получателей, без выраженного паттерна",37,0.1,0.2269,"низкая активность: 1 вх./1 исх. плательщиков/получателей, без выраженного паттерна Кластер 37 (1 seed)  объём входящих 120 000 KZT."
100000008066326100,1,False,1,0,19320.0,0.0,1,0,0.000290488897112139,-0.0,0.0021516816268908243,0.0,False,0,0.0,False,1,terminal,0.8,получил 19 320 KZT от 1 плательщиков  исходящих переводов нет (глубина 1<4),8,0.25,0.2711,получил 19 320 KZT от 1 плательщиков  исходящих переводов нет (глубина 1<4) Кластер 8 (1 seed)  объём входящих 19 320 KZT.
100000004662806100,1,False,2,2,106585.0,59900.0,2,3,0.00030681360440920256,4.396390223228068e-19,0.0006529157182954647,3.95021439990197e-05,True,0,0.5619927757189098,False,1,peripheral,0.15,"низкая активность: 2 вх./2 исх. плательщиков/получателей, без выраженного паттерна",13,0.1,0.2255,"низкая активность: 2 вх./2 исх. плательщиков/получателей, без выраженного паттерна Кластер 13 (1 seed)  объём входящих 106 585 KZT."
100000005778283100,1,False,3,0,615760.0,0.0,3,0,0.00043949667177711044,-0.0,0.00011357615241737585,0.0,False,0,0.0,False,2,coordinator,0.7,"связан с 2 seed-клиентами напрямую, betweenness=0.000",24,1.0,0.5575,"связан с 2 seed-клиентами напрямую, betweenness=0.000 Кластер 24 (2 seed)  объём входящих 615 760 KZT."
100000004408683100,1,False,2,0,112919.68,0.0,3,0,0.0003870102710310572,-0.0,0.0003121094041483109,0.0,False,0,0.0,False,1,terminal,0.8,получил 112 920 KZT от 2 плательщиков  исходящих переводов нет (глубина 1<4),2,0.25,0.2999,получил 112 920 KZT от 2 плательщиков  исходящих переводов нет (глубина 1<4) Кластер 2 (7 seed)  объём входящих 112 920 KZT.
100000002704875100,1,False,3,0,244891.0,0.0,4,0,0.0003164729900080648,-0.0,0.00483982749162671,0.0,False,0,0.0,False,1,terminal,0.8,получил 244 891 KZT от 3 плательщиков  исходящих переводов нет (глубина 1<4),17,0.25,0.3125,получил 244 891 KZT от 3 плательщиков  исходящих переводов нет (глубина 1<4) Кластер 17 (0 seed)  объём входящих 244 891 KZT.
100000008349675100,1,False,1,1,46520.0,36650.0,1,2,0.0002895277972110145,-7.294467767158364e-20,4.3414150090413515e-06,2.0154155101540663e-07,True,0,0.7878331900257953,False,1,peripheral,0.15,"низкая активность: 1 вх./1 исх. плательщиков/получателей, без выраженного паттерна",24,0.1,0.2114,"низкая активность: 1 вх./1 исх. плательщиков/получателей, без выраженного паттерна Кластер 24 (2 seed)  объём входящих 46 520 KZT."
100000006889963100,1,False,4,1,1431000.0,443475.8,6,3,0.0004291309761802339,-1.523144408767401e-19,0.004656080095149185,2.5595776978956642e-05,True,0,0.30990621942697416,False,2,coordinator,0.703,"связан с 2 seed-клиентами напрямую, betweenness=0.000, точка сочленения сети",9,1.0,0.5729,"связан с 2 seed-клиентами напрямую, betweenness=0.000, точка сочленения сети Кластер 9 (0 seed)  объём входящих 1 431 000 KZT."
100000008771819100,1,False,1,0,38900.0,0.0,1,0,0.00029504681690724663,-0.0,1.0225514520154618e-17,0.0,False,1,0.0,False,1,terminal,0.8,получил 38 900 KZT от 1 плательщиков  исходящих переводов нет (глубина 1<4),38,0.25,0.2825,получил 38 900 KZT от 1 плательщиков  исходящих переводов нет (глубина 1<4) Кластер 38 (1 seed)  объём входящих 38 900 KZT.
100000008586731100,1,False,1,0,12000.0,0.0,1,0,0.0002888488112024825,-0.0,1.0100033668708853e-05,0.0,False,0,0.0,False,1,terminal,0.8,получил 12 000 KZT от 1 плательщиков  исходящих переводов нет (глубина 1<4),13,0.25,0.2633,получил 12 000 KZT от 1 плательщиков  исходящих переводов нет (глубина 1<4) Кластер 13 (1 seed)  объём входящих 12 000 KZT.
100000005844459100,1,False,2,0,243400.0,0.0,2,0,0.0003395717553947087,-0.0,0.00328958905998096,0.0,False,0,0.0,False,1,terminal,0.8,получил 243 400 KZT от 2 плательщиков  исходящих переводов нет (глубина 1<4),8,0.25,0.3124,получил 243 400 KZT от 2 плательщиков  исходящих переводов нет (глубина 1<4) Кластер 8 (1 seed)  объём входящих 243 400 KZT.
100000008172352100,1,False,3,7,90265.0,289510.0,3,8,0.00037692105541289585,-3.1333377716427913e-19,0.00012101161498525057,0.0001856197684851895,True,0,3.207333961114496,False,1,peripheral,0.15,"низкая активность: 3 вх./7 исх. плательщиков/получателей, без выраженного паттерна",55,0.1,0.2249,"низкая активность: 3 вх./7 исх. плательщиков/получателей, без выраженного паттерна Кластер 55 (0 seed)  объём входящих 90 265 KZT."
100000001162560100,1,False,1,12,331300.0,2904398.0,2,14,0.0003225801221787124,2.689854645044152e-05,2.2747805460121378e-05,2.821581714215693e-06,True,0,8.76667069121642,False,1,peripheral,0.15,"низкая активность: 1 вх./12 исх. плательщиков/получателей, без выраженного паттерна",24,0.1,0.2435,"низкая активность: 1 вх./12 исх. плательщиков/получателей, без выраженного паттерна Кластер 24 (2 seed)  объём входящих 331 300 KZT."
100000008779584100,1,False,1,0,31400.0,0.0,1,0,0.0002934662321581254,-0.0,1.0225514520154618e-17,0.0,False,1,0.0,False,1,terminal,0.8,получил 31 400 KZT от 1 плательщиков  исходящих переводов нет (глубина 1<4),38,0.25,0.279,получил 31 400 KZT от 1 плательщиков  исходящих переводов нет (глубина 1<4) Кластер 38 (1 seed)  объём входящих 31 400 KZT.
100000007631637100,1,False,1,0,15341.0,0.0,1,0,0.00029008188409330706,-0.0,1.0225514520154618e-17,0.0,False,1,0.0,False,1,terminal,0.8,получил 15 341 KZT от 1 плательщиков  исходящих переводов нет (глубина 1<4),38,0.25,0.2673,получил 15 341 KZT от 1 плательщиков  исходящих переводов нет (глубина 1<4) Кластер 38 (1 seed)  объём входящих 15 341 KZT.
100000007347733100,1,False,1,0,23007.0,0.0,1,0,0.00034722016242832814,-0.0,-1.2155481922067616e-20,0.0,False,11,0.0,False,1,terminal,0.8,получил 23 007 KZT от 1 плательщиков  исходящих переводов нет (глубина 1<4),30,0.25,0.2739,получил 23 007 KZT от 1 плательщиков  исходящих переводов нет (глубина 1<4) Кластер 30 (2 seed)  объём входящих 23 007 KZT.
100000001463701100,1,False,2,0,621000.0,0.0,2,0,0.0005747354940840503,-0.0,0.00012378143199652175,0.0,False,0,0.0,False,1,terminal,0.8,получил 621 000 KZT от 2 плательщиков  исходящих переводов нет (глубина 1<4),5,0.25,0.3277,получил 621 000 KZT от 2 плательщиков  исходящих переводов нет (глубина 1<4) Кластер 5 (1 seed)  объём входящих 621 000 KZT.
100000008664469100,1,False,1,0,25000.0,0.0,1,0,0.00029187465148816253,-0.0,0.0004611679650745667,0.0,False,0,0.0,False,1,terminal,0.8,получил 25 000 KZT от 1 плательщиков  исходящих переводов нет (глубина 1<4),15,0.25,0.2753,получил 25 000 KZT от 1 плательщиков  исходящих переводов нет (глубина 1<4) Кластер 15 (5 seed)  объём входящих 25 000 KZT.
100000003923946100,1,False,1,4,282000.0,675000.0,3,4,0.0003911350885395713,5.960219897414246e-05,9.228378273116955e-07,2.0154155101540663e-06,False,0,2.393617021276596,False,1,peripheral,0.15,"низкая активность: 1 вх./4 исх. плательщиков/получателей, без выраженного паттерна",1,0.1,0.2408,"низкая активность: 1 вх./4 исх. плательщиков/получателей, без выраженного паттерна Кластер 1 (3 seed)  объём входящих 282 000 KZT."
100000006562026100,1,False,2,0,75000.0,0.0,6,0,0.000688345495062515,-0.0,4.991361938864151e-19,0.0,True,11,0.0,False,2,coordinator,0.7,"связан с 2 seed-клиентами напрямую, betweenness=0.000, точка сочленения сети",30,1.0,0.5232,"связан с 2 seed-клиентами напрямую, betweenness=0.000, точка сочленения сети Кластер 30 (2 seed)  объём входящих 75 000 KZT."
100000008776298100,1,False,1,0,42800.0,0.0,1,0,0.0002958687209767897,-0.0,1.0225514520154618e-17,0.0,False,1,0.0,False,1,terminal,0.8,получил 42 800 KZT от 1 плательщиков  исходящих переводов нет (глубина 1<4),38,0.25,0.284,получил 42 800 KZT от 1 плательщиков  исходящих переводов нет (глубина 1<4) Кластер 38 (1 seed)  объём входящих 42 800 KZT.
100000006446271100,1,False,2,0,80000.0,0.0,2,0,0.00031530743019438074,-0.0,0.0006039352620193496,0.0,False,0,0.0,False,1,terminal,0.8,получил 80 000 KZT от 2 плательщиков  исходящих переводов нет (глубина 1<4),15,0.25,0.2942,получил 80 000 KZT от 2 плательщиков  исходящих переводов нет (глубина 1<4) Кластер 15 (5 seed)  объём входящих 80 000 KZT.
100000004588479100,1,False,1,0,177633.0,0.0,2,0,0.00030603289953348885,-0.0,0.0002952416133208372,0.0,False,0,0.0,False,1,terminal,0.8,получил 177 633 KZT от 1 плательщиков  исходящих переводов нет (глубина 1<4),2,0.25,0.3073,получил 177 633 KZT от 1 плательщиков  исходящих переводов нет (глубина 1<4) Кластер 2 (7 seed)  объём входящих 177 633 KZT.
100000002324543100,1,False,1,0,30202.0,0.0,1,0,0.000290106188018787,-0.0,2.2747805460121378e-05,0.0,False,0,0.0,False,1,terminal,0.8,получил 30 202 KZT от 1 плательщиков  исходящих переводов нет (глубина 1<4),24,0.25,0.2783,получил 30 202 KZT от 1 плательщиков  исходящих переводов нет (глубина 1<4) Кластер 24 (2 seed)  объём входящих 30 202 KZT.
100000007129492100,1,False,2,1,50990.0,37000.0,2,1,0.0002958353310195962,-3.104146016698991e-20,0.0005839675713304565,2.5595776978956642e-05,True,0,0.725632476956266,False,2,coordinator,0.703,"связан с 2 seed-клиентами напрямую, betweenness=0.000, точка сочленения сети",5,1.0,0.5185,"связан с 2 seed-клиентами напрямую, betweenness=0.000, точка сочленения сети Кластер 5 (1 seed)  объём входящих 50 990 KZT."
100000003877908100,1,False,1,0,40000.0,0.0,1,0,0.0002948901319759773,-0.0,0.0004611679650745667,0.0,False,0,0.0,False,1,terminal,0.8,получил 40 000 KZT от 1 плательщиков  исходящих переводов нет (глубина 1<4),15,0.25,0.2829,получил 40 000 KZT от 1 плательщиков  исходящих переводов нет (глубина 1<4) Кластер 15 (5 seed)  объём входящих 40 000 KZT.
100000002748180100,1,False,1,8,9900.0,679743.0,1,9,0.00028849881811019714,2.1937427867110747e-06,1.0100033668708853e-05,8.666286693662486e-06,True,0,68.66090909090909,False,1,peripheral,0.15,"низкая активность: 1 вх./8 исх. плательщиков/получателей, без выраженного паттерна",48,0.1,0.1863,"низкая активность: 1 вх./8 исх. плательщиков/получателей, без выраженного паттерна Кластер 48 (0 seed)  объём входящих 9 900 KZT."
100000000945428100,1,False,1,0,89629.0,0.0,1,0,0.00030373568929325265,-0.0,0.0021516816268908243,0.0,False,0,0.0,False,1,terminal,0.8,получил 89 629 KZT от 1 плательщиков  исходящих переводов нет (глубина 1<4),8,0.25,0.2961,получил 89 629 KZT от 1 плательщиков  исходящих переводов нет (глубина 1<4) Кластер 8 (1 seed)  объём входящих 89 629 KZT.
100000003115284100,1,False,8,2,2160500.0,517000.0,15,4,0.0015347529278087765,1.7324688633748128e-05,0.00500955952750698,0.00013140509126204511,True,0,0.23929645915297384,False,2,coordinator,0.718,"связан с 2 seed-клиентами напрямую, betweenness=0.000, точка сочленения сети",5,1.0,0.5871,"связан с 2 seed-клиентами напрямую, betweenness=0.000, точка сочленения сети Кластер 5 (1 seed)  объём входящих 2 160 500 KZT."
100000005394708100,1,False,1,1,26000.0,65000.0,1,1,0.00034671119749081296,3.512635343069075e-19,5.75161923923009e-20,2.0154155101540663e-07,True,0,2.5,False,2,coordinator,0.7,"связан с 2 seed-клиентами напрямую, betweenness=0.000, точка сочленения сети",25,1.0,0.5059,"связан с 2 seed-клиентами напрямую, betweenness=0.000, точка сочленения сети Кластер 25 (14 seed)  объём входящих 26 000 KZT."
100000008747113100,1,False,2,0,197801.0,0.0,2,0,0.0003088857922381494,-0.0,0.0034013420452446985,0.0,False,0,0.0,False,1,terminal,0.8,получил 197 801 KZT от 2 плательщиков  исходящих переводов нет (глубина 1<4),9,0.25,0.309,получил 197 801 KZT от 2 плательщиков  исходящих переводов нет (глубина 1<4) Кластер 9 (0 seed)  объём входящих 197 801 KZT.
100000004491881100,1,False,1,0,17144.0,0.0,1,0,0.00029046185666699575,-0.0,1.0225514520154618e-17,0.0,False,1,0.0,False,1,terminal,0.8,получил 17 144 KZT от 1 плательщиков  исходящих переводов нет (глубина 1<4),38,0.25,0.2691,получил 17 144 KZT от 1 плательщиков  исходящих переводов нет (глубина 1<4) Кластер 38 (1 seed)  объём входящих 17 144 KZT.
100000006008169100,1,False,1,0,70000.0,0.0,1,0,0.00029851528708464806,-0.0,1.0100033668708853e-05,0.0,False,0,0.0,False,1,terminal,0.8,получил 70 000 KZT от 1 плательщиков  исходящих переводов нет (глубина 1<4),13,0.25,0.2921,получил 70 000 KZT от 1 плательщиков  исходящих переводов нет (глубина 1<4) Кластер 13 (1 seed)  объём входящих 70 000 KZT.
100000002681449100,1,False,2,2,94638.0,133000.0,2,2,0.0002964581246634431,0.00014075988950704366,0.00328362007053942,1.9347988897479037e-05,False,0,1.4053551427544961,False,1,peripheral,0.15,"низкая активность: 2 вх./2 исх. плательщиков/получателей, без выраженного паттерна",6,0.1,0.2233,"низкая активность: 2 вх./2 исх. плательщиков/получателей, без выраженного паттерна Кластер 6 (3 seed)  объём входящих 94 638 KZT."
100000002645609100,1,False,4,0,546820.6799999999,0.0,5,0,0.0003569252678559468,-0.0,0.005933623592512465,0.0,False,0,0.0,False,1,terminal,0.8,получил 546 821 KZT от 4 плательщиков  исходящих переводов нет (глубина 1<4),8,0.25,0.3256,получил 546 821 KZT от 4 плательщиков  исходящих переводов нет (глубина 1<4) Кластер 8 (1 seed)  объём входящих 546 821 KZT.
100000006369769100,1,False,1,0,40000.0,0.0,1,0,0.0002952786360037844,-0.0,1.0225514520154618e-17,0.0,False,1,0.0,False,1,terminal,0.8,получил 40 000 KZT от 1 плательщиков  исходящих переводов нет (глубина 1<4),38,0.25,0.2829,получил 40 000 KZT от 1 плательщиков  исходящих переводов нет (глубина 1<4) Кластер 38 (1 seed)  объём входящих 40 000 KZT.
100000002173161100,1,False,3,0,1427500.0,0.0,5,0,0.0004373498063612444,-0.0,0.0003011826207838517,0.0,False,0,0.0,False,1,terminal,0.8,получил 1 427 500 KZT от 3 плательщиков  исходящих переводов нет (глубина 1<4),2,0.25,0.3413,получил 1 427 500 KZT от 3 плательщиков  исходящих переводов нет (глубина 1<4) Кластер 2 (7 seed)  объём входящих 1 427 500 KZT.
100000008686313100,1,False,6,7,1912716.0,333800.0,16,13,0.000469650639487277,0.0018982930976390601,0.010825895242180947,0.005531710950719866,True,0,0.17451623764322566,False,1,coordinator,1.0,"связан с 1 seed-клиентами напрямую, betweenness=0.006, точка сочленения сети",8,1.0,0.7455,"связан с 1 seed-клиентами напрямую, betweenness=0.006, точка сочленения сети Кластер 8 (1 seed)  объём входящих 1 912 716 KZT."
100000004692798100,1,False,2,1,240305.0,15000.0,4,2,0.0019344960727247736,2.4326137315434775e-21,1.0180786965396897e-05,2.0154155101540663e-07,True,0,0.06242067372713843,False,1,peripheral,0.15,"низкая активность: 2 вх./1 исх. плательщиков/получателей, без выраженного паттерна",13,0.1,0.2382,"низкая активность: 2 вх./1 исх. плательщиков/получателей, без выраженного паттерна Кластер 13 (1 seed)  объём входящих 240 305 KZT."
100000002939838100,1,False,3,0,571233.0,0.0,3,0,0.00040179197554418106,-0.0,0.0004689886713541155,0.0,False,0,0.0,False,1,terminal,0.8,получил 571 233 KZT от 3 плательщиков  исходящих переводов нет (глубина 1<4),2,0.25,0.3263,получил 571 233 KZT от 3 плательщиков  исходящих переводов нет (глубина 1<4) Кластер 2 (7 seed)  объём входящих 571 233 KZT.
100000003119550100,1,False,1,0,21000.0,0.0,1,0,0.0002912744879726773,-0.0,1.0225514520154618e-17,0.0,False,1,0.0,False,1,terminal,0.8,получил 21 000 KZT от 1 плательщиков  исходящих переводов нет (глубина 1<4),38,0.25,0.2724,получил 21 000 KZT от 1 плательщиков  исходящих переводов нет (глубина 1<4) Кластер 38 (1 seed)  объём входящих 21 000 KZT.
100000004315838100,1,False,2,1,50000.0,18000.0,2,1,0.00029268806861577895,1.490965252705179e-19,0.0034013420452446985,2.4184986121848794e-05,True,0,0.36,False,1,peripheral,0.15,"низкая активность: 2 вх./1 исх. плательщиков/получателей, без выраженного паттерна",15,0.1,0.2129,"низкая активность: 2 вх./1 исх. плательщиков/получателей, без выраженного паттерна Кластер 15 (5 seed)  объём входящих 50 000 KZT."
100000002671806100,1,False,1,0,12440.0,0.0,1,0,0.0002889221430884851,-0.0,1.0100033668708853e-05,0.0,False,0,0.0,False,1,terminal,0.8,получил 12 440 KZT от 1 плательщиков  исходящих переводов нет (глубина 1<4),13,0.25,0.2639,получил 12 440 KZT от 1 плательщиков  исходящих переводов нет (глубина 1<4) Кластер 13 (1 seed)  объём входящих 12 440 KZT.
100000008716222100,1,False,1,0,18000.0,0.0,1,0,0.0002906422540730288,-0.0,1.0225514520154618e-17,0.0,False,1,0.0,False,1,terminal,0.8,получил 18 000 KZT от 1 плательщиков  исходящих переводов нет (глубина 1<4),38,0.25,0.2699,получил 18 000 KZT от 1 плательщиков  исходящих переводов нет (глубина 1<4) Кластер 38 (1 seed)  объём входящих 18 000 KZT.
100000005496254100,1,False,1,0,12700.0,0.0,1,0,0.00028924163482368416,-0.0,0.0021516816268908243,0.0,False,0,0.0,False,1,terminal,0.8,получил 12 700 KZT от 1 плательщиков  исходящих переводов нет (глубина 1<4),8,0.25,0.2642,получил 12 700 KZT от 1 плательщиков  исходящих переводов нет (глубина 1<4) Кластер 8 (1 seed)  объём входящих 12 700 KZT.
100000004622227100,1,False,1,3,24931.0,19000.0,1,3,0.0002915460555261149,0.0003439356893046101,0.0021516816268908243,0.0,False,0,0.762103405398901,False,1,peripheral,0.15,"низкая активность: 1 вх./3 исх. плательщиков/получателей, без выраженного паттерна",8,0.1,0.2012,"низкая активность: 1 вх./3 исх. плательщиков/получателей, без выраженного паттерна Кластер 8 (1 seed)  объём входящих 24 931 KZT."
100000000274067100,1,False,2,3,517704.0,2969000.0,9,9,0.0004154993568724503,-6.351187746826224e-19,4.37640590272371e-06,1.2092493060924398e-06,True,0,5.734937338710924,False,1,peripheral,0.15,"низкая активность: 2 вх./3 исх. плательщиков/получателей, без выраженного паттерна",39,0.1,0.2507,"низкая активность: 2 вх./3 исх. плательщиков/получателей, без выраженного паттерна Кластер 39 (0 seed)  объём входящих 517 704 KZT."
100000008782056100,1,False,1,0,29082.0,0.0,1,0,0.0002929777260983303,-0.0,1.0225514520154618e-17,0.0,False,1,0.0,False,1,terminal,0.8,получил 29 082 KZT от 1 плательщиков  исходящих переводов нет (глубина 1<4),38,0.25,0.2777,получил 29 082 KZT от 1 плательщиков  исходящих переводов нет (глубина 1<4) Кластер 38 (1 seed)  объём входящих 29 082 KZT.
100000006788200100,1,False,4,3,272155.8,64500.0,4,4,0.00033865826134583076,1.2623492597194581e-05,0.004712143611845389,9.835227689551843e-05,True,0,0.23699660268125833,False,1,peripheral,0.15,"низкая активность: 4 вх./3 исх. плательщиков/получателей, без выраженного паттерна",1,0.1,0.2416,"низкая активность: 4 вх./3 исх. плательщиков/получателей, без выраженного паттерна Кластер 1 (3 seed)  объём входящих 272 156 KZT."
100000001164648100,1,False,2,0,13660.0,0.0,2,0,0.0002914417567020063,-0.0,0.00029892899526736517,0.0,False,0,0.0,False,1,terminal,0.8,получил 13 660 KZT от 2 плательщиков  исходящих переводов нет (глубина 1<4),29,0.25,0.2654,получил 13 660 KZT от 2 плательщиков  исходящих переводов нет (глубина 1<4) Кластер 29 (0 seed)  объём входящих 13 660 KZT.
100000005133757100,1,False,2,0,65000.0,0.0,2,0,0.00030074590188942306,-0.0,0.0005914483427951462,0.0,False,0,0.0,False,1,terminal,0.8,получил 65 000 KZT от 2 плательщиков  исходящих переводов нет (глубина 1<4),17,0.25,0.2908,получил 65 000 KZT от 2 плательщиков  исходящих переводов нет (глубина 1<4) Кластер 17 (0 seed)  объём входящих 65 000 KZT.
100000006445501100,1,False,1,0,91000.0,0.0,1,0,0.0003007165627705771,-0.0,0.0001227996062558897,0.0,False,0,0.0,False,1,terminal,0.8,получил 91 000 KZT от 1 плательщиков  исходящих переводов нет (глубина 1<4),5,0.25,0.2963,получил 91 000 KZT от 1 плательщиков  исходящих переводов нет (глубина 1<4) Кластер 5 (1 seed)  объём входящих 91 000 KZT.
100000004390333100,1,False,2,9,64558.0,506500.0,2,14,0.0002965323541047166,0.002869108018960023,0.005057463282107322,0.00025414389583042777,True,0,7.845658167849066,False,2,coordinator,0.734,"связан с 2 seed-клиентами напрямую, betweenness=0.000, точка сочленения сети",8,1.0,0.538,"связан с 2 seed-клиентами напрямую, betweenness=0.000, точка сочленения сети Кластер 8 (1 seed)  объём входящих 64 558 KZT."
100000001641789100,1,False,1,0,17826.0,0.0,1,0,0.0004914067816530841,-0.0,4.075748967614423e-07,0.0,False,0,0.0,False,1,terminal,0.8,получил 17 826 KZT от 1 плательщиков  исходящих переводов нет (глубина 1<4),1,0.25,0.2697,получил 17 826 KZT от 1 плательщиков  исходящих переводов нет (глубина 1<4) Кластер 1 (3 seed)  объём входящих 17 826 KZT.
100000000968253100,1,False,1,0,15000.0,0.0,1,0,0.0002900100201733803,-0.0,1.0225514520154618e-17,0.0,False,1,0.0,False,1,terminal,0.8,получил 15 000 KZT от 1 плательщиков  исходящих переводов нет (глубина 1<4),38,0.25,0.2669,получил 15 000 KZT от 1 плательщиков  исходящих переводов нет (глубина 1<4) Кластер 38 (1 seed)  объём входящих 15 000 KZT.
100000001527186100,1,False,1,0,678000.0,0.0,2,0,0.0004231485687243667,-0.0,0.0004611679650745667,0.0,False,0,0.0,False,1,terminal,0.8,получил 678 000 KZT от 1 плательщиков  исходящих переводов нет (глубина 1<4),15,0.25,0.3291,получил 678 000 KZT от 1 плательщиков  исходящих переводов нет (глубина 1<4) Кластер 15 (5 seed)  объём входящих 678 000 KZT.
100000005852946100,1,False,1,0,23746.0,0.0,1,0,0.00029162255731938124,-0.0,0.0004611679650745667,0.0,False,0,0.0,False,1,terminal,0.8,получил 23 746 KZT от 1 плательщиков  исходящих переводов нет (глубина 1<4),15,0.25,0.2744,получил 23 746 KZT от 1 плательщиков  исходящих переводов нет (глубина 1<4) Кластер 15 (5 seed)  объём входящих 23 746 KZT.
100000001530983100,1,False,4,11,564158.0,1829538.0,4,17,0.0003576738124284952,0.0002168260105934203,0.005439667156910617,0.00034161292897111426,True,0,3.24295321523403,False,2,coordinator,0.746,"связан с 2 seed-клиентами напрямую, betweenness=0.000, точка сочленения сети",2,1.0,0.5794,"связан с 2 seed-клиентами напрямую, betweenness=0.000, точка сочленения сети Кластер 2 (7 seed)  объём входящих 564 158 KZT."
100000008221543100,1,False,2,0,542000.0,0.0,2,0,0.0003731180590785931,-0.0,0.002385026252669212,0.0,False,0,0.0,False,1,terminal,0.8,получил 542 000 KZT от 2 плательщиков  исходящих переводов нет (глубина 1<4),41,0.25,0.3255,получил 542 000 KZT от 2 плательщиков  исходящих переводов нет (глубина 1<4) Кластер 41 (0 seed)  объём входящих 542 000 KZT.
100000001937767100,1,False,1,4,53000.0,1933000.0,1,6,0.0008950374707711295,2.33093264337749e-07,4.075748967614423e-07,5.925321599852955e-05,True,0,36.471698113207545,False,1,peripheral,0.15,"низкая активность: 1 вх./4 исх. плательщиков/получателей, без выраженного паттерна",0,0.1,0.2144,"низкая активность: 1 вх./4 исх. плательщиков/получателей, без выраженного паттерна Кластер 0 (0 seed)  объём входящих 53 000 KZT."
100000002462183100,1,False,1,0,107500.0,0.0,3,0,0.00038194581024505596,-0.0,-4.727824310226131e-19,0.0,False,3,0.0,False,1,terminal,0.8,получил 107 500 KZT от 1 плательщиков  исходящих переводов нет (глубина 1<4),14,0.25,0.2991,получил 107 500 KZT от 1 плательщиков  исходящих переводов нет (глубина 1<4) Кластер 14 (1 seed)  объём входящих 107 500 KZT.
100000001805543100,1,False,1,0,59000.0,0.0,1,0,0.0002932207460022601,-0.0,0.0002952416133208372,0.0,False,0,0.0,False,1,terminal,0.8,получил 59 000 KZT от 1 плательщиков  исходящих переводов нет (глубина 1<4),2,0.25,0.2893,получил 59 000 KZT от 1 плательщиков  исходящих переводов нет (глубина 1<4) Кластер 2 (7 seed)  объём входящих 59 000 KZT.
100000002606567100,1,False,1,1,14095.0,53000.0,1,1,0.00028950446426362293,6.987544168390076e-20,0.0021516816268908243,1.9549530448494444e-05,True,0,3.7601986520042567,False,1,peripheral,0.15,"низкая активность: 1 вх./1 исх. плательщиков/получателей, без выраженного паттерна",8,0.1,0.1922,"низкая активность: 1 вх./1 исх. плательщиков/получателей, без выраженного паттерна Кластер 8 (1 seed)  объём входящих 14 095 KZT."
100000007281639100,1,False,2,0,216770.0,0.0,4,0,0.00032501112029930475,-0.0,0.0003309179629303354,0.0,False,0,0.0,False,1,terminal,0.8,получил 216 770 KZT от 2 плательщиков  исходящих переводов нет (глубина 1<4),2,0.25,0.3105,получил 216 770 KZT от 2 плательщиков  исходящих переводов нет (глубина 1<4) Кластер 2 (7 seed)  объём входящих 216 770 KZT.
100000002991079100,1,False,2,1,148900.0,11000.0,3,1,0.0003969046113959712,-5.243875001006408e-20,0.0003053651890932943,2.0154155101540664e-05,True,0,0.07387508394895903,False,1,peripheral,0.15,"низкая активность: 2 вх./1 исх. плательщиков/получателей, без выраженного паттерна",2,0.1,0.2307,"низкая активность: 2 вх./1 исх. плательщиков/получателей, без выраженного паттерна Кластер 2 (7 seed)  объём входящих 148 900 KZT."
100000002847207100,1,False,1,0,46243.0,0.0,1,0,0.0002961451749550058,-0.0,0.0004611679650745667,0.0,False,0,0.0,False,1,terminal,0.8,получил 46 243 KZT от 1 плательщиков  исходящих переводов нет (глубина 1<4),15,0.25,0.2853,получил 46 243 KZT от 1 плательщиков  исходящих переводов нет (глубина 1<4) Кластер 15 (5 seed)  объём входящих 46 243 KZT.
100000000011452100,1,False,3,1,110000.0,16685.0,7,2,0.00048269151121018274,0.0006938863234414854,0.0037863667496045557,0.0,False,0,0.1516818181818182,False,1,peripheral,0.15,"низкая активность: 3 вх./1 исх. плательщиков/получателей, без выраженного паттерна",8,0.1,0.2254,"низкая активность: 3 вх./1 исх. плательщиков/получателей, без выраженного паттерна Кластер 8 (1 seed)  объём входящих 110 000 KZT."
100000003148220100,1,False,1,2,5650.0,43400.0,1,4,0.0009218677970301552,8.04438128105234e-20,1.610728440435148e-19,4.0308310203081327e-07,True,8,7.68141592920354,False,1,peripheral,0.15,"низкая активность: 1 вх./2 исх. плательщиков/получателей, без выраженного паттерна",52,0.1,0.177,"низкая активность: 1 вх./2 исх. плательщиков/получателей, без выраженного паттерна Кластер 52 (1 seed)  объём входящих 5 650 KZT."
100000002479804100,1,False,1,2,46000.0,35300.0,1,2,0.0002982945278183234,-2.307234217081294e-19,6.780076054127141e-05,1.8138739591386597e-06,True,0,0.7673913043478261,False,1,peripheral,0.15,"низкая активность: 1 вх./2 исх. плательщиков/получателей, без выраженного паттерна",15,0.1,0.2112,"низкая активность: 1 вх./2 исх. плательщиков/получателей, без выраженного паттерна Кластер 15 (5 seed)  объём входящих 46 000 KZT."
100000008745489100,1,False,1,0,55539.0,0.0,1,0,0.00029855339685933035,-0.0,1.0225514520154618e-17,0.0,False,1,0.0,False,1,terminal,0.8,получил 55 539 KZT от 1 плательщиков  исходящих переводов нет (глубина 1<4),38,0.25,0.2883,получил 55 539 KZT от 1 плательщиков  исходящих переводов нет (глубина 1<4) Кластер 38 (1 seed)  объём входящих 55 539 KZT.
100000002289937100,1,False,1,0,20000.0,0.0,1,0,0.0002910637433394611,-0.0,1.0225514520154618e-17,0.0,False,1,0.0,False,1,terminal,0.8,получил 20 000 KZT от 1 плательщиков  исходящих переводов нет (глубина 1<4),38,0.25,0.2716,получил 20 000 KZT от 1 плательщиков  исходящих переводов нет (глубина 1<4) Кластер 38 (1 seed)  объём входящих 20 000 KZT.
100000004679953100,1,False,3,3,343538.0,34100.0,3,3,0.00033574399052437856,0.0002663927813036768,0.0066618750802430625,0.00043250816847906264,True,0,0.09926121709970949,False,1,peripheral,0.15,"низкая активность: 3 вх./3 исх. плательщиков/получателей, без выраженного паттерна",17,0.1,0.2502,"низкая активность: 3 вх./3 исх. плательщиков/получателей, без выраженного паттерна Кластер 17 (0 seed)  объём входящих 343 538 KZT."
100000003066385100,1,False,2,0,20000.0,0.0,2,0,0.00029284369490197547,-0.0,0.0027944973115175795,0.0,False,0,0.0,False,1,terminal,0.8,получил 20 000 KZT от 2 плательщиков  исходящих переводов нет (глубина 1<4),8,0.25,0.2716,получил 20 000 KZT от 2 плательщиков  исходящих переводов нет (глубина 1<4) Кластер 8 (1 seed)  объём входящих 20 000 KZT.
100000008744849100,1,False,1,0,44445.0,0.0,1,0,0.00029621539589843026,-0.0,1.0225514520154618e-17,0.0,False,1,0.0,False,1,terminal,0.8,получил 44 445 KZT от 1 плательщиков  исходящих переводов нет (глубина 1<4),38,0.25,0.2846,получил 44 445 KZT от 1 плательщиков  исходящих переводов нет (глубина 1<4) Кластер 38 (1 seed)  объём входящих 44 445 KZT.
100000005093521100,1,False,1,0,15200.0,0.0,1,0,0.0002899045375694569,-0.0,0.0004611679650745667,0.0,False,0,0.0,False,1,terminal,0.8,получил 15 200 KZT от 1 плательщиков  исходящих переводов нет (глубина 1<4),15,0.25,0.2671,получил 15 200 KZT от 1 плательщиков  исходящих переводов нет (глубина 1<4) Кластер 15 (5 seed)  объём входящих 15 200 KZT.
100000006518161100,1,False,3,2,594200.0,595899.0,13,13,0.000814208625349428,-8.314577309782871e-19,0.00033358509224978486,5.885013289649874e-05,True,0,1.002859306630764,False,1,transit,0.997,"получает от 3, передаёт 2; pass-through 1.00 — деньги не задерживаются",2,0.35,0.3874,"получает от 3, передаёт 2; pass-through 1.00 — деньги не задерживаются Кластер 2 (7 seed)  объём входящих 594 200 KZT."
100000001126374100,1,False,4,2,182500.0,29200.0,7,4,0.00031489525712333184,6.829023238588487e-19,0.00630231310622515,3.9905227101050515e-05,True,0,0.16,False,1,peripheral,0.15,"низкая активность: 4 вх./2 исх. плательщиков/получателей, без выраженного паттерна",8,0.1,0.2343,"низкая активность: 4 вх./2 исх. плательщиков/получателей, без выраженного паттерна Кластер 8 (1 seed)  объём входящих 182 500 KZT."
100000004509286100,1,False,1,0,40000.0,0.0,1,0,0.0002948901319759773,-0.0,0.0004611679650745667,0.0,False,0,0.0,False,1,terminal,0.8,получил 40 000 KZT от 1 плательщиков  исходящих переводов нет (глубина 1<4),15,0.25,0.2829,получил 40 000 KZT от 1 плательщиков  исходящих переводов нет (глубина 1<4) Кластер 15 (5 seed)  объём входящих 40 000 KZT.
100000005056870100,1,False,1,0,20000.0,0.0,1,0,0.0003045413082695412,-0.0,-4.727824310226131e-19,0.0,False,3,0.0,False,1,terminal,0.8,получил 20 000 KZT от 1 плательщиков  исходящих переводов нет (глубина 1<4),14,0.25,0.2716,получил 20 000 KZT от 1 плательщиков  исходящих переводов нет (глубина 1<4) Кластер 14 (1 seed)  объём входящих 20 000 KZT.
100000008708368100,1,False,1,0,23677.0,0.0,1,0,0.000291838651355797,-0.0,1.0225514520154618e-17,0.0,False,1,0.0,False,1,terminal,0.8,получил 23 677 KZT от 1 плательщиков  исходящих переводов нет (глубина 1<4),38,0.25,0.2744,получил 23 677 KZT от 1 плательщиков  исходящих переводов нет (глубина 1<4) Кластер 38 (1 seed)  объём входящих 23 677 KZT.
100000005895525100,1,False,1,0,120000.0,0.0,3,0,0.0003930035962415581,-0.0,-4.727824310226131e-19,0.0,False,3,0.0,False,1,terminal,0.8,получил 120 000 KZT от 1 плательщиков  исходящих переводов нет (глубина 1<4),14,0.25,0.3009,получил 120 000 KZT от 1 плательщиков  исходящих переводов нет (глубина 1<4) Кластер 14 (1 seed)  объём входящих 120 000 KZT.
100000008716773100,1,False,1,0,15677.0,0.0,1,0,0.00029015269429006767,-0.0,1.0225514520154618e-17,0.0,False,1,0.0,False,1,terminal,0.8,получил 15 677 KZT от 1 плательщиков  исходящих переводов нет (глубина 1<4),38,0.25,0.2676,получил 15 677 KZT от 1 плательщиков  исходящих переводов нет (глубина 1<4) Кластер 38 (1 seed)  объём входящих 15 677 KZT.
100000002778085100,1,False,1,0,66208.0,0.0,1,0,0.00029399919721442787,-0.0,0.0002952416133208372,0.0,False,0,0.0,False,1,terminal,0.8,получил 66 208 KZT от 1 плательщиков  исходящих переводов нет (глубина 1<4),2,0.25,0.2911,получил 66 208 KZT от 1 плательщиков  исходящих переводов нет (глубина 1<4) Кластер 2 (7 seed)  объём входящих 66 208 KZT.
100000007055802100,1,False,6,1,2024999.0,605000.0,34,7,0.0011867330774222944,0.0034341664001234424,0.010820501291018761,4.030831020308133e-06,False,0,0.29876557963732325,False,1,consolidator,0.6,получает от 6 разных плательщиков (2 024 999 KZT)  отдаёт дальше 30% полученного,8,0.9,0.483,получает от 6 разных плательщиков (2 024 999 KZT)  отдаёт дальше 30% полученного Кластер 8 (1 seed)  объём входящих 2 024 999 KZT.
100000003071930100,1,False,3,1,477610.0,5000.0,4,1,0.00034991483551296664,1.7088008155308841e-19,0.00014631330484213365,4.353297501932783e-05,True,0,0.010468792529469651,False,1,peripheral,0.15,"низкая активность: 3 вх./1 исх. плательщиков/получателей, без выраженного паттерна",24,0.1,0.25,"низкая активность: 3 вх./1 исх. плательщиков/получателей, без выраженного паттерна Кластер 24 (2 seed)  объём входящих 477 610 KZT."
100000002941114100,1,False,2,1,128510.0,15000.0,15,1,0.0018398734161550552,9.570751804248365e-20,0.00012378143199652167,2.096032130560229e-05,True,0,0.11672243405182477,False,1,peripheral,0.15,"низкая активность: 2 вх./1 исх. плательщиков/получателей, без выраженного паттерна",5,0.1,0.2283,"низкая активность: 2 вх./1 исх. плательщиков/получателей, без выраженного паттерна Кластер 5 (1 seed)  объём входящих 128 510 KZT."
100000003888271100,1,False,1,2,12177.0,25590.0,2,3,0.00029268831446974504,6.585982004484615e-19,1.9708747904521009e-19,4.0308310203081327e-07,True,12,2.10150283321015,False,1,peripheral,0.15,"низкая активность: 1 вх./2 исх. плательщиков/получателей, без выраженного паттерна",33,0.1,0.1895,"низкая активность: 1 вх./2 исх. плательщиков/получателей, без выраженного паттерна Кластер 33 (1 seed)  объём входящих 12 177 KZT."
100000007507343100,1,False,1,0,370000.0,0.0,1,0,0.0006455234397126381,-0.0,5.583126991898234e-19,0.0,False,13,0.0,False,1,terminal,0.8,получил 370 000 KZT от 1 плательщиков  исходящих переводов нет (глубина 1<4),35,0.25,0.3192,получил 370 000 KZT от 1 плательщиков  исходящих переводов нет (глубина 1<4) Кластер 35 (1 seed)  объём входящих 370 000 KZT.
100000008002020100,1,False,1,1,73860.0,17000.0,1,1,0.00029915860772094393,1.7829445690524293e-20,1.0100033668708853e-05,1.612332408123253e-06,True,0,0.23016517736257786,False,1,peripheral,0.15,"низкая активность: 1 вх./1 исх. плательщиков/получателей, без выраженного паттерна",13,0.1,0.219,"низкая активность: 1 вх./1 исх. плательщиков/получателей, без выраженного паттерна Кластер 13 (1 seed)  объём входящих 73 860 KZT."
100000001872484100,1,False,1,3,871400.0,514580.0,13,9,0.0023106239591012055,4.842989441401854e-19,-5.170469506285909e-20,6.046246530462199e-07,True,5,0.5905210006885472,False,1,peripheral,0.15,"низкая активность: 1 вх./3 исх. плательщиков/получателей, без выраженного паттерна",19,0.1,0.2592,"низкая активность: 1 вх./3 исх. плательщиков/получателей, без выраженного паттерна Кластер 19 (1 seed)  объём входящих 871 400 KZT."
100000008769636100,1,False,1,0,23118.0,0.0,1,0,0.0002917208451058291,-0.0,1.0225514520154618e-17,0.0,False,1,0.0,False,1,terminal,0.8,получил 23 118 KZT от 1 плательщиков  исходящих переводов нет (глубина 1<4),38,0.25,0.274,получил 23 118 KZT от 1 плательщиков  исходящих переводов нет (глубина 1<4) Кластер 38 (1 seed)  объём входящих 23 118 KZT.
100000004135268100,1,False,2,3,1239000.0,1000200.0,3,4,0.0017518525045470592,-2.1326326765622653e-19,6.486352716417804e-19,1.2092493060924398e-06,True,13,0.8072639225181598,False,1,transit,0.807,"получает от 2, передаёт 3; pass-through 0.81 — деньги не задерживаются",35,0.35,0.3719,"получает от 2, передаёт 3; pass-through 0.81 — деньги не задерживаются Кластер 35 (1 seed)  объём входящих 1 239 000 KZT."
100000005316708100,1,False,1,2,90000.0,257500.0,1,4,0.00029902191166739,2.099042910600279e-06,4.08958990433193e-05,6.046246530462199e-07,False,0,2.861111111111111,False,2,coordinator,0.7,"связан с 2 seed-клиентами напрямую, betweenness=0.000",1,1.0,0.5262,"связан с 2 seed-клиентами напрямую, betweenness=0.000 Кластер 1 (3 seed)  объём входящих 90 000 KZT."
100000008671929100,1,False,1,0,75000.0,0.0,2,0,0.0003019262531142118,-0.0,0.0004611679650745667,0.0,False,0,0.0,False,1,terminal,0.8,получил 75 000 KZT от 1 плательщиков  исходящих переводов нет (глубина 1<4),15,0.25,0.2932,получил 75 000 KZT от 1 плательщиков  исходящих переводов нет (глубина 1<4) Кластер 15 (5 seed)  объём входящих 75 000 KZT.
100000005287097100,1,False,2,9,127173.0,697300.0,5,42,0.00030406133800166865,0.00013971096895632807,0.0003309179629303354,0.002925778696090658,True,0,5.483082100760382,False,2,coordinator,1.0,"связан с 2 seed-клиентами напрямую, betweenness=0.003, точка сочленения сети",2,1.0,0.6938,"связан с 2 seed-клиентами напрямую, betweenness=0.003, точка сочленения сети Кластер 2 (7 seed)  объём входящих 127 173 KZT."
100000007283257100,1,False,1,0,192000.0,0.0,7,0,0.0003907901552627011,-0.0,-2.838828581166449e-19,0.0,False,9,0.0,False,1,terminal,0.8,получил 192 000 KZT от 1 плательщиков  исходящих переводов нет (глубина 1<4),26,0.25,0.3085,получил 192 000 KZT от 1 плательщиков  исходящих переводов нет (глубина 1<4) Кластер 26 (1 seed)  объём входящих 192 000 KZT.
100000004847758100,1,False,4,15,115171.0,488800.0,4,23,0.00030610007729982893,0.008557695668543456,0.006770186979824086,0.0008843643258556043,True,0,4.244123954815014,False,2,coordinator,0.818,"связан с 2 seed-клиентами напрямую, betweenness=0.001, точка сочленения сети",8,1.0,0.5901,"связан с 2 seed-клиентами напрямую, betweenness=0.001, точка сочленения сети Кластер 8 (1 seed)  объём входящих 115 171 KZT."
100000008737422100,1,False,1,0,76903.0,0.0,1,0,0.00030305574520336054,-0.0,1.0225514520154618e-17,0.0,False,1,0.0,False,1,terminal,0.8,получил 76 903 KZT от 1 плательщиков  исходящих переводов нет (глубина 1<4),38,0.25,0.2936,получил 76 903 KZT от 1 плательщиков  исходящих переводов нет (глубина 1<4) Кластер 38 (1 seed)  объём входящих 76 903 KZT.
100000008555918100,1,False,1,2,139211.0,43300.0,1,2,0.00031483472095441694,4.70733078475003e-19,0.0004611679650745667,4.836997224369759e-05,True,0,0.3110386391879952,False,1,peripheral,0.15,"низкая активность: 1 вх./2 исх. плательщиков/получателей, без выраженного паттерна",15,0.1,0.23,"низкая активность: 1 вх./2 исх. плательщиков/получателей, без выраженного паттерна Кластер 15 (5 seed)  объём входящих 139 211 KZT."
100000008094734100,1,False,4,0,236249.0,0.0,4,0,0.00034565667449792476,-0.0,0.0023354656498684105,0.0,False,0,0.0,False,2,coordinator,0.7,"связан с 2 seed-клиентами напрямую, betweenness=0.000",8,1.0,0.5419,"связан с 2 seed-клиентами напрямую, betweenness=0.000 Кластер 8 (1 seed)  объём входящих 236 249 KZT."
100000006952718100,1,False,1,0,71489.0,0.0,1,0,0.0002945695358453182,-0.0,0.0002952416133208372,0.0,False,0,0.0,False,1,terminal,0.8,получил 71 489 KZT от 1 плательщиков  исходящих переводов нет (глубина 1<4),2,0.25,0.2924,получил 71 489 KZT от 1 плательщиков  исходящих переводов нет (глубина 1<4) Кластер 2 (7 seed)  объём входящих 71 489 KZT.
100000005339662100,1,False,4,4,202939.0,295160.0,9,15,0.0016671626973838107,0.00012866402220672294,0.0003363155529121453,0.00018279818677097382,True,0,1.4544271924075707,False,2,coordinator,0.724,"связан с 2 seed-клиентами напрямую, betweenness=0.000, точка сочленения сети",3,1.0,0.5517,"связан с 2 seed-клиентами напрямую, betweenness=0.000, точка сочленения сети Кластер 3 (3 seed)  объём входящих 202 939 KZT."
100000001716579100,1,False,1,0,13916.0,0.0,1,0,0.00028978157299097397,-0.0,1.0225514520154618e-17,0.0,False,1,0.0,False,1,terminal,0.8,получил 13 916 KZT от 1 плательщиков  исходящих переводов нет (глубина 1<4),38,0.25,0.2657,получил 13 916 KZT от 1 плательщиков  исходящих переводов нет (глубина 1<4) Кластер 38 (1 seed)  объём входящих 13 916 KZT.
100000002774456100,1,False,1,0,50363.0,0.0,1,0,0.00029452379116154013,-0.0,0.0001227996062558897,0.0,False,0,0.0,False,1,terminal,0.8,получил 50 363 KZT от 1 плательщиков  исходящих переводов нет (глубина 1<4),5,0.25,0.2867,получил 50 363 KZT от 1 плательщиков  исходящих переводов нет (глубина 1<4) Кластер 5 (1 seed)  объём входящих 50 363 KZT.
100000004394765100,1,False,3,2,603844.0,82500.0,10,2,0.00038196590482139436,3.741922544514368e-09,0.00038348779945915915,6.227633926376065e-05,False,0,0.13662469114539516,False,3,coordinator,0.858,"связан с 3 seed-клиентами напрямую, betweenness=0.000",2,1.0,0.6513,"связан с 3 seed-клиентами напрямую, betweenness=0.000 Кластер 2 (7 seed)  объём входящих 603 844 KZT."
100000004004621100,1,False,3,0,75389.0,0.0,3,0,0.00030211548516952813,-0.0,0.0036608021330377747,0.0,False,0,0.0,False,1,terminal,0.8,получил 75 389 KZT от 3 плательщиков  исходящих переводов нет (глубина 1<4),31,0.25,0.2933,получил 75 389 KZT от 3 плательщиков  исходящих переводов нет (глубина 1<4) Кластер 31 (3 seed)  объём входящих 75 389 KZT.
100000000907277100,1,False,1,0,17534.0,0.0,1,0,0.00029054404707395005,-0.0,1.0225514520154618e-17,0.0,False,1,0.0,False,1,terminal,0.8,получил 17 534 KZT от 1 плательщиков  исходящих переводов нет (глубина 1<4),38,0.25,0.2695,получил 17 534 KZT от 1 плательщиков  исходящих переводов нет (глубина 1<4) Кластер 38 (1 seed)  объём входящих 17 534 KZT.
100000003835149100,1,False,1,2,248500.0,4600440.0,1,13,0.00049104906790794,3.8450751842337286e-19,3.0227321129719533e-19,1.8138739591386597e-06,True,0,18.512837022132796,False,1,peripheral,0.15,"низкая активность: 1 вх./2 исх. плательщиков/получателей, без выраженного паттерна",63,0.1,0.2388,"низкая активность: 1 вх./2 исх. плательщиков/получателей, без выраженного паттерна Кластер 63 (1 seed)  объём входящих 248 500 KZT."
100000004254434100,1,False,1,0,44445.0,0.0,2,0,0.00029621539589843026,-0.0,1.0225514520154618e-17,0.0,False,1,0.0,False,1,terminal,0.8,получил 44 445 KZT от 1 плательщиков  исходящих переводов нет (глубина 1<4),38,0.25,0.2846,получил 44 445 KZT от 1 плательщиков  исходящих переводов нет (глубина 1<4) Кластер 38 (1 seed)  объём входящих 44 445 KZT.
100000003635170100,1,False,3,4,268500.0,253500.0,13,10,0.0011525534675578017,5.617017077529075e-20,0.00012479516816602313,0.00019126293191362088,True,0,0.9441340782122905,False,1,transit,0.944,"получает от 3, передаёт 4; pass-through 0.94 — деньги не задерживаются",5,0.35,0.3689,"получает от 3, передаёт 4; pass-through 0.94 — деньги не задерживаются Кластер 5 (1 seed)  объём входящих 268 500 KZT."
100000006687202100,1,False,1,0,50000.0,0.0,1,0,0.0002962692607087848,-0.0,0.0021516816268908243,0.0,False,0,0.0,False,1,terminal,0.8,получил 50 000 KZT от 1 плательщиков  исходящих переводов нет (глубина 1<4),8,0.25,0.2866,получил 50 000 KZT от 1 плательщиков  исходящих переводов нет (глубина 1<4) Кластер 8 (1 seed)  объём входящих 50 000 KZT.
100000006030946100,1,False,1,0,73289.0,0.0,1,0,0.00030229411409891726,-0.0,1.0225514520154618e-17,0.0,False,1,0.0,False,1,terminal,0.8,получил 73 289 KZT от 1 плательщиков  исходящих переводов нет (глубина 1<4),38,0.25,0.2928,получил 73 289 KZT от 1 плательщиков  исходящих переводов нет (глубина 1<4) Кластер 38 (1 seed)  объём входящих 73 289 KZT.
100000002615479100,1,False,1,0,220000.0,0.0,1,0,0.0003105762268622383,-0.0,2.2747805460121378e-05,0.0,False,0,0.0,False,1,terminal,0.8,получил 220 000 KZT от 1 плательщиков  исходящих переводов нет (глубина 1<4),24,0.25,0.3107,получил 220 000 KZT от 1 плательщиков  исходящих переводов нет (глубина 1<4) Кластер 24 (2 seed)  объём входящих 220 000 KZT.
100000002952631100,1,False,1,0,48050.0,0.0,1,0,0.0002920381654288366,-0.0,0.0002952416133208372,0.0,False,0,0.0,False,1,terminal,0.8,получил 48 050 KZT от 1 плательщиков  исходящих переводов нет (глубина 1<4),2,0.25,0.2859,получил 48 050 KZT от 1 плательщиков  исходящих переводов нет (глубина 1<4) Кластер 2 (7 seed)  объём входящих 48 050 KZT.
100000002890167100,1,False,1,0,118150.0,0.0,1,0,0.0002996088410632649,-0.0,0.0002952416133208372,0.0,False,0,0.0,False,1,terminal,0.8,получил 118 150 KZT от 1 плательщиков  исходящих переводов нет (глубина 1<4),2,0.25,0.3006,получил 118 150 KZT от 1 плательщиков  исходящих переводов нет (глубина 1<4) Кластер 2 (7 seed)  объём входящих 118 150 KZT.
100000008687671100,1,False,1,0,37500.0,0.0,1,0,0.000294751774420744,-0.0,1.0225514520154618e-17,0.0,False,1,0.0,False,1,terminal,0.8,получил 37 500 KZT от 1 плательщиков  исходящих переводов нет (глубина 1<4),38,0.25,0.2819,получил 37 500 KZT от 1 плательщиков  исходящих переводов нет (глубина 1<4) Кластер 38 (1 seed)  объём входящих 37 500 KZT.
100000000810551100,1,False,1,1,100000.0,7100.0,1,1,0.00030695205392723647,2.495988024903234e-19,0.0004611679650745667,7.719041403890074e-05,False,0,0.071,False,1,peripheral,0.15,"низкая активность: 1 вх./1 исх. плательщиков/получателей, без выраженного паттерна",15,0.1,0.225,"низкая активность: 1 вх./1 исх. плательщиков/получателей, без выраженного паттерна Кластер 15 (5 seed)  объём входящих 100 000 KZT."
100000008724279100,1,False,1,0,11750.0,0.0,1,0,0.00028811782982926813,-0.0,0.0002952416133208372,0.0,False,0,0.0,False,1,terminal,0.8,получил 11 750 KZT от 1 плательщиков  исходящих переводов нет (глубина 1<4),2,0.25,0.2629,получил 11 750 KZT от 1 плательщиков  исходящих переводов нет (глубина 1<4) Кластер 2 (7 seed)  объём входящих 11 750 KZT.
100000002592567100,1,False,1,2,5297.0,48600.0,1,2,0.00028742091727764233,1.4085735220138734e-06,0.0002952416133208372,0.0,False,0,9.175004719652634,False,2,coordinator,0.7,"связан с 2 seed-клиентами напрямую, betweenness=0.000",2,1.0,0.4799,"связан с 2 seed-клиентами напрямую, betweenness=0.000 Кластер 2 (7 seed)  объём входящих 5 297 KZT."
100000002670860100,1,False,2,0,450000.0,0.0,2,0,0.0003103236198613487,-0.0,4.720828643398666e-06,0.0,False,0,0.0,False,1,terminal,0.8,получил 450 000 KZT от 2 плательщиков  исходящих переводов нет (глубина 1<4),48,0.25,0.3224,получил 450 000 KZT от 2 плательщиков  исходящих переводов нет (глубина 1<4) Кластер 48 (0 seed)  объём входящих 450 000 KZT.
100000002844897100,1,False,1,0,10800.0,0.0,1,0,0.0002880136491425046,-0.0,2.2747805460121378e-05,0.0,False,0,0.0,False,1,terminal,0.8,получил 10 800 KZT от 1 плательщиков  исходящих переводов нет (глубина 1<4),24,0.25,0.2616,получил 10 800 KZT от 1 плательщиков  исходящих переводов нет (глубина 1<4) Кластер 24 (2 seed)  объём входящих 10 800 KZT.
100000007938486100,1,False,1,0,39500.0,0.0,1,0,0.00029517326368717634,-0.0,1.0225514520154618e-17,0.0,False,1,0.0,False,1,terminal,0.8,получил 39 500 KZT от 1 плательщиков  исходящих переводов нет (глубина 1<4),38,0.25,0.2827,получил 39 500 KZT от 1 плательщиков  исходящих переводов нет (глубина 1<4) Кластер 38 (1 seed)  объём входящих 39 500 KZT.
100000008438656100,1,False,2,1,80000.0,5000.0,2,1,0.0002987190295914085,-4.019771955640439e-20,0.0034013420452446985,2.4184986121848794e-05,True,0,0.0625,False,1,peripheral,0.15,"низкая активность: 2 вх./1 исх. плательщиков/получателей, без выраженного паттерна",15,0.1,0.2206,"низкая активность: 2 вх./1 исх. плательщиков/получателей, без выраженного паттерна Кластер 15 (5 seed)  объём входящих 80 000 KZT."
100000008304139100,1,False,4,24,189329.75,1692997.0,4,43,0.00031501336655354387,0.007628711684476167,0.005756709722934646,0.0018527714784846332,True,0,8.942054801213228,False,2,coordinator,0.947,"связан с 2 seed-клиентами напрямую, betweenness=0.002, точка сочленения сети",15,1.0,0.6637,"связан с 2 seed-клиентами напрямую, betweenness=0.002, точка сочленения сети Кластер 15 (5 seed)  объём входящих 189 330 KZT."
100000002597003100,1,False,1,1,17700.0,11000.0,1,1,0.00029018367582704885,-2.0296393837314122e-19,0.0021516816268908243,1.9549530448494444e-05,True,0,0.6214689265536724,False,1,peripheral,0.15,"низкая активность: 1 вх./1 исх. плательщиков/получателей, без выраженного паттерна",8,0.1,0.1959,"низкая активность: 1 вх./1 исх. плательщиков/получателей, без выраженного паттерна Кластер 8 (1 seed)  объём входящих 17 700 KZT."
100000002830055100,1,False,1,0,14000.0,0.0,1,0,0.0002897992755401641,-0.0,1.0225514520154618e-17,0.0,False,1,0.0,False,1,terminal,0.8,получил 14 000 KZT от 1 плательщиков  исходящих переводов нет (глубина 1<4),38,0.25,0.2658,получил 14 000 KZT от 1 плательщиков  исходящих переводов нет (глубина 1<4) Кластер 38 (1 seed)  объём входящих 14 000 KZT.
100000004299488100,1,False,6,2,1749000.0,344999.0,22,14,0.0014677101163357966,0.004642303929142986,0.008068516179620797,2.1363404407633102e-05,True,0,0.19725500285877645,False,1,consolidator,0.6,получает от 6 разных плательщиков (1 749 000 KZT)  отдаёт дальше 20% полученного,8,0.9,0.4809,получает от 6 разных плательщиков (1 749 000 KZT)  отдаёт дальше 20% полученного Кластер 8 (1 seed)  объём входящих 1 749 000 KZT.
100000002809568100,1,False,1,0,10000.0,0.0,1,0,0.0002887329326818672,-0.0,0.0021516816268908243,0.0,False,0,0.0,False,1,terminal,0.8,получил 10 000 KZT от 1 плательщиков  исходящих переводов нет (глубина 1<4),8,0.25,0.2603,получил 10 000 KZT от 1 плательщиков  исходящих переводов нет (глубина 1<4) Кластер 8 (1 seed)  объём входящих 10 000 KZT.
100000004784224100,1,False,1,1,23500.0,100000.0,2,1,0.00030615953520218354,1.0098128025332474e-19,3.0227321129719533e-19,2.0154155101540663e-07,True,0,4.25531914893617,False,1,peripheral,0.15,"низкая активность: 1 вх./1 исх. плательщиков/получателей, без выраженного паттерна",63,0.1,0.2003,"низкая активность: 1 вх./1 исх. плательщиков/получателей, без выраженного паттерна Кластер 63 (1 seed)  объём входящих 23 500 KZT."
100000003123296100,1,False,1,0,86200.0,0.0,2,0,0.0003012152337965633,-0.0,1.0100033668708853e-05,0.0,False,0,0.0,False,1,terminal,0.8,получил 86 200 KZT от 1 плательщиков  исходящих переводов нет (глубина 1<4),13,0.25,0.2955,получил 86 200 KZT от 1 плательщиков  исходящих переводов нет (глубина 1<4) Кластер 13 (1 seed)  объём входящих 86 200 KZT.
100000004130144100,1,False,1,0,200000.0,0.0,1,0,0.00029836624764795243,-0.0,4.3414150090413515e-06,0.0,False,0,0.0,False,1,terminal,0.8,получил 200 000 KZT от 1 плательщиков  исходящих переводов нет (глубина 1<4),24,0.25,0.3092,получил 200 000 KZT от 1 плательщиков  исходящих переводов нет (глубина 1<4) Кластер 24 (2 seed)  объём входящих 200 000 KZT.
100000001253557100,1,False,5,0,210200.0,0.0,5,0,0.0003526280508538806,-0.0,4.141702257363461e-05,0.0,False,0,0.0,False,1,consolidator,0.5,получает от 5 разных плательщиков (210 200 KZT)  отдаёт дальше 0% полученного,32,0.9,0.41,получает от 5 разных плательщиков (210 200 KZT)  отдаёт дальше 0% полученного Кластер 32 (0 seed)  объём входящих 210 200 KZT.
100000008767925100,1,False,1,0,17144.0,0.0,1,0,0.00029046185666699575,-0.0,1.0225514520154618e-17,0.0,False,1,0.0,False,1,terminal,0.8,получил 17 144 KZT от 1 плательщиков  исходящих переводов нет (глубина 1<4),38,0.25,0.2691,получил 17 144 KZT от 1 плательщиков  исходящих переводов нет (глубина 1<4) Кластер 38 (1 seed)  объём входящих 17 144 KZT.
100000007181706100,1,False,2,0,176272.0,0.0,2,0,0.0003204792128221101,-0.0,0.003366949620291064,0.0,False,0,0.0,False,1,terminal,0.8,получил 176 272 KZT от 2 плательщиков  исходящих переводов нет (глубина 1<4),15,0.25,0.3071,получил 176 272 KZT от 2 плательщиков  исходящих переводов нет (глубина 1<4) Кластер 15 (5 seed)  объём входящих 176 272 KZT.
100000003366154100,1,False,1,3,125000.0,289170.0,1,3,0.00031197785474026117,5.354068946843111e-05,0.0004611679650745667,6.892721044726907e-05,True,0,2.31336,False,1,peripheral,0.15,"низкая активность: 1 вх./3 исх. плательщиков/получателей, без выраженного паттерна",15,0.1,0.2285,"низкая активность: 1 вх./3 исх. плательщиков/получателей, без выраженного паттерна Кластер 15 (5 seed)  объём входящих 125 000 KZT."
100000007641183100,1,False,1,0,28000.0,0.0,1,0,0.00028987280099987384,-0.0,0.0002952416133208372,0.0,False,0,0.0,False,1,terminal,0.8,получил 28 000 KZT от 1 плательщиков  исходящих переводов нет (глубина 1<4),2,0.25,0.2771,получил 28 000 KZT от 1 плательщиков  исходящих переводов нет (глубина 1<4) Кластер 2 (7 seed)  объём входящих 28 000 KZT.
100000008663007100,1,False,1,0,14000.0,0.0,1,0,0.0002897992755401641,-0.0,1.0225514520154618e-17,0.0,False,1,0.0,False,1,terminal,0.8,получил 14 000 KZT от 1 плательщиков  исходящих переводов нет (глубина 1<4),38,0.25,0.2658,получил 14 000 KZT от 1 плательщиков  исходящих переводов нет (глубина 1<4) Кластер 38 (1 seed)  объём входящих 14 000 KZT.
100000007334196100,1,False,1,0,150002.0,0.0,1,0,0.0003097080215514025,-0.0,0.0001227996062558897,0.0,False,0,0.0,False,1,terminal,0.8,получил 150 002 KZT от 1 плательщиков  исходящих переводов нет (глубина 1<4),5,0.25,0.3045,получил 150 002 KZT от 1 плательщиков  исходящих переводов нет (глубина 1<4) Кластер 5 (1 seed)  объём входящих 150 002 KZT.
100000003873332100,1,False,1,4,23468.0,286000.0,1,8,0.0002912704143285304,-3.094732962766709e-19,0.0021516816268908243,0.0009559115764660737,True,0,12.186807567751833,False,1,peripheral,0.15,"низкая активность: 1 вх./4 исх. плательщиков/получателей, без выраженного паттерна",49,0.1,0.214,"низкая активность: 1 вх./4 исх. плательщиков/получателей, без выраженного паттерна Кластер 49 (1 seed)  объём входящих 23 468 KZT."
100000001550388100,1,False,1,0,50000.0,0.0,1,0,0.0002962692607087848,-0.0,0.0021516816268908243,0.0,False,0,0.0,False,1,terminal,0.8,получил 50 000 KZT от 1 плательщиков  исходящих переводов нет (глубина 1<4),8,0.25,0.2866,получил 50 000 KZT от 1 плательщиков  исходящих переводов нет (глубина 1<4) Кластер 8 (1 seed)  объём входящих 50 000 KZT.
100000008718089100,1,False,1,0,15534.0,0.0,1,0,0.00029012255780751776,-0.0,1.0225514520154618e-17,0.0,False,1,0.0,False,1,terminal,0.8,получил 15 534 KZT от 1 плательщиков  исходящих переводов нет (глубина 1<4),38,0.25,0.2675,получил 15 534 KZT от 1 плательщиков  исходящих переводов нет (глубина 1<4) Кластер 38 (1 seed)  объём входящих 15 534 KZT.
100000008728457100,1,False,1,0,45000.0,0.0,1,0,0.00029370651050255285,-0.0,0.0001227996062558897,0.0,False,0,0.0,False,1,terminal,0.8,получил 45 000 KZT от 1 плательщиков  исходящих переводов нет (глубина 1<4),5,0.25,0.2848,получил 45 000 KZT от 1 плательщиков  исходящих переводов нет (глубина 1<4) Кластер 5 (1 seed)  объём входящих 45 000 KZT.
100000004206046100,1,False,1,0,11075.0,0.0,1,0,0.00028804493102679683,-0.0,0.0002952416133208372,0.0,False,0,0.0,False,1,terminal,0.8,получил 11 075 KZT от 1 плательщиков  исходящих переводов нет (глубина 1<4),2,0.25,0.262,получил 11 075 KZT от 1 плательщиков  исходящих переводов нет (глубина 1<4) Кластер 2 (7 seed)  объём входящих 11 075 KZT.
100000006579678100,1,False,2,6,192930.0,1668800.0,2,15,0.0006283224398262299,1.0087891372395083e-05,0.00029760217313452267,0.0006098647333726204,True,0,8.649769346395066,False,1,peripheral,0.15,"низкая активность: 2 вх./6 исх. плательщиков/получателей, без выраженного паттерна",2,0.1,0.2434,"низкая активность: 2 вх./6 исх. плательщиков/получателей, без выраженного паттерна Кластер 2 (7 seed)  объём входящих 192 930 KZT."
100000002988894100,1,False,1,3,306121.0,77500.0,1,3,0.0003483889775024948,4.869960887733775e-19,0.0004611679650745667,7.255495836554638e-05,True,0,0.25316786499456095,False,1,peripheral,0.15,"низкая активность: 1 вх./3 исх. плательщиков/получателей, без выраженного паттерна",15,0.1,0.2432,"низкая активность: 1 вх./3 исх. плательщиков/получателей, без выраженного паттерна Кластер 15 (5 seed)  объём входящих 306 121 KZT."
100000008749406100,1,False,1,0,17144.0,0.0,1,0,0.00029046185666699575,-0.0,1.0225514520154618e-17,0.0,False,1,0.0,False,1,terminal,0.8,получил 17 144 KZT от 1 плательщиков  исходящих переводов нет (глубина 1<4),38,0.25,0.2691,получил 17 144 KZT от 1 плательщиков  исходящих переводов нет (глубина 1<4) Кластер 38 (1 seed)  объём входящих 17 144 KZT.
100000005584222100,1,False,2,2,192717.0,108587.0,6,3,0.0008793968910150201,-3.7171249489607223e-19,0.002168885072987578,3.930060244800429e-05,True,0,0.5634531463233653,False,1,peripheral,0.15,"низкая активность: 2 вх./2 исх. плательщиков/получателей, без выраженного паттерна",8,0.1,0.2351,"низкая активность: 2 вх./2 исх. плательщиков/получателей, без выраженного паттерна Кластер 8 (1 seed)  объём входящих 192 717 KZT."
100000003239859100,1,False,1,0,18600.0,0.0,1,0,0.00028994878949252197,-0.0,1.0100033668708853e-05,0.0,False,0,0.0,False,1,terminal,0.8,получил 18 600 KZT от 1 плательщиков  исходящих переводов нет (глубина 1<4),13,0.25,0.2704,получил 18 600 KZT от 1 плательщиков  исходящих переводов нет (глубина 1<4) Кластер 13 (1 seed)  объём входящих 18 600 KZT.
100000003980083100,1,False,1,0,30000.0,0.0,1,0,0.0005309030338467364,-0.0,-3.3552678707887064e-19,0.0,False,2,0.0,False,1,terminal,0.8,получил 30 000 KZT от 1 плательщиков  исходящих переводов нет (глубина 1<4),7,0.25,0.2782,получил 30 000 KZT от 1 плательщиков  исходящих переводов нет (глубина 1<4) Кластер 7 (1 seed)  объём входящих 30 000 KZT.
100000004351795100,1,False,3,14,118333.0,1715161.0,3,37,0.0003149083893976022,0.002775355019729481,0.004015553512819638,0.0020204540489294517,True,0,14.494359139039828,False,2,coordinator,0.969,"связан с 2 seed-клиентами напрямую, betweenness=0.002, точка сочленения сети",8,1.0,0.6672,"связан с 2 seed-клиентами напрямую, betweenness=0.002, точка сочленения сети Кластер 8 (1 seed)  объём входящих 118 333 KZT."
100000002666248100,1,False,1,0,70032.0,0.0,1,0,0.0003009275259766476,-0.0,0.0004611679650745667,0.0,False,0,0.0,False,1,terminal,0.8,получил 70 032 KZT от 1 плательщиков  исходящих переводов нет (глубина 1<4),15,0.25,0.2921,получил 70 032 KZT от 1 плательщиков  исходящих переводов нет (глубина 1<4) Кластер 15 (5 seed)  объём входящих 70 032 KZT.
100000005877725100,1,False,1,0,70000.0,0.0,1,0,0.00030160097500026934,-0.0,1.0225514520154618e-17,0.0,False,1,0.0,False,1,terminal,0.8,получил 70 000 KZT от 1 плательщиков  исходящих переводов нет (глубина 1<4),38,0.25,0.2921,получил 70 000 KZT от 1 плательщиков  исходящих переводов нет (глубина 1<4) Кластер 38 (1 seed)  объём входящих 70 000 KZT.
100000001697501100,1,False,3,38,123700.0,1482606.0,3,55,0.0005941641771451349,6.435631687127046e-18,5.9037200256042e-20,0.00020899858840297669,True,1,11.98549717057397,False,1,distributor,1.0,рассылает 1 482 606 KZT на 38 разных получателей,38,0.75,0.5244,рассылает 1 482 606 KZT на 38 разных получателей Кластер 38 (1 seed)  объём входящих 123 700 KZT.
100000006972210100,1,False,3,0,488775.0,0.0,4,0,0.00034784175675524234,-0.0,0.00018644331075933022,0.0,False,0,0.0,False,3,coordinator,0.85,"связан с 3 seed-клиентами напрямую, betweenness=0.000",24,1.0,0.6438,"связан с 3 seed-клиентами напрямую, betweenness=0.000 Кластер 24 (2 seed)  объём входящих 488 775 KZT."
100000008749618100,1,False,1,0,47280.0,0.0,1,0,0.00029681285693359806,-0.0,1.0225514520154618e-17,0.0,False,1,0.0,False,1,terminal,0.8,получил 47 280 KZT от 1 плательщиков  исходящих переводов нет (глубина 1<4),38,0.25,0.2857,получил 47 280 KZT от 1 плательщиков  исходящих переводов нет (глубина 1<4) Кластер 38 (1 seed)  объём входящих 47 280 KZT.
100000008671026100,1,False,1,0,23534.0,0.0,1,0,0.0002918085148732471,-0.0,1.0225514520154618e-17,0.0,False,1,0.0,False,1,terminal,0.8,получил 23 534 KZT от 1 плательщиков  исходящих переводов нет (глубина 1<4),38,0.25,0.2743,получил 23 534 KZT от 1 плательщиков  исходящих переводов нет (глубина 1<4) Кластер 38 (1 seed)  объём входящих 23 534 KZT.
100000001696818100,1,False,1,0,53550.0,0.0,1,0,0.0003001731117842158,-0.0,6.780076054127141e-05,0.0,False,0,0.0,False,1,terminal,0.8,получил 53 550 KZT от 1 плательщиков  исходящих переводов нет (глубина 1<4),15,0.25,0.2877,получил 53 550 KZT от 1 плательщиков  исходящих переводов нет (глубина 1<4) Кластер 15 (5 seed)  объём входящих 53 550 KZT.
100000008679986100,1,False,1,0,19000.0,0.0,1,0,0.00029085299870624495,-0.0,1.0225514520154618e-17,0.0,False,1,0.0,False,1,terminal,0.8,получил 19 000 KZT от 1 плательщиков  исходящих переводов нет (глубина 1<4),38,0.25,0.2708,получил 19 000 KZT от 1 плательщиков  исходящих переводов нет (глубина 1<4) Кластер 38 (1 seed)  объём входящих 19 000 KZT.
100000003616818100,1,False,3,3,78000.0,240100.0,4,8,0.0005152127057006626,5.332550238898136e-19,6.187878940185036e-19,5.844704979446793e-06,True,4,3.0782051282051284,False,1,peripheral,0.15,"низкая активность: 3 вх./3 исх. плательщиков/получателей, без выраженного паттерна",44,0.1,0.2199,"низкая активность: 3 вх./3 исх. плательщиков/получателей, без выраженного паттерна Кластер 44 (1 seed)  объём входящих 78 000 KZT."
100000004156082100,1,False,5,26,377366.11,2319556.0,7,29,0.0008706976397489575,0.0019143844609469498,7.739634815817512e-06,0.002746809798788977,True,0,6.146699288921308,False,1,coordinator,0.916,"связан с 1 seed-клиентами напрямую, betweenness=0.003, точка сочленения сети",3,1.0,0.6454,"связан с 1 seed-клиентами напрямую, betweenness=0.003, точка сочленения сети Кластер 3 (3 seed)  объём входящих 377 366 KZT."
100000008667058100,1,False,1,0,17534.0,0.0,1,0,0.00029054404707395005,-0.0,1.0225514520154618e-17,0.0,False,1,0.0,False,1,terminal,0.8,получил 17 534 KZT от 1 плательщиков  исходящих переводов нет (глубина 1<4),38,0.25,0.2695,получил 17 534 KZT от 1 плательщиков  исходящих переводов нет (глубина 1<4) Кластер 38 (1 seed)  объём входящих 17 534 KZT.
100000008628231100,1,False,1,2,50000.0,627870.0,1,19,0.0002969004523011872,4.707448136582586e-19,0.0004611679650745667,4.836997224369759e-05,True,0,12.5574,False,1,peripheral,0.15,"низкая активность: 1 вх./2 исх. плательщиков/получателей, без выраженного паттерна",18,0.1,0.2133,"низкая активность: 1 вх./2 исх. плательщиков/получателей, без выраженного паттерна Кластер 18 (0 seed)  объём входящих 50 000 KZT."
100000008749063100,1,False,1,0,19000.0,0.0,1,0,0.00029085299870624495,-0.0,1.0225514520154618e-17,0.0,False,1,0.0,False,1,terminal,0.8,получил 19 000 KZT от 1 плательщиков  исходящих переводов нет (глубина 1<4),38,0.25,0.2708,получил 19 000 KZT от 1 плательщиков  исходящих переводов нет (глубина 1<4) Кластер 38 (1 seed)  объём входящих 19 000 KZT.
100000004494983100,1,False,1,0,35000.0,0.0,1,0,0.0002942249128377036,-0.0,1.0225514520154618e-17,0.0,False,1,0.0,False,1,terminal,0.8,получил 35 000 KZT от 1 плательщиков  исходящих переводов нет (глубина 1<4),38,0.25,0.2807,получил 35 000 KZT от 1 плательщиков  исходящих переводов нет (глубина 1<4) Кластер 38 (1 seed)  объём входящих 35 000 KZT.
100000007648946100,1,False,1,1,19550.0,25000.0,1,1,0.0002905322309982938,6.05620851875141e-05,0.0021516816268908243,0.0,False,0,1.278772378516624,False,1,peripheral,0.15,"низкая активность: 1 вх./1 исх. плательщиков/получателей, без выраженного паттерна",31,0.1,0.1972,"низкая активность: 1 вх./1 исх. плательщиков/получателей, без выраженного паттерна Кластер 31 (3 seed)  объём входящих 19 550 KZT."
100000003037660100,1,False,1,0,53000.0,0.0,1,0,0.00029750354839875014,-0.0,0.0004611679650745667,0.0,False,0,0.0,False,1,terminal,0.8,получил 53 000 KZT от 1 плательщиков  исходящих переводов нет (глубина 1<4),15,0.25,0.2875,получил 53 000 KZT от 1 плательщиков  исходящих переводов нет (глубина 1<4) Кластер 15 (5 seed)  объём входящих 53 000 KZT.
100000002679516100,1,False,3,0,102335.0,0.0,3,0,0.00032827612392373126,-0.0,0.000155237116061435,0.0,False,0,0.0,False,1,terminal,0.8,получил 102 335 KZT от 3 плательщиков  исходящих переводов нет (глубина 1<4),13,0.25,0.2983,получил 102 335 KZT от 3 плательщиков  исходящих переводов нет (глубина 1<4) Кластер 13 (1 seed)  объём входящих 102 335 KZT.
100000005588444100,1,False,1,0,12300.0,0.0,1,0,0.00028755717058896594,-0.0,4.3414150090413515e-06,0.0,False,0,0.0,False,1,terminal,0.8,получил 12 300 KZT от 1 плательщиков  исходящих переводов нет (глубина 1<4),24,0.25,0.2637,получил 12 300 KZT от 1 плательщиков  исходящих переводов нет (глубина 1<4) Кластер 24 (2 seed)  объём входящих 12 300 KZT.
100000001307612100,1,False,1,0,38483.0,0.0,1,0,0.0002949589363951955,-0.0,1.0225514520154618e-17,0.0,False,1,0.0,False,1,terminal,0.8,получил 38 483 KZT от 1 плательщиков  исходящих переводов нет (глубина 1<4),38,0.25,0.2823,получил 38 483 KZT от 1 плательщиков  исходящих переводов нет (глубина 1<4) Кластер 38 (1 seed)  объём входящих 38 483 KZT.
100000003001564100,1,False,1,1,23520.0,180000.0,1,1,0.00028938896894791606,1.750961813868908e-20,0.0002952416133208372,1.9549530448494444e-05,True,0,7.653061224489796,False,1,peripheral,0.15,"низкая активность: 1 вх./1 исх. плательщиков/получателей, без выраженного паттерна",2,0.1,0.2005,"низкая активность: 1 вх./1 исх. плательщиков/получателей, без выраженного паттерна Кластер 2 (7 seed)  объём входящих 23 520 KZT."
100000002762076100,1,False,2,1,140350.0,30000.0,2,1,0.0003004831723747159,2.586915933350552e-20,1.4441448677750103e-05,4.0308310203081327e-07,True,0,0.21375133594584966,False,2,coordinator,0.7,"связан с 2 seed-клиентами напрямую, betweenness=0.000, точка сочленения сети",24,1.0,0.5334,"связан с 2 seed-клиентами напрямую, betweenness=0.000, точка сочленения сети Кластер 24 (2 seed)  объём входящих 140 350 KZT."
100000005514161100,1,False,4,1,401500.0,50000.0,7,1,0.0008096380965182414,-3.4827164019727456e-19,4.456765853896846e-06,4.1114476407142956e-05,True,0,0.12453300124533001,False,1,peripheral,0.15,"низкая активность: 4 вх./1 исх. плательщиков/получателей, без выраженного паттерна",1,0.1,0.2472,"низкая активность: 4 вх./1 исх. плательщиков/получателей, без выраженного паттерна Кластер 1 (3 seed)  объём входящих 401 500 KZT."
100000008746673100,1,False,1,0,53048.0,0.0,1,0,0.0002980284319779889,-0.0,1.0225514520154618e-17,0.0,False,1,0.0,False,1,terminal,0.8,получил 53 048 KZT от 1 плательщиков  исходящих переводов нет (глубина 1<4),38,0.25,0.2875,получил 53 048 KZT от 1 плательщиков  исходящих переводов нет (глубина 1<4) Кластер 38 (1 seed)  объём входящих 53 048 KZT.
100000003265158100,1,False,3,2,146100.4,154200.0,3,4,0.0003863693139115077,-3.171826730406562e-19,1.9470593065392225e-05,0.0001795735219547273,True,0,1.055438588806054,False,2,coordinator,0.724,"связан с 2 seed-клиентами напрямую, betweenness=0.000, точка сочленения сети",13,1.0,0.5462,"связан с 2 seed-клиентами напрямую, betweenness=0.000, точка сочленения сети Кластер 13 (1 seed)  объём входящих 146 100 KZT."
100000001567366100,1,False,1,0,824070.0,0.0,4,0,0.00037584694867889444,-0.0,0.0002952416133208372,0.0,False,0,0.0,False,1,terminal,0.8,получил 824 070 KZT от 1 плательщиков  исходящих переводов нет (глубина 1<4),2,0.25,0.3323,получил 824 070 KZT от 1 плательщиков  исходящих переводов нет (глубина 1<4) Кластер 2 (7 seed)  объём входящих 824 070 KZT.
100000008777088100,1,False,1,0,18000.0,0.0,1,0,0.0002906422540730288,-0.0,1.0225514520154618e-17,0.0,False,1,0.0,False,1,terminal,0.8,получил 18 000 KZT от 1 плательщиков  исходящих переводов нет (глубина 1<4),38,0.25,0.2699,получил 18 000 KZT от 1 плательщиков  исходящих переводов нет (глубина 1<4) Кластер 38 (1 seed)  объём входящих 18 000 KZT.
100000002589019100,1,False,1,0,34710.0,0.0,1,0,0.0002926337365004821,-0.0,1.0100033668708853e-05,0.0,False,0,0.0,False,1,terminal,0.8,получил 34 710 KZT от 1 плательщиков  исходящих переводов нет (глубина 1<4),13,0.25,0.2806,получил 34 710 KZT от 1 плательщиков  исходящих переводов нет (глубина 1<4) Кластер 13 (1 seed)  объём входящих 34 710 KZT.
100000008666075100,1,False,1,0,26217.0,0.0,1,0,0.000292373942724166,-0.0,1.0225514520154618e-17,0.0,False,1,0.0,False,1,terminal,0.8,получил 26 217 KZT от 1 плательщиков  исходящих переводов нет (глубина 1<4),38,0.25,0.276,получил 26 217 KZT от 1 плательщиков  исходящих переводов нет (глубина 1<4) Кластер 38 (1 seed)  объём входящих 26 217 KZT.
100000008137435100,1,False,2,6,93906.0,1419700.0,2,7,0.0003156749122344252,0.004931742069564178,0.0027944973115175795,0.0009609501152414589,True,0,15.118309799160864,False,1,peripheral,0.15,"низкая активность: 2 вх./6 исх. плательщиков/получателей, без выраженного паттерна",11,0.1,0.2367,"низкая активность: 2 вх./6 исх. плательщиков/получателей, без выраженного паттерна Кластер 11 (0 seed)  объём входящих 93 906 KZT."
100000004403675100,1,False,4,5,182980.0,264699.0,8,6,0.0007431580732801596,0.00010061852340628528,0.0022164237422610113,0.002663170055117583,True,0,1.4466007213903158,False,3,coordinator,1.0,"связан с 3 seed-клиентами напрямую, betweenness=0.003, точка сочленения сети",25,1.0,0.726,"связан с 3 seed-клиентами напрямую, betweenness=0.003, точка сочленения сети Кластер 25 (14 seed)  объём входящих 182 980 KZT."
100000004677680100,1,False,2,1,63000.0,168000.0,2,3,0.0010991088713129958,7.051772899441708e-20,0.00012378934530589896,4.192064261120458e-05,True,0,2.6666666666666665,False,1,peripheral,0.15,"низкая активность: 2 вх./1 исх. плательщиков/получателей, без выраженного паттерна",5,0.1,0.2169,"низкая активность: 2 вх./1 исх. плательщиков/получателей, без выраженного паттерна Кластер 5 (1 seed)  объём входящих 63 000 KZT."
100000005958064100,1,False,1,2,5746.0,163986.84,1,3,0.000287469408481064,2.7483881891478184e-08,0.0002952416133208372,1.9549530448494444e-05,True,0,28.539303863557258,False,1,peripheral,0.15,"низкая активность: 1 вх./2 исх. плательщиков/получателей, без выраженного паттерна",0,0.1,0.1775,"низкая активность: 1 вх./2 исх. плательщиков/получателей, без выраженного паттерна Кластер 0 (0 seed)  объём входящих 5 746 KZT."
100000002881669100,1,False,1,0,18600.0,0.0,1,0,0.00028994878949252197,-0.0,1.0100033668708853e-05,0.0,False,0,0.0,False,1,terminal,0.8,получил 18 600 KZT от 1 плательщиков  исходящих переводов нет (глубина 1<4),13,0.25,0.2704,получил 18 600 KZT от 1 плательщиков  исходящих переводов нет (глубина 1<4) Кластер 13 (1 seed)  объём входящих 18 600 KZT.
100000002938501100,1,False,1,1,8395.0,5000.0,1,1,0.0002877554957814292,1.1976942066206339e-06,0.0002952416133208372,0.0,False,0,0.5955926146515783,False,1,peripheral,0.15,"низкая активность: 1 вх./1 исх. плательщиков/получателей, без выраженного паттерна",2,0.1,0.1835,"низкая активность: 1 вх./1 исх. плательщиков/получателей, без выраженного паттерна Кластер 2 (7 seed)  объём входящих 8 395 KZT."
100000006734554100,1,False,1,1,16500.0,25000.0,1,1,0.0003133229719587711,1.4514944550855815e-19,-1.4362670109846943e-19,6.046246530462199e-07,True,15,1.5151515151515151,False,1,peripheral,0.15,"низкая активность: 1 вх./1 исх. плательщиков/получателей, без выраженного паттерна",37,0.1,0.1945,"низкая активность: 1 вх./1 исх. плательщиков/получателей, без выраженного паттерна Кластер 37 (1 seed)  объём входящих 16 500 KZT."
100000008003034100,1,False,1,4,12201.0,135000.0,1,4,0.00028816653702914155,9.144384937278323e-05,0.0002952416133208372,0.006176039289316121,False,0,11.064666830587656,False,1,peripheral,0.15,"низкая активность: 1 вх./4 исх. плательщиков/получателей, без выраженного паттерна",47,0.1,0.2782,"низкая активность: 1 вх./4 исх. плательщиков/получателей, без выраженного паттерна Кластер 47 (0 seed)  объём входящих 12 201 KZT."
100000003970394100,1,False,1,0,85000.0,0.0,1,0,0.0003010152377438288,-0.0,1.0100033668708853e-05,0.0,False,0,0.0,False,1,terminal,0.8,получил 85 000 KZT от 1 плательщиков  исходящих переводов нет (глубина 1<4),13,0.25,0.2952,получил 85 000 KZT от 1 плательщиков  исходящих переводов нет (глубина 1<4) Кластер 13 (1 seed)  объём входящих 85 000 KZT.
100000003205210100,1,False,1,0,137563.0,0.0,1,0,0.00031450342016482236,-0.0,0.0004611679650745667,0.0,False,0,0.0,False,1,terminal,0.8,получил 137 563 KZT от 1 плательщиков  исходящих переводов нет (глубина 1<4),15,0.25,0.3031,получил 137 563 KZT от 1 плательщиков  исходящих переводов нет (глубина 1<4) Кластер 15 (5 seed)  объём входящих 137 563 KZT.
100000004559194100,1,False,1,0,282145.0,0.0,6,0,0.0003173200101170177,-0.0,0.0002952416133208372,0.0,False,0,0.0,False,1,terminal,0.8,получил 282 145 KZT от 1 плательщиков  исходящих переводов нет (глубина 1<4),2,0.25,0.3148,получил 282 145 KZT от 1 плательщиков  исходящих переводов нет (глубина 1<4) Кластер 2 (7 seed)  объём входящих 282 145 KZT.
100000008173359100,1,False,1,0,6110.0,0.0,1,0,0.0002875087198352856,-0.0,0.0002952416133208372,0.0,False,0,0.0,False,1,terminal,0.8,получил 6 110 KZT от 1 плательщиков  исходящих переводов нет (глубина 1<4),2,0.25,0.2523,получил 6 110 KZT от 1 плательщиков  исходящих переводов нет (глубина 1<4) Кластер 2 (7 seed)  объём входящих 6 110 KZT.
100000007953156100,2,False,1,1,18000.0,10000.0,1,1,0.0004798654843226398,-2.0658719905627425e-20,-3.030524713637518e-19,2.0154155101540664e-05,True,0,0.5555555555555556,False,0,peripheral,0.15,"низкая активность: 1 вх./1 исх. плательщиков/получателей, без выраженного паттерна",0,0.1,0.1662,"низкая активность: 1 вх./1 исх. плательщиков/получателей, без выраженного паттерна Кластер 0 (0 seed)  объём входящих 18 000 KZT."
100000002224132100,2,False,5,4,3951020.0,12115000.0,10,25,0.006085461634461984,-1.014448859952667e-19,-8.25344560469262e-20,6.852412734523826e-06,True,0,3.0662968043695047,False,0,consolidator,0.5,получает от 5 разных плательщиков (3 951 020 KZT)  отдаёт дальше 307% полученного,63,0.9,0.428,получает от 5 разных плательщиков (3 951 020 KZT)  отдаёт дальше 307% полученного Кластер 63 (1 seed)  объём входящих 3 951 020 KZT.
100000008547844100,2,False,3,19,177600.0,2042199.0,3,21,0.0003458688283982454,1.4018980015464173e-05,3.2827465628461877e-06,0.0014964460162893943,True,0,11.498868243243244,False,0,distributor,0.633,рассылает 2 042 199 KZT на 19 разных получателей,32,0.75,0.4086,рассылает 2 042 199 KZT на 19 разных получателей Кластер 32 (0 seed)  объём входящих 177 600 KZT.
100000002635780100,2,False,1,0,163000.02,0.0,1,0,0.0005578057086288512,-0.0,-6.361052647159261e-20,0.0,False,0,0.0,False,0,terminal,0.8,получил 163 000 KZT от 1 плательщиков  исходящих переводов нет (глубина 2<4),24,0.25,0.2759,получил 163 000 KZT от 1 плательщиков  исходящих переводов нет (глубина 2<4) Кластер 24 (2 seed)  объём входящих 163 000 KZT.
100000001279875100,2,False,1,0,49235.0,0.0,1,0,0.00030462783360401413,-0.0,4.088245397339209e-08,0.0,False,0,0.0,False,0,terminal,0.8,получил 49 235 KZT от 1 плательщиков  исходящих переводов нет (глубина 2<4),48,0.25,0.2563,получил 49 235 KZT от 1 плательщиков  исходящих переводов нет (глубина 2<4) Кластер 48 (0 seed)  объём входящих 49 235 KZT.
100000001961048100,2,False,1,0,150000.0,0.0,1,0,0.0003056655581460323,-0.0,3.8766879522082557e-07,0.0,False,0,0.0,False,0,terminal,0.8,получил 150 000 KZT от 1 плательщиков  исходящих переводов нет (глубина 2<4),60,0.25,0.2745,получил 150 000 KZT от 1 плательщиков  исходящих переводов нет (глубина 2<4) Кластер 60 (0 seed)  объём входящих 150 000 KZT.
100000000993112100,2,False,1,0,141000.0,0.0,1,0,0.00044304475091750723,-0.0,-6.603436485049042e-20,0.0,False,0,0.0,False,0,terminal,0.8,получил 141 000 KZT от 1 плательщиков  исходящих переводов нет (глубина 2<4),55,0.25,0.2735,получил 141 000 KZT от 1 плательщиков  исходящих переводов нет (глубина 2<4) Кластер 55 (0 seed)  объём входящих 141 000 KZT.
100000005547096100,2,False,1,2,8000.0,226300.0,1,3,0.0008957944572170969,-5.90936102521233e-19,-4.2745202602083285e-20,4.0308310203081327e-07,False,7,28.2875,False,0,peripheral,0.15,"низкая активность: 1 вх./2 исх. плательщиков/получателей, без выраженного паттерна",23,0.1,0.1527,"низкая активность: 1 вх./2 исх. плательщиков/получателей, без выраженного паттерна Кластер 23 (1 seed)  объём входящих 8 000 KZT."
100000000331309100,2,False,5,99,984635.0,23001375.0,8,126,0.0008793827745051862,0.15776904400718877,0.00022784744557258207,0.006293538013558103,True,0,23.360306103276848,False,0,coordinator,1.0,"связан с 0 seed-клиентами напрямую, betweenness=0.006, точка сочленения сети",9,1.0,0.7156,"связан с 0 seed-клиентами напрямую, betweenness=0.006, точка сочленения сети Кластер 9 (0 seed)  объём входящих 984 635 KZT."
100000006684930100,2,False,1,0,10000.0,0.0,1,0,0.00030006513982134506,-0.0,4.8764778155656494e-08,0.0,False,0,0.0,False,0,terminal,0.8,получил 10 000 KZT от 1 плательщиков  исходящих переводов нет (глубина 2<4),31,0.25,0.2303,получил 10 000 KZT от 1 плательщиков  исходящих переводов нет (глубина 2<4) Кластер 31 (3 seed)  объём входящих 10 000 KZT.
100000004479404100,2,False,2,1,1492000.0,300000.0,8,2,0.0008705522657429224,-2.3849852849324055e-19,9.352123925619046e-05,9.774765224247222e-05,True,0,0.20107238605898123,False,0,peripheral,0.15,"низкая активность: 2 вх./1 исх. плательщиков/получателей, без выраженного паттерна",58,0.1,0.2394,"низкая активность: 2 вх./1 исх. плательщиков/получателей, без выраженного паттерна Кластер 58 (0 seed)  объём входящих 1 492 000 KZT."
100000004134060100,2,False,1,0,88179.0,0.0,1,0,0.0003294701337184725,-0.0,5.704237349087008e-08,0.0,False,0,0.0,False,0,terminal,0.8,получил 88 179 KZT от 1 плательщиков  исходящих переводов нет (глубина 2<4),21,0.25,0.2658,получил 88 179 KZT от 1 плательщиков  исходящих переводов нет (глубина 2<4) Кластер 21 (0 seed)  объём входящих 88 179 KZT.
100000001083990100,2,False,1,0,49900.0,0.0,2,0,0.0005043133556429473,-0.0,5.164622431628135e-19,0.0,False,0,0.0,False,0,terminal,0.8,получил 49 900 KZT от 1 плательщиков  исходящих переводов нет (глубина 2<4),13,0.25,0.2565,получил 49 900 KZT от 1 плательщиков  исходящих переводов нет (глубина 2<4) Кластер 13 (1 seed)  объём входящих 49 900 KZT.
100000004573782100,2,False,1,0,15000.0,0.0,1,0,0.00031127474699081957,-0.0,-8.366600452792684e-20,0.0,False,0,0.0,False,0,terminal,0.8,получил 15 000 KZT от 1 плательщиков  исходящих переводов нет (глубина 2<4),24,0.25,0.2369,получил 15 000 KZT от 1 плательщиков  исходящих переводов нет (глубина 2<4) Кластер 24 (2 seed)  объём входящих 15 000 KZT.
100000005660203100,2,False,1,2,572899.0,41000.0,12,5,0.0009530464731684009,0.00014311752688760143,-9.767479751167504e-19,1.975107199950985e-05,True,0,0.07156584319400104,False,0,peripheral,0.15,"низкая активность: 1 вх./2 исх. плательщиков/получателей, без выраженного паттерна",2,0.1,0.2226,"низкая активность: 1 вх./2 исх. плательщиков/получателей, без выраженного паттерна Кластер 2 (7 seed)  объём входящих 572 899 KZT."
100000008771627100,2,False,1,0,16500.0,0.0,1,0,0.0002924757034765415,-0.0,1.248460114358995e-19,0.0,False,1,0.0,False,0,terminal,0.8,получил 16 500 KZT от 1 плательщиков  исходящих переводов нет (глубина 2<4),38,0.25,0.2385,получил 16 500 KZT от 1 плательщиков  исходящих переводов нет (глубина 2<4) Кластер 38 (1 seed)  объём входящих 16 500 KZT.
100000000031787100,2,False,1,2,90000.0,90000.0,2,4,0.0004334042285692282,1.877603058427807e-06,-8.366600452792684e-20,4.0308310203081327e-07,True,0,1.0,False,0,transit,1.0,"получает от 1, передаёт 2; pass-through 1.00 — деньги не задерживаются",24,0.35,0.3262,"получает от 1, передаёт 2; pass-through 1.00 — деньги не задерживаются Кластер 24 (2 seed)  объём входящих 90 000 KZT."
100000001346560100,2,False,2,1,10000.0,22200.0,2,1,0.0005891553059540454,5.145501043397758e-21,5.087515445075618e-19,2.6200401632002863e-05,True,0,2.22,False,0,peripheral,0.15,"низкая активность: 2 вх./1 исх. плательщиков/получателей, без выраженного паттерна",15,0.1,0.1567,"низкая активность: 2 вх./1 исх. плательщиков/получателей, без выраженного паттерна Кластер 15 (5 seed)  объём входящих 10 000 KZT."
100000001703168100,2,False,1,1,45000.0,90000.0,1,1,0.0002939729881197745,-3.2124034753167223e-19,0.00014216819592800507,1.9549530448494444e-05,True,0,2.0,False,0,peripheral,0.15,"низкая активность: 1 вх./1 исх. плательщиков/получателей, без выраженного паттерна",15,0.1,0.1811,"низкая активность: 1 вх./1 исх. плательщиков/получателей, без выраженного паттерна Кластер 15 (5 seed)  объём входящих 45 000 KZT."
100000004904960100,2,False,2,0,32000.0,0.0,2,0,0.0007812763224699222,-0.0,-5.878106484564229e-19,0.0,False,0,0.0,False,0,terminal,0.8,получил 32 000 KZT от 2 плательщиков  исходящих переводов нет (глубина 2<4),8,0.25,0.2493,получил 32 000 KZT от 2 плательщиков  исходящих переводов нет (глубина 2<4) Кластер 8 (1 seed)  объём входящих 32 000 KZT.
100000004467157100,2,False,1,1,20000.0,7000.0,3,1,0.0003882356515698653,0.0009306950229767214,3.6495902301811397e-09,0.0,False,0,0.35,False,0,peripheral,0.15,"низкая активность: 1 вх./1 исх. плательщиков/получателей, без выраженного паттерна",10,0.1,0.1676,"низкая активность: 1 вх./1 исх. плательщиков/получателей, без выраженного паттерна Кластер 10 (0 seed)  объём входящих 20 000 KZT."
100000008346837100,2,False,9,25,254359.0,1258643.0,12,26,0.0005497850035412777,0.0139225667912717,0.00020790594427750296,0.009993236265547923,True,0,4.948293553599441,False,1,coordinator,1.0,"связан с 1 seed-клиентами напрямую, betweenness=0.010, точка сочленения сети",31,1.0,0.7766,"связан с 1 seed-клиентами напрямую, betweenness=0.010, точка сочленения сети Кластер 31 (3 seed)  объём входящих 254 359 KZT."
100000006385877100,2,False,1,1,53706.62,36602.93,5,5,0.0021366719296378807,9.838751086440548e-06,-6.882554321745945e-19,0.0,False,0,0.6815347903107661,False,0,peripheral,0.15,"низкая активность: 1 вх./1 исх. плательщиков/получателей, без выраженного паттерна",24,0.1,0.1837,"низкая активность: 1 вх./1 исх. плательщиков/получателей, без выраженного паттерна Кластер 24 (2 seed)  объём входящих 53 707 KZT."
100000002459093100,2,False,1,1,500000.0,55000.0,2,3,0.0003909707696326587,2.3376330835136448e-19,4.282827841861873e-07,1.2092493060924398e-06,True,0,0.11,False,0,peripheral,0.15,"низкая активность: 1 вх./1 исх. плательщиков/получателей, без выраженного паттерна",1,0.1,0.2202,"низкая активность: 1 вх./1 исх. плательщиков/получателей, без выраженного паттерна Кластер 1 (3 seed)  объём входящих 500 000 KZT."
100000005053653100,2,False,2,1,63073.0,25000.0,2,1,0.0003149974032434689,1.2082008575440352e-19,0.00041894077140227075,1.9549530448494444e-05,True,0,0.3963661154535221,False,0,peripheral,0.15,"низкая активность: 2 вх./1 исх. плательщиков/получателей, без выраженного паттерна",31,0.1,0.1866,"низкая активность: 2 вх./1 исх. плательщиков/получателей, без выраженного паттерна Кластер 31 (3 seed)  объём входящих 63 073 KZT."
100000001557930100,2,False,1,0,34610.0,0.0,1,0,0.00029343625528440353,-0.0,2.8721412970846466e-05,0.0,False,0,0.0,False,0,terminal,0.8,получил 34 610 KZT от 1 плательщиков  исходящих переводов нет (глубина 2<4),1,0.25,0.2506,получил 34 610 KZT от 1 плательщиков  исходящих переводов нет (глубина 2<4) Кластер 1 (3 seed)  объём входящих 34 610 KZT.
100000002820010100,2,False,1,0,30000.0,0.0,1,0,0.00029255882288773457,-0.0,2.8721412970846466e-05,0.0,False,0,0.0,False,0,terminal,0.8,получил 30 000 KZT от 1 плательщиков  исходящих переводов нет (глубина 2<4),1,0.25,0.2482,получил 30 000 KZT от 1 плательщиков  исходящих переводов нет (глубина 2<4) Кластер 1 (3 seed)  объём входящих 30 000 KZT.
100000000769919100,2,False,1,0,250000.0,0.0,1,0,0.0007385917129711801,-0.0,-3.983682455490786e-19,0.0,False,14,0.0,False,0,terminal,0.8,получил 250 000 KZT от 1 плательщиков  исходящих переводов нет (глубина 2<4),36,0.25,0.2828,получил 250 000 KZT от 1 плательщиков  исходящих переводов нет (глубина 2<4) Кластер 36 (1 seed)  объём входящих 250 000 KZT.
100000003188607100,2,False,1,1,18000.0,5000.0,1,1,0.0003161599262539559,6.757095753040785e-20,-8.366600452792684e-20,6.046246530462199e-07,False,0,0.2777777777777778,False,0,peripheral,0.15,"низкая активность: 1 вх./1 исх. плательщиков/получателей, без выраженного паттерна",24,0.1,0.1659,"низкая активность: 1 вх./1 исх. плательщиков/получателей, без выраженного паттерна Кластер 24 (2 seed)  объём входящих 18 000 KZT."
100000002836052100,2,False,1,0,15000.0,0.0,1,0,0.00030702799179248345,-0.0,1.9981603261818127e-19,0.0,False,0,0.0,False,0,terminal,0.8,получил 15 000 KZT от 1 плательщиков  исходящих переводов нет (глубина 2<4),15,0.25,0.2369,получил 15 000 KZT от 1 плательщиков  исходящих переводов нет (глубина 2<4) Кластер 15 (5 seed)  объём входящих 15 000 KZT.
100000001102676100,2,False,1,1,50000.0,50000.0,1,1,0.00031442673442636535,0.0005761766950985906,6.14510409783037e-21,2.43865276728642e-05,False,0,1.0,False,1,transit,1.0,"получает от 1, передаёт 1; pass-through 1.00 — деньги не задерживаются",15,0.35,0.3469,"получает от 1, передаёт 1; pass-through 1.00 — деньги не задерживаются Кластер 15 (5 seed)  объём входящих 50 000 KZT."
100000003390036100,2,False,2,2,231300.0,62000.0,4,2,0.0013293331293250184,-1.241934656442419e-19,4.037862125750583e-05,7.960891265108562e-05,True,0,0.2680501513186338,False,0,peripheral,0.15,"низкая активность: 2 вх./2 исх. плательщиков/получателей, без выраженного паттерна",5,0.1,0.2087,"низкая активность: 2 вх./2 исх. плательщиков/получателей, без выраженного паттерна Кластер 5 (1 seed)  объём входящих 231 300 KZT."
100000008335401100,2,False,1,0,150000.0,0.0,3,0,0.0005536444343072914,-0.0,-2.661837292531146e-19,0.0,False,0,0.0,False,0,terminal,0.8,получил 150 000 KZT от 1 плательщиков  исходящих переводов нет (глубина 2<4),29,0.25,0.2745,получил 150 000 KZT от 1 плательщиков  исходящих переводов нет (глубина 2<4) Кластер 29 (0 seed)  объём входящих 150 000 KZT.
100000006994985100,2,False,1,1,48500.0,10200.0,2,2,0.0005035182505388553,-4.605286663690391e-20,2.3525062200298987e-07,1.9952613550525257e-05,True,0,0.21030927835051547,False,0,peripheral,0.15,"низкая активность: 1 вх./1 исх. плательщиков/получателей, без выраженного паттерна",1,0.1,0.1824,"низкая активность: 1 вх./1 исх. плательщиков/получателей, без выраженного паттерна Кластер 1 (3 seed)  объём входящих 48 500 KZT."
100000008356606100,2,False,2,0,168500.0,0.0,2,0,0.0006295168076387277,-0.0,1.717767092431375e-06,0.0,False,0,0.0,False,0,terminal,0.8,получил 168 500 KZT от 2 плательщиков  исходящих переводов нет (глубина 2<4),47,0.25,0.2764,получил 168 500 KZT от 2 плательщиков  исходящих переводов нет (глубина 2<4) Кластер 47 (0 seed)  объём входящих 168 500 KZT.
100000007930878100,2,False,1,0,5000.0,0.0,1,0,0.00048566826131267373,-0.0,2.6734055213759465e-19,0.0,False,12,0.0,False,0,terminal,0.8,получил 5 000 KZT от 1 плательщиков  исходящих переводов нет (глубина 2<4),33,0.25,0.219,получил 5 000 KZT от 1 плательщиков  исходящих переводов нет (глубина 2<4) Кластер 33 (1 seed)  объём входящих 5 000 KZT.
100000008389800100,2,False,3,7,189000.0,401620.0,3,8,0.0005072907109701344,0.0005432286755832016,2.582807759114247e-06,0.00018017814660777352,True,0,2.124973544973545,False,0,peripheral,0.15,"низкая активность: 3 вх./7 исх. плательщиков/получателей, без выраженного паттерна",2,0.1,0.2069,"низкая активность: 3 вх./7 исх. плательщиков/получателей, без выраженного паттерна Кластер 2 (7 seed)  объём входящих 189 000 KZT."
100000005474472100,2,False,1,0,100000.0,0.0,1,0,0.0005473363131713977,-0.0,2.372538190151431e-19,0.0,False,0,0.0,False,0,terminal,0.8,получил 100 000 KZT от 1 плательщиков  исходящих переводов нет (глубина 2<4),63,0.25,0.2679,получил 100 000 KZT от 1 плательщиков  исходящих переводов нет (глубина 2<4) Кластер 63 (1 seed)  объём входящих 100 000 KZT.
100000004486525100,2,False,8,2,360924.0,271045.0,21,3,0.0008092867088737118,0.00046487107471171593,0.0003017568837891712,1.2898659264986025e-05,False,0,0.7509752745730403,False,0,consolidator,0.8,получает от 8 разных плательщиков (360 924 KZT)  отдаёт дальше 75% полученного,8,0.9,0.497,получает от 8 разных плательщиков (360 924 KZT)  отдаёт дальше 75% полученного Кластер 8 (1 seed)  объём входящих 360 924 KZT.
100000003031890100,2,False,1,0,215000.0,0.0,10,0,0.0003938364463888407,-0.0,-4.959172378755148e-19,0.0,False,4,0.0,False,0,terminal,0.8,получил 215 000 KZT от 1 плательщиков  исходящих переводов нет (глубина 2<4),44,0.25,0.2804,получил 215 000 KZT от 1 плательщиков  исходящих переводов нет (глубина 2<4) Кластер 44 (1 seed)  объём входящих 215 000 KZT.
100000008624978100,2,False,1,0,109000.0,0.0,1,0,0.0003395339554248342,-0.0,5.704237349087008e-08,0.0,False,0,0.0,False,0,terminal,0.8,получил 109 000 KZT от 1 плательщиков  исходящих переводов нет (глубина 2<4),21,0.25,0.2693,получил 109 000 KZT от 1 плательщиков  исходящих переводов нет (глубина 2<4) Кластер 21 (0 seed)  объём входящих 109 000 KZT.
100000000790311100,2,False,1,0,46300.0,0.0,1,0,0.00030163839286252107,-0.0,3.567634960949817e-05,0.0,False,0,0.0,False,0,terminal,0.8,получил 46 300 KZT от 1 плательщиков  исходящих переводов нет (глубина 2<4),3,0.25,0.2553,получил 46 300 KZT от 1 плательщиков  исходящих переводов нет (глубина 2<4) Кластер 3 (3 seed)  объём входящих 46 300 KZT.
100000008546855100,2,False,6,2,71790.0,10000.0,8,2,0.0014320740761942128,2.3020321204954836e-19,0.00020714168634767416,5.985784065157577e-05,True,0,0.1392951664577239,False,0,consolidator,0.6,получает от 6 разных плательщиков (71 790 KZT)  отдаёт дальше 14% полученного,49,0.9,0.3993,получает от 6 разных плательщиков (71 790 KZT)  отдаёт дальше 14% полученного Кластер 49 (1 seed)  объём входящих 71 790 KZT.
100000002863356100,2,False,1,1,45000.0,20000.0,1,1,0.0003021948128607842,4.048315648706331e-20,1.248460114358995e-19,1.4107908571078464e-06,True,1,0.4444444444444444,False,0,peripheral,0.15,"низкая активность: 1 вх./1 исх. плательщиков/получателей, без выраженного паттерна",38,0.1,0.1809,"низкая активность: 1 вх./1 исх. плательщиков/получателей, без выраженного паттерна Кластер 38 (1 seed)  объём входящих 45 000 KZT."
100000000332284100,2,False,10,3,107426.0,289500.0,12,3,0.000720210742355257,0.001282000647291042,0.00035652923611065367,8.303511901834754e-05,True,0,2.69487833485376,False,0,consolidator,1.0,получает от 10 разных плательщиков (107 426 KZT)  отдаёт дальше 269% полученного,9,0.9,0.5502,получает от 10 разных плательщиков (107 426 KZT)  отдаёт дальше 269% полученного Кластер 9 (0 seed)  объём входящих 107 426 KZT.
100000002605308100,2,False,3,0,2569521.84,0.0,7,0,0.0008891489340038767,-0.0,6.406073019434085e-08,0.0,False,0,0.0,False,0,terminal,0.8,получил 2 569 522 KZT от 3 плательщиков  исходящих переводов нет (глубина 2<4),0,0.25,0.3209,получил 2 569 522 KZT от 3 плательщиков  исходящих переводов нет (глубина 2<4) Кластер 0 (0 seed)  объём входящих 2 569 522 KZT.
100000005931985100,2,False,1,0,76000.0,0.0,1,0,0.00031429279710744405,-0.0,4.088245397339209e-08,0.0,False,0,0.0,False,0,terminal,0.8,получил 76 000 KZT от 1 плательщиков  исходящих переводов нет (глубина 2<4),48,0.25,0.2634,получил 76 000 KZT от 1 плательщиков  исходящих переводов нет (глубина 2<4) Кластер 48 (0 seed)  объём входящих 76 000 KZT.
100000001166289100,2,False,2,1,721039.0,25000.0,10,1,0.00204510817942518,1.772960732943659e-19,-6.357218857824557e-20,0.0,False,1,0.0346721883282319,False,0,peripheral,0.15,"низкая активность: 2 вх./1 исх. плательщиков/получателей, без выраженного паттерна",38,0.1,0.2261,"низкая активность: 2 вх./1 исх. плательщиков/получателей, без выраженного паттерна Кластер 38 (1 seed)  объём входящих 721 039 KZT."
100000008477350100,2,False,11,39,610100.0,3374866.0,14,44,0.0010386088331617233,0.061059843054230435,0.0005529343103492871,0.004725343205107224,True,0,5.531660383543682,False,0,coordinator,1.0,"связан с 0 seed-клиентами напрямую, betweenness=0.005, точка сочленения сети",8,1.0,0.6853,"связан с 0 seed-клиентами напрямую, betweenness=0.005, точка сочленения сети Кластер 8 (1 seed)  объём входящих 610 100 KZT."
100000003824464100,2,False,1,0,200000.0,0.0,1,0,0.0003246863451083126,-0.0,9.190763811915163e-05,0.0,False,0,0.0,False,0,terminal,0.8,получил 200 000 KZT от 1 плательщиков  исходящих переводов нет (глубина 2<4),11,0.25,0.2792,получил 200 000 KZT от 1 плательщиков  исходящих переводов нет (глубина 2<4) Кластер 11 (0 seed)  объём входящих 200 000 KZT.
100000002738256100,2,False,1,1,150200.0,175000.0,1,1,0.0005102377719203936,2.7607572522855536e-19,-2.8037386510741107e-19,0.0,False,13,1.1651131824234353,False,0,transit,0.835,"получает от 1, передаёт 1; pass-through 1.17 — деньги не задерживаются",35,0.35,0.3114,"получает от 1, передаёт 1; pass-through 1.17 — деньги не задерживаются Кластер 35 (1 seed)  объём входящих 150 200 KZT."
100000001857829100,2,False,6,16,888535.0,2390993.0,9,16,0.0006231476278116456,0.0069908141781462145,0.0020377594022789936,0.005840674148426484,True,0,2.690938454872346,False,0,coordinator,1.0,"связан с 0 seed-клиентами напрямую, betweenness=0.006, точка сочленения сети",17,1.0,0.7074,"связан с 0 seed-клиентами напрямую, betweenness=0.006, точка сочленения сети Кластер 17 (0 seed)  объём входящих 888 535 KZT."
100000008672762100,2,False,1,0,13000.0,0.0,1,0,0.00029128212863988013,-0.0,1.248460114358995e-19,0.0,False,1,0.0,False,0,terminal,0.8,получил 13 000 KZT от 1 плательщиков  исходящих переводов нет (глубина 2<4),38,0.25,0.2346,получил 13 000 KZT от 1 плательщиков  исходящих переводов нет (глубина 2<4) Кластер 38 (1 seed)  объём входящих 13 000 KZT.
100000001737722100,2,False,1,0,60460.0,0.0,1,0,0.00032019602770712215,-0.0,6.14510409783037e-21,0.0,False,0,0.0,False,0,terminal,0.8,получил 60 460 KZT от 1 плательщиков  исходящих переводов нет (глубина 2<4),15,0.25,0.2597,получил 60 460 KZT от 1 плательщиков  исходящих переводов нет (глубина 2<4) Кластер 15 (5 seed)  объём входящих 60 460 KZT.
100000005572303100,2,False,1,1,75000.0,20000.0,1,1,0.0003146741491364041,-1.6360818258939105e-19,2.6036449179595394e-06,3.909906089698889e-05,True,0,0.26666666666666666,False,0,peripheral,0.15,"низкая активность: 1 вх./1 исх. плательщиков/получателей, без выраженного паттерна",2,0.1,0.1897,"низкая активность: 1 вх./1 исх. плательщиков/получателей, без выраженного паттерна Кластер 2 (7 seed)  объём входящих 75 000 KZT."
100000008733049100,2,False,1,0,10000.0,0.0,1,0,0.00029004313624476707,-0.0,3.567634960949817e-05,0.0,False,0,0.0,False,0,terminal,0.8,получил 10 000 KZT от 1 плательщиков  исходящих переводов нет (глубина 2<4),3,0.25,0.2303,получил 10 000 KZT от 1 плательщиков  исходящих переводов нет (глубина 2<4) Кластер 3 (3 seed)  объём входящих 10 000 KZT.
100000000850297100,2,False,1,1,17520.0,17520.0,1,1,0.0002952309161654955,9.759457887090219e-06,2.3228134124634154e-05,0.0,False,0,1.0,False,0,transit,1.0,"получает от 1, передаёт 1; pass-through 1.00 — деньги не задерживаются",29,0.35,0.2995,"получает от 1, передаёт 1; pass-through 1.00 — деньги не задерживаются Кластер 29 (0 seed)  объём входящих 17 520 KZT."
100000005140601100,2,False,3,2,52685.0,195300.0,4,5,0.0027224677339201682,0.0016244594188492213,0.0016302742427693573,1.9952613550525257e-05,True,0,3.706937458479643,False,0,peripheral,0.15,"низкая активность: 3 вх./2 исх. плательщиков/получателей, без выраженного паттерна",17,0.1,0.1837,"низкая активность: 3 вх./2 исх. плательщиков/получателей, без выраженного паттерна Кластер 17 (0 seed)  объём входящих 52 685 KZT."
100000004410489100,2,False,1,0,54000.0,0.0,1,0,0.0003156208577952541,-0.0,0.00015948068360919555,0.0,False,0,0.0,False,0,terminal,0.8,получил 54 000 KZT от 1 плательщиков  исходящих переводов нет (глубина 2<4),8,0.25,0.2578,получил 54 000 KZT от 1 плательщиков  исходящих переводов нет (глубина 2<4) Кластер 8 (1 seed)  объём входящих 54 000 KZT.
100000006852430100,2,False,1,0,37000.0,0.0,1,0,0.0005385501553326385,-0.0,-7.293138841129239e-20,0.0,False,0,0.0,False,0,terminal,0.8,получил 37 000 KZT от 1 плательщиков  исходящих переводов нет (глубина 2<4),5,0.25,0.2517,получил 37 000 KZT от 1 плательщиков  исходящих переводов нет (глубина 2<4) Кластер 5 (1 seed)  объём входящих 37 000 KZT.
100000003166755100,2,False,1,0,24010.0,0.0,1,0,0.0002906499737872651,-0.0,0.00014216819592800507,0.0,False,0,0.0,False,0,terminal,0.8,получил 24 010 KZT от 1 плательщиков  исходящих переводов нет (глубина 2<4),15,0.25,0.2446,получил 24 010 KZT от 1 плательщиков  исходящих переводов нет (глубина 2<4) Кластер 15 (5 seed)  объём входящих 24 010 KZT.
100000008258083100,2,False,2,2,3149500.0,2045650.0,13,6,0.0010544317053486937,1.9464493945847134e-05,4.539369165004791e-05,7.90042879980394e-05,False,0,0.6495157961581204,False,0,peripheral,0.15,"низкая активность: 2 вх./2 исх. плательщиков/получателей, без выраженного паттерна",60,0.1,0.2513,"низкая активность: 2 вх./2 исх. плательщиков/получателей, без выраженного паттерна Кластер 60 (0 seed)  объём входящих 3 149 500 KZT."
100000003054328100,2,False,1,2,140000.0,193720.0,1,2,0.00033740348883991246,6.437268737192206e-19,4.088245397339209e-08,8.061662040616265e-07,True,0,1.3837142857142857,False,0,peripheral,0.15,"низкая активность: 1 вх./2 исх. плательщиков/получателей, без выраженного паттерна",48,0.1,0.1994,"низкая активность: 1 вх./2 исх. плательщиков/получателей, без выраженного паттерна Кластер 48 (0 seed)  объём входящих 140 000 KZT."
100000008473207100,2,False,1,0,202000.0,0.0,4,0,0.0005585946177220583,-0.0,1.9981603261818127e-19,0.0,False,0,0.0,False,0,terminal,0.8,получил 202 000 KZT от 1 плательщиков  исходящих переводов нет (глубина 2<4),15,0.25,0.2794,получил 202 000 KZT от 1 плательщиков  исходящих переводов нет (глубина 2<4) Кластер 15 (5 seed)  объём входящих 202 000 KZT.
100000008104567100,2,False,3,3,53550.0,40000.0,3,4,0.0005404037708096594,1.2232102383642674e-06,2.832585101686383e-05,0.0016095108264090373,True,0,0.7469654528478058,False,1,coordinator,0.765,"связан с 1 seed-клиентами напрямую, betweenness=0.002, точка сочленения сети",29,1.0,0.5368,"связан с 1 seed-клиентами напрямую, betweenness=0.002, точка сочленения сети Кластер 29 (0 seed)  объём входящих 53 550 KZT."
100000002721825100,2,False,1,0,11000.0,0.0,1,0,0.0005337416422068957,-0.0,-4.7686035848012e-19,0.0,False,0,0.0,False,0,terminal,0.8,получил 11 000 KZT от 1 плательщиков  исходящих переводов нет (глубина 2<4),8,0.25,0.2319,получил 11 000 KZT от 1 плательщиков  исходящих переводов нет (глубина 2<4) Кластер 8 (1 seed)  объём входящих 11 000 KZT.
100000003509750100,2,False,3,3,82290.0,78400.0,4,5,0.0016926685491983377,1.6693977489587487e-19,2.9184390090325124e-05,2.0154155101540663e-06,True,0,0.9527281565196257,False,0,transit,0.953,"получает от 3, передаёт 3; pass-through 0.95 — деньги не задерживаются",1,0.35,0.3181,"получает от 3, передаёт 3; pass-through 0.95 — деньги не задерживаются Кластер 1 (3 seed)  объём входящих 82 290 KZT."
100000007322059100,2,False,2,1,29000.0,22500.0,2,2,0.0006829348691683638,-2.712501508845336e-19,-3.399662487209229e-19,4.071139330511214e-05,True,0,0.7758620689655172,False,0,peripheral,0.15,"низкая активность: 2 вх./1 исх. плательщиков/получателей, без выраженного паттерна",55,0.1,0.1743,"низкая активность: 2 вх./1 исх. плательщиков/получателей, без выраженного паттерна Кластер 55 (0 seed)  объём входящих 29 000 KZT."
100000004441291100,2,False,1,0,20000.0,0.0,1,0,0.0005512351398546664,-0.0,1.711852167685614e-19,0.0,False,0,0.0,False,0,terminal,0.8,получил 20 000 KZT от 1 плательщиков  исходящих переводов нет (глубина 2<4),15,0.25,0.2416,получил 20 000 KZT от 1 плательщиков  исходящих переводов нет (глубина 2<4) Кластер 15 (5 seed)  объём входящих 20 000 KZT.
100000006122699100,2,False,2,0,45865.0,0.0,2,0,0.00040648693382533836,-0.0,7.403304381194414e-06,0.0,False,0,0.0,False,0,terminal,0.8,получил 45 865 KZT от 2 плательщиков  исходящих переводов нет (глубина 2<4),2,0.25,0.2552,получил 45 865 KZT от 2 плательщиков  исходящих переводов нет (глубина 2<4) Кластер 2 (7 seed)  объём входящих 45 865 KZT.
100000008254069100,2,False,1,5,10200.0,107500.0,2,6,0.0003440074767659766,5.5289397882282045e-05,-1.6194360693703252e-19,9.633686138536437e-05,True,0,10.53921568627451,False,2,coordinator,0.713,"связан с 2 seed-клиентами напрямую, betweenness=0.000, точка сочленения сети",25,1.0,0.4972,"связан с 2 seed-клиентами напрямую, betweenness=0.000, точка сочленения сети Кластер 25 (14 seed)  объём входящих 10 200 KZT."
100000003336565100,2,False,1,0,16550.0,0.0,1,0,0.0002924927545456367,-0.0,1.248460114358995e-19,0.0,False,1,0.0,False,0,terminal,0.8,получил 16 550 KZT от 1 плательщиков  исходящих переводов нет (глубина 2<4),38,0.25,0.2385,получил 16 550 KZT от 1 плательщиков  исходящих переводов нет (глубина 2<4) Кластер 38 (1 seed)  объём входящих 16 550 KZT.
100000002492277100,2,False,1,0,138500.0,0.0,1,0,0.00030877536258807514,-0.0,0.00014216819592800507,0.0,False,0,0.0,False,0,terminal,0.8,получил 138 500 KZT от 1 плательщиков  исходящих переводов нет (глубина 2<4),15,0.25,0.2732,получил 138 500 KZT от 1 плательщиков  исходящих переводов нет (глубина 2<4) Кластер 15 (5 seed)  объём входящих 138 500 KZT.
100000001339466100,2,False,1,0,30000.0,0.0,1,0,0.0003052558285683314,-0.0,0.00014276729694478286,0.0,False,0,0.0,False,0,terminal,0.8,получил 30 000 KZT от 1 плательщиков  исходящих переводов нет (глубина 2<4),15,0.25,0.2482,получил 30 000 KZT от 1 плательщиков  исходящих переводов нет (глубина 2<4) Кластер 15 (5 seed)  объём входящих 30 000 KZT.
100000005022964100,2,False,1,0,20000.0,0.0,1,0,0.00032882149919400056,-0.0,-1.1039077008052695e-20,0.0,False,0,0.0,False,0,terminal,0.8,получил 20 000 KZT от 1 плательщиков  исходящих переводов нет (глубина 2<4),15,0.25,0.2416,получил 20 000 KZT от 1 плательщиков  исходящих переводов нет (глубина 2<4) Кластер 15 (5 seed)  объём входящих 20 000 KZT.
100000003112436100,2,False,1,0,100000.0,0.0,1,0,0.00030348276979776545,-0.0,4.0407560321177665e-06,0.0,False,0,0.0,False,0,terminal,0.8,получил 100 000 KZT от 1 плательщиков  исходящих переводов нет (глубина 2<4),2,0.25,0.2679,получил 100 000 KZT от 1 плательщиков  исходящих переводов нет (глубина 2<4) Кластер 2 (7 seed)  объём входящих 100 000 KZT.
100000000489417100,2,False,3,1,73504.0,80000.0,3,1,0.0005541705311196944,0.0013727343928219477,0.00014228960023296073,2.4184986121848796e-06,False,0,1.0883761427949499,False,0,transit,0.912,"получает от 3, передаёт 1; pass-through 1.09 — деньги не задерживаются",31,0.35,0.3106,"получает от 3, передаёт 1; pass-through 1.09 — деньги не задерживаются Кластер 31 (3 seed)  объём входящих 73 504 KZT."
100000002217161100,2,False,2,7,404750.0,995132.0,15,19,0.0008950795792368221,-2.48876477585453e-19,5.213487353611538e-05,0.0001578070344450634,True,0,2.4586337245213095,False,0,peripheral,0.15,"низкая активность: 2 вх./7 исх. плательщиков/получателей, без выраженного паттерна",34,0.1,0.219,"низкая активность: 2 вх./7 исх. плательщиков/получателей, без выраженного паттерна Кластер 34 (0 seed)  объём входящих 404 750 KZT."
100000002469065100,2,False,1,0,200000.0,0.0,1,0,0.0003201166889203931,-0.0,4.0407560321177665e-06,0.0,False,0,0.0,False,0,terminal,0.8,получил 200 000 KZT от 1 плательщиков  исходящих переводов нет (глубина 2<4),2,0.25,0.2792,получил 200 000 KZT от 1 плательщиков  исходящих переводов нет (глубина 2<4) Кластер 2 (7 seed)  объём входящих 200 000 KZT.
100000007337374100,2,False,1,0,20000.0,0.0,2,0,0.00029366927831320287,-0.0,1.248460114358995e-19,0.0,False,1,0.0,False,0,terminal,0.8,получил 20 000 KZT от 1 плательщиков  исходящих переводов нет (глубина 2<4),38,0.25,0.2416,получил 20 000 KZT от 1 плательщиков  исходящих переводов нет (глубина 2<4) Кластер 38 (1 seed)  объём входящих 20 000 KZT.
100000003249054100,2,False,7,1,99700.0,15000.0,11,1,0.00043335777474713916,1.0815956791863856e-19,0.0003818541063057713,4.030831020308133e-05,True,0,0.15045135406218657,False,0,consolidator,0.7,получает от 7 разных плательщиков (99 700 KZT)  отдаёт дальше 15% полученного,15,0.9,0.4404,получает от 7 разных плательщиков (99 700 KZT)  отдаёт дальше 15% полученного Кластер 15 (5 seed)  объём входящих 99 700 KZT.
100000003024542100,2,False,1,0,8500.0,0.0,1,0,0.00031936163732885554,-0.0,3.8139637240047547e-19,0.0,False,0,0.0,False,0,terminal,0.8,получил 8 500 KZT от 1 плательщиков  исходящих переводов нет (глубина 2<4),15,0.25,0.2277,получил 8 500 KZT от 1 плательщиков  исходящих переводов нет (глубина 2<4) Кластер 15 (5 seed)  объём входящих 8 500 KZT.
100000002718366100,2,False,6,0,2525000.0,0.0,10,0,0.0006841578453752227,-0.0,7.932283167523368e-06,0.0,False,0,0.0,False,0,consolidator,0.6,получает от 6 разных плательщиков (2 525 000 KZT)  отдаёт дальше 0% полученного,32,0.9,0.4566,получает от 6 разных плательщиков (2 525 000 KZT)  отдаёт дальше 0% полученного Кластер 32 (0 seed)  объём входящих 2 525 000 KZT.
100000005059998100,2,False,1,0,18000.0,0.0,1,0,0.00029724095996010007,-0.0,5.3101852799700003e-05,0.0,False,0,0.0,False,0,terminal,0.8,получил 18 000 KZT от 1 плательщиков  исходящих переводов нет (глубина 2<4),8,0.25,0.2399,получил 18 000 KZT от 1 плательщиков  исходящих переводов нет (глубина 2<4) Кластер 8 (1 seed)  объём входящих 18 000 KZT.
100000004071070100,2,False,2,1,41000.0,6000.0,5,1,0.0011947359230789778,0.003942592132037422,0.0006479966441137762,0.0,False,0,0.14634146341463414,False,0,peripheral,0.15,"низкая активность: 2 вх./1 исх. плательщиков/получателей, без выраженного паттерна",8,0.1,0.1793,"низкая активность: 2 вх./1 исх. плательщиков/получателей, без выраженного паттерна Кластер 8 (1 seed)  объём входящих 41 000 KZT."
100000001584286100,2,False,2,0,738699.0,0.0,3,0,0.0003299418914084692,-0.0,7.670824295781773e-07,0.0,False,0,0.0,False,0,terminal,0.8,получил 738 699 KZT от 2 плательщиков  исходящих переводов нет (глубина 2<4),48,0.25,0.3005,получил 738 699 KZT от 2 плательщиков  исходящих переводов нет (глубина 2<4) Кластер 48 (0 seed)  объём входящих 738 699 KZT.
100000008701256100,2,False,1,0,58250.0,0.0,1,0,0.00030509919584153936,-0.0,4.840584067279851e-05,0.0,False,0,0.0,False,0,terminal,0.8,получил 58 250 KZT от 1 плательщиков  исходящих переводов нет (глубина 2<4),16,0.25,0.2591,получил 58 250 KZT от 1 плательщиков  исходящих переводов нет (глубина 2<4) Кластер 16 (0 seed)  объём входящих 58 250 KZT.
100000001490461100,2,False,1,1,20000.0,5000.0,1,1,0.000322421595159425,4.752997635764339e-20,-2.661837292531146e-19,2.2371112162710136e-05,True,0,0.25,False,0,peripheral,0.15,"низкая активность: 1 вх./1 исх. плательщиков/получателей, без выраженного паттерна",29,0.1,0.1679,"низкая активность: 1 вх./1 исх. плательщиков/получателей, без выраженного паттерна Кластер 29 (0 seed)  объём входящих 20 000 KZT."
100000008531186100,2,False,1,0,125000.0,0.0,1,0,0.0003635445918967776,-0.0,0.00014276729694478286,0.0,False,0,0.0,False,0,terminal,0.8,получил 125 000 KZT от 1 плательщиков  исходящих переводов нет (глубина 2<4),15,0.25,0.2715,получил 125 000 KZT от 1 плательщиков  исходящих переводов нет (глубина 2<4) Кластер 15 (5 seed)  объём входящих 125 000 KZT.
100000004765639100,2,False,1,2,5000.0,11000.0,1,2,0.0003634198285722489,0.0009381957052138334,1.4206363640188103e-07,0.0,False,0,2.2,False,0,peripheral,0.15,"низкая активность: 1 вх./2 исх. плательщиков/получателей, без выраженного паттерна",8,0.1,0.145,"низкая активность: 1 вх./2 исх. плательщиков/получателей, без выраженного паттерна Кластер 8 (1 seed)  объём входящих 5 000 KZT."
100000002983879100,2,False,2,0,200050.0,0.0,2,0,0.0003596532513469958,-0.0,0.0030829413771149158,0.0,False,0,0.0,False,0,terminal,0.8,получил 200 050 KZT от 2 плательщиков  исходящих переводов нет (глубина 2<4),15,0.25,0.2792,получил 200 050 KZT от 2 плательщиков  исходящих переводов нет (глубина 2<4) Кластер 15 (5 seed)  объём входящих 200 050 KZT.
100000008734364100,2,False,1,0,26200.0,0.0,1,0,0.0002957836108810031,-0.0,1.248460114358995e-19,0.0,False,1,0.0,False,0,terminal,0.8,получил 26 200 KZT от 1 плательщиков  исходящих переводов нет (глубина 2<4),38,0.25,0.246,получил 26 200 KZT от 1 плательщиков  исходящих переводов нет (глубина 2<4) Кластер 38 (1 seed)  объём входящих 26 200 KZT.
100000003192220100,2,False,1,0,60000.0,0.0,2,0,0.0005055687274859191,-0.0,-2.7094299260530626e-19,0.0,False,0,0.0,False,0,terminal,0.8,получил 60 000 KZT от 1 плательщиков  исходящих переводов нет (глубина 2<4),42,0.25,0.2595,получил 60 000 KZT от 1 плательщиков  исходящих переводов нет (глубина 2<4) Кластер 42 (0 seed)  объём входящих 60 000 KZT.
100000008060273100,2,False,1,0,10000.0,0.0,2,0,0.00030030161142003493,-0.0,1.9981603261818127e-19,0.0,False,0,0.0,False,0,terminal,0.8,получил 10 000 KZT от 1 плательщиков  исходящих переводов нет (глубина 2<4),15,0.25,0.2303,получил 10 000 KZT от 1 плательщиков  исходящих переводов нет (глубина 2<4) Кластер 15 (5 seed)  объём входящих 10 000 KZT.
100000008205937100,2,False,1,0,35000.0,0.0,3,0,0.0003331058626868631,-0.0,4.8764778155656494e-08,0.0,False,0,0.0,False,0,terminal,0.8,получил 35 000 KZT от 1 плательщиков  исходящих переводов нет (глубина 2<4),31,0.25,0.2507,получил 35 000 KZT от 1 плательщиков  исходящих переводов нет (глубина 2<4) Кластер 31 (3 seed)  объём входящих 35 000 KZT.
100000005507142100,2,False,3,3,51000.0,100000.0,3,4,0.0005613773840909425,-1.6574562269461896e-19,-2.8347305927922285e-19,4.635455673354352e-06,True,0,1.9607843137254901,False,0,peripheral,0.15,"низкая активность: 3 вх./3 исх. плательщиков/получателей, без выраженного паттерна",56,0.1,0.183,"низкая активность: 3 вх./3 исх. плательщиков/получателей, без выраженного паттерна Кластер 56 (0 seed)  объём входящих 51 000 KZT."
100000005539910100,2,False,1,2,102000.0,22000.0,1,2,0.0005009093581213375,-2.2610826430937773e-19,-1.1039077008052695e-20,4.87730553457284e-05,True,0,0.21568627450980393,False,0,peripheral,0.15,"низкая активность: 1 вх./2 исх. плательщиков/получателей, без выраженного паттерна",15,0.1,0.1949,"низкая активность: 1 вх./2 исх. плательщиков/получателей, без выраженного паттерна Кластер 15 (5 seed)  объём входящих 102 000 KZT."
100000002459163100,2,False,1,0,20180.0,0.0,1,0,0.0003630686982046425,-0.0,3.289327460285133e-19,0.0,False,5,0.0,False,0,terminal,0.8,получил 20 180 KZT от 1 плательщиков  исходящих переводов нет (глубина 2<4),19,0.25,0.2418,получил 20 180 KZT от 1 плательщиков  исходящих переводов нет (глубина 2<4) Кластер 19 (1 seed)  объём входящих 20 180 KZT.
100000004666651100,2,False,1,0,429250.0,0.0,1,0,0.0004595487674556434,-0.0,5.530035098674468e-19,0.0,False,0,0.0,False,0,terminal,0.8,получил 429 250 KZT от 1 плательщиков  исходящих переводов нет (глубина 2<4),18,0.25,0.2917,получил 429 250 KZT от 1 плательщиков  исходящих переводов нет (глубина 2<4) Кластер 18 (0 seed)  объём входящих 429 250 KZT.
100000003927792100,2,False,1,0,13067.0,0.0,1,0,0.0002910228236289723,-0.0,3.567634960949817e-05,0.0,False,0,0.0,False,0,terminal,0.8,получил 13 067 KZT от 1 плательщиков  исходящих переводов нет (глубина 2<4),3,0.25,0.2347,получил 13 067 KZT от 1 плательщиков  исходящих переводов нет (глубина 2<4) Кластер 3 (3 seed)  объём входящих 13 067 KZT.
100000000607941100,2,False,2,1,50000.0,70000.0,3,4,0.0005809708535676362,1.274866813384924e-19,2.624800257069629e-06,5.864859134548333e-05,True,0,1.4,False,0,peripheral,0.15,"низкая активность: 2 вх./1 исх. плательщиков/получателей, без выраженного паттерна",2,0.1,0.1834,"низкая активность: 2 вх./1 исх. плательщиков/получателей, без выраженного паттерна Кластер 2 (7 seed)  объём входящих 50 000 KZT."
100000004158362100,2,False,1,0,12000.0,0.0,1,0,0.0002926863409680728,-0.0,9.275512831168195e-05,0.0,False,0,0.0,False,0,terminal,0.8,получил 12 000 KZT от 1 плательщиков  исходящих переводов нет (глубина 2<4),8,0.25,0.2333,получил 12 000 KZT от 1 плательщиков  исходящих переводов нет (глубина 2<4) Кластер 8 (1 seed)  объём входящих 12 000 KZT.
100000005664922100,2,False,2,3,22000.0,537000.0,2,4,0.000809451649809635,-9.692859456101936e-20,4.1889982681821864e-20,4.030831020308133e-06,True,0,24.40909090909091,False,0,peripheral,0.15,"низкая активность: 2 вх./3 исх. плательщиков/получателей, без выраженного паттерна",63,0.1,0.1692,"низкая активность: 2 вх./3 исх. плательщиков/получателей, без выраженного паттерна Кластер 63 (1 seed)  объём входящих 22 000 KZT."
100000007594394100,2,False,6,1,395385.0,3376312.0,6,40,0.0004073550404784314,0.0012614186087725222,0.004408816492028826,5.1393095508928695e-05,False,0,8.539302199122375,False,0,consolidator,0.6,получает от 6 разных плательщиков (395 385 KZT)  отдаёт дальше 854% полученного,49,0.9,0.4271,получает от 6 разных плательщиков (395 385 KZT)  отдаёт дальше 854% полученного Кластер 49 (1 seed)  объём входящих 395 385 KZT.
100000000979567100,2,False,1,0,10000.0,0.0,1,0,0.0005330555533176554,-0.0,-3.2444057313113813e-19,0.0,False,1,0.0,False,0,terminal,0.8,получил 10 000 KZT от 1 плательщиков  исходящих переводов нет (глубина 2<4),38,0.25,0.2303,получил 10 000 KZT от 1 плательщиков  исходящих переводов нет (глубина 2<4) Кластер 38 (1 seed)  объём входящих 10 000 KZT.
100000002831727100,2,False,1,1,6000.0,77000.0,1,3,0.00029204782602553907,-9.892399342717897e-20,-1.8177557573208626e-19,1.9549530448494444e-05,True,0,12.833333333333334,False,0,peripheral,0.15,"низкая активность: 1 вх./1 исх. плательщиков/получателей, без выраженного паттерна",49,0.1,0.1483,"низкая активность: 1 вх./1 исх. плательщиков/получателей, без выраженного паттерна Кластер 49 (1 seed)  объём входящих 6 000 KZT."
100000003062895100,2,False,2,0,328444.0,0.0,2,0,0.00040944878638608914,-0.0,0.00011595248754847096,0.0,False,0,0.0,False,0,terminal,0.8,получил 328 444 KZT от 2 плательщиков  исходящих переводов нет (глубина 2<4),32,0.25,0.2873,получил 328 444 KZT от 2 плательщиков  исходящих переводов нет (глубина 2<4) Кластер 32 (0 seed)  объём входящих 328 444 KZT.
100000008376089100,2,False,1,0,135000.0,0.0,1,0,0.00030378388739894286,-0.0,3.8766879522082557e-07,0.0,False,0,0.0,False,0,terminal,0.8,получил 135 000 KZT от 1 плательщиков  исходящих переводов нет (глубина 2<4),60,0.25,0.2728,получил 135 000 KZT от 1 плательщиков  исходящих переводов нет (глубина 2<4) Кластер 60 (0 seed)  объём входящих 135 000 KZT.
100000003219438100,2,False,1,0,32000.0,0.0,1,0,0.00044906773210670175,-0.0,3.6495902301811397e-09,0.0,False,0,0.0,False,0,terminal,0.8,получил 32 000 KZT от 1 плательщиков  исходящих переводов нет (глубина 2<4),10,0.25,0.2493,получил 32 000 KZT от 1 плательщиков  исходящих переводов нет (глубина 2<4) Кластер 10 (0 seed)  объём входящих 32 000 KZT.
100000000967918100,2,False,1,0,21200.0,0.0,3,0,0.0004813696736407526,-0.0,8.022337602740656e-19,0.0,False,0,0.0,False,0,terminal,0.8,получил 21 200 KZT от 1 плательщиков  исходящих переводов нет (глубина 2<4),8,0.25,0.2426,получил 21 200 KZT от 1 плательщиков  исходящих переводов нет (глубина 2<4) Кластер 8 (1 seed)  объём входящих 21 200 KZT.
100000003254723100,2,False,1,0,269850.0,0.0,6,0,0.0005323522975929797,-0.0,3.4611016515966087e-10,0.0,False,0,0.0,False,0,terminal,0.8,получил 269 850 KZT от 1 плательщиков  исходящих переводов нет (глубина 2<4),15,0.25,0.2841,получил 269 850 KZT от 1 плательщиков  исходящих переводов нет (глубина 2<4) Кластер 15 (5 seed)  объём входящих 269 850 KZT.
100000003823811100,2,False,1,3,30000.0,66130.0,1,3,0.00035853267159090203,1.549391543071151e-05,1.8751205368951133e-06,0.00012495576162955212,True,0,2.2043333333333335,False,3,coordinator,0.867,"связан с 3 seed-клиентами напрямую, betweenness=0.000, точка сочленения сети",25,1.0,0.6068,"связан с 3 seed-клиентами напрямую, betweenness=0.000, точка сочленения сети Кластер 25 (14 seed)  объём входящих 30 000 KZT."
100000008587459100,2,False,2,2,181507.0,686500.0,2,4,0.000302100248309845,0.0005035926787910897,0.0030479498511445033,2.6200401632002865e-06,False,0,3.782223275135394,False,1,peripheral,0.15,"низкая активность: 2 вх./2 исх. плательщиков/получателей, без выраженного паттерна",8,0.1,0.2336,"низкая активность: 2 вх./2 исх. плательщиков/получателей, без выраженного паттерна Кластер 8 (1 seed)  объём входящих 181 507 KZT."
100000008603331100,2,False,2,6,39500.0,741774.0,3,6,0.0003457640344523476,2.6120657852462247e-06,1.718217242081539e-06,0.0002009369263623604,True,0,18.779088607594936,False,0,peripheral,0.15,"низкая активность: 2 вх./6 исх. плательщиков/получателей, без выраженного паттерна",47,0.1,0.1816,"низкая активность: 2 вх./6 исх. плательщиков/получателей, без выраженного паттерна Кластер 47 (0 seed)  объём входящих 39 500 KZT."
100000008758168100,2,False,2,5,75410.0,1533600.0,2,5,0.000319785946482584,4.488393544427446e-06,1.3331903997451e-06,6.187325616172983e-05,True,0,20.33682535472749,False,0,peripheral,0.15,"низкая активность: 2 вх./5 исх. плательщиков/получателей, без выраженного паттерна",21,0.1,0.1902,"низкая активность: 2 вх./5 исх. плательщиков/получателей, без выраженного паттерна Кластер 21 (0 seed)  объём входящих 75 410 KZT."
100000003724440100,2,False,2,0,50000.0,0.0,2,0,0.00030946154870462625,-0.0,0.00041894077140227075,0.0,False,0,0.0,False,0,terminal,0.8,получил 50 000 KZT от 2 плательщиков  исходящих переводов нет (глубина 2<4),8,0.25,0.2566,получил 50 000 KZT от 2 плательщиков  исходящих переводов нет (глубина 2<4) Кластер 8 (1 seed)  объём входящих 50 000 KZT.
100000000291906100,2,False,2,2,388000.0,455854.0,3,6,0.000766190061178652,-3.727716907629604e-19,1.2203474730330258e-18,7.940737110007021e-05,True,0,1.1748814432989692,False,0,transit,0.825,"получает от 2, передаёт 2; pass-through 1.17 — деньги не задерживаются",61,0.35,0.3266,"получает от 2, передаёт 2; pass-through 1.17 — деньги не задерживаются Кластер 61 (0 seed)  объём входящих 388 000 KZT."
100000005077484100,2,False,1,2,150000.0,13550.0,1,2,0.0005419664720516554,1.507837414425787e-19,2.1036220324674883e-19,4.0308310203081327e-07,True,15,0.09033333333333333,False,0,peripheral,0.15,"низкая активность: 1 вх./2 исх. плательщиков/получателей, без выраженного паттерна",37,0.1,0.2005,"низкая активность: 1 вх./2 исх. плательщиков/получателей, без выраженного паттерна Кластер 37 (1 seed)  объём входящих 150 000 KZT."
100000004192107100,2,False,1,0,25000.0,0.0,1,0,0.00030063779255075156,-0.0,6.14510409783037e-21,0.0,False,0,0.0,False,0,terminal,0.8,получил 25 000 KZT от 1 плательщиков  исходящих переводов нет (глубина 2<4),15,0.25,0.2453,получил 25 000 KZT от 1 плательщиков  исходящих переводов нет (глубина 2<4) Кластер 15 (5 seed)  объём входящих 25 000 KZT.
100000002193259100,2,False,2,3,48000.0,58000.0,2,3,0.0008946523204913112,5.501382857356486e-05,-8.984159139463009e-19,6.550100408000716e-05,True,0,1.2083333333333333,False,0,peripheral,0.15,"низкая активность: 2 вх./3 исх. плательщиков/получателей, без выраженного паттерна",13,0.1,0.1828,"низкая активность: 2 вх./3 исх. плательщиков/получателей, без выраженного паттерна Кластер 13 (1 seed)  объём входящих 48 000 KZT."
100000005481280100,2,False,1,3,32700.0,50000.0,1,3,0.00029729416448782535,-8.431606219215655e-19,3.567634960949817e-05,4.736226448862056e-05,True,0,1.529051987767584,False,2,coordinator,0.706,"связан с 2 seed-клиентами напрямую, betweenness=0.000, точка сочленения сети",3,1.0,0.5127,"связан с 2 seed-клиентами напрямую, betweenness=0.000, точка сочленения сети Кластер 3 (3 seed)  объём входящих 32 700 KZT."
100000004527381100,2,False,1,1,119333.17,273866.11,1,1,0.00037716242361583914,3.294186098410384e-06,-2.3389821896876625e-19,0.0004377482488054632,False,0,2.2949705433954364,False,0,peripheral,0.15,"низкая активность: 1 вх./1 исх. плательщиков/получателей, без выраженного паттерна",3,0.1,0.2031,"низкая активность: 1 вх./1 исх. плательщиков/получателей, без выраженного паттерна Кластер 3 (3 seed)  объём входящих 119 333 KZT."
100000001578517100,2,False,1,0,30000.0,0.0,1,0,0.00029183902641192615,-0.0,4.0407560321177665e-06,0.0,False,0,0.0,False,0,terminal,0.8,получил 30 000 KZT от 1 плательщиков  исходящих переводов нет (глубина 2<4),2,0.25,0.2482,получил 30 000 KZT от 1 плательщиков  исходящих переводов нет (глубина 2<4) Кластер 2 (7 seed)  объём входящих 30 000 KZT.
100000003741418100,2,False,9,3,151900.0,39920.0,13,3,0.0006352433648149025,0.004998687584406834,0.0003401117450863407,2.3781903019817984e-05,True,0,0.2628044766293614,False,0,consolidator,0.9,получает от 9 разных плательщиков (151 900 KZT)  отдаёт дальше 26% полученного,9,0.9,0.519,получает от 9 разных плательщиков (151 900 KZT)  отдаёт дальше 26% полученного Кластер 9 (0 seed)  объём входящих 151 900 KZT.
100000008737514100,2,False,1,0,85000.0,0.0,1,0,0.0003140002780169861,-0.0,3.567634960949817e-05,0.0,False,0,0.0,False,0,terminal,0.8,получил 85 000 KZT от 1 плательщиков  исходящих переводов нет (глубина 2<4),3,0.25,0.2652,получил 85 000 KZT от 1 плательщиков  исходящих переводов нет (глубина 2<4) Кластер 3 (3 seed)  объём входящих 85 000 KZT.
100000002870463100,2,False,3,1,207000.0,10000.0,4,1,0.001955294276139283,1.0763120144095074e-19,3.1731378033539705e-05,1.975107199950985e-05,True,0,0.04830917874396135,False,0,peripheral,0.15,"низкая активность: 3 вх./1 исх. плательщиков/получателей, без выраженного паттерна",1,0.1,0.206,"низкая активность: 3 вх./1 исх. плательщиков/получателей, без выраженного паттерна Кластер 1 (3 seed)  объём входящих 207 000 KZT."
100000008545727100,2,False,1,6,30000.0,1866500.0,1,7,0.00034020796740156855,3.0530858568055796e-06,-2.661837292531146e-19,0.00014752841534327766,True,0,62.21666666666667,False,0,peripheral,0.15,"низкая активность: 1 вх./6 исх. плательщиков/получателей, без выраженного паттерна",29,0.1,0.1764,"низкая активность: 1 вх./6 исх. плательщиков/получателей, без выраженного паттерна Кластер 29 (0 seed)  объём входящих 30 000 KZT."
100000000425407100,2,False,1,0,20000.0,0.0,1,0,0.00030645698099074126,-0.0,7.073756559110649e-05,0.0,False,0,0.0,False,0,terminal,0.8,получил 20 000 KZT от 1 плательщиков  исходящих переводов нет (глубина 2<4),15,0.25,0.2416,получил 20 000 KZT от 1 плательщиков  исходящих переводов нет (глубина 2<4) Кластер 15 (5 seed)  объём входящих 20 000 KZT.
100000001418900100,2,False,1,0,40140.0,0.0,2,0,0.00030053744894473444,-0.0,1.248460114358995e-19,0.0,False,1,0.0,False,0,terminal,0.8,получил 40 140 KZT от 1 плательщиков  исходящих переводов нет (глубина 2<4),38,0.25,0.253,получил 40 140 KZT от 1 плательщиков  исходящих переводов нет (глубина 2<4) Кластер 38 (1 seed)  объём входящих 40 140 KZT.
100000001677929100,2,False,3,2,126777.0,286098.0,3,4,0.003343108628672502,2.531482372119443e-19,7.284512135797584e-20,1.2092493060924398e-06,True,0,2.2567027142147236,False,0,peripheral,0.15,"низкая активность: 3 вх./2 исх. плательщиков/получателей, без выраженного паттерна",24,0.1,0.1978,"низкая активность: 3 вх./2 исх. плательщиков/получателей, без выраженного паттерна Кластер 24 (2 seed)  объём входящих 126 777 KZT."
100000002539625100,2,False,1,0,94700.0,0.0,1,0,0.00034655239124734027,-0.0,2.2952506535735204e-06,0.0,False,0,0.0,False,0,terminal,0.8,получил 94 700 KZT от 1 плательщиков  исходящих переводов нет (глубина 2<4),32,0.25,0.267,получил 94 700 KZT от 1 плательщиков  исходящих переводов нет (глубина 2<4) Кластер 32 (0 seed)  объём входящих 94 700 KZT.
100000001965374100,2,False,2,3,1759720.0,3082100.0,8,5,0.0012868592554938125,-6.894901032872852e-19,9.85928401510171e-19,1.612332408123253e-06,True,0,1.7514718250630783,False,0,peripheral,0.15,"низкая активность: 2 вх./3 исх. плательщиков/получателей, без выраженного паттерна",63,0.1,0.2407,"низкая активность: 2 вх./3 исх. плательщиков/получателей, без выраженного паттерна Кластер 63 (1 seed)  объём входящих 1 759 720 KZT."
100000001287955100,2,False,1,4,17520.0,310000.0,1,5,0.0002952309161654955,2.2065899949730358e-05,2.3228134124634154e-05,0.0006735518634934889,True,0,17.69406392694064,False,0,peripheral,0.15,"низкая активность: 1 вх./4 исх. плательщиков/получателей, без выраженного паттерна",48,0.1,0.1751,"низкая активность: 1 вх./4 исх. плательщиков/получателей, без выраженного паттерна Кластер 48 (0 seed)  объём входящих 17 520 KZT."
100000005402643100,2,False,1,1,127800.0,90000.0,1,1,0.00029892576035440874,-2.6951297352967913e-20,5.01279636734352e-07,4.0308310203081327e-07,True,0,0.704225352112676,False,0,peripheral,0.15,"низкая активность: 1 вх./1 исх. плательщиков/получателей, без выраженного паттерна",24,0.1,0.1979,"низкая активность: 1 вх./1 исх. плательщиков/получателей, без выраженного паттерна Кластер 24 (2 seed)  объём входящих 127 800 KZT."
100000008752616100,2,False,2,7,64510.0,1265000.0,2,7,0.00031445686786814043,4.8597211386600695e-06,1.3473242142695729e-06,9.75461106914568e-05,True,0,19.6093628894745,False,0,peripheral,0.15,"низкая активность: 2 вх./7 исх. плательщиков/получателей, без выраженного паттерна",32,0.1,0.1881,"низкая активность: 2 вх./7 исх. плательщиков/получателей, без выраженного паттерна Кластер 32 (0 seed)  объём входящих 64 510 KZT."
100000000733373100,2,False,1,0,10710.0,0.0,1,0,0.00030714731081630116,-0.0,1.7907847734595236e-06,0.0,False,0,0.0,False,0,terminal,0.8,получил 10 710 KZT от 1 плательщиков  исходящих переводов нет (глубина 2<4),2,0.25,0.2314,получил 10 710 KZT от 1 плательщиков  исходящих переводов нет (глубина 2<4) Кластер 2 (7 seed)  объём входящих 10 710 KZT.
100000008531133100,2,False,1,3,25000.0,158271.68,1,3,0.0005350843638155041,0.0009051216563373562,-3.0950416781761616e-19,2.4184986121848794e-05,True,0,6.3308672,False,0,peripheral,0.15,"низкая активность: 1 вх./3 исх. плательщиков/получателей, без выраженного паттерна",2,0.1,0.1716,"низкая активность: 1 вх./3 исх. плательщиков/получателей, без выраженного паттерна Кластер 2 (7 seed)  объём входящих 25 000 KZT."
100000005933757100,2,False,4,34,1246000.0,3002628.0,6,46,0.001002947124375617,0.001310038203282109,3.503857009958487e-06,0.003778500998436844,True,0,2.409813804173355,False,0,coordinator,0.904,"связан с 0 seed-клиентами напрямую, betweenness=0.004, точка сочленения сети",0,1.0,0.6449,"связан с 0 seed-клиентами напрямую, betweenness=0.004, точка сочленения сети Кластер 0 (0 seed)  объём входящих 1 246 000 KZT."
100000006490557100,2,False,1,0,5000.0,0.0,1,0,0.00028744427274714717,-0.0,-4.974002918945603e-19,0.0,False,0,0.0,False,0,terminal,0.8,получил 5 000 KZT от 1 плательщиков  исходящих переводов нет (глубина 2<4),39,0.25,0.219,получил 5 000 KZT от 1 плательщиков  исходящих переводов нет (глубина 2<4) Кластер 39 (0 seed)  объём входящих 5 000 KZT.
100000008497298100,2,False,1,0,600000.0,0.0,1,0,0.00034354795715058794,-0.0,5.01279636734352e-07,0.0,False,0,0.0,False,0,terminal,0.8,получил 600 000 KZT от 1 плательщиков  исходящих переводов нет (глубина 2<4),24,0.25,0.2971,получил 600 000 KZT от 1 плательщиков  исходящих переводов нет (глубина 2<4) Кластер 24 (2 seed)  объём входящих 600 000 KZT.
100000005168487100,2,False,1,1,15000.0,103510.0,1,14,0.001837845549893808,5.268453644491516e-05,2.2486320342816558e-19,0.0,False,0,6.900666666666667,False,0,peripheral,0.15,"низкая активность: 1 вх./1 исх. плательщиков/получателей, без выраженного паттерна",5,0.1,0.1629,"низкая активность: 1 вх./1 исх. плательщиков/получателей, без выраженного паттерна Кластер 5 (1 seed)  объём входящих 15 000 KZT."
100000005799271100,2,False,1,0,45000.0,0.0,2,0,0.0005390192598994264,-0.0,-1.6194360693703252e-19,0.0,False,0,0.0,False,0,terminal,0.8,получил 45 000 KZT от 1 плательщиков  исходящих переводов нет (глубина 2<4),5,0.25,0.2548,получил 45 000 KZT от 1 плательщиков  исходящих переводов нет (глубина 2<4) Кластер 5 (1 seed)  объём входящих 45 000 KZT.
100000000912487100,2,False,1,0,10000.0,0.0,1,0,0.00029298450997286904,-0.0,0.00014276729694478286,0.0,False,0,0.0,False,0,terminal,0.8,получил 10 000 KZT от 1 плательщиков  исходящих переводов нет (глубина 2<4),15,0.25,0.2303,получил 10 000 KZT от 1 плательщиков  исходящих переводов нет (глубина 2<4) Кластер 15 (5 seed)  объём входящих 10 000 KZT.
100000007982908100,2,False,1,0,31080.0,0.0,1,0,0.00029744779522469095,-0.0,1.248460114358995e-19,0.0,False,1,0.0,False,0,terminal,0.8,получил 31 080 KZT от 1 плательщиков  исходящих переводов нет (глубина 2<4),38,0.25,0.2488,получил 31 080 KZT от 1 плательщиков  исходящих переводов нет (глубина 2<4) Кластер 38 (1 seed)  объём входящих 31 080 KZT.
100000005413948100,2,False,2,1,28215.0,5000.0,2,1,0.0018767228090608439,1.8784601990390962e-20,2.3136019841809277e-06,2.216957061169473e-05,True,0,0.177210703526493,False,0,peripheral,0.15,"низкая активность: 2 вх./1 исх. плательщиков/получателей, без выраженного паттерна",32,0.1,0.1735,"низкая активность: 2 вх./1 исх. плательщиков/получателей, без выраженного паттерна Кластер 32 (0 seed)  объём входящих 28 215 KZT."
100000000724540100,2,False,1,1,50000.0,100000.0,1,1,0.0003110163299181178,-8.131639567062364e-20,5.704237349087008e-08,2.0154155101540664e-05,True,0,2.0,False,0,peripheral,0.15,"низкая активность: 1 вх./1 исх. плательщиков/получателей, без выраженного паттерна",21,0.1,0.1829,"низкая активность: 1 вх./1 исх. плательщиков/получателей, без выраженного паттерна Кластер 21 (0 seed)  объём входящих 50 000 KZT."
100000005730108100,2,False,1,0,8000.0,0.0,1,0,0.0003602529348131057,-0.0,8.022337602740656e-19,0.0,False,0,0.0,False,0,terminal,0.8,получил 8 000 KZT от 1 плательщиков  исходящих переводов нет (глубина 2<4),8,0.25,0.2267,получил 8 000 KZT от 1 плательщиков  исходящих переводов нет (глубина 2<4) Кластер 8 (1 seed)  объём входящих 8 000 KZT.
100000002566204100,2,False,1,0,80805.0,0.0,1,0,0.00032550825717903926,-0.0,2.3228134124634154e-05,0.0,False,0,0.0,False,0,terminal,0.8,получил 80 805 KZT от 1 плательщиков  исходящих переводов нет (глубина 2<4),29,0.25,0.2644,получил 80 805 KZT от 1 плательщиков  исходящих переводов нет (глубина 2<4) Кластер 29 (0 seed)  объём входящих 80 805 KZT.
100000000625169100,2,False,1,0,10000.0,0.0,1,0,0.0002902590644941704,-0.0,1.248460114358995e-19,0.0,False,1,0.0,False,0,terminal,0.8,получил 10 000 KZT от 1 плательщиков  исходящих переводов нет (глубина 2<4),38,0.25,0.2303,получил 10 000 KZT от 1 плательщиков  исходящих переводов нет (глубина 2<4) Кластер 38 (1 seed)  объём входящих 10 000 KZT.
100000001114385100,2,False,1,0,29500.0,0.0,1,0,0.0002915191185555108,-0.0,0.00014216819592800507,0.0,False,0,0.0,False,0,terminal,0.8,получил 29 500 KZT от 1 плательщиков  исходящих переводов нет (глубина 2<4),15,0.25,0.248,получил 29 500 KZT от 1 плательщиков  исходящих переводов нет (глубина 2<4) Кластер 15 (5 seed)  объём входящих 29 500 KZT.
100000002964966100,2,False,1,0,200000.0,0.0,1,0,0.00039716038568004777,-0.0,6.14510409783037e-21,0.0,False,0,0.0,False,0,terminal,0.8,получил 200 000 KZT от 1 плательщиков  исходящих переводов нет (глубина 2<4),15,0.25,0.2792,получил 200 000 KZT от 1 плательщиков  исходящих переводов нет (глубина 2<4) Кластер 15 (5 seed)  объём входящих 200 000 KZT.
100000008771814100,2,False,1,0,23700.0,0.0,1,0,0.0002949310574262449,-0.0,1.248460114358995e-19,0.0,False,1,0.0,False,0,terminal,0.8,получил 23 700 KZT от 1 плательщиков  исходящих переводов нет (глубина 2<4),38,0.25,0.2444,получил 23 700 KZT от 1 плательщиков  исходящих переводов нет (глубина 2<4) Кластер 38 (1 seed)  объём входящих 23 700 KZT.
100000001241318100,2,False,1,0,53000.0,0.0,1,0,0.0005331634962668746,-0.0,1.6417117463045385e-19,0.0,False,0,0.0,False,0,terminal,0.8,получил 53 000 KZT от 1 плательщиков  исходящих переводов нет (глубина 2<4),8,0.25,0.2575,получил 53 000 KZT от 1 плательщиков  исходящих переводов нет (глубина 2<4) Кластер 8 (1 seed)  объём входящих 53 000 KZT.
100000001250022100,2,False,1,0,50000.0,0.0,1,0,0.00029636547102946563,-0.0,2.8721412970846466e-05,0.0,False,0,0.0,False,0,terminal,0.8,получил 50 000 KZT от 1 плательщиков  исходящих переводов нет (глубина 2<4),1,0.25,0.2566,получил 50 000 KZT от 1 плательщиков  исходящих переводов нет (глубина 2<4) Кластер 1 (3 seed)  объём входящих 50 000 KZT.
100000006534886100,2,False,1,1,71700.0,167500.0,5,8,0.0011344436242360523,0.00012666707989799562,9.98682369480854e-08,0.0,False,0,2.336122733612273,False,0,peripheral,0.15,"низкая активность: 1 вх./1 исх. плательщиков/получателей, без выраженного паттерна",2,0.1,0.1885,"низкая активность: 1 вх./1 исх. плательщиков/получателей, без выраженного паттерна Кластер 2 (7 seed)  объём входящих 71 700 KZT."
100000008655035100,2,False,1,0,30000.0,0.0,1,0,0.0005425057616825961,-0.0,6.077915462339708e-20,0.0,False,0,0.0,False,0,terminal,0.8,получил 30 000 KZT от 1 плательщиков  исходящих переводов нет (глубина 2<4),24,0.25,0.2482,получил 30 000 KZT от 1 плательщиков  исходящих переводов нет (глубина 2<4) Кластер 24 (2 seed)  объём входящих 30 000 KZT.
100000005932987100,2,False,1,0,25000.0,0.0,3,0,0.00041358235179354716,-0.0,3.6495902301811397e-09,0.0,False,0,0.0,False,0,terminal,0.8,получил 25 000 KZT от 1 плательщиков  исходящих переводов нет (глубина 2<4),10,0.25,0.2453,получил 25 000 KZT от 1 плательщиков  исходящих переводов нет (глубина 2<4) Кластер 10 (0 seed)  объём входящих 25 000 KZT.
100000008636603100,2,False,2,6,35460.0,159375.0,2,7,0.00034020505875882143,0.00026986269539745316,0.0006554121719383254,0.004575597832702777,False,0,4.494500846023689,False,3,coordinator,1.0,"связан с 3 seed-клиентами напрямую, betweenness=0.005",2,1.0,0.7267,"связан с 3 seed-клиентами напрямую, betweenness=0.005 Кластер 2 (7 seed)  объём входящих 35 460 KZT."
100000008710843100,2,False,2,13,33944.0,1985500.0,3,14,0.00029418619651617485,6.923621764178532e-05,4.9681988699052785e-05,0.0001701010690570032,True,0,58.49340089559274,False,0,peripheral,0.15,"низкая активность: 2 вх./13 исх. плательщиков/получателей, без выраженного паттерна",21,0.1,0.1787,"низкая активность: 2 вх./13 исх. плательщиков/получателей, без выраженного паттерна Кластер 21 (0 seed)  объём входящих 33 944 KZT."
100000000917179100,2,False,1,0,94465.0,0.0,2,0,0.0004277409828661822,-0.0,5.121879124252372e-10,0.0,False,0,0.0,False,0,terminal,0.8,получил 94 465 KZT от 1 плательщиков  исходящих переводов нет (глубина 2<4),0,0.25,0.267,получил 94 465 KZT от 1 плательщиков  исходящих переводов нет (глубина 2<4) Кластер 0 (0 seed)  объём входящих 94 465 KZT.
100000004209339100,2,False,1,2,138500.0,238500.0,6,11,0.0008229749088728872,5.3540689468430454e-05,9.767667626497957e-21,2.1363404407633102e-05,True,0,1.7220216606498195,False,0,peripheral,0.15,"низкая активность: 1 вх./2 исх. плательщиков/получателей, без выраженного паттерна",5,0.1,0.1995,"низкая активность: 1 вх./2 исх. плательщиков/получателей, без выраженного паттерна Кластер 5 (1 seed)  объём входящих 138 500 KZT."
100000008765627100,2,False,1,0,60000.0,0.0,1,0,0.0002982687951003312,-0.0,2.8721412970846466e-05,0.0,False,0,0.0,False,0,terminal,0.8,получил 60 000 KZT от 1 плательщиков  исходящих переводов нет (глубина 2<4),1,0.25,0.2595,получил 60 000 KZT от 1 плательщиков  исходящих переводов нет (глубина 2<4) Кластер 1 (3 seed)  объём входящих 60 000 KZT.
100000002443664100,2,False,3,0,556880.0,0.0,3,0,0.00034027670681484014,-0.0,1.069109326243761e-06,0.0,False,0,0.0,False,0,terminal,0.8,получил 556 880 KZT от 3 плательщиков  исходящих переводов нет (глубина 2<4),48,0.25,0.2959,получил 556 880 KZT от 3 плательщиков  исходящих переводов нет (глубина 2<4) Кластер 48 (0 seed)  объём входящих 556 880 KZT.
100000008144528100,2,False,5,0,1068202.6,0.0,13,0,0.001060356005512535,-0.0,5.437775228462205e-06,0.0,False,0,0.0,False,0,consolidator,0.5,получает от 5 разных плательщиков (1 068 203 KZT)  отдаёт дальше 0% полученного,2,0.9,0.4065,получает от 5 разных плательщиков (1 068 203 KZT)  отдаёт дальше 0% полученного Кластер 2 (7 seed)  объём входящих 1 068 203 KZT.
100000003988112100,2,False,1,1,92000.0,64000.0,2,5,0.0005066792348168145,0.0009433665093631073,1.8751205368951133e-06,0.0,False,0,0.6956521739130435,False,0,peripheral,0.15,"низкая активность: 1 вх./1 исх. плательщиков/получателей, без выраженного паттерна",25,0.1,0.1925,"низкая активность: 1 вх./1 исх. плательщиков/получателей, без выраженного паттерна Кластер 25 (14 seed)  объём входящих 92 000 KZT."
100000008008463100,2,False,1,0,54180.0,0.0,1,0,0.0002971610604910875,-0.0,2.8721412970846466e-05,0.0,False,0,0.0,False,0,terminal,0.8,получил 54 180 KZT от 1 плательщиков  исходящих переводов нет (глубина 2<4),1,0.25,0.2579,получил 54 180 KZT от 1 плательщиков  исходящих переводов нет (глубина 2<4) Кластер 1 (3 seed)  объём входящих 54 180 KZT.
100000006679055100,2,False,1,0,25000.0,0.0,1,0,0.0003021879989194658,-0.0,0.00014276729694478286,0.0,False,0,0.0,False,0,terminal,0.8,получил 25 000 KZT от 1 плательщиков  исходящих переводов нет (глубина 2<4),15,0.25,0.2453,получил 25 000 KZT от 1 плательщиков  исходящих переводов нет (глубина 2<4) Кластер 15 (5 seed)  объём входящих 25 000 KZT.
100000007382543100,2,False,3,5,218000.0,427000.0,3,8,0.0011951552336921967,-1.119016539011354e-18,3.7093997370234304e-09,0.00021524637648445428,True,0,1.9587155963302751,False,0,peripheral,0.15,"низкая активность: 3 вх./5 исх. плательщиков/получателей, без выраженного паттерна",57,0.1,0.2097,"низкая активность: 3 вх./5 исх. плательщиков/получателей, без выраженного паттерна Кластер 57 (0 seed)  объём входящих 218 000 KZT."
100000007749092100,2,False,1,1,7650.0,70375.0,1,5,0.0018294767588865645,0.00012666707989799557,2.1322050324849667e-19,0.0,False,0,9.199346405228757,False,0,peripheral,0.15,"низкая активность: 1 вх./1 исх. плательщиков/получателей, без выраженного паттерна",2,0.1,0.1519,"низкая активность: 1 вх./1 исх. плательщиков/получателей, без выраженного паттерна Кластер 2 (7 seed)  объём входящих 7 650 KZT."
100000004221668100,2,False,4,3,1128300.0,731440.0,8,10,0.003108958178821101,-8.141617598052446e-19,2.966471715647766e-05,4.635455673354352e-06,True,0,0.6482673047948241,False,0,peripheral,0.15,"низкая активность: 4 вх./3 исх. плательщиков/получателей, без выраженного паттерна",1,0.1,0.2335,"низкая активность: 4 вх./3 исх. плательщиков/получателей, без выраженного паттерна Кластер 1 (3 seed)  объём входящих 1 128 300 KZT."
100000008174521100,2,False,1,0,82110.0,0.0,1,0,0.0004424703784240567,-0.0,1.7907847734595236e-06,0.0,False,0,0.0,False,0,terminal,0.8,получил 82 110 KZT от 1 плательщиков  исходящих переводов нет (глубина 2<4),2,0.25,0.2647,получил 82 110 KZT от 1 плательщиков  исходящих переводов нет (глубина 2<4) Кластер 2 (7 seed)  объём входящих 82 110 KZT.
100000002692750100,2,False,3,1,112830.0,77000.0,3,8,0.002038373959908245,1.727411801916954e-21,2.9188182231589924e-05,2.0154155101540664e-05,True,0,0.682442612780289,False,0,peripheral,0.15,"низкая активность: 3 вх./1 исх. плательщиков/получателей, без выраженного паттерна",1,0.1,0.1961,"низкая активность: 3 вх./1 исх. плательщиков/получателей, без выраженного паттерна Кластер 1 (3 seed)  объём входящих 112 830 KZT."
100000002173070100,2,False,1,0,30000.0,0.0,1,0,0.00029183902641192615,-0.0,4.0407560321177665e-06,0.0,False,0,0.0,False,0,terminal,0.8,получил 30 000 KZT от 1 плательщиков  исходящих переводов нет (глубина 2<4),2,0.25,0.2482,получил 30 000 KZT от 1 плательщиков  исходящих переводов нет (глубина 2<4) Кластер 2 (7 seed)  объём входящих 30 000 KZT.
100000005911352100,2,False,2,3,15000.0,24000.0,2,3,0.000554147066488471,5.059245824427463e-19,5.516906533747376e-19,9.915844309958006e-05,True,0,1.6,False,0,peripheral,0.15,"низкая активность: 2 вх./3 исх. плательщиков/получателей, без выраженного паттерна",62,0.1,0.1643,"низкая активность: 2 вх./3 исх. плательщиков/получателей, без выраженного паттерна Кластер 62 (0 seed)  объём входящих 15 000 KZT."
100000003068941100,2,False,3,1,94000.0,25000.0,3,2,0.00032159897502201135,-3.5125328277939604e-19,0.003041445459215038,2.0154155101540664e-05,True,0,0.26595744680851063,False,0,peripheral,0.15,"низкая активность: 3 вх./1 исх. плательщиков/получателей, без выраженного паттерна",8,0.1,0.1932,"низкая активность: 3 вх./1 исх. плательщиков/получателей, без выраженного паттерна Кластер 8 (1 seed)  объём входящих 94 000 KZT."
100000001420847100,2,False,1,0,20000.0,0.0,2,0,0.00030417876850980863,-0.0,-1.8177557573208626e-19,0.0,False,0,0.0,False,0,terminal,0.8,получил 20 000 KZT от 1 плательщиков  исходящих переводов нет (глубина 2<4),49,0.25,0.2416,получил 20 000 KZT от 1 плательщиков  исходящих переводов нет (глубина 2<4) Кластер 49 (1 seed)  объём входящих 20 000 KZT.
100000005602999100,2,False,1,2,5000.0,16000.0,1,3,0.0003062035820180169,5.354068946843056e-05,9.767667626497957e-21,4.2726808815266204e-05,True,0,3.2,False,0,peripheral,0.15,"низкая активность: 1 вх./2 исх. плательщиков/получателей, без выраженного паттерна",5,0.1,0.1456,"низкая активность: 1 вх./2 исх. плательщиков/получателей, без выраженного паттерна Кластер 5 (1 seed)  объём входящих 5 000 KZT."
100000000723383100,2,False,1,2,6800.0,75000.0,1,2,0.00039098538061520894,-9.458916683797906e-20,1.4206363640188103e-07,0.0002430591105245804,True,0,11.029411764705882,False,0,peripheral,0.15,"низкая активность: 1 вх./2 исх. плательщиков/получателей, без выраженного паттерна",46,0.1,0.1535,"низкая активность: 1 вх./2 исх. плательщиков/получателей, без выраженного паттерна Кластер 46 (0 seed)  объём входящих 6 800 KZT."
100000006977207100,2,False,1,15,414000.0,4157018.0,1,15,0.0003494194842551102,0.004258462583134188,6.21185833342272e-05,5.320696946806735e-05,True,0,10.041106280193237,False,0,distributor,0.5,рассылает 4 157 018 KZT на 15 разных получателей,17,0.75,0.3618,рассылает 4 157 018 KZT на 15 разных получателей Кластер 17 (0 seed)  объём входящих 414 000 KZT.
100000001273783100,2,False,1,0,23200.0,0.0,1,0,0.0002979483894523238,-0.0,2.3228134124634154e-05,0.0,False,0,0.0,False,0,terminal,0.8,получил 23 200 KZT от 1 плательщиков  исходящих переводов нет (глубина 2<4),29,0.25,0.244,получил 23 200 KZT от 1 плательщиков  исходящих переводов нет (глубина 2<4) Кластер 29 (0 seed)  объём входящих 23 200 KZT.
100000000201868100,2,False,1,1,190000.0,190000.0,1,1,0.0009794617939092784,0.0001320713325261466,-2.7094299260530626e-19,0.0,False,0,1.0,False,0,transit,1.0,"получает от 1, передаёт 1; pass-through 1.00 — деньги не задерживаются",42,0.35,0.3384,"получает от 1, передаёт 1; pass-through 1.00 — деньги не задерживаются Кластер 42 (0 seed)  объём входящих 190 000 KZT."
100000007777377100,2,False,1,2,456290.0,10000.0,7,2,0.00036274776023977544,2.1174993921405836e-20,4.0407560321177665e-06,0.00013825750399656895,False,0,0.021915886826360427,False,0,peripheral,0.15,"низкая активность: 1 вх./2 исх. плательщиков/получателей, без выраженного паттерна",2,0.1,0.2206,"низкая активность: 1 вх./2 исх. плательщиков/получателей, без выраженного паттерна Кластер 2 (7 seed)  объём входящих 456 290 KZT."
100000004192865100,2,False,1,0,66666.0,0.0,1,0,0.0005582226968831464,-0.0,4.0469367678750946e-19,0.0,False,15,0.0,False,0,terminal,0.8,получил 66 666 KZT от 1 плательщиков  исходящих переводов нет (глубина 2<4),37,0.25,0.2613,получил 66 666 KZT от 1 плательщиков  исходящих переводов нет (глубина 2<4) Кластер 37 (1 seed)  объём входящих 66 666 KZT.
100000006901046100,2,False,1,1,75800.0,5500.0,3,1,0.0030447256508331433,0.00013716761796314815,-2.1793418595010608e-20,0.0,False,0,0.07255936675461741,False,0,peripheral,0.15,"низкая активность: 1 вх./1 исх. плательщиков/получателей, без выраженного паттерна",2,0.1,0.1894,"низкая активность: 1 вх./1 исх. плательщиков/получателей, без выраженного паттерна Кластер 2 (7 seed)  объём входящих 75 800 KZT."
100000000437046100,2,False,9,42,1107200.0,7606224.0,20,73,0.000795908221045586,0.060739548496084296,0.00047761943640852876,0.002094016715050075,True,0,6.86978323699422,False,0,coordinator,0.679,"связан с 0 seed-клиентами напрямую, betweenness=0.002, точка сочленения сети",8,1.0,0.5288,"связан с 0 seed-клиентами напрямую, betweenness=0.002, точка сочленения сети Кластер 8 (1 seed)  объём входящих 1 107 200 KZT."
100000008765494100,2,False,1,0,24000.0,0.0,1,0,0.0002950333638408159,-0.0,1.248460114358995e-19,0.0,False,1,0.0,False,0,terminal,0.8,получил 24 000 KZT от 1 плательщиков  исходящих переводов нет (глубина 2<4),38,0.25,0.2446,получил 24 000 KZT от 1 плательщиков  исходящих переводов нет (глубина 2<4) Кластер 38 (1 seed)  объём входящих 24 000 KZT.
100000008713270100,2,False,1,3,30000.0,190000.0,1,3,0.00029255882288773457,4.8405246094378145e-20,2.8721412970846466e-05,1.2092493060924398e-06,True,0,6.333333333333333,False,0,peripheral,0.15,"низкая активность: 1 вх./3 исх. плательщиков/получателей, без выраженного паттерна",1,0.1,0.1742,"низкая активность: 1 вх./3 исх. плательщиков/получателей, без выраженного паттерна Кластер 1 (3 seed)  объём входящих 30 000 KZT."
100000003603979100,2,False,1,0,165000.0,0.0,3,0,0.0005881411619085307,-0.0,4.935227163696827e-19,0.0,False,4,0.0,False,0,terminal,0.8,получил 165 000 KZT от 1 плательщиков  исходящих переводов нет (глубина 2<4),44,0.25,0.2761,получил 165 000 KZT от 1 плательщиков  исходящих переводов нет (глубина 2<4) Кластер 44 (1 seed)  объём входящих 165 000 KZT.
100000000943371100,2,False,1,0,15500.0,0.0,1,0,0.000307334098851759,-0.0,4.8764778155656494e-08,0.0,False,0,0.0,False,0,terminal,0.8,получил 15 500 KZT от 1 плательщиков  исходящих переводов нет (глубина 2<4),31,0.25,0.2375,получил 15 500 KZT от 1 плательщиков  исходящих переводов нет (глубина 2<4) Кластер 31 (3 seed)  объём входящих 15 500 KZT.
100000008672480100,2,False,1,0,13000.0,0.0,1,0,0.00029128212863988013,-0.0,1.248460114358995e-19,0.0,False,1,0.0,False,0,terminal,0.8,получил 13 000 KZT от 1 плательщиков  исходящих переводов нет (глубина 2<4),38,0.25,0.2346,получил 13 000 KZT от 1 плательщиков  исходящих переводов нет (глубина 2<4) Кластер 38 (1 seed)  объём входящих 13 000 KZT.
100000008691168100,2,False,1,0,24000.0,0.0,1,0,0.0002950333638408159,-0.0,1.248460114358995e-19,0.0,False,1,0.0,False,0,terminal,0.8,получил 24 000 KZT от 1 плательщиков  исходящих переводов нет (глубина 2<4),38,0.25,0.2446,получил 24 000 KZT от 1 плательщиков  исходящих переводов нет (глубина 2<4) Кластер 38 (1 seed)  объём входящих 24 000 KZT.
100000003237045100,2,False,1,1,340200.0,150000.0,2,1,0.0003958506071285405,0.00012666707989799554,1.8799731546446257e-07,0.0,False,0,0.4409171075837742,False,0,peripheral,0.15,"низкая активность: 1 вх./1 исх. плательщиков/получателей, без выраженного паттерна",2,0.1,0.2139,"низкая активность: 1 вх./1 исх. плательщиков/получателей, без выраженного паттерна Кластер 2 (7 seed)  объём входящих 340 200 KZT."
100000008736394100,2,False,1,0,16000.0,0.0,1,0,0.0002923051927855899,-0.0,1.248460114358995e-19,0.0,False,1,0.0,False,0,terminal,0.8,получил 16 000 KZT от 1 плательщиков  исходящих переводов нет (глубина 2<4),38,0.25,0.238,получил 16 000 KZT от 1 плательщиков  исходящих переводов нет (глубина 2<4) Кластер 38 (1 seed)  объём входящих 16 000 KZT.
100000004160650100,2,False,2,10,75100.0,1489827.0,4,40,0.00037084661130750535,3.1733287283117666e-19,8.409434114946727e-21,8.666286693662486e-06,True,4,19.83790945406125,False,1,peripheral,0.15,"низкая активность: 2 вх./10 исх. плательщиков/получателей, без выраженного паттерна",44,0.1,0.2193,"низкая активность: 2 вх./10 исх. плательщиков/получателей, без выраженного паттерна Кластер 44 (1 seed)  объём входящих 75 100 KZT."
100000000629812100,2,False,2,0,22000.0,0.0,2,0,0.00029931490836673796,-0.0,4.073588298734048e-06,0.0,False,0,0.0,False,0,terminal,0.8,получил 22 000 KZT от 2 плательщиков  исходящих переводов нет (глубина 2<4),27,0.25,0.2432,получил 22 000 KZT от 2 плательщиков  исходящих переводов нет (глубина 2<4) Кластер 27 (0 seed)  объём входящих 22 000 KZT.
100000000955444100,2,False,1,0,6910.0,0.0,1,0,0.0003540925761134546,-0.0,6.08569162146599e-19,0.0,False,12,0.0,False,0,terminal,0.8,получил 6 910 KZT от 1 плательщиков  исходящих переводов нет (глубина 2<4),33,0.25,0.2243,получил 6 910 KZT от 1 плательщиков  исходящих переводов нет (глубина 2<4) Кластер 33 (1 seed)  объём входящих 6 910 KZT.
100000008731444100,2,False,3,9,439000.0,879767.8,5,9,0.0003549278730782811,0.008642133375046768,0.00021378442089983228,0.00013281588211915297,True,0,2.0040268792710707,False,0,peripheral,0.15,"низкая активность: 3 вх./9 исх. плательщиков/получателей, без выраженного паттерна",8,0.1,0.2199,"низкая активность: 3 вх./9 исх. плательщиков/получателей, без выраженного паттерна Кластер 8 (1 seed)  объём входящих 439 000 KZT."
100000008413748100,2,False,2,18,26480.0,1377320.22,2,21,0.0003926188919180002,0.02500018092712088,2.046210058060499e-05,0.0005498053511700293,True,0,52.01360347432024,False,0,distributor,0.6,рассылает 1 377 320 KZT на 18 разных получателей,41,0.75,0.3541,рассылает 1 377 320 KZT на 18 разных получателей Кластер 41 (0 seed)  объём входящих 26 480 KZT.
100000006787636100,2,False,1,0,20000.0,0.0,1,0,0.0003597554762787316,-0.0,-2.7094299260530626e-19,0.0,False,0,0.0,False,0,terminal,0.8,получил 20 000 KZT от 1 плательщиков  исходящих переводов нет (глубина 2<4),42,0.25,0.2416,получил 20 000 KZT от 1 плательщиков  исходящих переводов нет (глубина 2<4) Кластер 42 (0 seed)  объём входящих 20 000 KZT.
100000005942793100,2,False,4,0,55000.0,0.0,4,0,0.0003337093056770519,-0.0,0.00028335148952281263,0.0,False,0,0.0,False,0,terminal,0.8,получил 55 000 KZT от 4 плательщиков  исходящих переводов нет (глубина 2<4),8,0.25,0.2581,получил 55 000 KZT от 4 плательщиков  исходящих переводов нет (глубина 2<4) Кластер 8 (1 seed)  объём входящих 55 000 KZT.
100000008730846100,2,False,7,3,155042.0,363370.0,11,4,0.0005383983709868994,0.0021665664928680554,0.00024907633130587654,0.00013422667297626083,True,0,2.343687516930896,False,0,consolidator,0.7,получает от 7 разных плательщиков (155 042 KZT)  отдаёт дальше 234% полученного,5,0.9,0.449,получает от 7 разных плательщиков (155 042 KZT)  отдаёт дальше 234% полученного Кластер 5 (1 seed)  объём входящих 155 042 KZT.
100000002570206100,2,False,2,0,166959.6,0.0,2,0,0.00031992676454717253,-0.0,0.0005280203983831633,0.0,False,0,0.0,False,0,terminal,0.8,получил 166 960 KZT от 2 плательщиков  исходящих переводов нет (глубина 2<4),41,0.25,0.2762,получил 166 960 KZT от 2 плательщиков  исходящих переводов нет (глубина 2<4) Кластер 41 (0 seed)  объём входящих 166 960 KZT.
100000000785800100,2,False,1,1,19000.0,19000.0,1,1,0.00035861183893383896,2.0429460154133402e-19,3.289327460285133e-19,0.0,False,5,1.0,False,1,transit,1.0,"получает от 1, передаёт 1; pass-through 1.00 — деньги не задерживаются",19,0.35,0.3308,"получает от 1, передаёт 1; pass-through 1.00 — деньги не задерживаются Кластер 19 (1 seed)  объём входящих 19 000 KZT."
100000007382152100,2,False,1,0,5860.0,0.0,1,0,0.0002877642844116333,-0.0,5.1721343332136276e-05,0.0,False,0,0.0,False,0,terminal,0.8,получил 5 860 KZT от 1 плательщиков  исходящих переводов нет (глубина 2<4),8,0.25,0.2216,получил 5 860 KZT от 1 плательщиков  исходящих переводов нет (глубина 2<4) Кластер 8 (1 seed)  объём входящих 5 860 KZT.
100000000910216100,2,False,1,1,71000.0,52010.0,3,1,0.000324678711888624,1.6371251057131872e-06,0.00015948068360919555,9.270911346708705e-05,False,0,0.7325352112676057,False,0,peripheral,0.15,"низкая активность: 1 вх./1 исх. плательщиков/получателей, без выраженного паттерна",8,0.1,0.1896,"низкая активность: 1 вх./1 исх. плательщиков/получателей, без выраженного паттерна Кластер 8 (1 seed)  объём входящих 71 000 KZT."
100000003131016100,2,False,1,1,405700.0,126000.0,7,4,0.0016950738653232506,0.003346329345957535,6.780405765936634e-19,0.0,False,0,0.31057431599704216,False,0,peripheral,0.15,"низкая активность: 1 вх./1 исх. плательщиков/получателей, без выраженного паттерна",8,0.1,0.2167,"низкая активность: 1 вх./1 исх. плательщиков/получателей, без выраженного паттерна Кластер 8 (1 seed)  объём входящих 405 700 KZT."
100000003221384100,2,False,1,0,511200.0,0.0,1,0,0.0004501407289945825,-0.0,3.567634960949817e-05,0.0,False,0,0.0,False,0,terminal,0.8,получил 511 200 KZT от 1 плательщиков  исходящих переводов нет (глубина 2<4),3,0.25,0.2945,получил 511 200 KZT от 1 плательщиков  исходящих переводов нет (глубина 2<4) Кластер 3 (3 seed)  объём входящих 511 200 KZT.
100000002156381100,2,False,2,1,61000.0,21800.0,7,3,0.001086797883024389,-1.6391600764693156e-19,1.0266786833286376e-19,4.312989191729702e-05,True,0,0.35737704918032787,False,0,peripheral,0.15,"низкая активность: 2 вх./1 исх. плательщиков/получателей, без выраженного паттерна",5,0.1,0.1864,"низкая активность: 2 вх./1 исх. плательщиков/получателей, без выраженного паттерна Кластер 5 (1 seed)  объём входящих 61 000 KZT."
100000002779485100,2,False,1,0,91000.0,0.0,2,0,0.0005492997691906768,-0.0,2.3541614184793355e-19,0.0,False,0,0.0,False,0,terminal,0.8,получил 91 000 KZT от 1 плательщиков  исходящих переводов нет (глубина 2<4),17,0.25,0.2663,получил 91 000 KZT от 1 плательщиков  исходящих переводов нет (глубина 2<4) Кластер 17 (0 seed)  объём входящих 91 000 KZT.
100000008774237100,2,False,1,1,50000.0,10000.0,1,1,0.0003117296868876269,-1.8072521793069105e-19,-4.959172378755148e-19,0.0,False,4,0.2,False,0,peripheral,0.15,"низкая активность: 1 вх./1 исх. плательщиков/получателей, без выраженного паттерна",44,0.1,0.1826,"низкая активность: 1 вх./1 исх. плательщиков/получателей, без выраженного паттерна Кластер 44 (1 seed)  объём входящих 50 000 KZT."
100000002628146100,2,False,1,0,30500.0,0.0,2,0,0.000320635907110544,-0.0,-6.603436485049042e-20,0.0,False,0,0.0,False,0,terminal,0.8,получил 30 500 KZT от 1 плательщиков  исходящих переводов нет (глубина 2<4),55,0.25,0.2485,получил 30 500 KZT от 1 плательщиков  исходящих переводов нет (глубина 2<4) Кластер 55 (0 seed)  объём входящих 30 500 KZT.
100000002852402100,2,False,1,0,55000.0,0.0,1,0,0.0003284738784167002,-0.0,-2.3389821896876625e-19,0.0,False,0,0.0,False,0,terminal,0.8,получил 55 000 KZT от 1 плательщиков  исходящих переводов нет (глубина 2<4),3,0.25,0.2581,получил 55 000 KZT от 1 плательщиков  исходящих переводов нет (глубина 2<4) Кластер 3 (3 seed)  объём входящих 55 000 KZT.
100000006989106100,2,False,1,0,64000.0,0.0,2,0,0.0004978155873421427,-0.0,6.87881792426141e-20,0.0,False,0,0.0,False,0,terminal,0.8,получил 64 000 KZT от 1 плательщиков  исходящих переводов нет (глубина 2<4),24,0.25,0.2606,получил 64 000 KZT от 1 плательщиков  исходящих переводов нет (глубина 2<4) Кластер 24 (2 seed)  объём входящих 64 000 KZT.
100000002958343100,2,False,1,2,2900000.0,1390000.0,4,17,0.0006321936524405388,1.8776030584278146e-06,-4.974002918945603e-19,4.0308310203081327e-07,True,0,0.4793103448275862,False,0,peripheral,0.15,"низкая активность: 1 вх./2 исх. плательщиков/получателей, без выраженного паттерна",39,0.1,0.2488,"низкая активность: 1 вх./2 исх. плательщиков/получателей, без выраженного паттерна Кластер 39 (0 seed)  объём входящих 2 900 000 KZT."
100000008461532100,2,False,2,8,565300.0,2530090.0,2,9,0.0007483125003170445,2.5418163746718233e-19,5.004817059613258e-06,0.0002759103833400917,True,0,4.475658942154608,False,0,peripheral,0.15,"низкая активность: 2 вх./8 исх. плательщиков/получателей, без выраженного паттерна",45,0.1,0.2261,"низкая активность: 2 вх./8 исх. плательщиков/получателей, без выраженного паттерна Кластер 45 (0 seed)  объём входящих 565 300 KZT."
100000004400305100,2,False,7,82,222800.0,5830181.0,9,101,0.00038751976253122183,0.15592355463884758,0.0003913619010810669,0.0019063815310547314,True,0,26.167778276481148,False,0,coordinator,0.654,"связан с 0 seed-клиентами напрямую, betweenness=0.002, точка сочленения сети",8,1.0,0.4899,"связан с 0 seed-клиентами напрямую, betweenness=0.002, точка сочленения сети Кластер 8 (1 seed)  объём входящих 222 800 KZT."
100000000297649100,2,False,1,1,40000.0,70600.0,1,2,0.00081261962354166,5.414109682191134e-05,-4.73820351314626e-19,0.0,False,0,1.765,False,0,peripheral,0.15,"низкая активность: 1 вх./1 исх. плательщиков/получателей, без выраженного паттерна",13,0.1,0.1789,"низкая активность: 1 вх./1 исх. плательщиков/получателей, без выраженного паттерна Кластер 13 (1 seed)  объём входящих 40 000 KZT."
100000003191430100,2,False,1,0,180000.0,0.0,1,0,0.0005330642698010572,-0.0,4.11385532296619e-20,0.0,False,0,0.0,False,0,terminal,0.8,получил 180 000 KZT от 1 плательщиков  исходящих переводов нет (глубина 2<4),2,0.25,0.2775,получил 180 000 KZT от 1 плательщиков  исходящих переводов нет (глубина 2<4) Кластер 2 (7 seed)  объём входящих 180 000 KZT.
100000003275398100,2,False,1,1,300000.0,20000.0,1,1,0.00043613386795007206,-2.3325773951671766e-19,-4.959172378755148e-19,0.0,False,4,0.06666666666666667,False,0,peripheral,0.15,"низкая активность: 1 вх./1 исх. плательщиков/получателей, без выраженного паттерна",44,0.1,0.2118,"низкая активность: 1 вх./1 исх. плательщиков/получателей, без выраженного паттерна Кластер 44 (1 seed)  объём входящих 300 000 KZT."
100000005203590100,2,False,1,0,90000.0,0.0,1,0,0.00030397876731292787,-0.0,2.8721412970846466e-05,0.0,False,0,0.0,False,0,terminal,0.8,получил 90 000 KZT от 1 плательщиков  исходящих переводов нет (глубина 2<4),1,0.25,0.2662,получил 90 000 KZT от 1 плательщиков  исходящих переводов нет (глубина 2<4) Кластер 1 (3 seed)  объём входящих 90 000 KZT.
100000008672603100,2,False,1,0,21200.0,0.0,1,0,0.00029854187338565827,-0.0,6.14510409783037e-21,0.0,False,0,0.0,False,0,terminal,0.8,получил 21 200 KZT от 1 плательщиков  исходящих переводов нет (глубина 2<4),15,0.25,0.2426,получил 21 200 KZT от 1 плательщиков  исходящих переводов нет (глубина 2<4) Кластер 15 (5 seed)  объём входящих 21 200 KZT.
100000000718427100,2,False,1,0,6000.0,0.0,1,0,0.0002888949789665574,-0.0,1.248460114358995e-19,0.0,False,1,0.0,False,0,terminal,0.8,получил 6 000 KZT от 1 плательщиков  исходящих переводов нет (глубина 2<4),38,0.25,0.222,получил 6 000 KZT от 1 плательщиков  исходящих переводов нет (глубина 2<4) Кластер 38 (1 seed)  объём входящих 6 000 KZT.
100000003104347100,2,False,1,1,418000.0,32000.0,1,1,0.0003659292140404731,7.736728932157504e-21,9.190763811915163e-05,1.9549530448494444e-05,True,0,0.07655502392344497,False,0,peripheral,0.15,"низкая активность: 1 вх./1 исх. плательщиков/получателей, без выраженного паттерна",11,0.1,0.2175,"низкая активность: 1 вх./1 исх. плательщиков/получателей, без выраженного паттерна Кластер 11 (0 seed)  объём входящих 418 000 KZT."
100000002974256100,2,False,1,0,7200.0,0.0,1,0,0.0005342360284364493,-0.0,4.6422034069518983e-20,0.0,False,0,0.0,False,0,terminal,0.8,получил 7 200 KZT от 1 плательщиков  исходящих переводов нет (глубина 2<4),13,0.25,0.2249,получил 7 200 KZT от 1 плательщиков  исходящих переводов нет (глубина 2<4) Кластер 13 (1 seed)  объём входящих 7 200 KZT.
100000007173936100,2,False,1,0,10000.0,0.0,1,0,0.00028810329783986416,-0.0,3.8766879522082557e-07,0.0,False,0,0.0,False,0,terminal,0.8,получил 10 000 KZT от 1 плательщиков  исходящих переводов нет (глубина 2<4),60,0.25,0.2303,получил 10 000 KZT от 1 плательщиков  исходящих переводов нет (глубина 2<4) Кластер 60 (0 seed)  объём входящих 10 000 KZT.
100000002744581100,2,False,1,0,12000.0,0.0,1,0,0.0003264051138002013,-0.0,6.87881792426141e-20,0.0,False,0,0.0,False,0,terminal,0.8,получил 12 000 KZT от 1 плательщиков  исходящих переводов нет (глубина 2<4),24,0.25,0.2333,получил 12 000 KZT от 1 плательщиков  исходящих переводов нет (глубина 2<4) Кластер 24 (2 seed)  объём входящих 12 000 KZT.
100000000596954100,2,False,1,2,120000.0,48100.0,1,2,0.0005178616657439626,4.736892535923653e-19,1.5176786493570597e-19,4.9176138447759216e-05,True,0,0.4008333333333333,False,0,peripheral,0.15,"низкая активность: 1 вх./2 исх. плательщиков/получателей, без выраженного паттерна",15,0.1,0.1976,"низкая активность: 1 вх./2 исх. плательщиков/получателей, без выраженного паттерна Кластер 15 (5 seed)  объём входящих 120 000 KZT."
100000004950490100,2,False,1,0,10000.0,0.0,1,0,0.0003321133600975869,-0.0,-1.1141290916942213e-19,0.0,False,0,0.0,False,0,terminal,0.8,получил 10 000 KZT от 1 плательщиков  исходящих переводов нет (глубина 2<4),24,0.25,0.2303,получил 10 000 KZT от 1 плательщиков  исходящих переводов нет (глубина 2<4) Кластер 24 (2 seed)  объём входящих 10 000 KZT.
100000008772058100,2,False,1,0,50000.0,0.0,1,0,0.00030389991977030045,-0.0,1.248460114358995e-19,0.0,False,1,0.0,False,0,terminal,0.8,получил 50 000 KZT от 1 плательщиков  исходящих переводов нет (глубина 2<4),38,0.25,0.2566,получил 50 000 KZT от 1 плательщиков  исходящих переводов нет (глубина 2<4) Кластер 38 (1 seed)  объём входящих 50 000 KZT.
100000000971908100,2,False,1,0,89000.0,0.0,1,0,0.00030378843490584136,-0.0,2.8721412970846466e-05,0.0,False,0,0.0,False,0,terminal,0.8,получил 89 000 KZT от 1 плательщиков  исходящих переводов нет (глубина 2<4),1,0.25,0.266,получил 89 000 KZT от 1 плательщиков  исходящих переводов нет (глубина 2<4) Кластер 1 (3 seed)  объём входящих 89 000 KZT.
100000008687492100,2,False,1,0,15000.0,0.0,1,0,0.0002919641714036867,-0.0,1.248460114358995e-19,0.0,False,1,0.0,False,0,terminal,0.8,получил 15 000 KZT от 1 плательщиков  исходящих переводов нет (глубина 2<4),38,0.25,0.2369,получил 15 000 KZT от 1 плательщиков  исходящих переводов нет (глубина 2<4) Кластер 38 (1 seed)  объём входящих 15 000 KZT.
100000003159641100,2,False,4,1,64000.0,197800.0,7,1,0.0003065755783923238,2.266147160479406e-19,0.0014254345691827493,5.985784065157577e-05,True,0,3.090625,False,0,peripheral,0.15,"низкая активность: 4 вх./1 исх. плательщиков/получателей, без выраженного паттерна",66,0.1,0.1875,"низкая активность: 4 вх./1 исх. плательщиков/получателей, без выраженного паттерна Кластер 66 (0 seed)  объём входящих 64 000 KZT."
100000005326681100,2,False,1,0,31228.0,0.0,1,0,0.0002968239656519759,-0.0,3.567634960949817e-05,0.0,False,0,0.0,False,0,terminal,0.8,получил 31 228 KZT от 1 плательщиков  исходящих переводов нет (глубина 2<4),3,0.25,0.2489,получил 31 228 KZT от 1 плательщиков  исходящих переводов нет (глубина 2<4) Кластер 3 (3 seed)  объём входящих 31 228 KZT.
100000006888238100,2,False,1,1,18000.0,30000.0,1,1,0.0006123269432202905,1.3686701340981988e-19,9.450069239346758e-20,4.0308310203081327e-07,True,8,1.6666666666666667,False,0,peripheral,0.15,"низкая активность: 1 вх./1 исх. плательщиков/получателей, без выраженного паттерна",52,0.1,0.1659,"низкая активность: 1 вх./1 исх. плательщиков/получателей, без выраженного паттерна Кластер 52 (1 seed)  объём входящих 18 000 KZT."
100000001290243100,2,False,1,0,10000.0,0.0,1,0,0.00032137486407264197,-0.0,1.2596487311569735e-05,0.0,False,0,0.0,False,0,terminal,0.8,получил 10 000 KZT от 1 плательщиков  исходящих переводов нет (глубина 2<4),2,0.25,0.2303,получил 10 000 KZT от 1 плательщиков  исходящих переводов нет (глубина 2<4) Кластер 2 (7 seed)  объём входящих 10 000 KZT.
100000008289539100,2,False,1,0,14912.0,0.0,1,0,0.0002916121693165689,-0.0,3.567634960949817e-05,0.0,False,0,0.0,False,0,terminal,0.8,получил 14 912 KZT от 1 плательщиков  исходящих переводов нет (глубина 2<4),3,0.25,0.2368,получил 14 912 KZT от 1 плательщиков  исходящих переводов нет (глубина 2<4) Кластер 3 (3 seed)  объём входящих 14 912 KZT.
100000000821507100,2,False,1,0,400000.0,0.0,1,0,0.00033702673726418973,-0.0,3.8766879522082557e-07,0.0,False,0,0.0,False,0,terminal,0.8,получил 400 000 KZT от 1 плательщиков  исходящих переводов нет (глубина 2<4),60,0.25,0.2905,получил 400 000 KZT от 1 плательщиков  исходящих переводов нет (глубина 2<4) Кластер 60 (0 seed)  объём входящих 400 000 KZT.
100000003086040100,2,False,1,0,10500.0,0.0,1,0,0.0005510497606358253,-0.0,5.180959487020564e-06,0.0,False,0,0.0,False,0,terminal,0.8,получил 10 500 KZT от 1 плательщиков  исходящих переводов нет (глубина 2<4),8,0.25,0.2311,получил 10 500 KZT от 1 плательщиков  исходящих переводов нет (глубина 2<4) Кластер 8 (1 seed)  объём входящих 10 500 KZT.
100000002969048100,2,False,1,0,108470.0,0.0,1,0,0.0003074942068718166,-0.0,2.8721412970846466e-05,0.0,False,0,0.0,False,0,terminal,0.8,получил 108 470 KZT от 1 плательщиков  исходящих переводов нет (глубина 2<4),1,0.25,0.2692,получил 108 470 KZT от 1 плательщиков  исходящих переводов нет (глубина 2<4) Кластер 1 (3 seed)  объём входящих 108 470 KZT.
100000002826669100,2,False,1,0,159900.0,0.0,4,0,0.0004782934609507381,-0.0,3.5376471964867946e-05,0.0,False,0,0.0,False,0,terminal,0.8,получил 159 900 KZT от 1 плательщиков  исходящих переводов нет (глубина 2<4),8,0.25,0.2755,получил 159 900 KZT от 1 плательщиков  исходящих переводов нет (глубина 2<4) Кластер 8 (1 seed)  объём входящих 159 900 KZT.
100000002293421100,2,False,2,2,41000.0,47000.0,6,5,0.00097872887506679,0.0009381347558585571,1.762622037928561e-05,1.9952613550525257e-05,True,0,1.146341463414634,False,0,transit,0.854,"получает от 2, передаёт 2; pass-through 1.15 — деньги не задерживаются",8,0.35,0.2932,"получает от 2, передаёт 2; pass-through 1.15 — деньги не задерживаются Кластер 8 (1 seed)  объём входящих 41 000 KZT."
100000004732589100,2,False,1,0,227520.0,0.0,1,0,0.0003957008792348512,-0.0,2.3228134124634154e-05,0.0,False,0,0.0,False,0,terminal,0.8,получил 227 520 KZT от 1 плательщиков  исходящих переводов нет (глубина 2<4),29,0.25,0.2813,получил 227 520 KZT от 1 плательщиков  исходящих переводов нет (глубина 2<4) Кластер 29 (0 seed)  объём входящих 227 520 KZT.
100000003003821100,2,False,1,0,40000.0,0.0,1,0,0.00043985019963380925,-0.0,3.8139637240047547e-19,0.0,False,0,0.0,False,0,terminal,0.8,получил 40 000 KZT от 1 плательщиков  исходящих переводов нет (глубина 2<4),15,0.25,0.2529,получил 40 000 KZT от 1 плательщиков  исходящих переводов нет (глубина 2<4) Кластер 15 (5 seed)  объём входящих 40 000 KZT.
100000005237935150,2,False,1,0,34508.0,0.0,1,0,0.0002993098467736381,-0.0,4.088245397339209e-08,0.0,False,0,0.0,False,0,terminal,0.8,получил 34 508 KZT от 1 плательщиков  исходящих переводов нет (глубина 2<4),48,0.25,0.2505,получил 34 508 KZT от 1 плательщиков  исходящих переводов нет (глубина 2<4) Кластер 48 (0 seed)  объём входящих 34 508 KZT.
100000004463277100,2,False,1,0,35000.0,0.0,1,0,0.0006948210120651959,-0.0,-5.233470773035873e-20,0.0,False,15,0.0,False,0,terminal,0.8,получил 35 000 KZT от 1 плательщиков  исходящих переводов нет (глубина 2<4),37,0.25,0.2507,получил 35 000 KZT от 1 плательщиков  исходящих переводов нет (глубина 2<4) Кластер 37 (1 seed)  объём входящих 35 000 KZT.
100000006523053100,2,False,1,0,5000.0,0.0,1,0,0.0005410075313508008,-0.0,-9.444386579900431e-20,0.0,False,0,0.0,False,0,terminal,0.8,получил 5 000 KZT от 1 плательщиков  исходящих переводов нет (глубина 2<4),15,0.25,0.219,получил 5 000 KZT от 1 плательщиков  исходящих переводов нет (глубина 2<4) Кластер 15 (5 seed)  объём входящих 5 000 KZT.
100000001954903100,2,False,1,0,27118.0,0.0,1,0,0.00029982287190616065,-0.0,2.3228134124634154e-05,0.0,False,0,0.0,False,0,terminal,0.8,получил 27 118 KZT от 1 плательщиков  исходящих переводов нет (глубина 2<4),29,0.25,0.2466,получил 27 118 KZT от 1 плательщиков  исходящих переводов нет (глубина 2<4) Кластер 29 (0 seed)  объём входящих 27 118 KZT.
100000005328215100,2,False,1,0,27000.0,0.0,1,0,0.0002997664173554836,-0.0,2.3228134124634154e-05,0.0,False,0,0.0,False,0,terminal,0.8,получил 27 000 KZT от 1 плательщиков  исходящих переводов нет (глубина 2<4),29,0.25,0.2465,получил 27 000 KZT от 1 плательщиков  исходящих переводов нет (глубина 2<4) Кластер 29 (0 seed)  объём входящих 27 000 KZT.
100000004424023100,2,False,1,1,50000.0,100000.0,1,1,0.0009757985999759036,9.224870976140879e-20,-8.182583592145607e-19,2.0758779754586885e-05,True,0,2.0,False,0,peripheral,0.15,"низкая активность: 1 вх./1 исх. плательщиков/получателей, без выраженного паттерна",1,0.1,0.1829,"низкая активность: 1 вх./1 исх. плательщиков/получателей, без выраженного паттерна Кластер 1 (3 seed)  объём входящих 50 000 KZT."
100000002299948100,2,False,1,0,6750.0,0.0,1,0,0.00029432631398461297,-0.0,-6.603436485049042e-20,0.0,False,0,0.0,False,0,terminal,0.8,получил 6 750 KZT от 1 плательщиков  исходящих переводов нет (глубина 2<4),55,0.25,0.2239,получил 6 750 KZT от 1 плательщиков  исходящих переводов нет (глубина 2<4) Кластер 55 (0 seed)  объём входящих 6 750 KZT.
100000005105153100,2,False,1,0,30000.0,0.0,1,0,0.00040314809720736904,-0.0,7.688316479235139e-19,0.0,False,0,0.0,False,0,terminal,0.8,получил 30 000 KZT от 1 плательщиков  исходящих переводов нет (глубина 2<4),8,0.25,0.2482,получил 30 000 KZT от 1 плательщиков  исходящих переводов нет (глубина 2<4) Кластер 8 (1 seed)  объём входящих 30 000 KZT.
100000001985793100,2,False,1,0,420000.0,0.0,1,0,0.00037431126259945537,-0.0,4.282827841861873e-07,0.0,False,0,0.0,False,0,terminal,0.8,получил 420 000 KZT от 1 плательщиков  исходящих переводов нет (глубина 2<4),1,0.25,0.2913,получил 420 000 KZT от 1 плательщиков  исходящих переводов нет (глубина 2<4) Кластер 1 (3 seed)  объём входящих 420 000 KZT.
100000003134934100,2,False,4,0,379354.0,0.0,4,0,0.00042632840153352205,-0.0,0.0019927140884677913,0.0,False,0,0.0,False,0,terminal,0.8,получил 379 354 KZT от 4 плательщиков  исходящих переводов нет (глубина 2<4),8,0.25,0.2896,получил 379 354 KZT от 4 плательщиков  исходящих переводов нет (глубина 2<4) Кластер 8 (1 seed)  объём входящих 379 354 KZT.
100000006240939100,2,False,1,5,160000.0,778015.0,1,5,0.00032016786474154454,2.5365357565780534e-05,4.282827841861873e-07,4.2323725713235395e-06,True,0,4.86259375,False,0,peripheral,0.15,"низкая активность: 1 вх./5 исх. плательщиков/получателей, без выраженного паттерна",1,0.1,0.2016,"низкая активность: 1 вх./5 исх. плательщиков/получателей, без выраженного паттерна Кластер 1 (3 seed)  объём входящих 160 000 KZT."
100000008656043100,2,False,1,0,26200.0,0.0,1,0,0.0002957836108810031,-0.0,1.248460114358995e-19,0.0,False,1,0.0,False,0,terminal,0.8,получил 26 200 KZT от 1 плательщиков  исходящих переводов нет (глубина 2<4),38,0.25,0.246,получил 26 200 KZT от 1 плательщиков  исходящих переводов нет (глубина 2<4) Кластер 38 (1 seed)  объём входящих 26 200 KZT.
100000002605184100,2,False,1,0,140000.0,0.0,1,0,0.00039280346674456916,-0.0,-2.3389821896876625e-19,0.0,False,0,0.0,False,0,terminal,0.8,получил 140 000 KZT от 1 плательщиков  исходящих переводов нет (глубина 2<4),3,0.25,0.2734,получил 140 000 KZT от 1 плательщиков  исходящих переводов нет (глубина 2<4) Кластер 3 (3 seed)  объём входящих 140 000 KZT.
100000003157333100,2,False,1,0,30000.0,0.0,1,0,0.00029255882288773457,-0.0,2.8721412970846466e-05,0.0,False,0,0.0,False,0,terminal,0.8,получил 30 000 KZT от 1 плательщиков  исходящих переводов нет (глубина 2<4),1,0.25,0.2482,получил 30 000 KZT от 1 плательщиков  исходящих переводов нет (глубина 2<4) Кластер 1 (3 seed)  объём входящих 30 000 KZT.
100000007898453100,2,False,1,2,24750.0,320000.0,1,2,0.00033449524378308294,0.00019944888472299085,1.5176786493570597e-19,2.43865276728642e-05,True,0,12.929292929292929,False,0,peripheral,0.15,"низкая активность: 1 вх./2 исх. плательщиков/получателей, без выраженного паттерна",15,0.1,0.1714,"низкая активность: 1 вх./2 исх. плательщиков/получателей, без выраженного паттерна Кластер 15 (5 seed)  объём входящих 24 750 KZT."
100000002710570100,2,False,1,0,225015.0,0.0,1,0,0.0005414532929435287,-0.0,9.439341800270344e-20,0.0,False,0,0.0,False,0,terminal,0.8,получил 225 015 KZT от 1 плательщиков  исходящих переводов нет (глубина 2<4),12,0.25,0.2811,получил 225 015 KZT от 1 плательщиков  исходящих переводов нет (глубина 2<4) Кластер 12 (0 seed)  объём входящих 225 015 KZT.
100000004979498100,2,False,1,1,700000.0,200000.0,2,1,0.0013279423584759303,2.540527699057009e-20,-2.8037386510741107e-19,8.061662040616265e-07,False,13,0.2857142857142857,False,1,peripheral,0.15,"низкая активность: 1 вх./1 исх. плательщиков/получателей, без выраженного паттерна",35,0.1,0.2556,"низкая активность: 1 вх./1 исх. плательщиков/получателей, без выраженного паттерна Кластер 35 (1 seed)  объём входящих 700 000 KZT."
100000001541418100,2,False,2,0,96900.0,0.0,2,0,0.0003048959847607101,-0.0,2.491507001976563e-05,0.0,False,0,0.0,False,0,terminal,0.8,получил 96 900 KZT от 2 плательщиков  исходящих переводов нет (глубина 2<4),24,0.25,0.2674,получил 96 900 KZT от 2 плательщиков  исходящих переводов нет (глубина 2<4) Кластер 24 (2 seed)  объём входящих 96 900 KZT.
100000007797290100,2,False,1,1,100000.0,20000.0,1,1,0.0003024705867928064,-2.6184710937129567e-20,5.1721343332136276e-05,1.9549530448494444e-05,True,0,0.2,False,0,peripheral,0.15,"низкая активность: 1 вх./1 исх. плательщиков/получателей, без выраженного паттерна",8,0.1,0.1942,"низкая активность: 1 вх./1 исх. плательщиков/получателей, без выраженного паттерна Кластер 8 (1 seed)  объём входящих 100 000 KZT."
100000008683818100,2,False,1,0,17400.0,0.0,1,0,0.0002927826227202545,-0.0,1.248460114358995e-19,0.0,False,1,0.0,False,0,terminal,0.8,получил 17 400 KZT от 1 плательщиков  исходящих переводов нет (глубина 2<4),38,0.25,0.2393,получил 17 400 KZT от 1 плательщиков  исходящих переводов нет (глубина 2<4) Кластер 38 (1 seed)  объём входящих 17 400 KZT.
100000006567935100,2,False,1,0,200000.0,0.0,1,0,0.0003119377939696638,-0.0,3.8766879522082557e-07,0.0,False,0,0.0,False,0,terminal,0.8,получил 200 000 KZT от 1 плательщиков  исходящих переводов нет (глубина 2<4),60,0.25,0.2792,получил 200 000 KZT от 1 плательщиков  исходящих переводов нет (глубина 2<4) Кластер 60 (0 seed)  объём входящих 200 000 KZT.
100000002132479100,2,False,1,1,30000.0,20000.0,2,1,0.000608543240087641,2.230233653672638e-05,-3.030524713637518e-19,0.0,False,0,0.6666666666666666,False,0,peripheral,0.15,"низкая активность: 1 вх./1 исх. плательщиков/получателей, без выраженного паттерна",0,0.1,0.1742,"низкая активность: 1 вх./1 исх. плательщиков/получателей, без выраженного паттерна Кластер 0 (0 seed)  объём входящих 30 000 KZT."
100000002170580100,2,False,1,0,150000.0,0.0,1,0,0.0003586131100103919,-0.0,2.3228134124634154e-05,0.0,False,0,0.0,False,0,terminal,0.8,получил 150 000 KZT от 1 плательщиков  исходящих переводов нет (глубина 2<4),29,0.25,0.2745,получил 150 000 KZT от 1 плательщиков  исходящих переводов нет (глубина 2<4) Кластер 29 (0 seed)  объём входящих 150 000 KZT.
100000001232297100,2,False,1,2,5000.0,45000.0,1,2,0.00029345699524824145,0.00031419503306721056,4.8764778155656494e-08,0.0,False,0,9.0,False,0,peripheral,0.15,"низкая активность: 1 вх./2 исх. плательщиков/получателей, без выраженного паттерна",31,0.1,0.145,"низкая активность: 1 вх./2 исх. плательщиков/получателей, без выраженного паттерна Кластер 31 (3 seed)  объём входящих 5 000 KZT."
100000002028158100,2,False,1,0,34800.0,0.0,1,0,0.00029796496445744745,-0.0,3.567634960949817e-05,0.0,False,0,0.0,False,0,terminal,0.8,получил 34 800 KZT от 1 плательщиков  исходящих переводов нет (глубина 2<4),3,0.25,0.2507,получил 34 800 KZT от 1 плательщиков  исходящих переводов нет (глубина 2<4) Кластер 3 (3 seed)  объём входящих 34 800 KZT.
100000005519998100,2,False,3,3,182000.0,188000.0,5,8,0.0006551647286806784,0.0009458229069002661,2.9376475527147437e-07,9.069369795693298e-05,False,0,1.032967032967033,False,0,transit,0.967,"получает от 3, передаёт 3; pass-through 1.03 — деньги не задерживаются",10,0.35,0.3343,"получает от 3, передаёт 3; pass-through 1.03 — деньги не задерживаются Кластер 10 (0 seed)  объём входящих 182 000 KZT."
100000002335358100,2,False,1,0,140000.0,0.0,2,0,0.0006151184450136051,-0.0,3.195678590946628e-19,0.0,False,0,0.0,False,0,terminal,0.8,получил 140 000 KZT от 1 плательщиков  исходящих переводов нет (глубина 2<4),2,0.25,0.2734,получил 140 000 KZT от 1 плательщиков  исходящих переводов нет (глубина 2<4) Кластер 2 (7 seed)  объём входящих 140 000 KZT.
100000007289427100,2,False,1,0,12300.0,0.0,1,0,0.000375281455888894,-0.0,-2.586077382623867e-19,0.0,False,0,0.0,False,0,terminal,0.8,получил 12 300 KZT от 1 плательщиков  исходящих переводов нет (глубина 2<4),15,0.25,0.2337,получил 12 300 KZT от 1 плательщиков  исходящих переводов нет (глубина 2<4) Кластер 15 (5 seed)  объём входящих 12 300 KZT.
100000004592467100,2,False,1,0,7000.0,0.0,1,0,0.00028790680824774607,-0.0,6.21185833342272e-05,0.0,False,0,0.0,False,0,terminal,0.8,получил 7 000 KZT от 1 плательщиков  исходящих переводов нет (глубина 2<4),15,0.25,0.2245,получил 7 000 KZT от 1 плательщиков  исходящих переводов нет (глубина 2<4) Кластер 15 (5 seed)  объём входящих 7 000 KZT.
100000004993576100,2,False,1,0,167000.0,0.0,1,0,0.00034019341968794545,-0.0,3.567634960949817e-05,0.0,False,0,0.0,False,0,terminal,0.8,получил 167 000 KZT от 1 плательщиков  исходящих переводов нет (глубина 2<4),3,0.25,0.2762,получил 167 000 KZT от 1 плательщиков  исходящих переводов нет (глубина 2<4) Кластер 3 (3 seed)  объём входящих 167 000 KZT.
100000001648936100,2,False,1,0,92740.0,0.0,1,0,0.00030450027810834503,-0.0,2.8721412970846466e-05,0.0,False,0,0.0,False,0,terminal,0.8,получил 92 740 KZT от 1 плательщиков  исходящих переводов нет (глубина 2<4),1,0.25,0.2666,получил 92 740 KZT от 1 плательщиков  исходящих переводов нет (глубина 2<4) Кластер 1 (3 seed)  объём входящих 92 740 KZT.
100000008512552100,2,False,4,6,394360.0,1302275.0,9,11,0.0004277420103501144,0.0010030183788805268,0.000338008925201714,0.0011933275235622228,True,0,3.3022492139162187,False,0,peripheral,0.15,"низкая активность: 4 вх./6 исх. плательщиков/получателей, без выраженного паттерна",41,0.1,0.2334,"низкая активность: 4 вх./6 исх. плательщиков/получателей, без выраженного паттерна Кластер 41 (0 seed)  объём входящих 394 360 KZT."
100000007629096100,2,False,4,1,1075170.0,765205.0,5,5,0.0025022585486800825,0.00010197759824558254,0.0002846348945844807,0.0001368467131394611,False,0,0.7117060557865268,False,0,peripheral,0.15,"низкая активность: 4 вх./1 исх. плательщиков/получателей, без выраженного паттерна",16,0.1,0.2346,"низкая активность: 4 вх./1 исх. плательщиков/получателей, без выраженного паттерна Кластер 16 (0 seed)  объём входящих 1 075 170 KZT."
100000001601320100,2,False,2,1,43500.0,46200.0,2,1,0.0008152009196827953,7.587407321011118e-20,-4.5233370467629635e-19,1.0077077550770332e-06,True,0,1.0620689655172413,False,0,transit,0.938,"получает от 2, передаёт 1; pass-through 1.06 — деньги не задерживаются",24,0.35,0.3056,"получает от 2, передаёт 1; pass-through 1.06 — деньги не задерживаются Кластер 24 (2 seed)  объём входящих 43 500 KZT."
100000005782781100,2,False,6,10,171888.0,1263597.0,10,10,0.0004896362070138849,0.005811990850049187,0.00037180420943360825,0.0006398944244739161,True,0,7.351281066741134,False,0,peripheral,0.15,"низкая активность: 6 вх./10 исх. плательщиков/получателей, без выраженного паттерна",24,0.1,0.2119,"низкая активность: 6 вх./10 исх. плательщиков/получателей, без выраженного паттерна Кластер 24 (2 seed)  объём входящих 171 888 KZT."
100000002723538100,2,False,3,12,105647.0,560499.0,3,14,0.0003217367684418318,0.00652498878760319,0.004580931018943346,0.00025777164374870507,True,0,5.305394379395534,False,1,peripheral,0.15,"низкая активность: 3 вх./12 исх. плательщиков/получателей, без выраженного паттерна",17,0.1,0.2285,"низкая активность: 3 вх./12 исх. плательщиков/получателей, без выраженного паттерна Кластер 17 (0 seed)  объём входящих 105 647 KZT."
100000002340562100,2,False,1,0,36650.0,0.0,2,0,0.0005331828016435867,-0.0,-1.7138229294574677e-19,0.0,False,0,0.0,False,0,terminal,0.8,получил 36 650 KZT от 1 плательщиков  исходящих переводов нет (глубина 2<4),24,0.25,0.2515,получил 36 650 KZT от 1 плательщиков  исходящих переводов нет (глубина 2<4) Кластер 24 (2 seed)  объём входящих 36 650 KZT.
100000005939154100,2,False,1,0,22000.0,0.0,2,0,0.00029501093822377597,-0.0,2.6036449179595394e-06,0.0,False,0,0.0,False,0,terminal,0.8,получил 22 000 KZT от 1 плательщиков  исходящих переводов нет (глубина 2<4),2,0.25,0.2432,получил 22 000 KZT от 1 плательщиков  исходящих переводов нет (глубина 2<4) Кластер 2 (7 seed)  объём входящих 22 000 KZT.
100000004386258100,2,False,3,3,61700.0,40000.0,3,3,0.0005359655801261061,3.365626782578304e-19,-7.722959552907585e-19,0.00012253726301736723,True,0,0.6482982171799028,False,0,peripheral,0.15,"низкая активность: 3 вх./3 исх. плательщиков/получателей, без выраженного паттерна",13,0.1,0.1878,"низкая активность: 3 вх./3 исх. плательщиков/получателей, без выраженного паттерна Кластер 13 (1 seed)  объём входящих 61 700 KZT."
100000008406609100,2,False,1,0,34000.0,0.0,1,0,0.000432380515046988,-0.0,2.423035332438569e-19,0.0,False,0,0.0,False,0,terminal,0.8,получил 34 000 KZT от 1 плательщиков  исходящих переводов нет (глубина 2<4),25,0.25,0.2503,получил 34 000 KZT от 1 плательщиков  исходящих переводов нет (глубина 2<4) Кластер 25 (14 seed)  объём входящих 34 000 KZT.
100000007242833100,2,False,1,1,107500.0,45000.0,3,2,0.0005160352036917603,9.134480499874268e-21,2.70806013603501e-20,2.0154155101540664e-05,True,0,0.4186046511627907,False,0,peripheral,0.15,"низкая активность: 1 вх./1 исх. плательщиков/получателей, без выраженного паттерна",13,0.1,0.1953,"низкая активность: 1 вх./1 исх. плательщиков/получателей, без выраженного паттерна Кластер 13 (1 seed)  объём входящих 107 500 KZT."
100000004698193100,2,False,2,3,222700.0,38000.0,15,5,0.000828719533321107,-1.3897433182476986e-19,2.8951050698701626e-05,1.612332408123253e-06,True,0,0.17063313875168387,False,0,peripheral,0.15,"низкая активность: 2 вх./3 исх. плательщиков/получателей, без выраженного паттерна",1,0.1,0.207,"низкая активность: 2 вх./3 исх. плательщиков/получателей, без выраженного паттерна Кластер 1 (3 seed)  объём входящих 222 700 KZT."
100000002733905100,2,False,3,2,100000.0,717839.0,5,3,0.0029378997793495596,-1.118583669235457e-19,4.165541413215753e-19,1.8138739591386597e-06,True,1,7.17839,False,0,peripheral,0.15,"низкая активность: 3 вх./2 исх. плательщиков/получателей, без выраженного паттерна",38,0.1,0.1939,"низкая активность: 3 вх./2 исх. плательщиков/получателей, без выраженного паттерна Кластер 38 (1 seed)  объём входящих 100 000 KZT."
100000006912294100,2,False,1,2,6335.09,30000.0,1,2,0.0005050490593143352,9.91741533762864e-06,-6.882554321745945e-19,6.046246530462199e-07,True,0,4.7355286191672095,False,0,peripheral,0.15,"низкая активность: 1 вх./2 исх. плательщиков/получателей, без выраженного паттерна",24,0.1,0.1489,"низкая активность: 1 вх./2 исх. плательщиков/получателей, без выраженного паттерна Кластер 24 (2 seed)  объём входящих 6 335 KZT."
100000003036198100,2,False,1,0,15000.0,0.0,1,0,0.0002892235631566834,-0.0,0.00014216819592800507,0.0,False,0,0.0,False,0,terminal,0.8,получил 15 000 KZT от 1 плательщиков  исходящих переводов нет (глубина 2<4),15,0.25,0.2369,получил 15 000 KZT от 1 плательщиков  исходящих переводов нет (глубина 2<4) Кластер 15 (5 seed)  объём входящих 15 000 KZT.
100000004687099100,2,False,1,0,30000.0,0.0,1,0,0.00033570064330650136,-0.0,-8.366600452792684e-20,0.0,False,0,0.0,False,0,terminal,0.8,получил 30 000 KZT от 1 плательщиков  исходящих переводов нет (глубина 2<4),24,0.25,0.2482,получил 30 000 KZT от 1 плательщиков  исходящих переводов нет (глубина 2<4) Кластер 24 (2 seed)  объём входящих 30 000 KZT.
100000005242320100,2,False,2,21,365700.0,8936295.0,2,29,0.0005023175201394404,2.035924565807039e-05,4.5210119143871363e-07,3.002969110129559e-05,True,0,24.43613617719442,False,0,distributor,0.7,рассылает 8 936 295 KZT на 21 разных получателей,48,0.75,0.4195,рассылает 8 936 295 KZT на 21 разных получателей Кластер 48 (0 seed)  объём входящих 365 700 KZT.
100000008762832100,2,False,1,1,150000.0,85000.0,1,4,0.00030951937008817133,1.83106979384137e-19,6.21185833342272e-05,0.0,False,0,0.5666666666666667,False,0,peripheral,0.15,"низкая активность: 1 вх./1 исх. плательщиков/получателей, без выраженного паттерна",15,0.1,0.2005,"низкая активность: 1 вх./1 исх. плательщиков/получателей, без выраженного паттерна Кластер 15 (5 seed)  объём входящих 150 000 KZT."
100000002489253100,2,False,1,0,51000.0,0.0,1,0,0.0003031895019953128,-0.0,1.8799731546446257e-07,0.0,False,0,0.0,False,0,terminal,0.8,получил 51 000 KZT от 1 плательщиков  исходящих переводов нет (глубина 2<4),2,0.25,0.2569,получил 51 000 KZT от 1 плательщиков  исходящих переводов нет (глубина 2<4) Кластер 2 (7 seed)  объём входящих 51 000 KZT.
100000004756901100,2,False,1,0,153248.0,0.0,1,0,0.00031233999905218226,-0.0,4.0407560321177665e-06,0.0,False,0,0.0,False,0,terminal,0.8,получил 153 248 KZT от 1 плательщиков  исходящих переводов нет (глубина 2<4),2,0.25,0.2748,получил 153 248 KZT от 1 плательщиков  исходящих переводов нет (глубина 2<4) Кластер 2 (7 seed)  объём входящих 153 248 KZT.
100000008749989100,2,False,1,0,16000.0,0.0,1,0,0.0002923051927855899,-0.0,1.248460114358995e-19,0.0,False,1,0.0,False,0,terminal,0.8,получил 16 000 KZT от 1 плательщиков  исходящих переводов нет (глубина 2<4),38,0.25,0.238,получил 16 000 KZT от 1 плательщиков  исходящих переводов нет (глубина 2<4) Кластер 38 (1 seed)  объём входящих 16 000 KZT.
100000001380986100,2,False,1,0,70170.0,0.0,1,0,0.00029347981117744176,-0.0,5.01279636734352e-07,0.0,False,0,0.0,False,0,terminal,0.8,получил 70 170 KZT от 1 плательщиков  исходящих переводов нет (глубина 2<4),24,0.25,0.2621,получил 70 170 KZT от 1 плательщиков  исходящих переводов нет (глубина 2<4) Кластер 24 (2 seed)  объём входящих 70 170 KZT.
100000003089018100,2,False,1,0,230000.0,0.0,1,0,0.0003085835081573937,-0.0,5.01279636734352e-07,0.0,False,0,0.0,False,0,terminal,0.8,получил 230 000 KZT от 1 плательщиков  исходящих переводов нет (глубина 2<4),24,0.25,0.2815,получил 230 000 KZT от 1 плательщиков  исходящих переводов нет (глубина 2<4) Кластер 24 (2 seed)  объём входящих 230 000 KZT.
100000008742266100,2,False,1,0,21000.0,0.0,1,0,0.0002940102996951062,-0.0,1.248460114358995e-19,0.0,False,1,0.0,False,0,terminal,0.8,получил 21 000 KZT от 1 плательщиков  исходящих переводов нет (глубина 2<4),38,0.25,0.2424,получил 21 000 KZT от 1 плательщиков  исходящих переводов нет (глубина 2<4) Кластер 38 (1 seed)  объём входящих 21 000 KZT.
100000003044431100,2,False,2,0,60000.0,0.0,2,0,0.00030380939962834213,-0.0,0.0030996547637793265,0.0,False,0,0.0,False,0,terminal,0.8,получил 60 000 KZT от 2 плательщиков  исходящих переводов нет (глубина 2<4),8,0.25,0.2595,получил 60 000 KZT от 2 плательщиков  исходящих переводов нет (глубина 2<4) Кластер 8 (1 seed)  объём входящих 60 000 KZT.
100000003321423100,2,False,1,0,100000.0,0.0,2,0,0.0006739434775327186,-0.0,9.767667626497957e-21,0.0,False,0,0.0,False,0,terminal,0.8,получил 100 000 KZT от 1 плательщиков  исходящих переводов нет (глубина 2<4),5,0.25,0.2679,получил 100 000 KZT от 1 плательщиков  исходящих переводов нет (глубина 2<4) Кластер 5 (1 seed)  объём входящих 100 000 KZT.
100000002540623100,2,False,1,0,100000.0,0.0,1,0,0.0003346916902319739,-0.0,2.3228134124634154e-05,0.0,False,0,0.0,False,0,terminal,0.8,получил 100 000 KZT от 1 плательщиков  исходящих переводов нет (глубина 2<4),29,0.25,0.2679,получил 100 000 KZT от 1 плательщиков  исходящих переводов нет (глубина 2<4) Кластер 29 (0 seed)  объём входящих 100 000 KZT.
100000004225615100,2,False,1,0,90000.0,0.0,2,0,0.0002953537166464554,-0.0,5.01279636734352e-07,0.0,False,0,0.0,False,0,terminal,0.8,получил 90 000 KZT от 1 плательщиков  исходящих переводов нет (глубина 2<4),24,0.25,0.2662,получил 90 000 KZT от 1 плательщиков  исходящих переводов нет (глубина 2<4) Кластер 24 (2 seed)  объём входящих 90 000 KZT.
100000004820260100,2,False,1,3,234200.0,215350.0,12,10,0.0014103695688040066,0.00014648891629619106,2.3977747062048266e-06,3.9703685550035105e-05,True,0,0.9195132365499573,False,0,transit,0.92,"получает от 1, передаёт 3; pass-through 0.92 — деньги не задерживаются",3,0.35,0.3311,"получает от 1, передаёт 3; pass-through 0.92 — деньги не задерживаются Кластер 3 (3 seed)  объём входящих 234 200 KZT."
100000000795129100,2,False,1,0,332000.0,0.0,1,0,0.00039289913158682726,-0.0,3.567634960949817e-05,0.0,False,0,0.0,False,0,terminal,0.8,получил 332 000 KZT от 1 плательщиков  исходящих переводов нет (глубина 2<4),3,0.25,0.2875,получил 332 000 KZT от 1 плательщиков  исходящих переводов нет (глубина 2<4) Кластер 3 (3 seed)  объём входящих 332 000 KZT.
100000008213966100,2,False,3,1,187004.0,436900.0,7,8,0.001943135283772622,1.620718443198908e-19,4.516318959802612e-19,4.3936058121358645e-05,True,0,2.336313661739856,False,0,peripheral,0.15,"низкая активность: 3 вх./1 исх. плательщиков/получателей, без выраженного паттерна",57,0.1,0.2047,"низкая активность: 3 вх./1 исх. плательщиков/получателей, без выраженного паттерна Кластер 57 (0 seed)  объём входящих 187 004 KZT."
100000008478414100,2,False,1,0,10000.0,0.0,1,0,0.0002902590644941704,-0.0,1.248460114358995e-19,0.0,False,1,0.0,False,0,terminal,0.8,получил 10 000 KZT от 1 плательщиков  исходящих переводов нет (глубина 2<4),38,0.25,0.2303,получил 10 000 KZT от 1 плательщиков  исходящих переводов нет (глубина 2<4) Кластер 38 (1 seed)  объём входящих 10 000 KZT.
100000001330595100,2,False,3,1,87000.0,154000.0,6,1,0.0006784467559252037,-8.696880265471387e-20,-5.480351345947473e-19,1.2092493060924398e-06,True,4,1.7701149425287357,False,0,peripheral,0.15,"низкая активность: 3 вх./1 исх. плательщиков/получателей, без выраженного паттерна",44,0.1,0.1916,"низкая активность: 3 вх./1 исх. плательщиков/получателей, без выраженного паттерна Кластер 44 (1 seed)  объём входящих 87 000 KZT."
100000000076451100,2,False,3,4,87707.0,58000.0,4,4,0.0014012275295631393,-1.5827144791225519e-18,3.6251437387821175e-05,9.935998465059547e-05,True,0,0.661292713238396,False,0,peripheral,0.15,"низкая активность: 3 вх./4 исх. плательщиков/получателей, без выраженного паттерна",3,0.1,0.1932,"низкая активность: 3 вх./4 исх. плательщиков/получателей, без выраженного паттерна Кластер 3 (3 seed)  объём входящих 87 707 KZT."
100000005664632100,2,False,1,0,198620.0,0.0,18,0,0.0003667595262044192,-0.0,5.530035098674468e-19,0.0,False,0,0.0,False,0,terminal,0.8,получил 198 620 KZT от 1 плательщиков  исходящих переводов нет (глубина 2<4),18,0.25,0.2791,получил 198 620 KZT от 1 плательщиков  исходящих переводов нет (глубина 2<4) Кластер 18 (0 seed)  объём входящих 198 620 KZT.
100000002457464100,2,False,1,0,66647.0,0.0,1,0,0.000323608515042499,-0.0,6.14510409783037e-21,0.0,False,0,0.0,False,0,terminal,0.8,получил 66 647 KZT от 1 плательщиков  исходящих переводов нет (глубина 2<4),15,0.25,0.2613,получил 66 647 KZT от 1 плательщиков  исходящих переводов нет (глубина 2<4) Кластер 15 (5 seed)  объём входящих 66 647 KZT.
100000002757240100,2,False,1,0,51183.0,0.0,1,0,0.00031825299565871535,-0.0,0.00014276729694478286,0.0,False,0,0.0,False,0,terminal,0.8,получил 51 183 KZT от 1 плательщиков  исходящих переводов нет (глубина 2<4),15,0.25,0.2569,получил 51 183 KZT от 1 плательщиков  исходящих переводов нет (глубина 2<4) Кластер 15 (5 seed)  объём входящих 51 183 KZT.
100000003718221100,2,False,2,4,350000.0,423500.0,6,8,0.0010507940734642526,0.00017159714430188604,3.2238573094203966e-06,3.9905227101050515e-05,True,0,1.21,False,0,peripheral,0.15,"низкая активность: 2 вх./4 исх. плательщиков/получателей, без выраженного паттерна",11,0.1,0.2149,"низкая активность: 2 вх./4 исх. плательщиков/получателей, без выраженного паттерна Кластер 11 (0 seed)  объём входящих 350 000 KZT."
100000008629581100,2,False,1,0,54184.0,0.0,1,0,0.00031673445173866806,-0.0,6.14510409783037e-21,0.0,False,0,0.0,False,0,terminal,0.8,получил 54 184 KZT от 1 плательщиков  исходящих переводов нет (глубина 2<4),15,0.25,0.2579,получил 54 184 KZT от 1 плательщиков  исходящих переводов нет (глубина 2<4) Кластер 15 (5 seed)  объём входящих 54 184 KZT.
100000004806903100,2,False,1,0,18000.0,0.0,1,0,0.0005358736858678877,-0.0,3.5029977767739286e-19,0.0,False,0,0.0,False,0,terminal,0.8,получил 18 000 KZT от 1 плательщиков  исходящих переводов нет (глубина 2<4),15,0.25,0.2399,получил 18 000 KZT от 1 плательщиков  исходящих переводов нет (глубина 2<4) Кластер 15 (5 seed)  объём входящих 18 000 KZT.
100000000913911100,2,False,2,1,467000.0,600000.0,2,1,0.00046143588882109003,-2.340041011210695e-19,6.262331410085153e-05,1.975107199950985e-05,True,0,1.284796573875803,False,0,peripheral,0.15,"низкая активность: 2 вх./1 исх. плательщиков/получателей, без выраженного паттерна",15,0.1,0.2193,"низкая активность: 2 вх./1 исх. плательщиков/получателей, без выраженного паттерна Кластер 15 (5 seed)  объём входящих 467 000 KZT."
100000004905207100,2,False,1,0,380000.0,0.0,1,0,0.0004367383498864616,-0.0,4.3439115590373045e-09,0.0,False,0,0.0,False,0,terminal,0.8,получил 380 000 KZT от 1 плательщиков  исходящих переводов нет (глубина 2<4),0,0.25,0.2897,получил 380 000 KZT от 1 плательщиков  исходящих переводов нет (глубина 2<4) Кластер 0 (0 seed)  объём входящих 380 000 KZT.
100000003831201100,2,False,1,0,40500.0,0.0,3,0,0.0005366717916456746,-0.0,-6.117005317781634e-20,0.0,False,0,0.0,False,0,terminal,0.8,получил 40 500 KZT от 1 плательщиков  исходящих переводов нет (глубина 2<4),8,0.25,0.2531,получил 40 500 KZT от 1 плательщиков  исходящих переводов нет (глубина 2<4) Кластер 8 (1 seed)  объём входящих 40 500 KZT.
100000003073398100,2,False,1,0,92960.0,0.0,1,0,0.00030454215123790413,-0.0,2.8721412970846466e-05,0.0,False,0,0.0,False,0,terminal,0.8,получил 92 960 KZT от 1 плательщиков  исходящих переводов нет (глубина 2<4),1,0.25,0.2667,получил 92 960 KZT от 1 плательщиков  исходящих переводов нет (глубина 2<4) Кластер 1 (3 seed)  объём входящих 92 960 KZT.
100000008418934100,2,False,1,0,360000.0,0.0,1,0,0.0003208683145604079,-0.0,5.01279636734352e-07,0.0,False,0,0.0,False,0,terminal,0.8,получил 360 000 KZT от 1 плательщиков  исходящих переводов нет (глубина 2<4),24,0.25,0.2888,получил 360 000 KZT от 1 плательщиков  исходящих переводов нет (глубина 2<4) Кластер 24 (2 seed)  объём входящих 360 000 KZT.
100000002741024100,2,False,5,6,817980.85,434989.0,9,7,0.002881440784720116,0.00012615097934312488,0.0002395946513755932,0.00012072338905822858,True,0,0.5317838431058625,False,0,peripheral,0.15,"низкая активность: 5 вх./6 исх. плательщиков/получателей, без выраженного паттерна",16,0.1,0.2299,"низкая активность: 5 вх./6 исх. плательщиков/получателей, без выраженного паттерна Кластер 16 (0 seed)  объём входящих 817 981 KZT."
100000008106997100,2,False,2,1,35600.0,20600.0,2,1,0.00030673426661240465,6.791867802880766e-20,0.00021258253640889552,1.9549530448494444e-05,True,0,0.5786516853932584,False,0,peripheral,0.15,"низкая активность: 2 вх./1 исх. плательщиков/получателей, без выраженного паттерна",8,0.1,0.1773,"низкая активность: 2 вх./1 исх. плательщиков/получателей, без выраженного паттерна Кластер 8 (1 seed)  объём входящих 35 600 KZT."
100000007998965100,2,False,5,1,278000.0,26000.0,7,3,0.0004739839224724543,5.428705076127821e-20,3.0560805964151164e-05,2.0154155101540664e-05,True,0,0.09352517985611511,False,0,consolidator,0.5,получает от 5 разных плательщиков (278 000 KZT)  отдаёт дальше 9% полученного,29,0.9,0.3849,получает от 5 разных плательщиков (278 000 KZT)  отдаёт дальше 9% полученного Кластер 29 (0 seed)  объём входящих 278 000 KZT.
100000001822623100,2,False,1,0,201300.0,0.0,1,0,0.00032493228882212827,-0.0,9.190763811915163e-05,0.0,False,0,0.0,False,0,terminal,0.8,получил 201 300 KZT от 1 плательщиков  исходящих переводов нет (глубина 2<4),11,0.25,0.2793,получил 201 300 KZT от 1 плательщиков  исходящих переводов нет (глубина 2<4) Кластер 11 (0 seed)  объём входящих 201 300 KZT.
100000006424479100,2,False,1,2,500000.0,220000.0,2,3,0.0009476633079854986,-1.0352502107211746e-18,4.8764778155656494e-08,7.436883232468505e-05,True,0,0.44,False,0,peripheral,0.15,"низкая активность: 1 вх./2 исх. плательщиков/получателей, без выраженного паттерна",31,0.1,0.2212,"низкая активность: 1 вх./2 исх. плательщиков/получателей, без выраженного паттерна Кластер 31 (3 seed)  объём входящих 500 000 KZT."
100000008696692100,2,False,1,0,19000.0,0.0,1,0,0.0002933282569312997,-0.0,1.248460114358995e-19,0.0,False,1,0.0,False,0,terminal,0.8,получил 19 000 KZT от 1 плательщиков  исходящих переводов нет (глубина 2<4),38,0.25,0.2408,получил 19 000 KZT от 1 плательщиков  исходящих переводов нет (глубина 2<4) Кластер 38 (1 seed)  объём входящих 19 000 KZT.
100000002748532100,2,False,3,2,355575.0,646685.0,3,7,0.0003406225550005023,8.503611384591797e-07,2.527098272850593e-05,2.3781903019817984e-05,True,0,1.8187021022287844,False,0,peripheral,0.15,"низкая активность: 3 вх./2 исх. плательщиков/получателей, без выраженного паттерна",21,0.1,0.2149,"низкая активность: 3 вх./2 исх. плательщиков/получателей, без выраженного паттерна Кластер 21 (0 seed)  объём входящих 355 575 KZT."
100000004456564100,2,False,1,0,10000.0,0.0,2,0,0.0003940803138126389,-0.0,-3.030524713637518e-19,0.0,False,0,0.0,False,0,terminal,0.8,получил 10 000 KZT от 1 плательщиков  исходящих переводов нет (глубина 2<4),0,0.25,0.2303,получил 10 000 KZT от 1 плательщиков  исходящих переводов нет (глубина 2<4) Кластер 0 (0 seed)  объём входящих 10 000 KZT.
100000001530740100,2,False,1,0,15000.0,0.0,1,0,0.0005321421608384038,-0.0,-1.8944471334071082e-19,0.0,False,0,0.0,False,0,terminal,0.8,получил 15 000 KZT от 1 плательщиков  исходящих переводов нет (глубина 2<4),2,0.25,0.2369,получил 15 000 KZT от 1 плательщиков  исходящих переводов нет (глубина 2<4) Кластер 2 (7 seed)  объём входящих 15 000 KZT.
100000001386612100,2,False,1,0,62264.0,0.0,1,0,0.0004356262315251092,-0.0,1.8751205368951133e-06,0.0,False,0,0.0,False,0,terminal,0.8,получил 62 264 KZT от 1 плательщиков  исходящих переводов нет (глубина 2<4),25,0.25,0.2601,получил 62 264 KZT от 1 плательщиков  исходящих переводов нет (глубина 2<4) Кластер 25 (14 seed)  объём входящих 62 264 KZT.
100000003360542100,2,False,2,2,317000.0,51800.0,3,5,0.0014621232336168937,0.0021493825540055654,3.254432116080324e-07,1.0077077550770332e-06,False,0,0.16340694006309148,False,0,peripheral,0.15,"низкая активность: 2 вх./2 исх. плательщиков/получателей, без выраженного паттерна",5,0.1,0.2127,"низкая активность: 2 вх./2 исх. плательщиков/получателей, без выраженного паттерна Кластер 5 (1 seed)  объём входящих 317 000 KZT."
100000008352542100,2,False,1,0,50220.0,0.0,1,0,0.0003329485783307634,-0.0,9.977809550671837e-07,0.0,False,0,0.0,False,0,terminal,0.8,получил 50 220 KZT от 1 плательщиков  исходящих переводов нет (глубина 2<4),15,0.25,0.2566,получил 50 220 KZT от 1 плательщиков  исходящих переводов нет (глубина 2<4) Кластер 15 (5 seed)  объём входящих 50 220 KZT.
100000001138376100,2,False,1,0,15300.0,0.0,1,0,0.0002917361075966705,-0.0,3.567634960949817e-05,0.0,False,0,0.0,False,0,terminal,0.8,получил 15 300 KZT от 1 плательщиков  исходящих переводов нет (глубина 2<4),3,0.25,0.2372,получил 15 300 KZT от 1 плательщиков  исходящих переводов нет (глубина 2<4) Кластер 3 (3 seed)  объём входящих 15 300 KZT.
100000003246024100,2,False,1,1,25000.0,5000.0,1,1,0.00037362633493987244,1.6600574902305644e-19,6.780405765936634e-19,0.0006608547457795183,False,0,0.2,False,0,peripheral,0.15,"низкая активность: 1 вх./1 исх. плательщиков/получателей, без выраженного паттерна",8,0.1,0.1807,"низкая активность: 1 вх./1 исх. плательщиков/получателей, без выраженного паттерна Кластер 8 (1 seed)  объём входящих 25 000 KZT."
100000002680477100,2,False,1,0,25000.0,0.0,1,0,0.0002958764646331333,-0.0,4.088245397339209e-08,0.0,False,0,0.0,False,0,terminal,0.8,получил 25 000 KZT от 1 плательщиков  исходящих переводов нет (глубина 2<4),48,0.25,0.2453,получил 25 000 KZT от 1 плательщиков  исходящих переводов нет (глубина 2<4) Кластер 48 (0 seed)  объём входящих 25 000 KZT.
100000005882013100,2,False,2,1,135000.0,10000.0,3,1,0.0005286709305561867,0.00031168210430431863,5.904083850130051e-06,0.0,False,0,0.07407407407407407,False,0,peripheral,0.15,"низкая активность: 2 вх./1 исх. плательщиков/получателей, без выраженного паттерна",31,0.1,0.1988,"низкая активность: 2 вх./1 исх. плательщиков/получателей, без выраженного паттерна Кластер 31 (3 seed)  объём входящих 135 000 KZT."
100000005665181100,2,False,4,11,45498.0,181915.0,5,11,0.000400298554997344,0.005738503345797014,0.00013215554244887327,0.0001424898765678925,True,0,3.998307617917271,False,0,peripheral,0.15,"низкая активность: 4 вх./11 исх. плательщиков/получателей, без выраженного паттерна",9,0.1,0.1831,"низкая активность: 4 вх./11 исх. плательщиков/получателей, без выраженного паттерна Кластер 9 (0 seed)  объём входящих 45 498 KZT."
100000008141170100,2,False,1,0,11000.0,0.0,1,0,0.0006245744237647764,-0.0,-1.2320396090302545e-19,0.0,False,0,0.0,False,0,terminal,0.8,получил 11 000 KZT от 1 плательщиков  исходящих переводов нет (глубина 2<4),2,0.25,0.2319,получил 11 000 KZT от 1 плательщиков  исходящих переводов нет (глубина 2<4) Кластер 2 (7 seed)  объём входящих 11 000 KZT.
100000001382002100,2,False,1,1,55000.0,56500.0,2,3,0.000666013262421275,0.0009231328385008303,-4.36666126476627e-19,0.0,False,0,1.0272727272727273,False,0,transit,0.973,"получает от 1, передаёт 1; pass-through 1.03 — деньги не задерживаются",8,0.35,0.3143,"получает от 1, передаёт 1; pass-through 1.03 — деньги не задерживаются Кластер 8 (1 seed)  объём входящих 55 000 KZT."
100000002481735100,2,False,1,0,22436.0,0.0,2,0,0.0003643114143337781,-0.0,1.2596487311569735e-05,0.0,False,0,0.0,False,0,terminal,0.8,получил 22 436 KZT от 1 плательщиков  исходящих переводов нет (глубина 2<4),2,0.25,0.2435,получил 22 436 KZT от 1 плательщиков  исходящих переводов нет (глубина 2<4) Кластер 2 (7 seed)  объём входящих 22 436 KZT.
100000000806727100,2,False,1,1,45000.0,5000.0,1,1,0.00034738627402717463,2.1653764103140045e-19,1.9981603261818127e-19,0.0,False,0,0.1111111111111111,False,0,peripheral,0.15,"низкая активность: 1 вх./1 исх. плательщиков/получателей, без выраженного паттерна",15,0.1,0.1808,"низкая активность: 1 вх./1 исх. плательщиков/получателей, без выраженного паттерна Кластер 15 (5 seed)  объём входящих 45 000 KZT."
100000003039473100,2,False,1,0,23000.0,0.0,1,0,0.0003135944817852376,-0.0,-9.767479751167504e-19,0.0,False,0,0.0,False,0,terminal,0.8,получил 23 000 KZT от 1 плательщиков  исходящих переводов нет (глубина 2<4),2,0.25,0.2439,получил 23 000 KZT от 1 плательщиков  исходящих переводов нет (глубина 2<4) Кластер 2 (7 seed)  объём входящих 23 000 KZT.
100000005205745100,2,False,1,0,6000.0,0.0,1,0,0.0003136533125139483,-0.0,2.3525062200298987e-07,0.0,False,0,0.0,False,0,terminal,0.8,получил 6 000 KZT от 1 плательщиков  исходящих переводов нет (глубина 2<4),1,0.25,0.222,получил 6 000 KZT от 1 плательщиков  исходящих переводов нет (глубина 2<4) Кластер 1 (3 seed)  объём входящих 6 000 KZT.
100000004356593100,2,False,1,1,50000.0,10000.0,1,1,0.00029476455894695636,-1.339999338146941e-19,0.00014216819592800507,1.9549530448494444e-05,True,0,0.2,False,0,peripheral,0.15,"низкая активность: 1 вх./1 исх. плательщиков/получателей, без выраженного паттерна",15,0.1,0.1828,"низкая активность: 1 вх./1 исх. плательщиков/получателей, без выраженного паттерна Кластер 15 (5 seed)  объём входящих 50 000 KZT."
100000008688881100,2,False,1,0,44211.0,0.0,1,0,0.0003019257469904626,-0.0,1.248460114358995e-19,0.0,False,1,0.0,False,0,terminal,0.8,получил 44 211 KZT от 1 плательщиков  исходящих переводов нет (глубина 2<4),38,0.25,0.2546,получил 44 211 KZT от 1 плательщиков  исходящих переводов нет (глубина 2<4) Кластер 38 (1 seed)  объём входящих 44 211 KZT.
100000008111003100,2,False,6,1,222716.0,35000.0,9,1,0.0004716778968758086,9.157686035230051e-20,0.0003151792146778489,0.0010445898589128526,False,0,0.15715081089818422,False,0,consolidator,0.6,получает от 6 разных плательщиков (222 716 KZT)  отдаёт дальше 16% полученного,8,0.9,0.4319,получает от 6 разных плательщиков (222 716 KZT)  отдаёт дальше 16% полученного Кластер 8 (1 seed)  объём входящих 222 716 KZT.
100000003016773100,2,False,1,0,46555.0,0.0,1,0,0.0003161994138360553,-0.0,2.2952506535735204e-06,0.0,False,0,0.0,False,0,terminal,0.8,получил 46 555 KZT от 1 плательщиков  исходящих переводов нет (глубина 2<4),32,0.25,0.2554,получил 46 555 KZT от 1 плательщиков  исходящих переводов нет (глубина 2<4) Кластер 32 (0 seed)  объём входящих 46 555 KZT.
100000004674799100,2,False,1,0,140000.0,0.0,5,0,0.0007939298298890641,-0.0,8.65136869569695e-05,0.0,False,0,0.0,False,0,terminal,0.8,получил 140 000 KZT от 1 плательщиков  исходящих переводов нет (глубина 2<4),8,0.25,0.2734,получил 140 000 KZT от 1 плательщиков  исходящих переводов нет (глубина 2<4) Кластер 8 (1 seed)  объём входящих 140 000 KZT.
100000005834479100,2,False,1,2,7500.0,14470.0,1,2,0.0002880362069159106,0.0027141375488980352,0.00014216819592800507,0.0,False,0,1.9293333333333333,False,0,peripheral,0.15,"низкая активность: 1 вх./2 исх. плательщиков/получателей, без выраженного паттерна",17,0.1,0.1516,"низкая активность: 1 вх./2 исх. плательщиков/получателей, без выраженного паттерна Кластер 17 (0 seed)  объём входящих 7 500 KZT."
100000003278020100,2,False,1,0,190000.0,0.0,1,0,0.0003259973532000966,-0.0,3.129115642084609e-05,0.0,False,0,0.0,False,0,terminal,0.8,получил 190 000 KZT от 1 плательщиков  исходящих переводов нет (глубина 2<4),8,0.25,0.2784,получил 190 000 KZT от 1 плательщиков  исходящих переводов нет (глубина 2<4) Кластер 8 (1 seed)  объём входящих 190 000 KZT.
100000000831684100,2,False,1,1,15000.0,50000.0,2,3,0.0019199218378837606,4.333202753151558e-06,5.715385035221575e-21,0.0,False,0,3.3333333333333335,False,0,peripheral,0.15,"низкая активность: 1 вх./1 исх. плательщиков/получателей, без выраженного паттерна",13,0.1,0.1629,"низкая активность: 1 вх./1 исх. плательщиков/получателей, без выраженного паттерна Кластер 13 (1 seed)  объём входящих 15 000 KZT."
100000000307908100,2,False,1,0,5000.0,0.0,1,0,0.0002978753639348788,-0.0,-4.906165655786737e-19,0.0,False,6,0.0,False,0,terminal,0.8,получил 5 000 KZT от 1 плательщиков  исходящих переводов нет (глубина 2<4),20,0.25,0.219,получил 5 000 KZT от 1 плательщиков  исходящих переводов нет (глубина 2<4) Кластер 20 (1 seed)  объём входящих 5 000 KZT.
100000001782980100,2,False,1,1,50000.0,596200.0,1,3,0.0003718880578006437,-1.0201239451890053e-19,2.1036220324674883e-19,6.046246530462199e-07,True,15,11.924,False,0,peripheral,0.15,"низкая активность: 1 вх./1 исх. плательщиков/получателей, без выраженного паттерна",37,0.1,0.1826,"низкая активность: 1 вх./1 исх. плательщиков/получателей, без выраженного паттерна Кластер 37 (1 seed)  объём входящих 50 000 KZT."
100000002454724100,2,False,1,0,125000.0,0.0,3,0,0.00030252944023421654,-0.0,3.8766879522082557e-07,0.0,False,0,0.0,False,0,terminal,0.8,получил 125 000 KZT от 1 плательщиков  исходящих переводов нет (глубина 2<4),60,0.25,0.2715,получил 125 000 KZT от 1 плательщиков  исходящих переводов нет (глубина 2<4) Кластер 60 (0 seed)  объём входящих 125 000 KZT.
100000005904580100,2,False,2,0,72000.0,0.0,2,0,0.0005249309055138302,-0.0,6.845419898233573e-06,0.0,False,0,0.0,False,0,terminal,0.8,получил 72 000 KZT от 2 плательщиков  исходящих переводов нет (глубина 2<4),13,0.25,0.2625,получил 72 000 KZT от 2 плательщиков  исходящих переводов нет (глубина 2<4) Кластер 13 (1 seed)  объём входящих 72 000 KZT.
100000008474308100,2,False,1,1,14000.0,10000.0,2,1,0.00044693042047161456,0.0009231328385008301,4.475634450290262e-06,0.0,False,0,0.7142857142857143,False,0,peripheral,0.15,"низкая активность: 1 вх./1 исх. плательщиков/получателей, без выраженного паттерна",8,0.1,0.1618,"низкая активность: 1 вх./1 исх. плательщиков/получателей, без выраженного паттерна Кластер 8 (1 seed)  объём входящих 14 000 KZT."
100000000795033100,2,False,1,0,18200.0,0.0,1,0,0.0005353514037945994,-0.0,2.292755375965388e-19,0.0,False,0,0.0,False,0,terminal,0.8,получил 18 200 KZT от 1 плательщиков  исходящих переводов нет (глубина 2<4),8,0.25,0.2401,получил 18 200 KZT от 1 плательщиков  исходящих переводов нет (глубина 2<4) Кластер 8 (1 seed)  объём входящих 18 200 KZT.
100000000861294100,2,False,1,0,150000.0,0.0,1,0,0.0003153987117381213,-0.0,2.8721412970846466e-05,0.0,False,0,0.0,False,0,terminal,0.8,получил 150 000 KZT от 1 плательщиков  исходящих переводов нет (глубина 2<4),1,0.25,0.2745,получил 150 000 KZT от 1 плательщиков  исходящих переводов нет (глубина 2<4) Кластер 1 (3 seed)  объём входящих 150 000 KZT.
100000006557763100,2,False,1,0,10000.0,0.0,1,0,0.0003487142337287927,-0.0,5.529897240596354e-19,0.0,False,0,0.0,False,0,terminal,0.8,получил 10 000 KZT от 1 плательщиков  исходящих переводов нет (глубина 2<4),15,0.25,0.2303,получил 10 000 KZT от 1 плательщиков  исходящих переводов нет (глубина 2<4) Кластер 15 (5 seed)  объём входящих 10 000 KZT.
100000005608515100,2,False,1,0,64000.0,0.0,4,0,0.00029447025319685705,-0.0,-4.974002918945603e-19,0.0,False,0,0.0,False,0,terminal,0.8,получил 64 000 KZT от 1 плательщиков  исходящих переводов нет (глубина 2<4),39,0.25,0.2606,получил 64 000 KZT от 1 плательщиков  исходящих переводов нет (глубина 2<4) Кластер 39 (0 seed)  объём входящих 64 000 KZT.
100000003922499100,2,False,1,0,50000.0,0.0,1,0,0.0005375833478114201,-0.0,1.5356596424048513e-19,0.0,False,0,0.0,False,0,terminal,0.8,получил 50 000 KZT от 1 плательщиков  исходящих переводов нет (глубина 2<4),13,0.25,0.2566,получил 50 000 KZT от 1 плательщиков  исходящих переводов нет (глубина 2<4) Кластер 13 (1 seed)  объём входящих 50 000 KZT.
100000008603629100,2,False,19,61,1817300.0,4986156.0,45,74,0.0011969051333826266,0.08609235667130401,0.0024573947082203347,0.009564355844987138,True,0,2.7437165025037142,False,0,coordinator,1.0,"связан с 0 seed-клиентами напрямую, betweenness=0.010, точка сочленения сети",17,1.0,0.7726,"связан с 0 seed-клиентами напрямую, betweenness=0.010, точка сочленения сети Кластер 17 (0 seed)  объём входящих 1 817 300 KZT."
100000004825069100,2,False,1,0,30000.0,0.0,4,0,0.0002970794921322354,-0.0,1.248460114358995e-19,0.0,False,1,0.0,False,0,terminal,0.8,получил 30 000 KZT от 1 плательщиков  исходящих переводов нет (глубина 2<4),38,0.25,0.2482,получил 30 000 KZT от 1 плательщиков  исходящих переводов нет (глубина 2<4) Кластер 38 (1 seed)  объём входящих 30 000 KZT.
100000004331458100,2,False,2,0,250000.0,0.0,2,0,0.0013288678037691956,-0.0,-4.0406504084211177e-19,0.0,False,7,0.0,False,0,terminal,0.8,получил 250 000 KZT от 2 плательщиков  исходящих переводов нет (глубина 2<4),23,0.25,0.2828,получил 250 000 KZT от 2 плательщиков  исходящих переводов нет (глубина 2<4) Кластер 23 (1 seed)  объём входящих 250 000 KZT.
100000002911170100,2,False,1,0,300000.0,0.0,2,0,0.00032448226561692674,-0.0,3.8766879522082557e-07,0.0,False,0,0.0,False,0,terminal,0.8,получил 300 000 KZT от 1 плательщиков  исходящих переводов нет (глубина 2<4),60,0.25,0.2858,получил 300 000 KZT от 1 плательщиков  исходящих переводов нет (глубина 2<4) Кластер 60 (0 seed)  объём входящих 300 000 KZT.
100000008011159100,2,False,3,5,363000.0,153037.0,6,5,0.0004882281885694322,0.0013030933547139138,0.00014978499564178899,0.00011951413975213613,True,0,0.4215895316804408,False,0,peripheral,0.15,"низкая активность: 3 вх./5 исх. плательщиков/получателей, без выраженного паттерна",65,0.1,0.2166,"низкая активность: 3 вх./5 исх. плательщиков/получателей, без выраженного паттерна Кластер 65 (0 seed)  объём входящих 363 000 KZT."
100000003854444100,2,False,1,14,210000.0,2322909.0,4,14,0.00046881298793918075,0.004533216152141428,-1.8177557573208626e-19,0.0011407251787472015,True,0,11.061471428571428,False,0,peripheral,0.15,"низкая активность: 1 вх./14 исх. плательщиков/получателей, без выраженного паттерна",49,0.1,0.2224,"низкая активность: 1 вх./14 исх. плательщиков/получателей, без выраженного паттерна Кластер 49 (1 seed)  объём входящих 210 000 KZT."
100000008547948100,2,False,6,26,212665.0,5185600.0,7,31,0.00043046983886426034,0.00010550661103749331,5.649427405727753e-06,0.0028491929067048036,True,0,24.383890155878966,False,0,coordinator,0.78,"связан с 0 seed-клиентами напрямую, betweenness=0.003, точка сочленения сети",32,1.0,0.5531,"связан с 0 seed-клиентами напрямую, betweenness=0.003, точка сочленения сети Кластер 32 (0 seed)  объём входящих 212 665 KZT."
100000005175148100,2,False,2,1,79000.0,15000.0,4,1,0.0007224239433805334,0.00014314448232340384,5.1277330287425e-06,0.0,False,0,0.189873417721519,False,0,peripheral,0.15,"низкая активность: 2 вх./1 исх. плательщиков/получателей, без выраженного паттерна",3,0.1,0.19,"низкая активность: 2 вх./1 исх. плательщиков/получателей, без выраженного паттерна Кластер 3 (3 seed)  объём входящих 79 000 KZT."
100000002087788100,2,False,1,0,100500.0,0.0,1,0,0.0006613596572143559,-0.0,-1.6348437588597051e-19,0.0,False,0,0.0,False,0,terminal,0.8,получил 100 500 KZT от 1 плательщиков  исходящих переводов нет (глубина 2<4),9,0.25,0.268,получил 100 500 KZT от 1 плательщиков  исходящих переводов нет (глубина 2<4) Кластер 9 (0 seed)  объём входящих 100 500 KZT.
100000004150593100,2,False,1,11,57000.0,871165.0,2,16,0.0003079960775057002,0.0028208849634803663,2.6036449179595394e-06,0.000212626336321254,True,0,15.28359649122807,False,0,peripheral,0.15,"низкая активность: 1 вх./11 исх. плательщиков/получателей, без выраженного паттерна",2,0.1,0.1878,"низкая активность: 1 вх./11 исх. плательщиков/получателей, без выраженного паттерна Кластер 2 (7 seed)  объём входящих 57 000 KZT."
100000001597505100,2,False,1,1,26460.0,12920.0,1,1,0.00031616050684828037,2.1523423766220997e-05,-6.603436485049042e-20,5.643163428431386e-06,False,0,0.48828420256991684,False,0,peripheral,0.15,"низкая активность: 1 вх./1 исх. плательщиков/получателей, без выраженного паттерна",55,0.1,0.1723,"низкая активность: 1 вх./1 исх. плательщиков/получателей, без выраженного паттерна Кластер 55 (0 seed)  объём входящих 26 460 KZT."
100000007629121100,2,False,1,0,29000.0,0.0,1,0,0.0003977748286701746,-0.0,3.8139637240047547e-19,0.0,False,0,0.0,False,0,terminal,0.8,получил 29 000 KZT от 1 плательщиков  исходящих переводов нет (глубина 2<4),15,0.25,0.2477,получил 29 000 KZT от 1 плательщиков  исходящих переводов нет (глубина 2<4) Кластер 15 (5 seed)  объём входящих 29 000 KZT.
100000005614315100,2,False,1,0,455000.0,0.0,1,0,0.0005776190601164817,-0.0,-8.16624461302764e-20,0.0,False,0,0.0,False,0,terminal,0.8,получил 455 000 KZT от 1 плательщиков  исходящих переводов нет (глубина 2<4),2,0.25,0.2926,получил 455 000 KZT от 1 плательщиков  исходящих переводов нет (глубина 2<4) Кластер 2 (7 seed)  объём входящих 455 000 KZT.
100000008324800100,2,False,3,1,526500.0,511000.0,17,13,0.001876753071855338,6.303038124400854e-20,0.0031069866791250027,1.9549530448494444e-05,True,0,0.9705603038936372,False,0,transit,0.971,"получает от 3, передаёт 1; pass-through 0.97 — деньги не задерживаются",59,0.35,0.3512,"получает от 3, передаёт 1; pass-through 0.97 — деньги не задерживаются Кластер 59 (0 seed)  объём входящих 526 500 KZT."
100000005030592100,2,False,1,0,10000.0,0.0,1,0,0.00029004313624476707,-0.0,3.567634960949817e-05,0.0,False,0,0.0,False,0,terminal,0.8,получил 10 000 KZT от 1 плательщиков  исходящих переводов нет (глубина 2<4),3,0.25,0.2303,получил 10 000 KZT от 1 плательщиков  исходящих переводов нет (глубина 2<4) Кластер 3 (3 seed)  объём входящих 10 000 KZT.
100000001633685100,2,False,3,0,45000.0,0.0,3,0,0.00030755387279839087,-0.0,0.0001368851514392223,0.0,False,0,0.0,False,0,terminal,0.8,получил 45 000 KZT от 3 плательщиков  исходящих переводов нет (глубина 2<4),8,0.25,0.2548,получил 45 000 KZT от 3 плательщиков  исходящих переводов нет (глубина 2<4) Кластер 8 (1 seed)  объём входящих 45 000 KZT.
100000001848426100,2,False,1,0,95530.0,0.0,1,0,0.0003050313055241165,-0.0,2.8721412970846466e-05,0.0,False,0,0.0,False,0,terminal,0.8,получил 95 530 KZT от 1 плательщиков  исходящих переводов нет (глубина 2<4),1,0.25,0.2671,получил 95 530 KZT от 1 плательщиков  исходящих переводов нет (глубина 2<4) Кластер 1 (3 seed)  объём входящих 95 530 KZT.
100000004580202100,2,False,1,3,9000.0,45000.0,1,4,0.0003231892346538885,-4.370299844955716e-19,5.175780394316359e-08,6.046246530462199e-05,True,0,5.0,False,0,peripheral,0.15,"низкая активность: 1 вх./3 исх. плательщиков/получателей, без выраженного паттерна",11,0.1,0.1555,"низкая активность: 1 вх./3 исх. плательщиков/получателей, без выраженного паттерна Кластер 11 (0 seed)  объём входящих 9 000 KZT."
100000008717375100,2,False,1,0,29506.0,0.0,1,0,0.00030312311143441224,-0.0,6.14510409783037e-21,0.0,False,0,0.0,False,0,terminal,0.8,получил 29 506 KZT от 1 плательщиков  исходящих переводов нет (глубина 2<4),15,0.25,0.248,получил 29 506 KZT от 1 плательщиков  исходящих переводов нет (глубина 2<4) Кластер 15 (5 seed)  объём входящих 29 506 KZT.
100000007861311100,2,False,1,0,45000.0,0.0,1,0,0.00036012653962218304,-0.0,-8.366600452792684e-20,0.0,False,0,0.0,False,0,terminal,0.8,получил 45 000 KZT от 1 плательщиков  исходящих переводов нет (глубина 2<4),24,0.25,0.2548,получил 45 000 KZT от 1 плательщиков  исходящих переводов нет (глубина 2<4) Кластер 24 (2 seed)  объём входящих 45 000 KZT.
100000005578559100,2,False,2,21,131000.0,893163.67,2,23,0.00039274226148974345,3.43799303228281e-05,2.141000929539206e-06,0.0010157694171176494,True,0,6.818043282442749,False,0,distributor,0.7,рассылает 893 164 KZT на 21 разных получателей,29,0.75,0.4169,рассылает 893 164 KZT на 21 разных получателей Кластер 29 (0 seed)  объём входящих 131 000 KZT.
100000008764436100,2,False,1,0,13100.0,0.0,1,0,0.0002913162307780705,-0.0,1.248460114358995e-19,0.0,False,1,0.0,False,0,terminal,0.8,получил 13 100 KZT от 1 плательщиков  исходящих переводов нет (глубина 2<4),38,0.25,0.2347,получил 13 100 KZT от 1 плательщиков  исходящих переводов нет (глубина 2<4) Кластер 38 (1 seed)  объём входящих 13 100 KZT.
100000000190228100,2,False,1,1,5000.0,28560.0,1,1,0.0005845722996267024,-1.8706965024837477e-19,4.0147987667005753e-19,2.1968029060679322e-05,True,0,5.712,False,0,peripheral,0.15,"низкая активность: 1 вх./1 исх. плательщиков/получателей, без выраженного паттерна",24,0.1,0.1453,"низкая активность: 1 вх./1 исх. плательщиков/получателей, без выраженного паттерна Кластер 24 (2 seed)  объём входящих 5 000 KZT."
100000003971049100,2,False,1,0,55900.0,0.0,7,0,0.0002955814011649146,-0.0,5.1721343332136276e-05,0.0,False,0,0.0,False,0,terminal,0.8,получил 55 900 KZT от 1 плательщиков  исходящих переводов нет (глубина 2<4),8,0.25,0.2584,получил 55 900 KZT от 1 плательщиков  исходящих переводов нет (глубина 2<4) Кластер 8 (1 seed)  объём входящих 55 900 KZT.
100000008743913100,2,False,3,13,149300.0,1850600.0,3,13,0.00033358519084050845,1.909819156173372e-05,2.2845138457468205e-06,0.00030352157582920236,True,0,12.395177494976558,False,0,peripheral,0.15,"низкая активность: 3 вх./13 исх. плательщиков/получателей, без выраженного паттерна",21,0.1,0.2048,"низкая активность: 3 вх./13 исх. плательщиков/получателей, без выраженного паттерна Кластер 21 (0 seed)  объём входящих 149 300 KZT."
100000004400361100,2,False,1,0,10000.0,0.0,1,0,0.0002885122425874006,-0.0,4.0407560321177665e-06,0.0,False,0,0.0,False,0,terminal,0.8,получил 10 000 KZT от 1 плательщиков  исходящих переводов нет (глубина 2<4),2,0.25,0.2303,получил 10 000 KZT от 1 плательщиков  исходящих переводов нет (глубина 2<4) Кластер 2 (7 seed)  объём входящих 10 000 KZT.
100000002175422100,2,False,3,6,68500.0,1621188.0,5,14,0.0008493337041109494,0.0025474199545485435,8.18874293063218e-19,0.0001614347823633407,True,0,23.66697810218978,False,0,peripheral,0.15,"низкая активность: 3 вх./6 исх. плательщиков/получателей, без выраженного паттерна",12,0.1,0.19,"низкая активность: 3 вх./6 исх. плательщиков/получателей, без выраженного паттерна Кластер 12 (0 seed)  объём входящих 68 500 KZT."
100000004544958100,2,False,1,2,168000.0,23200.0,3,2,0.0012208457685054953,5.3109162749843823e-05,1.6568021786047316e-19,2.1161862856617695e-05,True,0,0.1380952380952381,False,0,peripheral,0.15,"низкая активность: 1 вх./2 исх. плательщиков/получателей, без выраженного паттерна",5,0.1,0.2026,"низкая активность: 1 вх./2 исх. плательщиков/получателей, без выраженного паттерна Кластер 5 (1 seed)  объём входящих 168 000 KZT."
100000008466579100,2,False,2,17,36952.0,1933000.0,2,20,0.0003559298666444717,9.925306275527131e-05,5.411371744640183e-07,0.0005409375229253514,True,0,52.31110630006495,False,0,distributor,0.567,рассылает 1 933 000 KZT на 17 разных получателей,32,0.75,0.3495,рассылает 1 933 000 KZT на 17 разных получателей Кластер 32 (0 seed)  объём входящих 36 952 KZT.
100000001184915100,2,False,1,0,201000.0,0.0,2,0,0.00035105399062468476,-0.0,3.567634960949817e-05,0.0,False,0,0.0,False,0,terminal,0.8,получил 201 000 KZT от 1 плательщиков  исходящих переводов нет (глубина 2<4),3,0.25,0.2793,получил 201 000 KZT от 1 плательщиков  исходящих переводов нет (глубина 2<4) Кластер 3 (3 seed)  объём входящих 201 000 KZT.
100000004435304100,2,False,1,0,26200.0,0.0,1,0,0.0002957836108810031,-0.0,1.248460114358995e-19,0.0,False,1,0.0,False,0,terminal,0.8,получил 26 200 KZT от 1 плательщиков  исходящих переводов нет (глубина 2<4),38,0.25,0.246,получил 26 200 KZT от 1 плательщиков  исходящих переводов нет (глубина 2<4) Кластер 38 (1 seed)  объём входящих 26 200 KZT.
100000008762728100,2,False,1,0,17026.0,0.0,1,0,0.00031911790598451663,-0.0,1.7907847734595236e-06,0.0,False,0,0.0,False,0,terminal,0.8,получил 17 026 KZT от 1 плательщиков  исходящих переводов нет (глубина 2<4),2,0.25,0.239,получил 17 026 KZT от 1 плательщиков  исходящих переводов нет (глубина 2<4) Кластер 2 (7 seed)  объём входящих 17 026 KZT.
100000004285800100,2,False,1,1,5000.0,15000.0,1,1,0.00034574603210178024,-2.501872133146905e-19,-1.2985279191729423e-19,0.0,False,0,3.0,False,0,peripheral,0.15,"низкая активность: 1 вх./1 исх. плательщиков/получателей, без выраженного паттерна",8,0.1,0.145,"низкая активность: 1 вх./1 исх. плательщиков/получателей, без выраженного паттерна Кластер 8 (1 seed)  объём входящих 5 000 KZT."
100000008557672100,2,False,1,0,49125.0,0.0,1,0,0.00030360152606113516,-0.0,1.248460114358995e-19,0.0,False,1,0.0,False,0,terminal,0.8,получил 49 125 KZT от 1 плательщиков  исходящих переводов нет (глубина 2<4),38,0.25,0.2563,получил 49 125 KZT от 1 плательщиков  исходящих переводов нет (глубина 2<4) Кластер 38 (1 seed)  объём входящих 49 125 KZT.
100000005142589100,2,False,1,0,50000.0,0.0,2,0,0.00031175473954037487,-0.0,5.3468518387994196e-05,0.0,False,0,0.0,False,0,terminal,0.8,получил 50 000 KZT от 1 плательщиков  исходящих переводов нет (глубина 2<4),8,0.25,0.2566,получил 50 000 KZT от 1 плательщиков  исходящих переводов нет (глубина 2<4) Кластер 8 (1 seed)  объём входящих 50 000 KZT.
100000003747133100,2,False,5,2,237068.0,250000.0,8,2,0.00037974160453290367,2.358064199928669e-19,0.0005056699278660064,9.774765224247222e-05,True,0,1.0545497494389795,False,0,consolidator,0.5,получает от 5 разных плательщиков (237 068 KZT)  отдаёт дальше 105% полученного,16,0.9,0.3834,получает от 5 разных плательщиков (237 068 KZT)  отдаёт дальше 105% полученного Кластер 16 (0 seed)  объём входящих 237 068 KZT.
100000003289405100,2,False,1,0,355000.0,0.0,1,0,0.00034050241328598374,-0.0,6.21185833342272e-05,0.0,False,0,0.0,False,0,terminal,0.8,получил 355 000 KZT от 1 плательщиков  исходящих переводов нет (глубина 2<4),15,0.25,0.2886,получил 355 000 KZT от 1 плательщиков  исходящих переводов нет (глубина 2<4) Кластер 15 (5 seed)  объём входящих 355 000 KZT.
100000002691858100,2,False,1,0,51500.0,0.0,1,0,0.0003438991262955778,-0.0,-6.603436485049042e-20,0.0,False,0,0.0,False,0,terminal,0.8,получил 51 500 KZT от 1 плательщиков  исходящих переводов нет (глубина 2<4),55,0.25,0.2571,получил 51 500 KZT от 1 плательщиков  исходящих переводов нет (глубина 2<4) Кластер 55 (0 seed)  объём входящих 51 500 KZT.
100000007534354100,2,False,1,3,50000.0,147810.0,1,3,0.00030490407859112877,1.321713372870623e-05,4.088245397339209e-08,2.4184986121848796e-06,True,0,2.9562,False,0,peripheral,0.15,"низкая активность: 1 вх./3 исх. плательщиков/получателей, без выраженного паттерна",29,0.1,0.1826,"низкая активность: 1 вх./3 исх. плательщиков/получателей, без выраженного паттерна Кластер 29 (0 seed)  объём входящих 50 000 KZT."
100000000765628100,2,False,1,0,5000.0,0.0,1,0,0.00031683162772349005,-0.0,2.475049098034042e-06,0.0,False,0,0.0,False,0,terminal,0.8,получил 5 000 KZT от 1 плательщиков  исходящих переводов нет (глубина 2<4),2,0.25,0.219,получил 5 000 KZT от 1 плательщиков  исходящих переводов нет (глубина 2<4) Кластер 2 (7 seed)  объём входящих 5 000 KZT.
100000004962193100,2,False,8,0,900468.0,0.0,11,0,0.0006601649087275734,-0.0,0.0004994172486565639,0.0,False,0,0.0,False,0,consolidator,0.8,получает от 8 разных плательщиков (900 468 KZT)  отдаёт дальше 0% полученного,8,0.9,0.5117,получает от 8 разных плательщиков (900 468 KZT)  отдаёт дальше 0% полученного Кластер 8 (1 seed)  объём входящих 900 468 KZT.
100000005032294100,2,False,1,0,10000.0,0.0,1,0,0.0003940803138126389,-0.0,-3.030524713637518e-19,0.0,False,0,0.0,False,0,terminal,0.8,получил 10 000 KZT от 1 плательщиков  исходящих переводов нет (глубина 2<4),0,0.25,0.2303,получил 10 000 KZT от 1 плательщиков  исходящих переводов нет (глубина 2<4) Кластер 0 (0 seed)  объём входящих 10 000 KZT.
100000001251686100,2,False,1,0,18000.0,0.0,1,0,0.000297893037411054,-0.0,0.00014276729694478286,0.0,False,0,0.0,False,0,terminal,0.8,получил 18 000 KZT от 1 плательщиков  исходящих переводов нет (глубина 2<4),15,0.25,0.2399,получил 18 000 KZT от 1 плательщиков  исходящих переводов нет (глубина 2<4) Кластер 15 (5 seed)  объём входящих 18 000 KZT.
100000002398779100,2,False,13,1,1095690.0,66000.0,28,3,0.0016072661759540473,3.934617193875799e-05,0.0005927895202450137,2.3580361468802577e-05,False,0,0.06023601566136407,False,0,consolidator,1.0,получает от 13 разных плательщиков (1 095 690 KZT)  отдаёт дальше 6% полученного,8,0.9,0.5873,получает от 13 разных плательщиков (1 095 690 KZT)  отдаёт дальше 6% полученного Кластер 8 (1 seed)  объём входящих 1 095 690 KZT.
100000008512827100,2,False,3,10,107949.0,1944500.0,3,10,0.00033674656361513115,0.0001459692440896939,3.9118073198945253e-07,0.00017997660505675813,True,0,18.01313583266172,False,0,peripheral,0.15,"низкая активность: 3 вх./10 исх. плательщиков/получателей, без выраженного паттерна",48,0.1,0.1977,"низкая активность: 3 вх./10 исх. плательщиков/получателей, без выраженного паттерна Кластер 48 (0 seed)  объём входящих 107 949 KZT."
100000003943483100,2,False,1,0,10000.0,0.0,1,0,0.0003304289117909314,-0.0,5.164622431628135e-19,0.0,False,0,0.0,False,0,terminal,0.8,получил 10 000 KZT от 1 плательщиков  исходящих переводов нет (глубина 2<4),13,0.25,0.2303,получил 10 000 KZT от 1 плательщиков  исходящих переводов нет (глубина 2<4) Кластер 13 (1 seed)  объём входящих 10 000 KZT.
100000005031696100,2,False,1,2,5000.0,115000.0,1,3,0.0005420691477720722,-7.852224353632324e-19,-2.4262720557720722e-20,9.75461106914568e-05,True,0,23.0,False,0,peripheral,0.15,"низкая активность: 1 вх./2 исх. плательщиков/получателей, без выраженного паттерна",40,0.1,0.1464,"низкая активность: 1 вх./2 исх. плательщиков/получателей, без выраженного паттерна Кластер 40 (0 seed)  объём входящих 5 000 KZT."
100000002703376100,2,False,1,0,46501.0,0.0,1,0,0.0002941131141872149,-0.0,5.1721343332136276e-05,0.0,False,0,0.0,False,0,terminal,0.8,получил 46 501 KZT от 1 плательщиков  исходящих переводов нет (глубина 2<4),8,0.25,0.2554,получил 46 501 KZT от 1 плательщиков  исходящих переводов нет (глубина 2<4) Кластер 8 (1 seed)  объём входящих 46 501 KZT.
100000003617552100,2,False,1,0,25000.0,0.0,1,0,0.0005534417558517745,-0.0,3.410261801835495e-19,0.0,False,15,0.0,False,0,terminal,0.8,получил 25 000 KZT от 1 плательщиков  исходящих переводов нет (глубина 2<4),37,0.25,0.2453,получил 25 000 KZT от 1 плательщиков  исходящих переводов нет (глубина 2<4) Кластер 37 (1 seed)  объём входящих 25 000 KZT.
100000007617808100,2,False,1,0,450000.0,0.0,1,0,0.0003617014867269622,-0.0,4.0407560321177665e-06,0.0,False,0,0.0,False,0,terminal,0.8,получил 450 000 KZT от 1 плательщиков  исходящих переводов нет (глубина 2<4),2,0.25,0.2924,получил 450 000 KZT от 1 плательщиков  исходящих переводов нет (глубина 2<4) Кластер 2 (7 seed)  объём входящих 450 000 KZT.
100000002613776100,2,False,1,0,30000.0,0.0,2,0,0.00030283329907520245,-0.0,0.00015948068360919555,0.0,False,0,0.0,False,0,terminal,0.8,получил 30 000 KZT от 1 плательщиков  исходящих переводов нет (глубина 2<4),8,0.25,0.2482,получил 30 000 KZT от 1 плательщиков  исходящих переводов нет (глубина 2<4) Кластер 8 (1 seed)  объём входящих 30 000 KZT.
100000002578405100,2,False,2,116,1200351.0,3108352.0,7,120,0.0005724925422578225,-5.551633732938351e-16,5.381900672112304e-19,0.00017393035852629593,True,1,2.589535894084314,False,0,distributor,1.0,рассылает 3 108 352 KZT на 116 разных получателей,38,0.75,0.5309,рассылает 3 108 352 KZT на 116 разных получателей Кластер 38 (1 seed)  объём входящих 1 200 351 KZT.
100000006161893100,2,False,1,0,14000.0,0.0,1,0,0.0005341853190630776,-0.0,-5.451424501375038e-19,0.0,False,0,0.0,False,0,terminal,0.8,получил 14 000 KZT от 1 плательщиков  исходящих переводов нет (глубина 2<4),2,0.25,0.2358,получил 14 000 KZT от 1 плательщиков  исходящих переводов нет (глубина 2<4) Кластер 2 (7 seed)  объём входящих 14 000 KZT.
100000002633701100,2,False,1,0,266850.0,0.0,1,0,0.0003120657782800943,-0.0,5.01279636734352e-07,0.0,False,0,0.0,False,0,terminal,0.8,получил 266 850 KZT от 1 плательщиков  исходящих переводов нет (глубина 2<4),24,0.25,0.2839,получил 266 850 KZT от 1 плательщиков  исходящих переводов нет (глубина 2<4) Кластер 24 (2 seed)  объём входящих 266 850 KZT.
100000002432143100,2,False,1,0,81310.0,0.0,1,0,0.0003367378964249901,-0.0,0.00014276729694478286,0.0,False,0,0.0,False,0,terminal,0.8,получил 81 310 KZT от 1 плательщиков  исходящих переводов нет (глубина 2<4),15,0.25,0.2645,получил 81 310 KZT от 1 плательщиков  исходящих переводов нет (глубина 2<4) Кластер 15 (5 seed)  объём входящих 81 310 KZT.
100000000490383100,2,False,3,8,62600.0,461375.0,3,9,0.0005504333625377879,0.0013133307536284508,2.813962388080355e-06,4.25252672642508e-05,True,0,7.37020766773163,False,0,peripheral,0.15,"низкая активность: 3 вх./8 исх. плательщиков/получателей, без выраженного паттерна",2,0.1,0.1868,"низкая активность: 3 вх./8 исх. плательщиков/получателей, без выраженного паттерна Кластер 2 (7 seed)  объём входящих 62 600 KZT."
100000005809252100,2,False,1,0,25000.0,0.0,1,0,0.0005695877439578749,-0.0,5.512751005721129e-20,0.0,False,0,0.0,False,0,terminal,0.8,получил 25 000 KZT от 1 плательщиков  исходящих переводов нет (глубина 2<4),9,0.25,0.2453,получил 25 000 KZT от 1 плательщиков  исходящих переводов нет (глубина 2<4) Кластер 9 (0 seed)  объём входящих 25 000 KZT.
100000006612238100,2,False,1,1,160000.0,25000.0,1,1,0.0003414122717796582,2.5127739098886835e-20,1.248460114358995e-19,0.0,False,1,0.15625,False,0,peripheral,0.15,"низкая активность: 1 вх./1 исх. плательщиков/получателей, без выраженного паттерна",38,0.1,0.2015,"низкая активность: 1 вх./1 исх. плательщиков/получателей, без выраженного паттерна Кластер 38 (1 seed)  объём входящих 160 000 KZT."
100000002593038100,2,False,1,0,28500.0,0.0,1,0,0.0006614605263425348,-0.0,-4.73820351314626e-19,0.0,False,0,0.0,False,0,terminal,0.8,получил 28 500 KZT от 1 плательщиков  исходящих переводов нет (глубина 2<4),13,0.25,0.2474,получил 28 500 KZT от 1 плательщиков  исходящих переводов нет (глубина 2<4) Кластер 13 (1 seed)  объём входящих 28 500 KZT.
100000002947299100,2,False,1,0,85000.0,0.0,1,0,0.00033900195470585286,-0.0,0.00014276729694478286,0.0,False,0,0.0,False,0,terminal,0.8,получил 85 000 KZT от 1 плательщиков  исходящих переводов нет (глубина 2<4),15,0.25,0.2652,получил 85 000 KZT от 1 плательщиков  исходящих переводов нет (глубина 2<4) Кластер 15 (5 seed)  объём входящих 85 000 KZT.
100000004336312100,2,False,3,2,90415.0,72650.0,7,3,0.000698960299580472,7.688217941528356e-06,1.5169080539913737e-07,4.4339141223389455e-06,False,0,0.8035171155228668,False,0,transit,0.804,"получает от 3, передаёт 2; pass-through 0.80 — деньги не задерживаются",10,0.35,0.2989,"получает от 3, передаёт 2; pass-through 0.80 — деньги не задерживаются Кластер 10 (0 seed)  объём входящих 90 415 KZT."
100000001308856100,2,False,1,0,27000.0,0.0,1,0,0.00029605642798652567,-0.0,1.248460114358995e-19,0.0,False,1,0.0,False,0,terminal,0.8,получил 27 000 KZT от 1 плательщиков  исходящих переводов нет (глубина 2<4),38,0.25,0.2465,получил 27 000 KZT от 1 плательщиков  исходящих переводов нет (глубина 2<4) Кластер 38 (1 seed)  объём входящих 27 000 KZT.
100000008238989100,2,False,1,0,200000.0,0.0,2,0,0.0003246863451083126,-0.0,9.190763811915163e-05,0.0,False,0,0.0,False,0,terminal,0.8,получил 200 000 KZT от 1 плательщиков  исходящих переводов нет (глубина 2<4),11,0.25,0.2792,получил 200 000 KZT от 1 плательщиков  исходящих переводов нет (глубина 2<4) Кластер 11 (0 seed)  объём входящих 200 000 KZT.
100000005561741100,2,False,1,0,25000.0,0.0,1,0,0.00033131478128049677,-0.0,-2.661837292531146e-19,0.0,False,0,0.0,False,0,terminal,0.8,получил 25 000 KZT от 1 плательщиков  исходящих переводов нет (глубина 2<4),29,0.25,0.2453,получил 25 000 KZT от 1 плательщиков  исходящих переводов нет (глубина 2<4) Кластер 29 (0 seed)  объём входящих 25 000 KZT.
100000006248077100,2,False,1,0,50000.0,0.0,1,0,0.00029516581023645167,-0.0,4.0407560321177665e-06,0.0,False,0,0.0,False,0,terminal,0.8,получил 50 000 KZT от 1 плательщиков  исходящих переводов нет (глубина 2<4),2,0.25,0.2566,получил 50 000 KZT от 1 плательщиков  исходящих переводов нет (глубина 2<4) Кластер 2 (7 seed)  объём входящих 50 000 KZT.
100000000646541100,2,False,3,0,25300.0,0.0,4,0,0.0005080733109951689,-0.0,4.577580458139105e-05,0.0,False,0,0.0,False,0,terminal,0.8,получил 25 300 KZT от 3 плательщиков  исходящих переводов нет (глубина 2<4),8,0.25,0.2455,получил 25 300 KZT от 3 плательщиков  исходящих переводов нет (глубина 2<4) Кластер 8 (1 seed)  объём входящих 25 300 KZT.
100000006595426100,2,False,1,0,84800.0,0.0,3,0,0.00033580723219540416,-0.0,5.3101852799700003e-05,0.0,False,0,0.0,False,0,terminal,0.8,получил 84 800 KZT от 1 плательщиков  исходящих переводов нет (глубина 2<4),8,0.25,0.2652,получил 84 800 KZT от 1 плательщиков  исходящих переводов нет (глубина 2<4) Кластер 8 (1 seed)  объём входящих 84 800 KZT.
100000002956898100,2,False,2,0,290240.0,0.0,2,0,0.0003784937510935818,-0.0,8.8246186138322e-05,0.0,False,0,0.0,False,0,terminal,0.8,получил 290 240 KZT от 2 плательщиков  исходящих переводов нет (глубина 2<4),3,0.25,0.2853,получил 290 240 KZT от 2 плательщиков  исходящих переводов нет (глубина 2<4) Кластер 3 (3 seed)  объём входящих 290 240 KZT.
100000001262647100,2,False,1,0,23650.0,0.0,1,0,0.00030474761260400964,-0.0,-2.3389821896876625e-19,0.0,False,0,0.0,False,0,terminal,0.8,получил 23 650 KZT от 1 плательщиков  исходящих переводов нет (глубина 2<4),3,0.25,0.2444,получил 23 650 KZT от 1 плательщиков  исходящих переводов нет (глубина 2<4) Кластер 3 (3 seed)  объём входящих 23 650 KZT.
100000005849100100,2,False,1,0,33300.0,0.0,1,0,0.0004928605762438084,-0.0,5.529897240596354e-19,0.0,False,0,0.0,False,0,terminal,0.8,получил 33 300 KZT от 1 плательщиков  исходящих переводов нет (глубина 2<4),15,0.25,0.2499,получил 33 300 KZT от 1 плательщиков  исходящих переводов нет (глубина 2<4) Кластер 15 (5 seed)  объём входящих 33 300 KZT.
100000000533217100,2,False,1,0,53587.0,0.0,1,0,0.000656272183988597,-0.0,-4.36666126476627e-19,0.0,False,0,0.0,False,0,terminal,0.8,получил 53 587 KZT от 1 плательщиков  исходящих переводов нет (глубина 2<4),8,0.25,0.2577,получил 53 587 KZT от 1 плательщиков  исходящих переводов нет (глубина 2<4) Кластер 8 (1 seed)  объём входящих 53 587 KZT.
100000002812641100,2,False,1,1,10000.0,7023.95,1,1,0.002098796144747266,1.3080306673231752e-05,-9.440102209211802e-21,0.0,False,0,0.702395,False,0,peripheral,0.15,"низкая активность: 1 вх./1 исх. плательщиков/получателей, без выраженного паттерна",24,0.1,0.1563,"низкая активность: 1 вх./1 исх. плательщиков/получателей, без выраженного паттерна Кластер 24 (2 seed)  объём входящих 10 000 KZT."
100000008647905100,2,False,1,2,50000.0,344222.0,1,2,0.00033017364526181475,4.4127343311797374e-20,-1.8177557573208626e-19,3.909906089698889e-05,True,0,6.88444,False,0,peripheral,0.15,"низкая активность: 1 вх./2 исх. плательщиков/получателей, без выраженного паттерна",49,0.1,0.1831,"низкая активность: 1 вх./2 исх. плательщиков/получателей, без выраженного паттерна Кластер 49 (1 seed)  объём входящих 50 000 KZT."
100000002842337100,2,False,1,0,50000.0,0.0,1,0,0.00036826850506074365,-0.0,-8.366600452792684e-20,0.0,False,0,0.0,False,0,terminal,0.8,получил 50 000 KZT от 1 плательщиков  исходящих переводов нет (глубина 2<4),24,0.25,0.2566,получил 50 000 KZT от 1 плательщиков  исходящих переводов нет (глубина 2<4) Кластер 24 (2 seed)  объём входящих 50 000 KZT.
100000002445750100,2,False,1,1,70000.0,10000.0,1,1,0.0005396399331413585,1.5375117212487884e-20,-3.6676906906113346e-19,1.975107199950985e-05,True,0,0.14285714285714285,False,0,peripheral,0.15,"низкая активность: 1 вх./1 исх. плательщиков/получателей, без выраженного паттерна",8,0.1,0.1883,"низкая активность: 1 вх./1 исх. плательщиков/получателей, без выраженного паттерна Кластер 8 (1 seed)  объём входящих 70 000 KZT."
100000005619339100,2,False,1,1,5000.0,5442.6,1,1,0.00032225534682256505,2.314455912993674e-06,2.0522623255512491e-07,0.0,False,0,1.0885200000000002,False,0,transit,0.911,"получает от 1, передаёт 1; pass-through 1.09 — деньги не задерживаются",2,0.35,0.2665,"получает от 1, передаёт 1; pass-through 1.09 — деньги не задерживаются Кластер 2 (7 seed)  объём входящих 5 000 KZT."
100000006844768100,2,False,1,2,282000.0,188000.0,5,5,0.001380061768078111,0.004440547123872029,7.688316479235139e-19,3.95021439990197e-05,True,0,0.6666666666666666,False,0,peripheral,0.15,"низкая активность: 1 вх./2 исх. плательщиков/получателей, без выраженного паттерна",8,0.1,0.2114,"низкая активность: 1 вх./2 исх. плательщиков/получателей, без выраженного паттерна Кластер 8 (1 seed)  объём входящих 282 000 KZT."
100000002488629100,2,False,1,0,73050.0,0.0,1,0,0.0003007526330128108,-0.0,2.8721412970846466e-05,0.0,False,0,0.0,False,0,terminal,0.8,получил 73 050 KZT от 1 плательщиков  исходящих переводов нет (глубина 2<4),1,0.25,0.2628,получил 73 050 KZT от 1 плательщиков  исходящих переводов нет (глубина 2<4) Кластер 1 (3 seed)  объём входящих 73 050 KZT.
100000002796853100,2,False,1,1,199000.0,46167.62,8,5,0.002149784294916274,-3.1389242977171186e-19,4.9495725916468106e-08,0.0,False,0,0.23199809045226133,False,0,peripheral,0.15,"низкая активность: 1 вх./1 исх. плательщиков/получателей, без выраженного паттерна",43,0.1,0.2051,"низкая активность: 1 вх./1 исх. плательщиков/получателей, без выраженного паттерна Кластер 43 (1 seed)  объём входящих 199 000 KZT."
100000006755850100,2,False,1,0,443475.8,0.0,3,0,0.0006519969602831509,-0.0,-3.5786021625501246e-19,0.0,False,0,0.0,False,0,terminal,0.8,получил 443 476 KZT от 1 плательщиков  исходящих переводов нет (глубина 2<4),9,0.25,0.2922,получил 443 476 KZT от 1 плательщиков  исходящих переводов нет (глубина 2<4) Кластер 9 (0 seed)  объём входящих 443 476 KZT.
100000008733194100,2,False,4,8,251424.0,159695.0,4,8,0.00047278052440947527,2.2858770004222413e-06,0.0005194386137504585,0.00019992921860728337,True,0,0.6351621165839378,False,4,coordinator,1.0,"связан с 4 seed-клиентами напрямую, betweenness=0.000, точка сочленения сети",31,1.0,0.7258,"связан с 4 seed-клиентами напрямую, betweenness=0.000, точка сочленения сети Кластер 31 (3 seed)  объём входящих 251 424 KZT."
100000001904863100,2,False,1,0,500000.0,0.0,1,0,0.0004840718759531954,-0.0,4.3439115590373045e-09,0.0,False,0,0.0,False,0,terminal,0.8,получил 500 000 KZT от 1 плательщиков  исходящих переводов нет (глубина 2<4),0,0.25,0.2941,получил 500 000 KZT от 1 плательщиков  исходящих переводов нет (глубина 2<4) Кластер 0 (0 seed)  объём входящих 500 000 KZT.
100000001641951100,2,False,1,0,25000.0,0.0,4,0,0.0003204807525373805,-0.0,1.9981603261818127e-19,0.0,False,0,0.0,False,0,terminal,0.8,получил 25 000 KZT от 1 плательщиков  исходящих переводов нет (глубина 2<4),15,0.25,0.2453,получил 25 000 KZT от 1 плательщиков  исходящих переводов нет (глубина 2<4) Кластер 15 (5 seed)  объём входящих 25 000 KZT.
100000004816564100,2,False,1,1,285480.0,5000.0,1,1,0.00037803931511691226,-1.5403370766347187e-19,3.567634960949817e-05,1.9549530448494444e-05,True,0,0.01751436177665686,False,0,peripheral,0.15,"низкая активность: 1 вх./1 исх. плательщиков/получателей, без выраженного паттерна",3,0.1,0.2113,"низкая активность: 1 вх./1 исх. плательщиков/получателей, без выраженного паттерна Кластер 3 (3 seed)  объём входящих 285 480 KZT."
100000002205022100,2,False,1,3,7100.0,518000.0,1,3,0.0005480158521231132,1.7617716418613575e-06,5.864281871241765e-19,5.361005257009817e-05,True,0,72.95774647887323,False,0,peripheral,0.15,"низкая активность: 1 вх./3 исх. плательщиков/получателей, без выраженного паттерна",27,0.1,0.1515,"низкая активность: 1 вх./3 исх. плательщиков/получателей, без выраженного паттерна Кластер 27 (0 seed)  объём входящих 7 100 KZT."
100000002267998100,2,False,2,3,420000.0,1115000.0,4,12,0.0015963363566370951,0.00017021410733813547,3.249631500159236e-06,6.0865548406652806e-05,True,0,2.6547619047619047,False,0,peripheral,0.15,"низкая активность: 2 вх./3 исх. плательщиков/получателей, без выраженного паттерна",11,0.1,0.2182,"низкая активность: 2 вх./3 исх. плательщиков/получателей, без выраженного паттерна Кластер 11 (0 seed)  объём входящих 420 000 KZT."
100000002199091100,2,False,1,0,65000.0,0.0,1,0,0.00030901524049884924,-0.0,1.248460114358995e-19,0.0,False,1,0.0,False,0,terminal,0.8,получил 65 000 KZT от 1 плательщиков  исходящих переводов нет (глубина 2<4),38,0.25,0.2608,получил 65 000 KZT от 1 плательщиков  исходящих переводов нет (глубина 2<4) Кластер 38 (1 seed)  объём входящих 65 000 KZT.
100000008571443100,2,False,2,0,65000.0,0.0,2,0,0.0003161500547735696,-0.0,0.00031256194059277505,0.0,False,0,0.0,False,0,terminal,0.8,получил 65 000 KZT от 2 плательщиков  исходящих переводов нет (глубина 2<4),31,0.25,0.2608,получил 65 000 KZT от 2 плательщиков  исходящих переводов нет (глубина 2<4) Кластер 31 (3 seed)  объём входящих 65 000 KZT.
100000002742067100,2,False,1,0,12730.0,0.0,1,0,0.00029091517620527584,-0.0,3.567634960949817e-05,0.0,False,0,0.0,False,0,terminal,0.8,получил 12 730 KZT от 1 плательщиков  исходящих переводов нет (глубина 2<4),3,0.25,0.2342,получил 12 730 KZT от 1 плательщиков  исходящих переводов нет (глубина 2<4) Кластер 3 (3 seed)  объём входящих 12 730 KZT.
100000003292979100,2,False,1,0,48950.0,0.0,1,0,0.00033178277478391663,-0.0,9.977809550671837e-07,0.0,False,0,0.0,False,0,terminal,0.8,получил 48 950 KZT от 1 плательщиков  исходящих переводов нет (глубина 2<4),15,0.25,0.2562,получил 48 950 KZT от 1 плательщиков  исходящих переводов нет (глубина 2<4) Кластер 15 (5 seed)  объём входящих 48 950 KZT.
100000002558173100,2,False,1,0,9300.0,0.0,1,0,0.0002971511334570814,-0.0,-6.603436485049042e-20,0.0,False,0,0.0,False,0,terminal,0.8,получил 9 300 KZT от 1 плательщиков  исходящих переводов нет (глубина 2<4),55,0.25,0.2291,получил 9 300 KZT от 1 плательщиков  исходящих переводов нет (глубина 2<4) Кластер 55 (0 seed)  объём входящих 9 300 KZT.
100000004687282100,2,False,1,0,20000.0,0.0,1,0,0.0003337445070092046,-0.0,3.195678590946628e-19,0.0,False,0,0.0,False,0,terminal,0.8,получил 20 000 KZT от 1 плательщиков  исходящих переводов нет (глубина 2<4),2,0.25,0.2416,получил 20 000 KZT от 1 плательщиков  исходящих переводов нет (глубина 2<4) Кластер 2 (7 seed)  объём входящих 20 000 KZT.
100000003034546100,2,False,1,0,486715.0,0.0,2,0,0.00033284269335546904,-0.0,5.01279636734352e-07,0.0,False,0,0.0,False,0,terminal,0.8,получил 486 715 KZT от 1 плательщиков  исходящих переводов нет (глубина 2<4),24,0.25,0.2937,получил 486 715 KZT от 1 плательщиков  исходящих переводов нет (глубина 2<4) Кластер 24 (2 seed)  объём входящих 486 715 KZT.
100000003798151100,2,False,1,0,350000.0,0.0,3,0,0.0005779100190365982,-0.0,2.8138099077907184e-19,0.0,False,0,0.0,False,0,terminal,0.8,получил 350 000 KZT от 1 плательщиков  исходящих переводов нет (глубина 2<4),2,0.25,0.2883,получил 350 000 KZT от 1 плательщиков  исходящих переводов нет (глубина 2<4) Кластер 2 (7 seed)  объём входящих 350 000 KZT.
100000008710791100,2,False,3,23,181510.0,5521511.0,3,25,0.00033575049188161227,0.00017282380772349931,1.664150305997459e-06,0.00034564375999142236,True,0,30.41987218335078,False,0,distributor,0.767,рассылает 5 521 511 KZT на 23 разных получателей,32,0.75,0.4327,рассылает 5 521 511 KZT на 23 разных получателей Кластер 32 (0 seed)  объём входящих 181 510 KZT.
100000008688476100,2,False,1,0,24000.0,0.0,1,0,0.0002950333638408159,-0.0,1.248460114358995e-19,0.0,False,1,0.0,False,0,terminal,0.8,получил 24 000 KZT от 1 плательщиков  исходящих переводов нет (глубина 2<4),38,0.25,0.2446,получил 24 000 KZT от 1 плательщиков  исходящих переводов нет (глубина 2<4) Кластер 38 (1 seed)  объём входящих 24 000 KZT.
100000003242289100,2,False,3,23,550791.0,2377741.0,8,26,0.0004416408320468012,0.012521217291712666,0.0001920128161334922,0.0015585208140021394,True,0,4.316956885642648,False,0,coordinator,0.608,"связан с 0 seed-клиентами напрямую, betweenness=0.002, точка сочленения сети",41,1.0,0.4813,"связан с 0 seed-клиентами напрямую, betweenness=0.002, точка сочленения сети Кластер 41 (0 seed)  объём входящих 550 791 KZT."
100000006564102100,2,False,1,0,233235.0,0.0,1,0,0.000429953900305771,-0.0,0.00014276729694478286,0.0,False,0,0.0,False,0,terminal,0.8,получил 233 235 KZT от 1 плательщиков  исходящих переводов нет (глубина 2<4),15,0.25,0.2817,получил 233 235 KZT от 1 плательщиков  исходящих переводов нет (глубина 2<4) Кластер 15 (5 seed)  объём входящих 233 235 KZT.
100000001526235100,2,False,3,8,82000.0,432750.0,4,9,0.0008816319237140664,0.00013418598934806912,2.0990114378187388e-08,0.0002609963085649516,True,0,5.277439024390244,False,0,peripheral,0.15,"низкая активность: 3 вх./8 исх. плательщиков/получателей, без выраженного паттерна",51,0.1,0.1944,"низкая активность: 3 вх./8 исх. плательщиков/получателей, без выраженного паттерна Кластер 51 (0 seed)  объём входящих 82 000 KZT."
100000004398811100,2,False,1,3,426000.0,1040672.0,1,4,0.0003512331258081529,0.0002028312340259177,6.21185833342272e-05,1.8138739591386597e-06,True,0,2.4428920187793426,False,0,peripheral,0.15,"низкая активность: 1 вх./3 исх. плательщиков/получателей, без выраженного паттерна",15,0.1,0.2176,"низкая активность: 1 вх./3 исх. плательщиков/получателей, без выраженного паттерна Кластер 15 (5 seed)  объём входящих 426 000 KZT."
100000002957787100,2,False,4,34,84956.0,1276153.96,7,41,0.0006165068183473806,0.03449333722121689,0.00019153825633921008,0.0050679638418334155,True,0,15.02135175855737,False,0,coordinator,1.0,"связан с 0 seed-клиентами напрямую, betweenness=0.005, точка сочленения сети",8,1.0,0.658,"связан с 0 seed-клиентами напрямую, betweenness=0.005, точка сочленения сети Кластер 8 (1 seed)  объём входящих 84 956 KZT."
100000002621915100,2,False,1,0,5000.0,0.0,1,0,0.0005343718543091349,-0.0,-2.0542951363805088e-19,0.0,False,0,0.0,False,0,terminal,0.8,получил 5 000 KZT от 1 плательщиков  исходящих переводов нет (глубина 2<4),2,0.25,0.219,получил 5 000 KZT от 1 плательщиков  исходящих переводов нет (глубина 2<4) Кластер 2 (7 seed)  объём входящих 5 000 KZT.
100000008283183100,2,False,1,0,29000.0,0.0,1,0,0.00029673847075033217,-0.0,1.248460114358995e-19,0.0,False,1,0.0,False,0,terminal,0.8,получил 29 000 KZT от 1 плательщиков  исходящих переводов нет (глубина 2<4),38,0.25,0.2477,получил 29 000 KZT от 1 плательщиков  исходящих переводов нет (глубина 2<4) Кластер 38 (1 seed)  объём входящих 29 000 KZT.
100000003843844100,3,False,1,1,16680.0,238000.0,1,1,0.00029304868948997663,4.266791870314086e-20,0.00025946008779307493,1.9549530448494444e-05,True,0,14.268585131894485,False,0,peripheral,0.15,"низкая активность: 1 вх./1 исх. плательщиков/получателей, без выраженного паттерна",31,0.1,0.1649,"низкая активность: 1 вх./1 исх. плательщиков/получателей, без выраженного паттерна Кластер 31 (3 seed)  объём входящих 16 680 KZT."
100000000954884100,3,False,1,0,34000.0,0.0,1,0,0.000312882426442413,-0.0,-8.353301384468563e-20,0.0,False,0,0.0,False,0,terminal,0.8,получил 34 000 KZT от 1 плательщиков  исходящих переводов нет (глубина 3<4),34,0.25,0.2503,получил 34 000 KZT от 1 плательщиков  исходящих переводов нет (глубина 3<4) Кластер 34 (0 seed)  объём входящих 34 000 KZT.
100000005893892100,3,False,1,0,102780.0,0.0,1,0,0.00029019297117019444,-0.0,0.002940174080170132,0.0,False,0,0.0,False,0,terminal,0.8,получил 102 780 KZT от 1 плательщиков  исходящих переводов нет (глубина 3<4),9,0.25,0.2683,получил 102 780 KZT от 1 плательщиков  исходящих переводов нет (глубина 3<4) Кластер 9 (0 seed)  объём входящих 102 780 KZT.
100000001819396100,3,False,1,0,166080.0,0.0,1,0,0.00032865703297944003,-0.0,7.464943509991059e-20,0.0,False,0,0.0,False,0,terminal,0.8,получил 166 080 KZT от 1 плательщиков  исходящих переводов нет (глубина 3<4),45,0.25,0.2762,получил 166 080 KZT от 1 плательщиков  исходящих переводов нет (глубина 3<4) Кластер 45 (0 seed)  объём входящих 166 080 KZT.
100000008472324100,3,False,1,0,205200.0,0.0,1,0,0.0002935253784586133,-0.0,0.002940174080170132,0.0,False,0,0.0,False,0,terminal,0.8,получил 205 200 KZT от 1 плательщиков  исходящих переводов нет (глубина 3<4),9,0.25,0.2796,получил 205 200 KZT от 1 плательщиков  исходящих переводов нет (глубина 3<4) Кластер 9 (0 seed)  объём входящих 205 200 KZT.
100000002646745100,3,False,1,0,12300.0,0.0,1,0,0.000288776512346833,-0.0,-1.1342661239262463e-17,0.0,False,1,0.0,False,0,terminal,0.8,получил 12 300 KZT от 1 плательщиков  исходящих переводов нет (глубина 3<4),38,0.25,0.2337,получил 12 300 KZT от 1 плательщиков  исходящих переводов нет (глубина 3<4) Кластер 38 (1 seed)  объём входящих 12 300 KZT.
100000008405209100,3,False,1,0,54400.0,0.0,1,0,0.00029544666066520645,-0.0,0.00023334462577838847,0.0,False,0,0.0,False,0,terminal,0.8,получил 54 400 KZT от 1 плательщиков  исходящих переводов нет (глубина 3<4),41,0.25,0.2579,получил 54 400 KZT от 1 плательщиков  исходящих переводов нет (глубина 3<4) Кластер 41 (0 seed)  объём входящих 54 400 KZT.
100000004417753100,3,False,2,0,192099.0,0.0,2,0,0.0003948780666174987,-0.0,0.00013358664355892392,0.0,False,0,0.0,False,0,terminal,0.8,получил 192 099 KZT от 2 плательщиков  исходящих переводов нет (глубина 3<4),15,0.25,0.2785,получил 192 099 KZT от 2 плательщиков  исходящих переводов нет (глубина 3<4) Кластер 15 (5 seed)  объём входящих 192 099 KZT.
100000003457710100,3,False,1,1,326555.0,1306000.0,1,2,0.00029747386787948885,7.953872168072309e-20,0.002940174080170132,1.9549530448494444e-05,True,0,3.999326300316945,False,0,peripheral,0.15,"низкая активность: 1 вх./1 исх. плательщиков/получателей, без выраженного паттерна",9,0.1,0.2135,"низкая активность: 1 вх./1 исх. плательщиков/получателей, без выраженного паттерна Кластер 9 (0 seed)  объём входящих 326 555 KZT."
100000007333038100,3,False,1,2,17500.0,34994.0,1,2,0.00030102883105703266,4.076661808806049e-19,4.1121873746538396e-07,1.612332408123253e-06,True,0,1.9996571428571428,False,0,peripheral,0.15,"низкая активность: 1 вх./2 исх. плательщиков/получателей, без выраженного паттерна",48,0.1,0.1655,"низкая активность: 1 вх./2 исх. плательщиков/получателей, без выраженного паттерна Кластер 48 (0 seed)  объём входящих 17 500 KZT."
100000006444163100,3,False,1,0,6026.0,0.0,1,0,0.00032065542530539944,-0.0,2.350941795881482e-06,0.0,False,0,0.0,False,0,terminal,0.8,получил 6 026 KZT от 1 плательщиков  исходящих переводов нет (глубина 3<4),16,0.25,0.222,получил 6 026 KZT от 1 плательщиков  исходящих переводов нет (глубина 3<4) Кластер 16 (0 seed)  объём входящих 6 026 KZT.
100000008706947100,3,False,1,0,17200.0,0.0,1,0,0.0002895444426062888,-0.0,-1.1342661239262463e-17,0.0,False,1,0.0,False,0,terminal,0.8,получил 17 200 KZT от 1 плательщиков  исходящих переводов нет (глубина 3<4),38,0.25,0.2392,получил 17 200 KZT от 1 плательщиков  исходящих переводов нет (глубина 3<4) Кластер 38 (1 seed)  объём входящих 17 200 KZT.
100000008761219100,3,False,2,2,50000.0,375000.0,2,2,0.0002941512748559033,-4.767325950258375e-19,2.981530582291518e-06,4.5951473631512713e-05,True,0,7.5,False,0,peripheral,0.15,"низкая активность: 2 вх./2 исх. плательщиков/получателей, без выраженного паттерна",22,0.1,0.1832,"низкая активность: 2 вх./2 исх. плательщиков/получателей, без выраженного паттерна Кластер 22 (0 seed)  объём входящих 50 000 KZT."
100000005022552100,3,False,1,1,241000.0,5000.0,3,1,0.00035934272282234523,2.2553960496703253e-05,5.256983652882385e-05,0.0,False,0,0.02074688796680498,False,0,peripheral,0.15,"низкая активность: 1 вх./1 исх. плательщиков/получателей, без выраженного паттерна",2,0.1,0.2082,"низкая активность: 1 вх./1 исх. плательщиков/получателей, без выраженного паттерна Кластер 2 (7 seed)  объём входящих 241 000 KZT."
100000008735832100,3,False,1,0,17600.0,0.0,1,0,0.00028960713079073414,-0.0,-1.1342661239262463e-17,0.0,False,1,0.0,False,0,terminal,0.8,получил 17 600 KZT от 1 плательщиков  исходящих переводов нет (глубина 3<4),38,0.25,0.2395,получил 17 600 KZT от 1 плательщиков  исходящих переводов нет (глубина 3<4) Кластер 38 (1 seed)  объём входящих 17 600 KZT.
100000005661528100,3,False,1,0,25000.0,0.0,1,0,0.0002923933821759257,-0.0,0.00013028037772057946,0.0,False,0,0.0,False,0,terminal,0.8,получил 25 000 KZT от 1 плательщиков  исходящих переводов нет (глубина 3<4),17,0.25,0.2453,получил 25 000 KZT от 1 плательщиков  исходящих переводов нет (глубина 3<4) Кластер 17 (0 seed)  объём входящих 25 000 KZT.
100000002529880100,3,False,2,0,147000.0,0.0,2,0,0.0003075026318138735,-0.0,3.815888530848551e-06,0.0,False,0,0.0,False,0,terminal,0.8,получил 147 000 KZT от 2 плательщиков  исходящих переводов нет (глубина 3<4),32,0.25,0.2742,получил 147 000 KZT от 2 плательщиков  исходящих переводов нет (глубина 3<4) Кластер 32 (0 seed)  объём входящих 147 000 KZT.
100000001969496100,3,False,1,0,22740.0,0.0,1,0,0.00029330827545839876,-0.0,2.4413790383031235e-05,0.0,False,0,0.0,False,0,terminal,0.8,получил 22 740 KZT от 1 плательщиков  исходящих переводов нет (глубина 3<4),0,0.25,0.2437,получил 22 740 KZT от 1 плательщиков  исходящих переводов нет (глубина 3<4) Кластер 0 (0 seed)  объём входящих 22 740 KZT.
100000003215448100,3,False,1,2,91309.0,124000.0,1,4,0.00030550104652100034,-4.656807938759382e-20,0.0016044117981357413,3.909906089698889e-05,True,0,1.3580260434349298,False,0,peripheral,0.15,"низкая активность: 1 вх./2 исх. плательщиков/получателей, без выраженного паттерна",17,0.1,0.193,"низкая активность: 1 вх./2 исх. плательщиков/получателей, без выраженного паттерна Кластер 17 (0 seed)  объём входящих 91 309 KZT."
100000006894637100,3,False,1,0,52831.0,0.0,1,0,0.00029155306650878264,-0.0,0.0011319384436485965,0.0,False,0,0.0,False,0,terminal,0.8,получил 52 831 KZT от 1 плательщиков  исходящих переводов нет (глубина 3<4),8,0.25,0.2575,получил 52 831 KZT от 1 плательщиков  исходящих переводов нет (глубина 3<4) Кластер 8 (1 seed)  объём входящих 52 831 KZT.
100000002936322100,3,False,2,0,787133.0,0.0,2,0,0.00036799227239150154,-0.0,0.0016837722416694872,0.0,False,0,0.0,False,0,terminal,0.8,получил 787 133 KZT от 2 плательщиков  исходящих переводов нет (глубина 3<4),17,0.25,0.3015,получил 787 133 KZT от 2 плательщиков  исходящих переводов нет (глубина 3<4) Кластер 17 (0 seed)  объём входящих 787 133 KZT.
100000005061890100,3,False,1,0,90000.0,0.0,1,0,0.000536965874563337,-0.0,-7.547487918794899e-19,0.0,False,0,0.0,False,0,terminal,0.8,получил 90 000 KZT от 1 плательщиков  исходящих переводов нет (глубина 3<4),15,0.25,0.2662,получил 90 000 KZT от 1 плательщиков  исходящих переводов нет (глубина 3<4) Кластер 15 (5 seed)  объём входящих 90 000 KZT.
100000004017410100,3,False,2,5,193650.0,1330915.0,6,11,0.0011361307962045445,7.879293026403472e-06,1.776957394941175e-05,6.933029354929989e-05,True,0,6.872785954040795,False,0,peripheral,0.15,"низкая активность: 2 вх./5 исх. плательщиков/получателей, без выраженного паттерна",10,0.1,0.2057,"низкая активность: 2 вх./5 исх. плательщиков/получателей, без выраженного паттерна Кластер 10 (0 seed)  объём входящих 193 650 KZT."
100000002983426100,3,False,1,0,88945.0,0.0,1,0,0.00032012701271987666,-0.0,6.407022407304071e-07,0.0,False,0,0.0,False,0,terminal,0.8,получил 88 945 KZT от 1 плательщиков  исходящих переводов нет (глубина 3<4),29,0.25,0.266,получил 88 945 KZT от 1 плательщиков  исходящих переводов нет (глубина 3<4) Кластер 29 (0 seed)  объём входящих 88 945 KZT.
100000005530114100,3,False,2,1,136970.0,25000.0,2,1,0.0004970436403447184,0.001261418608772522,0.00023791279696767204,2.0154155101540663e-07,False,0,0.1825217200846901,False,0,peripheral,0.15,"низкая активность: 2 вх./1 исх. плательщиков/получателей, без выраженного паттерна",41,0.1,0.199,"низкая активность: 2 вх./1 исх. плательщиков/получателей, без выраженного паттерна Кластер 41 (0 seed)  объём входящих 136 970 KZT."
100000001169666100,3,False,1,1,220000.0,24000.0,2,1,0.00032096707027641405,-1.1803453150015573e-19,5.689711791859171e-08,2.2371112162710136e-05,True,0,0.10909090909090909,False,0,peripheral,0.15,"низкая активность: 1 вх./1 исх. плательщиков/получателей, без выраженного паттерна",29,0.1,0.2071,"низкая активность: 1 вх./1 исх. плательщиков/получателей, без выраженного паттерна Кластер 29 (0 seed)  объём входящих 220 000 KZT."
100000001784279100,3,False,1,0,35674.0,0.0,1,0,0.00029002536059638567,-0.0,0.0011319384436485965,0.0,False,0,0.0,False,0,terminal,0.8,получил 35 674 KZT от 1 плательщиков  исходящих переводов нет (глубина 3<4),8,0.25,0.2511,получил 35 674 KZT от 1 плательщиков  исходящих переводов нет (глубина 3<4) Кластер 8 (1 seed)  объём входящих 35 674 KZT.
100000008744364100,3,False,1,0,23700.0,0.0,1,0,0.00029056312560352604,-0.0,-1.1342661239262463e-17,0.0,False,1,0.0,False,0,terminal,0.8,получил 23 700 KZT от 1 плательщиков  исходящих переводов нет (глубина 3<4),38,0.25,0.2444,получил 23 700 KZT от 1 плательщиков  исходящих переводов нет (глубина 3<4) Кластер 38 (1 seed)  объём входящих 23 700 KZT.
100000008714412100,3,False,1,0,169000.0,0.0,1,0,0.00031305784664157276,-0.0,5.689711791859171e-08,0.0,False,0,0.0,False,0,terminal,0.8,получил 169 000 KZT от 1 плательщиков  исходящих переводов нет (глубина 3<4),29,0.25,0.2764,получил 169 000 KZT от 1 плательщиков  исходящих переводов нет (глубина 3<4) Кластер 29 (0 seed)  объём входящих 169 000 KZT.
100000007754369100,3,False,1,0,82424.0,0.0,1,0,0.0002941881076619891,-0.0,0.0011319384436485965,0.0,False,0,0.0,False,0,terminal,0.8,получил 82 424 KZT от 1 плательщиков  исходящих переводов нет (глубина 3<4),8,0.25,0.2647,получил 82 424 KZT от 1 плательщиков  исходящих переводов нет (глубина 3<4) Кластер 8 (1 seed)  объём входящих 82 424 KZT.
100000003122817100,3,False,1,0,444680.0,0.0,1,0,0.0003987904601830683,-0.0,7.464943509991059e-20,0.0,False,0,0.0,False,0,terminal,0.8,получил 444 680 KZT от 1 плательщиков  исходящих переводов нет (глубина 3<4),45,0.25,0.2922,получил 444 680 KZT от 1 плательщиков  исходящих переводов нет (глубина 3<4) Кластер 45 (0 seed)  объём входящих 444 680 KZT.
100000003711830100,3,False,1,0,50000.0,0.0,1,0,0.0002970626279839806,-0.0,0.0016044117981357413,0.0,False,0,0.0,False,0,terminal,0.8,получил 50 000 KZT от 1 плательщиков  исходящих переводов нет (глубина 3<4),17,0.25,0.2566,получил 50 000 KZT от 1 плательщиков  исходящих переводов нет (глубина 3<4) Кластер 17 (0 seed)  объём входящих 50 000 KZT.
100000001110358100,3,False,2,0,32000.0,0.0,2,0,0.0002942950353253775,-0.0,0.0013712520588685254,0.0,False,0,0.0,False,0,terminal,0.8,получил 32 000 KZT от 2 плательщиков  исходящих переводов нет (глубина 3<4),8,0.25,0.2493,получил 32 000 KZT от 2 плательщиков  исходящих переводов нет (глубина 3<4) Кластер 8 (1 seed)  объём входящих 32 000 KZT.
100000006530134100,3,False,2,0,144663.0,0.0,2,0,0.00030042223672538593,-0.0,0.0035829897647968885,0.0,False,0,0.0,False,0,terminal,0.8,получил 144 663 KZT от 2 плательщиков  исходящих переводов нет (глубина 3<4),9,0.25,0.2739,получил 144 663 KZT от 2 плательщиков  исходящих переводов нет (глубина 3<4) Кластер 9 (0 seed)  объём входящих 144 663 KZT.
100000001639766100,3,False,1,0,20000.0,0.0,1,0,0.0006546676072366181,-0.0,1.3074073082395417e-19,0.0,False,0,0.0,False,0,terminal,0.8,получил 20 000 KZT от 1 плательщиков  исходящих переводов нет (глубина 3<4),1,0.25,0.2416,получил 20 000 KZT от 1 плательщиков  исходящих переводов нет (глубина 3<4) Кластер 1 (3 seed)  объём входящих 20 000 KZT.
100000003242795100,3,False,1,0,111000.0,0.0,1,0,0.00029046042272175466,-0.0,0.002940174080170132,0.0,False,0,0.0,False,0,terminal,0.8,получил 111 000 KZT от 1 плательщиков  исходящих переводов нет (глубина 3<4),9,0.25,0.2696,получил 111 000 KZT от 1 плательщиков  исходящих переводов нет (глубина 3<4) Кластер 9 (0 seed)  объём входящих 111 000 KZT.
100000004970752100,3,False,1,0,10000.0,0.0,1,0,0.0007460308300494862,-0.0,3.612357921505071e-20,0.0,False,0,0.0,False,0,terminal,0.8,получил 10 000 KZT от 1 плательщиков  исходящих переводов нет (глубина 3<4),8,0.25,0.2303,получил 10 000 KZT от 1 плательщиков  исходящих переводов нет (глубина 3<4) Кластер 8 (1 seed)  объём входящих 10 000 KZT.
100000004564736100,3,False,1,0,15000.0,0.0,2,0,0.00037847187218372944,-0.0,-3.4226486528193036e-19,0.0,False,0,0.0,False,0,terminal,0.8,получил 15 000 KZT от 1 плательщиков  исходящих переводов нет (глубина 3<4),11,0.25,0.2369,получил 15 000 KZT от 1 плательщиков  исходящих переводов нет (глубина 3<4) Кластер 11 (0 seed)  объём входящих 15 000 KZT.
100000005873152100,3,False,1,1,10000.0,10000.0,1,1,0.00046938669267821597,1.3851693639475288e-07,-1.4589522903108684e-19,4.0308310203081327e-07,False,0,1.0,False,0,transit,1.0,"получает от 1, передаёт 1; pass-through 1.00 — деньги не задерживаются",5,0.35,0.2903,"получает от 1, передаёт 1; pass-through 1.00 — деньги не задерживаются Кластер 5 (1 seed)  объём входящих 10 000 KZT."
100000001637376100,3,False,1,1,116700.0,234250.0,1,2,0.00029064588182685125,-1.8005792944708706e-19,0.002940174080170132,1.9549530448494444e-05,True,0,2.0072836332476434,False,0,peripheral,0.15,"низкая активность: 1 вх./1 исх. плательщиков/получателей, без выраженного паттерна",9,0.1,0.1967,"низкая активность: 1 вх./1 исх. плательщиков/получателей, без выраженного паттерна Кластер 9 (0 seed)  объём входящих 116 700 KZT."
100000006710485100,3,False,1,0,20000.0,0.0,1,0,0.0002899832598974064,-0.0,-1.1342661239262463e-17,0.0,False,1,0.0,False,0,terminal,0.8,получил 20 000 KZT от 1 плательщиков  исходящих переводов нет (глубина 3<4),38,0.25,0.2416,получил 20 000 KZT от 1 плательщиков  исходящих переводов нет (глубина 3<4) Кластер 38 (1 seed)  объём входящих 20 000 KZT.
100000003582677100,3,False,2,4,29756.989999999998,56000.0,2,5,0.00029460359346959465,0.0012625439148074393,0.0022472274827624976,0.0,False,0,1.881910771217116,False,1,peripheral,0.15,"низкая активность: 2 вх./4 исх. плательщиков/получателей, без выраженного паттерна",15,0.1,0.2041,"низкая активность: 2 вх./4 исх. плательщиков/получателей, без выраженного паттерна Кластер 15 (5 seed)  объём входящих 29 757 KZT."
100000008713685100,3,False,1,0,49700.0,0.0,1,0,0.0002946378575924751,-0.0,-1.1342661239262463e-17,0.0,False,1,0.0,False,0,terminal,0.8,получил 49 700 KZT от 1 плательщиков  исходящих переводов нет (глубина 3<4),38,0.25,0.2565,получил 49 700 KZT от 1 плательщиков  исходящих переводов нет (глубина 3<4) Кластер 38 (1 seed)  объём входящих 49 700 KZT.
100000008070101100,3,False,1,0,100000.0,0.0,1,0,0.0002938977990626778,-0.0,1.9662146336203707e-06,0.0,False,0,0.0,False,0,terminal,0.8,получил 100 000 KZT от 1 плательщиков  исходящих переводов нет (глубина 3<4),32,0.25,0.2679,получил 100 000 KZT от 1 плательщиков  исходящих переводов нет (глубина 3<4) Кластер 32 (0 seed)  объём входящих 100 000 KZT.
100000004475818100,3,False,1,3,13000.0,53989.0,1,3,0.0003111889137940269,0.0002595023449635467,0.00010694239102769263,4.836997224369759e-06,False,0,4.153,False,0,peripheral,0.15,"низкая активность: 1 вх./3 исх. плательщиков/получателей, без выраженного паттерна",9,0.1,0.1607,"низкая активность: 1 вх./3 исх. плательщиков/получателей, без выраженного паттерна Кластер 9 (0 seed)  объём входящих 13 000 KZT."
100000007197866100,3,False,1,1,20000.0,15000.0,1,1,0.00029093436159867496,1.414113347001014e-19,0.0016044117981357413,1.9549530448494444e-05,True,0,0.75,False,0,peripheral,0.15,"низкая активность: 1 вх./1 исх. плательщиков/получателей, без выраженного паттерна",17,0.1,0.1679,"низкая активность: 1 вх./1 исх. плательщиков/получателей, без выраженного паттерна Кластер 17 (0 seed)  объём входящих 20 000 KZT."
100000006965162100,3,False,1,0,10000.0,0.0,1,0,0.00031067660553781555,-0.0,-5.258221063459145e-19,0.0,False,0,0.0,False,0,terminal,0.8,получил 10 000 KZT от 1 плательщиков  исходящих переводов нет (глубина 3<4),57,0.25,0.2303,получил 10 000 KZT от 1 плательщиков  исходящих переводов нет (глубина 3<4) Кластер 57 (0 seed)  объём входящих 10 000 KZT.
100000005995391100,3,False,1,0,17200.0,0.0,1,0,0.0002895444426062888,-0.0,-1.1342661239262463e-17,0.0,False,1,0.0,False,0,terminal,0.8,получил 17 200 KZT от 1 плательщиков  исходящих переводов нет (глубина 3<4),38,0.25,0.2392,получил 17 200 KZT от 1 плательщиков  исходящих переводов нет (глубина 3<4) Кластер 38 (1 seed)  объём входящих 17 200 KZT.
100000003834495100,3,False,3,1,602441.0,20000.0,5,1,0.0006235433580008239,0.00048563390393562174,0.002287994087282707,2.0154155101540663e-07,False,0,0.0331982716979754,False,0,peripheral,0.15,"низкая активность: 3 вх./1 исх. плательщиков/получателей, без выраженного паттерна",8,0.1,0.2232,"низкая активность: 3 вх./1 исх. плательщиков/получателей, без выраженного паттерна Кластер 8 (1 seed)  объём входящих 602 441 KZT."
100000001223977100,3,False,1,1,5000.0,18000.0,1,1,0.00030690325196449156,-8.591594790801654e-20,-9.22433450531365e-19,2.4588069223879608e-05,True,0,3.6,False,0,peripheral,0.15,"низкая активность: 1 вх./1 исх. плательщиков/получателей, без выраженного паттерна",40,0.1,0.1453,"низкая активность: 1 вх./1 исх. плательщиков/получателей, без выраженного паттерна Кластер 40 (0 seed)  объём входящих 5 000 KZT."
100000001046057100,3,False,1,0,83420.0,0.0,1,0,0.00031993356532668596,-0.0,4.8678295325673023e-08,0.0,False,0,0.0,False,0,terminal,0.8,получил 83 420 KZT от 1 плательщиков  исходящих переводов нет (глубина 3<4),47,0.25,0.2649,получил 83 420 KZT от 1 плательщиков  исходящих переводов нет (глубина 3<4) Кластер 47 (0 seed)  объём входящих 83 420 KZT.
100000002989353100,3,False,1,2,500000.0,321160.0,2,2,0.00031076359510193044,1.2494967285519188e-19,3.7941363435728165e-07,2.821581714215693e-06,True,0,0.64232,False,0,peripheral,0.15,"низкая активность: 1 вх./2 исх. плательщиков/получателей, без выраженного паттерна",48,0.1,0.2202,"низкая активность: 1 вх./2 исх. плательщиков/получателей, без выраженного паттерна Кластер 48 (0 seed)  объём входящих 500 000 KZT."
100000006714366100,3,False,1,1,10500.0,5000.0,1,1,0.00029075162690750037,-2.0218989468675493e-19,0.00025946008779307493,1.9549530448494444e-05,True,0,0.47619047619047616,False,0,peripheral,0.15,"низкая активность: 1 вх./1 исх. плательщиков/получателей, без выраженного паттерна",31,0.1,0.1574,"низкая активность: 1 вх./1 исх. плательщиков/получателей, без выраженного паттерна Кластер 31 (3 seed)  объём входящих 10 500 KZT."
100000001063678100,3,False,1,2,35000.0,90000.0,1,2,0.0003293672721571759,1.5377503796479104e-19,3.172099505477284e-06,4.030831020308133e-05,True,0,2.5714285714285716,False,0,peripheral,0.15,"низкая активность: 1 вх./2 исх. плательщиков/получателей, без выраженного паттерна",11,0.1,0.1773,"низкая активность: 1 вх./2 исх. плательщиков/получателей, без выраженного паттерна Кластер 11 (0 seed)  объём входящих 35 000 KZT."
100000004889043100,3,False,2,0,272000.0,0.0,4,0,0.0002998300702347699,-0.0,0.005845955735386628,0.0,False,0,0.0,False,0,terminal,0.8,получил 272 000 KZT от 2 плательщиков  исходящих переводов нет (глубина 3<4),8,0.25,0.2842,получил 272 000 KZT от 2 плательщиков  исходящих переводов нет (глубина 3<4) Кластер 8 (1 seed)  объём входящих 272 000 KZT.
100000002984403100,3,False,1,1,20000.0,25000.0,1,1,0.0003215219267154694,-1.0215604817954461e-19,2.5006817420101315e-06,2.035569665255607e-05,True,0,1.25,False,0,peripheral,0.15,"низкая активность: 1 вх./1 исх. плательщиков/получателей, без выраженного паттерна",51,0.1,0.1679,"низкая активность: 1 вх./1 исх. плательщиков/получателей, без выраженного паттерна Кластер 51 (0 seed)  объём входящих 20 000 KZT."
100000003951827100,3,False,1,2,9000.0,17000.0,1,2,0.00028735785043933844,0.0001642435892539999,0.002905781655216498,0.0,False,0,1.8888888888888888,False,0,peripheral,0.15,"низкая активность: 1 вх./2 исх. плательщиков/получателей, без выраженного паттерна",8,0.1,0.1546,"низкая активность: 1 вх./2 исх. плательщиков/получателей, без выраженного паттерна Кластер 8 (1 seed)  объём входящих 9 000 KZT."
100000000933075100,3,False,1,2,40000.0,55000.0,1,2,0.0008119158989877956,-5.507991172898102e-19,1.0252342837016024e-06,2.1766487509663916e-05,True,0,1.375,False,0,peripheral,0.15,"низкая активность: 1 вх./2 исх. плательщиков/получателей, без выраженного паттерна",13,0.1,0.1792,"низкая активность: 1 вх./2 исх. плательщиков/получателей, без выраженного паттерна Кластер 13 (1 seed)  объём входящих 40 000 KZT."
100000008502995100,3,False,1,0,25000.0,0.0,2,0,0.00072999972446448,-0.0,1.7483020894494436e-05,0.0,False,0,0.0,False,0,terminal,0.8,получил 25 000 KZT от 1 плательщиков  исходящих переводов нет (глубина 3<4),8,0.25,0.2453,получил 25 000 KZT от 1 плательщиков  исходящих переводов нет (глубина 3<4) Кластер 8 (1 seed)  объём входящих 25 000 KZT.
100000008086440100,3,False,1,5,199733.0,161300.0,1,6,0.0003391593823304145,0.0015615995220144765,0.0011379074330901365,3.4665146774649944e-05,True,0,0.8075781167859092,False,0,transit,0.808,"получает от 1, передаёт 5; pass-through 0.81 — деньги не задерживаются",8,0.35,0.3128,"получает от 1, передаёт 5; pass-through 0.81 — деньги не задерживаются Кластер 8 (1 seed)  объём входящих 199 733 KZT."
100000008465789100,3,False,1,16,30099.0,1858100.0,1,17,0.00029118609846198507,2.638136355758603e-05,2.612568386353971e-07,0.0008537300101012625,True,0,61.732947938469714,False,0,distributor,0.533,рассылает 1 858 100 KZT на 16 разных получателей,32,0.75,0.3404,рассылает 1 858 100 KZT на 16 разных получателей Кластер 32 (0 seed)  объём входящих 30 099 KZT.
100000002550141100,3,False,1,0,100586.0,0.0,1,0,0.00030915694049666757,-0.0,0.00013028037772057946,0.0,False,0,0.0,False,0,terminal,0.8,получил 100 586 KZT от 1 плательщиков  исходящих переводов нет (глубина 3<4),17,0.25,0.268,получил 100 586 KZT от 1 плательщиков  исходящих переводов нет (глубина 3<4) Кластер 17 (0 seed)  объём входящих 100 586 KZT.
100000008739887100,3,False,2,2,214000.0,307000.0,3,2,0.0003347705704286868,7.192203745464317e-20,0.0027423192312258783,3.909906089698889e-05,True,0,1.4345794392523366,False,0,peripheral,0.15,"низкая активность: 2 вх./2 исх. плательщиков/получателей, без выраженного паттерна",17,0.1,0.2069,"низкая активность: 2 вх./2 исх. плательщиков/получателей, без выраженного паттерна Кластер 17 (0 seed)  объём входящих 214 000 KZT."
100000008532050100,3,False,1,0,455156.0,0.0,1,0,0.00030165811812063275,-0.0,0.002940174080170132,0.0,False,0,0.0,False,0,terminal,0.8,получил 455 156 KZT от 1 плательщиков  исходящих переводов нет (глубина 3<4),9,0.25,0.2926,получил 455 156 KZT от 1 плательщиков  исходящих переводов нет (глубина 3<4) Кластер 9 (0 seed)  объём входящих 455 156 KZT.
100000008422226100,3,False,1,0,87450.0,0.0,1,0,0.0002917946317172867,-0.0,0.002905781655216498,0.0,False,0,0.0,False,0,terminal,0.8,получил 87 450 KZT от 1 плательщиков  исходящих переводов нет (глубина 3<4),8,0.25,0.2657,получил 87 450 KZT от 1 плательщиков  исходящих переводов нет (глубина 3<4) Кластер 8 (1 seed)  объём входящих 87 450 KZT.
100000002369874100,3,False,4,0,600000.0,0.0,4,0,0.0003388480867463041,-0.0,8.238182002887136e-06,0.0,False,0,0.0,False,0,terminal,0.8,получил 600 000 KZT от 4 плательщиков  исходящих переводов нет (глубина 3<4),32,0.25,0.2971,получил 600 000 KZT от 4 плательщиков  исходящих переводов нет (глубина 3<4) Кластер 32 (0 seed)  объём входящих 600 000 KZT.
100000003321895100,3,False,1,2,24000.0,553830.0,1,3,0.0003126444685622144,2.4168429822956283e-19,1.0123575772457054e-05,4.030831020308133e-05,True,0,23.07625,False,0,peripheral,0.15,"низкая активность: 1 вх./2 исх. плательщиков/получателей, без выраженного паттерна",4,0.1,0.1712,"низкая активность: 1 вх./2 исх. плательщиков/получателей, без выраженного паттерна Кластер 4 (0 seed)  объём входящих 24 000 KZT."
100000001875239100,3,False,3,0,712000.0,0.0,3,0,0.0003354647841317095,-0.0,5.4482051916146635e-06,0.0,False,0,0.0,False,0,terminal,0.8,получил 712 000 KZT от 3 плательщиков  исходящих переводов нет (глубина 3<4),32,0.25,0.2999,получил 712 000 KZT от 3 плательщиков  исходящих переводов нет (глубина 3<4) Кластер 32 (0 seed)  объём входящих 712 000 KZT.
100000002216999100,3,False,1,0,23677.0,0.0,1,0,0.00029055952103292044,-0.0,-1.1342661239262463e-17,0.0,False,1,0.0,False,0,terminal,0.8,получил 23 677 KZT от 1 плательщиков  исходящих переводов нет (глубина 3<4),38,0.25,0.2444,получил 23 677 KZT от 1 плательщиков  исходящих переводов нет (глубина 3<4) Кластер 38 (1 seed)  объём входящих 23 677 KZT.
100000002653948100,3,False,1,0,85200.0,0.0,1,0,0.00028962097624605457,-0.0,0.002940174080170132,0.0,False,0,0.0,False,0,terminal,0.8,получил 85 200 KZT от 1 плательщиков  исходящих переводов нет (глубина 3<4),9,0.25,0.2653,получил 85 200 KZT от 1 плательщиков  исходящих переводов нет (глубина 3<4) Кластер 9 (0 seed)  объём входящих 85 200 KZT.
100000008632060100,3,False,1,9,6000.0,339200.0,1,12,0.0002893153080072028,0.003082077409563982,0.0006428156846267558,0.0,False,0,56.53333333333333,False,1,peripheral,0.15,"низкая активность: 1 вх./9 исх. плательщиков/получателей, без выраженного паттерна",8,0.1,0.178,"низкая активность: 1 вх./9 исх. плательщиков/получателей, без выраженного паттерна Кластер 8 (1 seed)  объём входящих 6 000 KZT."
100000008746449100,3,False,1,10,10000.0,1009000.0,1,10,0.0002882898446572792,1.6584609643471947e-06,2.612568386353971e-07,0.00015236541256764743,True,0,100.9,False,0,peripheral,0.15,"низкая активность: 1 вх./10 исх. плательщиков/получателей, без выраженного паттерна",32,0.1,0.1585,"низкая активность: 1 вх./10 исх. плательщиков/получателей, без выраженного паттерна Кластер 32 (0 seed)  объём входящих 10 000 KZT."
100000003031761100,3,False,1,0,460408.0,0.0,1,0,0.0003197773937099223,-0.0,7.936044353374565e-05,0.0,False,0,0.0,False,0,terminal,0.8,получил 460 408 KZT от 1 плательщиков  исходящих переводов нет (глубина 3<4),17,0.25,0.2928,получил 460 408 KZT от 1 плательщиков  исходящих переводов нет (глубина 3<4) Кластер 17 (0 seed)  объём входящих 460 408 KZT.
100000008388049100,3,False,1,0,496400.0,0.0,1,0,0.00031059140894205755,-0.0,3.7941363435728165e-07,0.0,False,0,0.0,False,0,terminal,0.8,получил 496 400 KZT от 1 плательщиков  исходящих переводов нет (глубина 3<4),48,0.25,0.294,получил 496 400 KZT от 1 плательщиков  исходящих переводов нет (глубина 3<4) Кластер 48 (0 seed)  объём входящих 496 400 KZT.
100000002677201100,3,False,1,1,150000.0,87750.0,1,1,0.0003102870570177626,7.668116363962229e-20,1.8496738972281298e-06,2.1766487509663916e-05,True,0,0.585,False,0,peripheral,0.15,"низкая активность: 1 вх./1 исх. плательщиков/получателей, без выраженного паттерна",32,0.1,0.2008,"низкая активность: 1 вх./1 исх. плательщиков/получателей, без выраженного паттерна Кластер 32 (0 seed)  объём входящих 150 000 KZT."
100000002901457100,3,False,1,3,340000.0,119000.0,1,3,0.00037589563194209957,2.7083733262029686e-05,0.0011379074330901365,7.698887248788534e-05,True,0,0.35,False,0,peripheral,0.15,"низкая активность: 1 вх./3 исх. плательщиков/получателей, без выраженного паттерна",8,0.1,0.215,"низкая активность: 1 вх./3 исх. плательщиков/получателей, без выраженного паттерна Кластер 8 (1 seed)  объём входящих 340 000 KZT."
100000001160401100,3,False,1,0,47190.0,0.0,2,0,0.0003062475375918287,-0.0,0.0006428156846267558,0.0,False,0,0.0,False,0,terminal,0.8,получил 47 190 KZT от 1 плательщиков  исходящих переводов нет (глубина 3<4),8,0.25,0.2556,получил 47 190 KZT от 1 плательщиков  исходящих переводов нет (глубина 3<4) Кластер 8 (1 seed)  объём входящих 47 190 KZT.
100000002842321100,3,False,1,0,160000.0,0.0,1,0,0.0002920547202918828,-0.0,0.002940174080170132,0.0,False,0,0.0,False,0,terminal,0.8,получил 160 000 KZT от 1 плательщиков  исходящих переводов нет (глубина 3<4),9,0.25,0.2755,получил 160 000 KZT от 1 плательщиков  исходящих переводов нет (глубина 3<4) Кластер 9 (0 seed)  объём входящих 160 000 KZT.
100000002547110100,3,False,6,0,1500000.0,0.0,10,0,0.0005540435816644857,-0.0,5.8936131396113995e-06,0.0,False,0,0.0,False,0,consolidator,0.6,получает от 6 разных плательщиков (1 500 000 KZT)  отдаёт дальше 0% полученного,32,0.9,0.4481,получает от 6 разных плательщиков (1 500 000 KZT)  отдаёт дальше 0% полученного Кластер 32 (0 seed)  объём входящих 1 500 000 KZT.
100000001600934100,3,False,1,1,180300.0,11000.0,2,1,0.002421919796098807,0.0006938863234414854,3.02733245779894e-05,0.0,False,0,0.06100942872989462,False,0,peripheral,0.15,"низкая активность: 1 вх./1 исх. плательщиков/получателей, без выраженного паттерна",17,0.1,0.2035,"низкая активность: 1 вх./1 исх. плательщиков/получателей, без выраженного паттерна Кластер 17 (0 seed)  объём входящих 180 300 KZT."
100000002818726100,3,False,1,0,10879.0,0.0,1,0,0.00029089249854483997,-0.0,0.00025946008779307493,0.0,False,0,0.0,False,0,terminal,0.8,получил 10 879 KZT от 1 плательщиков  исходящих переводов нет (глубина 3<4),31,0.25,0.2317,получил 10 879 KZT от 1 плательщиков  исходящих переводов нет (глубина 3<4) Кластер 31 (3 seed)  объём входящих 10 879 KZT.
100000008712827100,3,False,1,0,76000.0,0.0,1,0,0.0002987596057197582,-0.0,-1.1342661239262463e-17,0.0,False,1,0.0,False,0,terminal,0.8,получил 76 000 KZT от 1 плательщиков  исходящих переводов нет (глубина 3<4),38,0.25,0.2634,получил 76 000 KZT от 1 плательщиков  исходящих переводов нет (глубина 3<4) Кластер 38 (1 seed)  объём входящих 76 000 KZT.
100000008259451100,3,False,1,0,55000.0,0.0,1,0,0.0003024719097375543,-0.0,2.4413790383031235e-05,0.0,False,0,0.0,False,0,terminal,0.8,получил 55 000 KZT от 1 плательщиков  исходящих переводов нет (глубина 3<4),0,0.25,0.2581,получил 55 000 KZT от 1 плательщиков  исходящих переводов нет (глубина 3<4) Кластер 0 (0 seed)  объём входящих 55 000 KZT.
100000003060517100,3,False,1,0,315955.0,0.0,1,0,0.00036348288963606554,-0.0,0.0004659018150489363,0.0,False,0,0.0,False,0,terminal,0.8,получил 315 955 KZT от 1 плательщиков  исходящих переводов нет (глубина 3<4),41,0.25,0.2867,получил 315 955 KZT от 1 плательщиков  исходящих переводов нет (глубина 3<4) Кластер 41 (0 seed)  объём входящих 315 955 KZT.
100000002621434100,3,False,1,0,81000.0,0.0,1,0,0.00029103957755279356,-0.0,3.220733719358745e-06,0.0,False,0,0.0,False,0,terminal,0.8,получил 81 000 KZT от 1 плательщиков  исходящих переводов нет (глубина 3<4),32,0.25,0.2644,получил 81 000 KZT от 1 плательщиков  исходящих переводов нет (глубина 3<4) Кластер 32 (0 seed)  объём входящих 81 000 KZT.
100000001860090100,3,False,1,0,5000.0,0.0,1,0,0.0003796679476190743,-0.0,-1.0883928482516542e-19,0.0,False,0,0.0,False,0,terminal,0.8,получил 5 000 KZT от 1 плательщиков  исходящих переводов нет (глубина 3<4),1,0.25,0.219,получил 5 000 KZT от 1 плательщиков  исходящих переводов нет (глубина 3<4) Кластер 1 (3 seed)  объём входящих 5 000 KZT.
100000004689658100,3,False,1,1,456100.0,7092.0,1,1,0.0003880032833755108,-4.952592570314072e-20,0.00013028037772057946,1.9549530448494444e-05,True,0,0.015549221661916246,False,0,peripheral,0.15,"низкая активность: 1 вх./1 исх. плательщиков/получателей, без выраженного паттерна",17,0.1,0.2189,"низкая активность: 1 вх./1 исх. плательщиков/получателей, без выраженного паттерна Кластер 17 (0 seed)  объём входящих 456 100 KZT."
100000003486970100,3,False,1,0,150000.0,0.0,1,0,0.0002917293534408363,-0.0,0.002940174080170132,0.0,False,0,0.0,False,0,terminal,0.8,получил 150 000 KZT от 1 плательщиков  исходящих переводов нет (глубина 3<4),9,0.25,0.2745,получил 150 000 KZT от 1 плательщиков  исходящих переводов нет (глубина 3<4) Кластер 9 (0 seed)  объём входящих 150 000 KZT.
100000004659919100,3,False,1,1,110000.0,39000.0,2,1,0.0007280456790409192,1.3312882403636e-19,-9.22433450531365e-19,2.4588069223879608e-05,True,0,0.35454545454545455,False,0,peripheral,0.15,"низкая активность: 1 вх./1 исх. плательщиков/получателей, без выраженного паттерна",40,0.1,0.1958,"низкая активность: 1 вх./1 исх. плательщиков/получателей, без выраженного паттерна Кластер 40 (0 seed)  объём входящих 110 000 KZT."
100000006111439100,3,False,3,4,20570.0,24000.0,3,4,0.00036710796962674715,0.0003937821331980166,0.003641752570408457,1.8138739591386597e-06,False,0,1.166747690811862,False,0,transit,0.833,"получает от 3, передаёт 4; pass-through 1.17 — деньги не задерживаются",9,0.35,0.2787,"получает от 3, передаёт 4; pass-through 1.17 — деньги не задерживаются Кластер 9 (0 seed)  объём входящих 20 570 KZT."
100000002521039100,3,False,1,0,349370.0,0.0,1,0,0.00030660765596611034,-0.0,0.002905781655216498,0.0,False,0,0.0,False,0,terminal,0.8,получил 349 370 KZT от 1 плательщиков  исходящих переводов нет (глубина 3<4),8,0.25,0.2883,получил 349 370 KZT от 1 плательщиков  исходящих переводов нет (глубина 3<4) Кластер 8 (1 seed)  объём входящих 349 370 KZT.
100000008493007100,3,False,1,1,26150.0,26150.0,1,1,0.0002909470907332539,-5.146499197001079e-20,-1.1342661239262463e-17,1.4107908571078464e-06,True,1,1.0,False,0,transit,1.0,"получает от 1, передаёт 1; pass-through 1.00 — деньги не задерживаются",38,0.35,0.306,"получает от 1, передаёт 1; pass-through 1.00 — деньги не задерживаются Кластер 38 (1 seed)  объём входящих 26 150 KZT."
100000007793871100,3,False,1,0,26000.0,0.0,3,0,0.0006901649764622724,-0.0,1.2754651242162406e-19,0.0,False,0,0.0,False,0,terminal,0.8,получил 26 000 KZT от 1 плательщиков  исходящих переводов нет (глубина 3<4),29,0.25,0.2459,получил 26 000 KZT от 1 плательщиков  исходящих переводов нет (глубина 3<4) Кластер 29 (0 seed)  объём входящих 26 000 KZT.
100000001650895100,3,False,1,1,153500.0,10000.0,1,1,0.00031065406298784644,9.963612500938678e-20,5.689711791859171e-08,2.2371112162710136e-05,True,0,0.06514657980456026,False,0,peripheral,0.15,"низкая активность: 1 вх./1 исх. плательщиков/получателей, без выраженного паттерна",29,0.1,0.2012,"низкая активность: 1 вх./1 исх. плательщиков/получателей, без выраженного паттерна Кластер 29 (0 seed)  объём входящих 153 500 KZT."
100000002567887100,3,False,1,0,50915.0,0.0,1,0,0.0002885054559972414,-0.0,0.002940174080170132,0.0,False,0,0.0,False,0,terminal,0.8,получил 50 915 KZT от 1 плательщиков  исходящих переводов нет (глубина 3<4),9,0.25,0.2569,получил 50 915 KZT от 1 плательщиков  исходящих переводов нет (глубина 3<4) Кластер 9 (0 seed)  объём входящих 50 915 KZT.
100000008055972100,3,False,1,0,28300.0,0.0,1,0,0.00029128403972464783,-0.0,-1.1342661239262463e-17,0.0,False,1,0.0,False,0,terminal,0.8,получил 28 300 KZT от 1 плательщиков  исходящих переводов нет (глубина 3<4),38,0.25,0.2473,получил 28 300 KZT от 1 плательщиков  исходящих переводов нет (глубина 3<4) Кластер 38 (1 seed)  объём входящих 28 300 KZT.
100000008684452100,3,False,1,0,51800.0,0.0,1,0,0.0002949669705608133,-0.0,-1.1342661239262463e-17,0.0,False,1,0.0,False,0,terminal,0.8,получил 51 800 KZT от 1 плательщиков  исходящих переводов нет (глубина 3<4),38,0.25,0.2571,получил 51 800 KZT от 1 плательщиков  исходящих переводов нет (глубина 3<4) Кластер 38 (1 seed)  объём входящих 51 800 KZT.
100000000764836100,3,False,1,2,251716.0,50000.0,1,2,0.0003382682740565911,-4.850558204436629e-19,0.0016044117981357413,3.909906089698889e-05,True,0,0.1986365586613485,False,0,peripheral,0.15,"низкая активность: 1 вх./2 исх. плательщиков/получателей, без выраженного паттерна",17,0.1,0.2095,"низкая активность: 1 вх./2 исх. плательщиков/получателей, без выраженного паттерна Кластер 17 (0 seed)  объём входящих 251 716 KZT."
100000003072676100,3,False,1,0,31545.0,0.0,1,0,0.0002945000059314954,-0.0,0.0004659018150489363,0.0,False,0,0.0,False,0,terminal,0.8,получил 31 545 KZT от 1 плательщиков  исходящих переводов нет (глубина 3<4),41,0.25,0.2491,получил 31 545 KZT от 1 плательщиков  исходящих переводов нет (глубина 3<4) Кластер 41 (0 seed)  объём входящих 31 545 KZT.
100000008757369100,3,False,1,1,25961.0,58398.0,1,3,0.00028916048867663795,-1.773314604455414e-20,0.0011319384436485965,1.9549530448494444e-05,True,0,2.249451099726513,False,0,peripheral,0.15,"низкая активность: 1 вх./1 исх. плательщиков/получателей, без выраженного паттерна",8,0.1,0.1722,"низкая активность: 1 вх./1 исх. плательщиков/получателей, без выраженного паттерна Кластер 8 (1 seed)  объём входящих 25 961 KZT."
100000007618425100,3,False,1,0,39348.0,0.0,1,0,0.00029639260268107093,-0.0,0.0004659018150489363,0.0,False,0,0.0,False,0,terminal,0.8,получил 39 348 KZT от 1 плательщиков  исходящих переводов нет (глубина 3<4),41,0.25,0.2527,получил 39 348 KZT от 1 плательщиков  исходящих переводов нет (глубина 3<4) Кластер 41 (0 seed)  объём входящих 39 348 KZT.
100000004671609100,3,False,1,0,100000.0,0.0,1,0,0.00030158363806341375,-0.0,2.720273743656038e-06,0.0,False,0,0.0,False,0,terminal,0.8,получил 100 000 KZT от 1 плательщиков  исходящих переводов нет (глубина 3<4),48,0.25,0.2679,получил 100 000 KZT от 1 плательщиков  исходящих переводов нет (глубина 3<4) Кластер 48 (0 seed)  объём входящих 100 000 KZT.
100000004676985100,3,False,1,1,32260.0,27102.0,1,1,0.00028867333205215013,1.1731275822299997e-19,0.002905781655216498,1.9549530448494444e-05,True,0,0.8401115933044018,False,0,transit,0.84,"получает от 1, передаёт 1; pass-through 0.84 — деньги не задерживаются",8,0.35,0.2873,"получает от 1, передаёт 1; pass-through 0.84 — деньги не задерживаются Кластер 8 (1 seed)  объём входящих 32 260 KZT."
100000002531406100,3,False,1,1,520000.0,500000.0,1,1,0.00032403943463129827,-2.373212417488479e-19,7.936044353374565e-05,8.061662040616265e-07,True,0,0.9615384615384616,False,0,transit,0.962,"получает от 1, передаёт 1; pass-through 0.96 — деньги не задерживаются",17,0.35,0.3495,"получает от 1, передаёт 1; pass-through 0.96 — деньги не задерживаются Кластер 17 (0 seed)  объём входящих 520 000 KZT."
100000002877262100,3,False,1,0,100000.0,0.0,1,0,0.00030125879049655124,-0.0,2.612568386353971e-07,0.0,False,0,0.0,False,0,terminal,0.8,получил 100 000 KZT от 1 плательщиков  исходящих переводов нет (глубина 3<4),32,0.25,0.2679,получил 100 000 KZT от 1 плательщиков  исходящих переводов нет (глубина 3<4) Кластер 32 (0 seed)  объём входящих 100 000 KZT.
100000007591246100,3,False,1,1,12190.0,120000.0,1,1,0.00029922356992108086,7.311255131352805e-07,2.447515014626559e-05,8.061662040616265e-07,False,0,9.844134536505333,False,0,peripheral,0.15,"низкая активность: 1 вх./1 исх. плательщиков/получателей, без выраженного паттерна",47,0.1,0.1595,"низкая активность: 1 вх./1 исх. плательщиков/получателей, без выраженного паттерна Кластер 47 (0 seed)  объём входящих 12 190 KZT."
100000008712184100,3,False,1,0,18000.0,0.0,1,0,0.00028966981897517955,-0.0,-1.1342661239262463e-17,0.0,False,1,0.0,False,0,terminal,0.8,получил 18 000 KZT от 1 плательщиков  исходящих переводов нет (глубина 3<4),38,0.25,0.2399,получил 18 000 KZT от 1 плательщиков  исходящих переводов нет (глубина 3<4) Кластер 38 (1 seed)  объём входящих 18 000 KZT.
100000002975437100,3,False,1,1,530000.0,8500.0,2,1,0.0005231861218705431,3.4853379736231816e-19,4.747355965046334e-05,0.0,False,0,0.016037735849056604,False,0,peripheral,0.15,"низкая активность: 1 вх./1 исх. плательщиков/получателей, без выраженного паттерна",12,0.1,0.2211,"низкая активность: 1 вх./1 исх. плательщиков/получателей, без выраженного паттерна Кластер 12 (0 seed)  объём входящих 530 000 KZT."
100000005008589100,3,False,1,0,42806.68,0.0,1,0,0.00030444565896636425,-0.0,0.0006428156846267558,0.0,False,0,0.0,False,0,terminal,0.8,получил 42 807 KZT от 1 плательщиков  исходящих переводов нет (глубина 3<4),8,0.25,0.254,получил 42 807 KZT от 1 плательщиков  исходящих переводов нет (глубина 3<4) Кластер 8 (1 seed)  объём входящих 42 807 KZT.
100000000782285100,3,False,1,0,6151.0,0.0,1,0,0.000321356690129293,-0.0,2.350941795881482e-06,0.0,False,0,0.0,False,0,terminal,0.8,получил 6 151 KZT от 1 плательщиков  исходящих переводов нет (глубина 3<4),16,0.25,0.2224,получил 6 151 KZT от 1 плательщиков  исходящих переводов нет (глубина 3<4) Кластер 16 (0 seed)  объём входящих 6 151 KZT.
100000005198498100,3,False,1,0,28800.0,0.0,1,0,0.0002913623999552045,-0.0,-1.1342661239262463e-17,0.0,False,1,0.0,False,0,terminal,0.8,получил 28 800 KZT от 1 плательщиков  исходящих переводов нет (глубина 3<4),38,0.25,0.2476,получил 28 800 KZT от 1 плательщиков  исходящих переводов нет (глубина 3<4) Кластер 38 (1 seed)  объём входящих 28 800 KZT.
100000008517538100,3,False,3,17,155500.0,1439000.0,6,18,0.00030838825195629685,1.7759230096727747e-05,4.416103764261112e-06,0.00021806795819866997,True,0,9.254019292604502,False,0,distributor,0.567,рассылает 1 439 000 KZT на 17 разных получателей,32,0.75,0.3683,рассылает 1 439 000 KZT на 17 разных получателей Кластер 32 (0 seed)  объём входящих 155 500 KZT.
100000005756535100,3,False,1,0,20000.0,0.0,1,0,0.0005439649108890932,-0.0,9.511449506530893e-20,0.0,False,1,0.0,False,0,terminal,0.8,получил 20 000 KZT от 1 плательщиков  исходящих переводов нет (глубина 3<4),38,0.25,0.2416,получил 20 000 KZT от 1 плательщиков  исходящих переводов нет (глубина 3<4) Кластер 38 (1 seed)  объём входящих 20 000 KZT.
100000004917367100,3,False,2,0,120000.0,0.0,2,0,0.0002953405651424836,-0.0,0.004078081513260268,0.0,False,0,0.0,False,0,terminal,0.8,получил 120 000 KZT от 2 плательщиков  исходящих переводов нет (глубина 3<4),9,0.25,0.2709,получил 120 000 KZT от 2 плательщиков  исходящих переводов нет (глубина 3<4) Кластер 9 (0 seed)  объём входящих 120 000 KZT.
100000001222263100,3,False,1,1,745570.0,420000.0,1,5,0.00031110722698861635,6.420490728355883e-20,0.002940174080170132,1.9549530448494444e-05,True,0,0.5633273870998028,False,0,peripheral,0.15,"низкая активность: 1 вх./1 исх. плательщиков/получателей, без выраженного паттерна",9,0.1,0.2269,"низкая активность: 1 вх./1 исх. плательщиков/получателей, без выраженного паттерна Кластер 9 (0 seed)  объём входящих 745 570 KZT."
100000001149815100,3,False,1,0,12000.0,0.0,1,0,0.000288729496208499,-0.0,-1.1342661239262463e-17,0.0,False,1,0.0,False,0,terminal,0.8,получил 12 000 KZT от 1 плательщиков  исходящих переводов нет (глубина 3<4),38,0.25,0.2333,получил 12 000 KZT от 1 плательщиков  исходящих переводов нет (глубина 3<4) Кластер 38 (1 seed)  объём входящих 12 000 KZT.
100000006020215100,3,False,1,2,30000.0,33800.0,1,2,0.0002979996399104594,-1.198841586985122e-19,0.00025946008779307493,5.260234481502113e-05,True,0,1.1266666666666667,False,1,transit,0.873,"получает от 1, передаёт 2; pass-through 1.13 — деньги не задерживаются",31,0.35,0.3212,"получает от 1, передаёт 2; pass-through 1.13 — деньги не задерживаются Кластер 31 (3 seed)  объём входящих 30 000 KZT."
100000000673868100,3,False,1,5,2030650.0,383000.0,5,19,0.0011776794935193077,0.0024150125151640393,3.627390971610982e-07,4.171910106018917e-05,True,0,0.18860955851574618,False,0,peripheral,0.15,"низкая активность: 1 вх./5 исх. плательщиков/получателей, без выраженного паттерна",60,0.1,0.2436,"низкая активность: 1 вх./5 исх. плательщиков/получателей, без выраженного паттерна Кластер 60 (0 seed)  объём входящих 2 030 650 KZT."
100000008749900100,3,False,1,0,17150.0,0.0,1,0,0.00028953660658323315,-0.0,-1.1342661239262463e-17,0.0,False,1,0.0,False,0,terminal,0.8,получил 17 150 KZT от 1 плательщиков  исходящих переводов нет (глубина 3<4),38,0.25,0.2391,получил 17 150 KZT от 1 плательщиков  исходящих переводов нет (глубина 3<4) Кластер 38 (1 seed)  объём входящих 17 150 KZT.
100000002862113100,3,False,1,0,47405.0,0.0,2,0,0.0003003145073088442,-0.0,2.4413790383031235e-05,0.0,False,0,0.0,False,0,terminal,0.8,получил 47 405 KZT от 1 плательщиков  исходящих переводов нет (глубина 3<4),0,0.25,0.2557,получил 47 405 KZT от 1 плательщиков  исходящих переводов нет (глубина 3<4) Кластер 0 (0 seed)  объём входящих 47 405 KZT.
100000001066017100,3,False,2,4,136123.0,82500.0,3,4,0.00030258114062118387,2.4619412644276994e-19,0.004043689088306637,7.819812179397777e-05,True,0,0.6060695106631503,False,0,peripheral,0.15,"низкая активность: 2 вх./4 исх. плательщиков/получателей, без выраженного паттерна",8,0.1,0.2,"низкая активность: 2 вх./4 исх. плательщиков/получателей, без выраженного паттерна Кластер 8 (1 seed)  объём входящих 136 123 KZT."
100000008436257100,3,False,2,0,35000.0,0.0,2,0,0.00029589662387434945,-0.0,0.0002520368138313527,0.0,False,0,0.0,False,0,terminal,0.8,получил 35 000 KZT от 2 плательщиков  исходящих переводов нет (глубина 3<4),41,0.25,0.2507,получил 35 000 KZT от 2 плательщиков  исходящих переводов нет (глубина 3<4) Кластер 41 (0 seed)  объём входящих 35 000 KZT.
100000003016438100,3,False,1,1,200000.0,300000.0,1,3,0.0003180997924653043,2.4266930361693724e-20,1.8496738972281298e-06,2.1766487509663916e-05,True,0,1.5,False,0,peripheral,0.15,"низкая активность: 1 вх./1 исх. плательщиков/получателей, без выраженного паттерна",32,0.1,0.2055,"низкая активность: 1 вх./1 исх. плательщиков/получателей, без выраженного паттерна Кластер 32 (0 seed)  объём входящих 200 000 KZT."
100000002534091100,3,False,1,0,22200.0,0.0,1,0,0.0002976913130763075,-0.0,0.00012159928474839176,0.0,False,0,0.0,False,0,terminal,0.8,получил 22 200 KZT от 1 плательщиков  исходящих переводов нет (глубина 3<4),17,0.25,0.2433,получил 22 200 KZT от 1 плательщиков  исходящих переводов нет (глубина 3<4) Кластер 17 (0 seed)  объём входящих 22 200 KZT.
100000006882208100,3,False,1,0,18000.0,0.0,1,0,0.0006430138109761217,-0.0,2.667129319449174e-06,0.0,False,0,0.0,False,0,terminal,0.8,получил 18 000 KZT от 1 плательщиков  исходящих переводов нет (глубина 3<4),2,0.25,0.2399,получил 18 000 KZT от 1 плательщиков  исходящих переводов нет (глубина 3<4) Кластер 2 (7 seed)  объём входящих 18 000 KZT.
100000005362848100,3,False,1,0,29000.0,0.0,1,0,0.0002976990018842831,-0.0,6.407022407304071e-07,0.0,False,0,0.0,False,0,terminal,0.8,получил 29 000 KZT от 1 плательщиков  исходящих переводов нет (глубина 3<4),29,0.25,0.2477,получил 29 000 KZT от 1 плательщиков  исходящих переводов нет (глубина 3<4) Кластер 29 (0 seed)  объём входящих 29 000 KZT.
100000001073568100,3,False,1,2,707465.0,219503.0,4,3,0.00048780825939500033,1.0558632933164087e-05,2.4413790383031235e-05,1.9549530448494444e-05,True,0,0.31026693900051594,False,0,peripheral,0.15,"низкая активность: 1 вх./2 исх. плательщиков/получателей, без выраженного паттерна",0,0.1,0.2261,"низкая активность: 1 вх./2 исх. плательщиков/получателей, без выраженного паттерна Кластер 0 (0 seed)  объём входящих 707 465 KZT."
100000008687733100,3,False,1,0,14650.0,0.0,1,0,0.0002891448054304495,-0.0,-1.1342661239262463e-17,0.0,False,1,0.0,False,0,terminal,0.8,получил 14 650 KZT от 1 плательщиков  исходящих переводов нет (глубина 3<4),38,0.25,0.2365,получил 14 650 KZT от 1 плательщиков  исходящих переводов нет (глубина 3<4) Кластер 38 (1 seed)  объём входящих 14 650 KZT.
100000007229557100,3,False,3,0,878000.0,0.0,3,0,0.0003959491328426019,-0.0,4.866928268877711e-06,0.0,False,0,0.0,False,0,terminal,0.8,получил 878 000 KZT от 3 плательщиков  исходящих переводов нет (глубина 3<4),21,0.25,0.3033,получил 878 000 KZT от 3 плательщиков  исходящих переводов нет (глубина 3<4) Кластер 21 (0 seed)  объём входящих 878 000 KZT.
100000001052789100,3,False,1,0,70975.0,0.0,1,0,0.0002990371668248566,-0.0,8.448073393743472e-05,0.0,False,0,0.0,False,0,terminal,0.8,получил 70 975 KZT от 1 плательщиков  исходящих переводов нет (глубина 3<4),49,0.25,0.2623,получил 70 975 KZT от 1 плательщиков  исходящих переводов нет (глубина 3<4) Кластер 49 (1 seed)  объём входящих 70 975 KZT.
100000006967370100,3,False,1,1,33225.0,13526.27,1,1,0.00029490748543159625,5.599548276839311e-20,0.0004659018150489363,1.9549530448494444e-05,True,0,0.40711121143717083,False,0,peripheral,0.15,"низкая активность: 1 вх./1 исх. плательщиков/получателей, без выраженного паттерна",41,0.1,0.1762,"низкая активность: 1 вх./1 исх. плательщиков/получателей, без выраженного паттерна Кластер 41 (0 seed)  объём входящих 33 225 KZT."
100000001837130100,3,False,1,0,172900.0,0.0,1,0,0.00030224433661402194,-0.0,0.0011319384436485965,0.0,False,0,0.0,False,0,terminal,0.8,получил 172 900 KZT от 1 плательщиков  исходящих переводов нет (глубина 3<4),8,0.25,0.2768,получил 172 900 KZT от 1 плательщиков  исходящих переводов нет (глубина 3<4) Кластер 8 (1 seed)  объём входящих 172 900 KZT.
100000005820746100,3,False,1,1,1989000.0,60000.0,2,1,0.0009937260662196783,4.1963628925297286e-19,-5.399817991601403e-19,0.0,False,0,0.030165912518853696,False,0,peripheral,0.15,"низкая активность: 1 вх./1 исх. плательщиков/получателей, без выраженного паттерна",63,0.1,0.2427,"низкая активность: 1 вх./1 исх. плательщиков/получателей, без выраженного паттерна Кластер 63 (1 seed)  объём входящих 1 989 000 KZT."
100000002883402100,3,False,3,0,300000.0,0.0,3,0,0.00030200001101674857,-0.0,3.659351984438933e-06,0.0,False,0,0.0,False,0,terminal,0.8,получил 300 000 KZT от 3 плательщиков  исходящих переводов нет (глубина 3<4),32,0.25,0.2858,получил 300 000 KZT от 3 плательщиков  исходящих переводов нет (глубина 3<4) Кластер 32 (0 seed)  объём входящих 300 000 KZT.
100000008582730100,3,False,1,1,5000.0,5000.0,1,1,0.000896624115020963,8.816478810773405e-05,2.704292868504702e-19,0.0,False,0,1.0,False,0,transit,1.0,"получает от 1, передаёт 1; pass-through 1.00 — деньги не задерживаются",49,0.35,0.279,"получает от 1, передаёт 1; pass-through 1.00 — деньги не задерживаются Кластер 49 (1 seed)  объём входящих 5 000 KZT."
100000003116106100,3,False,1,0,494050.0,0.0,2,0,0.0003029235999510932,-0.0,0.002940174080170132,0.0,False,0,0.0,False,0,terminal,0.8,получил 494 050 KZT от 1 плательщиков  исходящих переводов нет (глубина 3<4),9,0.25,0.2939,получил 494 050 KZT от 1 плательщиков  исходящих переводов нет (глубина 3<4) Кластер 9 (0 seed)  объём входящих 494 050 KZT.
100000001818442100,3,False,1,0,42215.0,0.0,1,0,0.00030264330354734704,-0.0,6.407022407304071e-07,0.0,False,0,0.0,False,0,terminal,0.8,получил 42 215 KZT от 1 плательщиков  исходящих переводов нет (глубина 3<4),29,0.25,0.2538,получил 42 215 KZT от 1 плательщиков  исходящих переводов нет (глубина 3<4) Кластер 29 (0 seed)  объём входящих 42 215 KZT.
100000008690762100,3,False,1,0,26750.0,0.0,1,0,0.00029104112300992204,-0.0,-1.1342661239262463e-17,0.0,False,1,0.0,False,0,terminal,0.8,получил 26 750 KZT от 1 плательщиков  исходящих переводов нет (глубина 3<4),38,0.25,0.2464,получил 26 750 KZT от 1 плательщиков  исходящих переводов нет (глубина 3<4) Кластер 38 (1 seed)  объём входящих 26 750 KZT.
100000008712991100,3,False,1,0,66100.0,0.0,1,0,0.00029720807315473534,-0.0,-1.1342661239262463e-17,0.0,False,1,0.0,False,0,terminal,0.8,получил 66 100 KZT от 1 плательщиков  исходящих переводов нет (глубина 3<4),38,0.25,0.2611,получил 66 100 KZT от 1 плательщиков  исходящих переводов нет (глубина 3<4) Кластер 38 (1 seed)  объём входящих 66 100 KZT.
100000003292191100,3,False,1,0,112000.0,0.0,1,0,0.00030096792148496274,-0.0,1.2902818407787472e-06,0.0,False,0,0.0,False,0,terminal,0.8,получил 112 000 KZT от 1 плательщиков  исходящих переводов нет (глубина 3<4),21,0.25,0.2697,получил 112 000 KZT от 1 плательщиков  исходящих переводов нет (глубина 3<4) Кластер 21 (0 seed)  объём входящих 112 000 KZT.
100000005367284100,3,False,1,2,13700.0,48300.0,1,5,0.00029043691215560076,5.164090231601061e-19,0.0011379074330901365,3.909906089698889e-05,True,0,3.5255474452554743,False,0,peripheral,0.15,"низкая активность: 1 вх./2 исх. плательщиков/получателей, без выраженного паттерна",8,0.1,0.162,"низкая активность: 1 вх./2 исх. плательщиков/получателей, без выраженного паттерна Кластер 8 (1 seed)  объём входящих 13 700 KZT."
100000003216073100,3,False,1,1,37001.0,70000.0,1,1,0.00028949517528467996,-1.4179728818466424e-19,7.936044353374565e-05,8.061662040616265e-07,True,0,1.891840761060512,False,0,peripheral,0.15,"низкая активность: 1 вх./1 исх. плательщиков/получателей, без выраженного паттерна",17,0.1,0.1777,"низкая активность: 1 вх./1 исх. плательщиков/получателей, без выраженного паттерна Кластер 17 (0 seed)  объём входящих 37 001 KZT."
100000006169033100,3,False,1,3,49000.0,1140271.0,1,10,0.00041986643931873625,6.477997734331514e-05,2.4284366617555287e-05,3.9905227101050515e-05,True,0,23.270836734693876,False,0,peripheral,0.15,"низкая активность: 1 вх./3 исх. плательщиков/получателей, без выраженного паттерна",65,0.1,0.1828,"низкая активность: 1 вх./3 исх. плательщиков/получателей, без выраженного паттерна Кластер 65 (0 seed)  объём входящих 49 000 KZT."
100000004407753100,3,False,1,1,250000.0,100000.0,4,1,0.0008825427222420805,1.5788151945072125e-09,-5.258221063459145e-19,0.0,False,0,0.4,False,0,peripheral,0.15,"низкая активность: 1 вх./1 исх. плательщиков/получателей, без выраженного паттерна",57,0.1,0.2088,"низкая активность: 1 вх./1 исх. плательщиков/получателей, без выраженного паттерна Кластер 57 (0 seed)  объём входящих 250 000 KZT."
100000004420041100,3,False,1,7,69638.0,651830.0,1,11,0.00030107419115980166,0.0001271621252448223,0.0016044117981357413,0.00021806795819866997,True,0,9.360263074758034,False,0,peripheral,0.15,"низкая активность: 1 вх./7 исх. плательщиков/получателей, без выраженного паттерна",13,0.1,0.1911,"низкая активность: 1 вх./7 исх. плательщиков/получателей, без выраженного паттерна Кластер 13 (1 seed)  объём входящих 69 638 KZT."
100000004715209100,3,False,1,5,5000.0,350450.0,1,17,0.0002888318712128715,7.552804366462652e-07,4.8678295325673023e-08,7.90042879980394e-05,True,0,70.09,False,0,peripheral,0.15,"низкая активность: 1 вх./5 исх. плательщиков/получателей, без выраженного паттерна",47,0.1,0.1461,"низкая активность: 1 вх./5 исх. плательщиков/получателей, без выраженного паттерна Кластер 47 (0 seed)  объём входящих 5 000 KZT."
100000004580254100,3,False,2,0,27940.0,0.0,2,0,0.00031367014910162997,-0.0,0.00034028701680608104,0.0,False,0,0.0,False,0,terminal,0.8,получил 27 940 KZT от 2 плательщиков  исходящих переводов нет (глубина 3<4),41,0.25,0.2471,получил 27 940 KZT от 2 плательщиков  исходящих переводов нет (глубина 3<4) Кластер 41 (0 seed)  объём входящих 27 940 KZT.
100000001056414100,3,False,1,0,250000.0,0.0,1,0,0.00029880622288853417,-0.0,3.7941363435728165e-07,0.0,False,0,0.0,False,0,terminal,0.8,получил 250 000 KZT от 1 плательщиков  исходящих переводов нет (глубина 3<4),48,0.25,0.2828,получил 250 000 KZT от 1 плательщиков  исходящих переводов нет (глубина 3<4) Кластер 48 (0 seed)  объём входящих 250 000 KZT.
100000008686494100,3,False,1,0,15700.0,0.0,1,0,0.0002893093619146186,-0.0,-1.1342661239262463e-17,0.0,False,1,0.0,False,0,terminal,0.8,получил 15 700 KZT от 1 плательщиков  исходящих переводов нет (глубина 3<4),38,0.25,0.2377,получил 15 700 KZT от 1 плательщиков  исходящих переводов нет (глубина 3<4) Кластер 38 (1 seed)  объём входящих 15 700 KZT.
100000002822472100,3,False,2,0,266722.0,0.0,2,0,0.0003136395133335638,-0.0,2.4793204017388515e-05,0.0,False,0,0.0,False,0,terminal,0.8,получил 266 722 KZT от 2 плательщиков  исходящих переводов нет (глубина 3<4),48,0.25,0.2839,получил 266 722 KZT от 2 плательщиков  исходящих переводов нет (глубина 3<4) Кластер 48 (0 seed)  объём входящих 266 722 KZT.
100000001831496100,3,False,1,1,25000.0,373000.0,1,1,0.0002939502411580544,5.2684536444915194e-05,2.4413790383031235e-05,3.6277479182773194e-06,False,0,14.92,False,0,peripheral,0.15,"низкая активность: 1 вх./1 исх. плательщиков/получателей, без выраженного паттерна",5,0.1,0.1713,"низкая активность: 1 вх./1 исх. плательщиков/получателей, без выраженного паттерна Кластер 5 (1 seed)  объём входящих 25 000 KZT."
100000008732488100,3,False,1,1,137000.0,10000.0,1,1,0.000314834600501367,7.18716844881864e-20,0.0016044117981357413,1.9549530448494444e-05,True,0,0.072992700729927,False,0,peripheral,0.15,"низкая активность: 1 вх./1 исх. плательщиков/получателей, без выраженного паттерна",17,0.1,0.1993,"низкая активность: 1 вх./1 исх. плательщиков/получателей, без выраженного паттерна Кластер 17 (0 seed)  объём входящих 137 000 KZT."
100000004007197100,3,False,1,0,10048.0,0.0,1,0,0.0002889770557156793,-0.0,-2.328949408214787e-22,0.0,False,4,0.0,False,0,terminal,0.8,получил 10 048 KZT от 1 плательщиков  исходящих переводов нет (глубина 3<4),44,0.25,0.2304,получил 10 048 KZT от 1 плательщиков  исходящих переводов нет (глубина 3<4) Кластер 44 (1 seed)  объём входящих 10 048 KZT.
100000002815005100,3,False,1,0,476500.0,0.0,1,0,0.00032043708974176564,-0.0,1.9662146336203707e-06,0.0,False,0,0.0,False,0,terminal,0.8,получил 476 500 KZT от 1 плательщиков  исходящих переводов нет (глубина 3<4),32,0.25,0.2934,получил 476 500 KZT от 1 плательщиков  исходящих переводов нет (глубина 3<4) Кластер 32 (0 seed)  объём входящих 476 500 KZT.
100000005756189100,3,False,1,1,65000.0,49050.0,1,1,0.0002889637352069405,5.098194552956171e-20,0.002940174080170132,1.9549530448494444e-05,True,0,0.7546153846153846,False,0,peripheral,0.15,"низкая активность: 1 вх./1 исх. плательщиков/получателей, без выраженного паттерна",9,0.1,0.1871,"низкая активность: 1 вх./1 исх. плательщиков/получателей, без выраженного паттерна Кластер 9 (0 seed)  объём входящих 65 000 KZT."
100000004877085100,3,False,1,3,25000.0,95600.0,1,9,0.0002961411750379058,8.399064718746371e-19,0.00025946008779307493,5.864859134548333e-05,True,0,3.824,False,0,peripheral,0.15,"низкая активность: 1 вх./3 исх. плательщиков/получателей, без выраженного паттерна",31,0.1,0.1721,"низкая активность: 1 вх./3 исх. плательщиков/получателей, без выраженного паттерна Кластер 31 (3 seed)  объём входящих 25 000 KZT."
100000002713074100,3,False,2,1,700000.0,430000.0,2,2,0.0004355071397846572,1.6507165794635292e-19,0.0006992464408273246,1.9549530448494444e-05,True,0,0.6142857142857143,False,0,peripheral,0.15,"низкая активность: 2 вх./1 исх. плательщиков/получателей, без выраженного паттерна",41,0.1,0.2259,"низкая активность: 2 вх./1 исх. плательщиков/получателей, без выраженного паттерна Кластер 41 (0 seed)  объём входящих 700 000 KZT."
100000002356167100,3,False,1,2,300000.0,29500.0,1,3,0.0002966098562065347,-1.7983550742175793e-19,0.002940174080170132,3.909906089698889e-05,True,0,0.09833333333333333,False,0,peripheral,0.15,"низкая активность: 1 вх./2 исх. плательщиков/получателей, без выраженного паттерна",9,0.1,0.2124,"низкая активность: 1 вх./2 исх. плательщиков/получателей, без выраженного паттерна Кластер 9 (0 seed)  объём входящих 300 000 KZT."
100000004140487100,3,False,1,10,24510.0,262600.0,1,19,0.0002907226066100015,0.002725120762306023,0.00023334462577838847,0.0001487376646493701,True,0,10.713994288045695,False,1,peripheral,0.15,"низкая активность: 1 вх./10 исх. плательщиков/получателей, без выраженного паттерна",15,0.1,0.2031,"низкая активность: 1 вх./10 исх. плательщиков/получателей, без выраженного паттерна Кластер 15 (5 seed)  объём входящих 24 510 KZT."
100000003147719100,3,False,1,0,100000.0,0.0,1,0,0.0002920225875611326,-0.0,3.220733719358745e-06,0.0,False,0,0.0,False,0,terminal,0.8,получил 100 000 KZT от 1 плательщиков  исходящих переводов нет (глубина 3<4),32,0.25,0.2679,получил 100 000 KZT от 1 плательщиков  исходящих переводов нет (глубина 3<4) Кластер 32 (0 seed)  объём входящих 100 000 KZT.
100000008745884100,3,False,1,0,20000.0,0.0,1,0,0.0002899832598974064,-0.0,-1.1342661239262463e-17,0.0,False,1,0.0,False,0,terminal,0.8,получил 20 000 KZT от 1 плательщиков  исходящих переводов нет (глубина 3<4),38,0.25,0.2416,получил 20 000 KZT от 1 плательщиков  исходящих переводов нет (глубина 3<4) Кластер 38 (1 seed)  объём входящих 20 000 KZT.
100000002559089100,3,False,2,0,715000.0,0.0,2,0,0.0003941569671310512,-0.0,2.803919166267113e-06,0.0,False,0,0.0,False,0,terminal,0.8,получил 715 000 KZT от 2 плательщиков  исходящих переводов нет (глубина 3<4),48,0.25,0.3,получил 715 000 KZT от 2 плательщиков  исходящих переводов нет (глубина 3<4) Кластер 48 (0 seed)  объём входящих 715 000 KZT.
100000004984689100,3,False,1,0,53030.0,0.0,1,0,0.0002976815828888965,-0.0,0.0016044117981357413,0.0,False,0,0.0,False,0,terminal,0.8,получил 53 030 KZT от 1 плательщиков  исходящих переводов нет (глубина 3<4),17,0.25,0.2575,получил 53 030 KZT от 1 плательщиков  исходящих переводов нет (глубина 3<4) Кластер 17 (0 seed)  объём входящих 53 030 KZT.
100000004340038100,3,False,1,1,9978.0,49000.0,1,1,0.0002905576031748058,-2.826941409093615e-20,0.00025946008779307493,1.9549530448494444e-05,True,0,4.910803768290238,False,0,peripheral,0.15,"низкая активность: 1 вх./1 исх. плательщиков/получателей, без выраженного паттерна",31,0.1,0.1565,"низкая активность: 1 вх./1 исх. плательщиков/получателей, без выраженного паттерна Кластер 31 (3 seed)  объём входящих 9 978 KZT."
100000005052998100,3,False,1,1,9500.0,28400.0,1,1,0.00028738612820401624,0.0002353429537481813,0.002905781655216498,0.0,False,0,2.9894736842105263,False,0,peripheral,0.15,"низкая активность: 1 вх./1 исх. плательщиков/получателей, без выраженного паттерна",8,0.1,0.1555,"низкая активность: 1 вх./1 исх. плательщиков/получателей, без выраженного паттерна Кластер 8 (1 seed)  объём входящих 9 500 KZT."
100000007597382100,3,False,1,0,15700.0,0.0,1,0,0.00028735967663128095,-0.0,0.002940174080170132,0.0,False,0,0.0,False,0,terminal,0.8,получил 15 700 KZT от 1 плательщиков  исходящих переводов нет (глубина 3<4),9,0.25,0.2377,получил 15 700 KZT от 1 плательщиков  исходящих переводов нет (глубина 3<4) Кластер 9 (0 seed)  объём входящих 15 700 KZT.
100000008697670100,3,False,1,0,25350.0,0.0,1,0,0.0002908217143643632,-0.0,-1.1342661239262463e-17,0.0,False,1,0.0,False,0,terminal,0.8,получил 25 350 KZT от 1 плательщиков  исходящих переводов нет (глубина 3<4),38,0.25,0.2455,получил 25 350 KZT от 1 плательщиков  исходящих переводов нет (глубина 3<4) Кластер 38 (1 seed)  объём входящих 25 350 KZT.
100000008460102100,3,False,1,31,17500.0,476570.0,1,34,0.00030102883105703266,0.0001978640409480112,4.1121873746538396e-07,0.0009762672731186298,True,0,27.23257142857143,False,0,distributor,1.0,рассылает 476 570 KZT на 31 разных получателей,29,0.75,0.4735,рассылает 476 570 KZT на 31 разных получателей Кластер 29 (0 seed)  объём входящих 17 500 KZT.
100000004399686100,3,False,1,0,806000.0,0.0,2,0,0.0005732958269088732,-0.0,-5.399817991601403e-19,0.0,False,0,0.0,False,0,terminal,0.8,получил 806 000 KZT от 1 плательщиков  исходящих переводов нет (глубина 3<4),63,0.25,0.3019,получил 806 000 KZT от 1 плательщиков  исходящих переводов нет (глубина 3<4) Кластер 63 (1 seed)  объём входящих 806 000 KZT.
100000008688155100,3,False,1,0,23600.0,0.0,1,0,0.0002905474535574147,-0.0,-1.1342661239262463e-17,0.0,False,1,0.0,False,0,terminal,0.8,получил 23 600 KZT от 1 плательщиков  исходящих переводов нет (глубина 3<4),38,0.25,0.2443,получил 23 600 KZT от 1 плательщиков  исходящих переводов нет (глубина 3<4) Кластер 38 (1 seed)  объём входящих 23 600 KZT.
100000004386331100,3,False,1,2,20000.0,17500.0,1,2,0.0005148925249118895,-5.890143775607786e-19,2.6358278337766833e-19,2.0557238203571478e-05,True,0,0.875,False,0,transit,0.875,"получает от 1, передаёт 2; pass-through 0.88 — деньги не задерживаются",13,0.35,0.2844,"получает от 1, передаёт 2; pass-through 0.88 — деньги не задерживаются Кластер 13 (1 seed)  объём входящих 20 000 KZT."
100000007999728100,3,False,1,0,23250.0,0.0,1,0,0.00029345314382425025,-0.0,2.4413790383031235e-05,0.0,False,0,0.0,False,0,terminal,0.8,получил 23 250 KZT от 1 плательщиков  исходящих переводов нет (глубина 3<4),0,0.25,0.2441,получил 23 250 KZT от 1 плательщиков  исходящих переводов нет (глубина 3<4) Кластер 0 (0 seed)  объём входящих 23 250 KZT.
100000001597424100,3,False,1,0,48100.0,0.0,1,0,0.0003005119259642693,-0.0,2.4413790383031235e-05,0.0,False,0,0.0,False,0,terminal,0.8,получил 48 100 KZT от 1 плательщиков  исходящих переводов нет (глубина 3<4),0,0.25,0.2559,получил 48 100 KZT от 1 плательщиков  исходящих переводов нет (глубина 3<4) Кластер 0 (0 seed)  объём входящих 48 100 KZT.
100000003677936100,3,False,1,1,71000.0,13000.0,1,2,0.0003102592371929008,3.9578007960769023e-19,0.00010831189958102287,1.9549530448494444e-05,True,0,0.18309859154929578,False,0,peripheral,0.15,"низкая активность: 1 вх./1 исх. плательщиков/получателей, без выраженного паттерна",24,0.1,0.1886,"низкая активность: 1 вх./1 исх. плательщиков/получателей, без выраженного паттерна Кластер 24 (2 seed)  объём входящих 71 000 KZT."
100000002943472100,3,False,1,0,170000.0,0.0,1,0,0.0003113457483715406,-0.0,2.612568386353971e-07,0.0,False,0,0.0,False,0,terminal,0.8,получил 170 000 KZT от 1 плательщиков  исходящих переводов нет (глубина 3<4),32,0.25,0.2765,получил 170 000 KZT от 1 плательщиков  исходящих переводов нет (глубина 3<4) Кластер 32 (0 seed)  объём входящих 170 000 KZT.
100000004892144100,3,False,2,1,4500000.0,180300.0,7,1,0.002827236615111917,-3.512877082960004e-20,-4.2965312347171973e-19,0.0,False,0,0.04006666666666667,False,0,peripheral,0.15,"низкая активность: 2 вх./1 исх. плательщиков/получателей, без выраженного паттерна",63,0.1,0.256,"низкая активность: 2 вх./1 исх. плательщиков/получателей, без выраженного паттерна Кластер 63 (1 seed)  объём входящих 4 500 000 KZT."
100000008077552100,3,False,1,0,214000.0,0.0,1,0,0.0003305638175569848,-0.0,0.0016044117981357413,0.0,False,0,0.0,False,0,terminal,0.8,получил 214 000 KZT от 1 плательщиков  исходящих переводов нет (глубина 3<4),17,0.25,0.2803,получил 214 000 KZT от 1 плательщиков  исходящих переводов нет (глубина 3<4) Кластер 17 (0 seed)  объём входящих 214 000 KZT.
100000002914245100,3,False,1,0,140611.0,0.0,1,0,0.0002969053991379449,-0.0,7.936044353374565e-05,0.0,False,0,0.0,False,0,terminal,0.8,получил 140 611 KZT от 1 плательщиков  исходящих переводов нет (глубина 3<4),17,0.25,0.2734,получил 140 611 KZT от 1 плательщиков  исходящих переводов нет (глубина 3<4) Кластер 17 (0 seed)  объём входящих 140 611 KZT.
100000004906181100,3,False,1,7,100000.0,2473417.91,1,33,0.00029010251918560345,-2.343219571853708e-19,0.002940174080170132,0.0001368467131394611,True,0,24.734179100000002,False,0,peripheral,0.15,"низкая активность: 1 вх./7 исх. плательщиков/получателей, без выраженного паттерна",69,0.1,0.1958,"низкая активность: 1 вх./7 исх. плательщиков/получателей, без выраженного паттерна Кластер 69 (0 seed)  объём входящих 100 000 KZT."
100000008514970100,3,False,1,1,379966.0,31000.0,1,1,0.00031402415341261176,-2.56337281894972e-19,7.936044353374565e-05,8.061662040616265e-07,True,0,0.0815862471905381,False,0,peripheral,0.15,"низкая активность: 1 вх./1 исх. плательщиков/получателей, без выраженного паттерна",17,0.1,0.2157,"низкая активность: 1 вх./1 исх. плательщиков/получателей, без выраженного паттерна Кластер 17 (0 seed)  объём входящих 379 966 KZT."
100000008258458100,3,False,1,2,19000.0,1557988.0,1,4,0.00029256413520126624,-1.7386679041497383e-19,5.256983652882385e-05,3.909906089698889e-05,True,0,81.99936842105264,False,0,peripheral,0.15,"низкая активность: 1 вх./2 исх. плательщиков/получателей, без выраженного паттерна",68,0.1,0.1673,"низкая активность: 1 вх./2 исх. плательщиков/получателей, без выраженного паттерна Кластер 68 (0 seed)  объём входящих 19 000 KZT."
100000003484058100,3,False,1,1,110000.0,6000.0,1,1,0.00031809496879997074,7.80331391330562e-20,2.4413790383031235e-05,1.9549530448494444e-05,True,0,0.05454545454545454,False,0,peripheral,0.15,"низкая активность: 1 вх./1 исх. плательщиков/получателей, без выраженного паттерна",0,0.1,0.1957,"низкая активность: 1 вх./1 исх. плательщиков/получателей, без выраженного паттерна Кластер 0 (0 seed)  объём входящих 110 000 KZT."
100000003574895100,3,False,1,1,27968.0,20000.0,1,1,0.0002884305957201558,-7.143160496889224e-20,0.002905781655216498,1.9549530448494444e-05,True,0,0.7151029748283753,False,0,peripheral,0.15,"низкая активность: 1 вх./1 исх. плательщиков/получателей, без выраженного паттерна",8,0.1,0.1734,"низкая активность: 1 вх./1 исх. плательщиков/получателей, без выраженного паттерна Кластер 8 (1 seed)  объём входящих 27 968 KZT."
100000000896111100,3,False,1,0,287100.0,0.0,1,0,0.00038888225871075254,-0.0,-5.399817991601403e-19,0.0,False,0,0.0,False,0,terminal,0.8,получил 287 100 KZT от 1 плательщиков  исходящих переводов нет (глубина 3<4),63,0.25,0.2851,получил 287 100 KZT от 1 плательщиков  исходящих переводов нет (глубина 3<4) Кластер 63 (1 seed)  объём входящих 287 100 KZT.
100000008715887100,3,False,1,0,18000.0,0.0,1,0,0.00028966981897517955,-0.0,-1.1342661239262463e-17,0.0,False,1,0.0,False,0,terminal,0.8,получил 18 000 KZT от 1 плательщиков  исходящих переводов нет (глубина 3<4),38,0.25,0.2399,получил 18 000 KZT от 1 плательщиков  исходящих переводов нет (глубина 3<4) Кластер 38 (1 seed)  объём входящих 18 000 KZT.
100000000560751100,3,False,1,0,25000.0,0.0,1,0,0.0005548595863285811,-0.0,2.838647587657767e-19,0.0,False,0,0.0,False,0,terminal,0.8,получил 25 000 KZT от 1 плательщиков  исходящих переводов нет (глубина 3<4),31,0.25,0.2453,получил 25 000 KZT от 1 плательщиков  исходящих переводов нет (глубина 3<4) Кластер 31 (3 seed)  объём входящих 25 000 KZT.
100000008708207100,3,False,2,0,465000.0,0.0,2,0,0.0003613825393847308,-0.0,1.366713486789774e-06,0.0,False,0,0.0,False,0,terminal,0.8,получил 465 000 KZT от 2 плательщиков  исходящих переводов нет (глубина 3<4),32,0.25,0.293,получил 465 000 KZT от 2 плательщиков  исходящих переводов нет (глубина 3<4) Кластер 32 (0 seed)  объём входящих 465 000 KZT.
100000003152964100,3,False,1,1,141847.0,5500.0,1,1,0.00031582472407368624,-7.301826224171893e-20,0.0016044117981357413,1.9549530448494444e-05,True,0,0.03877417217142414,False,0,peripheral,0.15,"низкая активность: 1 вх./1 исх. плательщиков/получателей, без выраженного паттерна",17,0.1,0.1999,"низкая активность: 1 вх./1 исх. плательщиков/получателей, без выраженного паттерна Кластер 17 (0 seed)  объём входящих 141 847 KZT."
100000004991812100,3,False,1,0,10000.0,0.0,1,0,0.0003479308650141989,-0.0,-3.4226486528193036e-19,0.0,False,0,0.0,False,0,terminal,0.8,получил 10 000 KZT от 1 плательщиков  исходящих переводов нет (глубина 3<4),11,0.25,0.2303,получил 10 000 KZT от 1 плательщиков  исходящих переводов нет (глубина 3<4) Кластер 11 (0 seed)  объём входящих 10 000 KZT.
100000000291908100,3,False,1,1,295500.0,13300.0,5,1,0.0007095144362731584,3.0755379156182238e-19,-4.379104079111357e-19,2.0154155101540664e-05,True,0,0.045008460236886635,False,0,peripheral,0.15,"низкая активность: 1 вх./1 исх. плательщиков/получателей, без выраженного паттерна",61,0.1,0.2119,"низкая активность: 1 вх./1 исх. плательщиков/получателей, без выраженного паттерна Кластер 61 (0 seed)  объём входящих 295 500 KZT."
100000003132484100,3,False,1,0,90000.0,0.0,1,0,0.000541180719573071,-0.0,-6.332161969390189e-20,0.0,False,0,0.0,False,0,terminal,0.8,получил 90 000 KZT от 1 плательщиков  исходящих переводов нет (глубина 3<4),24,0.25,0.2662,получил 90 000 KZT от 1 плательщиков  исходящих переводов нет (глубина 3<4) Кластер 24 (2 seed)  объём входящих 90 000 KZT.
100000004077081100,3,False,1,4,140000.0,615000.0,1,6,0.0002914039865897897,0.0012387799203847267,0.002940174080170132,0.0004036877266838595,True,0,4.392857142857143,False,1,peripheral,0.15,"низкая активность: 1 вх./4 исх. плательщиков/получателей, без выраженного паттерна",15,0.1,0.2352,"низкая активность: 1 вх./4 исх. плательщиков/получателей, без выраженного паттерна Кластер 15 (5 seed)  объём входящих 140 000 KZT."
100000004770073100,3,False,1,1,5462.4,5466.97,1,1,0.0002890943134302498,1.6745673233126635e-19,0.0006428156846267558,1.9549530448494444e-05,True,0,1.0008366285881665,False,0,transit,0.999,"получает от 1, передаёт 1; pass-through 1.00 — деньги не задерживаются",8,0.35,0.2806,"получает от 1, передаёт 1; pass-through 1.00 — деньги не задерживаются Кластер 8 (1 seed)  объём входящих 5 462 KZT."
100000003163886100,3,False,1,0,500000.0,0.0,1,0,0.0007369599248141937,-0.0,3.283226661626901e-08,0.0,False,0,0.0,False,0,terminal,0.8,получил 500 000 KZT от 1 плательщиков  исходящих переводов нет (глубина 3<4),27,0.25,0.2941,получил 500 000 KZT от 1 плательщиков  исходящих переводов нет (глубина 3<4) Кластер 27 (0 seed)  объём входящих 500 000 KZT.
100000000795374100,3,False,1,0,50000.0,0.0,1,0,0.0002970626279839806,-0.0,0.0016044117981357413,0.0,False,0,0.0,False,0,terminal,0.8,получил 50 000 KZT от 1 плательщиков  исходящих переводов нет (глубина 3<4),17,0.25,0.2566,получил 50 000 KZT от 1 плательщиков  исходящих переводов нет (глубина 3<4) Кластер 17 (0 seed)  объём входящих 50 000 KZT.
100000002391278100,3,False,1,1,30000.0,52700.0,5,2,0.0003951809609742877,1.2626060685761537e-05,-5.915859425610128e-19,0.0,False,0,1.7566666666666666,False,0,peripheral,0.15,"низкая активность: 1 вх./1 исх. плательщиков/получателей, без выраженного паттерна",1,0.1,0.1742,"низкая активность: 1 вх./1 исх. плательщиков/получателей, без выраженного паттерна Кластер 1 (3 seed)  объём входящих 30 000 KZT."
100000004635886100,3,False,1,0,23000.0,0.0,1,0,0.00029376735299624064,-0.0,5.256983652882385e-05,0.0,False,0,0.0,False,0,terminal,0.8,получил 23 000 KZT от 1 плательщиков  исходящих переводов нет (глубина 3<4),2,0.25,0.2439,получил 23 000 KZT от 1 плательщиков  исходящих переводов нет (глубина 3<4) Кластер 2 (7 seed)  объём входящих 23 000 KZT.
100000000413678100,3,False,2,3,306500.0,528198.0,2,18,0.0003020408980498877,-4.942566194190648e-20,0.003053831317065029,5.864859134548333e-05,True,0,1.723321370309951,False,0,peripheral,0.15,"низкая активность: 2 вх./3 исх. плательщиков/получателей, без выраженного паттерна",17,0.1,0.213,"низкая активность: 2 вх./3 исх. плательщиков/получателей, без выраженного паттерна Кластер 17 (0 seed)  объём входящих 306 500 KZT."
100000008659950100,3,False,1,0,246000.0,0.0,1,0,0.00032229730263581477,-0.0,2.612568386353971e-07,0.0,False,0,0.0,False,0,terminal,0.8,получил 246 000 KZT от 1 плательщиков  исходящих переводов нет (глубина 3<4),32,0.25,0.2826,получил 246 000 KZT от 1 плательщиков  исходящих переводов нет (глубина 3<4) Кластер 32 (0 seed)  объём входящих 246 000 KZT.
100000003964910100,3,False,2,0,1000000.0,0.0,2,0,0.000511565875671971,-0.0,0.0002520368138313527,0.0,False,0,0.0,False,0,terminal,0.8,получил 1 000 000 KZT от 2 плательщиков  исходящих переводов нет (глубина 3<4),41,0.25,0.3055,получил 1 000 000 KZT от 2 плательщиков  исходящих переводов нет (глубина 3<4) Кластер 41 (0 seed)  объём входящих 1 000 000 KZT.
100000008764654100,3,False,1,0,26150.0,0.0,1,0,0.0002909470907332539,-0.0,-1.1342661239262463e-17,0.0,False,1,0.0,False,0,terminal,0.8,получил 26 150 KZT от 1 плательщиков  исходящих переводов нет (глубина 3<4),38,0.25,0.246,получил 26 150 KZT от 1 плательщиков  исходящих переводов нет (глубина 3<4) Кластер 38 (1 seed)  объём входящих 26 150 KZT.
100000005830339100,3,False,5,1,476341.0,339251.0,12,1,0.00036519746478342176,0.00019785422123072156,0.007245941145139906,1.2294034611939804e-05,False,0,0.7122019729563485,False,0,consolidator,0.5,получает от 5 разных плательщиков (476 341 KZT)  отдаёт дальше 71% полученного,15,0.9,0.3935,получает от 5 разных плательщиков (476 341 KZT)  отдаёт дальше 71% полученного Кластер 15 (5 seed)  объём входящих 476 341 KZT.
100000002032323100,3,False,1,1,300000.0,1050000.0,1,2,0.0004058300829391564,1.3766177874461267e-19,4.8678295325673023e-08,1.9952613550525257e-05,True,0,3.5,False,0,peripheral,0.15,"низкая активность: 1 вх./1 исх. плательщиков/получателей, без выраженного паттерна",47,0.1,0.2121,"низкая активность: 1 вх./1 исх. плательщиков/получателей, без выраженного паттерна Кластер 47 (0 seed)  объём входящих 300 000 KZT."
100000008668099100,3,False,1,0,15700.0,0.0,1,0,0.0002893093619146186,-0.0,-1.1342661239262463e-17,0.0,False,1,0.0,False,0,terminal,0.8,получил 15 700 KZT от 1 плательщиков  исходящих переводов нет (глубина 3<4),38,0.25,0.2377,получил 15 700 KZT от 1 плательщиков  исходящих переводов нет (глубина 3<4) Кластер 38 (1 seed)  объём входящих 15 700 KZT.
100000008634520100,3,False,1,0,90000.0,0.0,1,0,0.00029981779651440995,-0.0,2.612568386353971e-07,0.0,False,0,0.0,False,0,terminal,0.8,получил 90 000 KZT от 1 плательщиков  исходящих переводов нет (глубина 3<4),32,0.25,0.2662,получил 90 000 KZT от 1 плательщиков  исходящих переводов нет (глубина 3<4) Кластер 32 (0 seed)  объём входящих 90 000 KZT.
100000002103448100,3,False,1,0,27000.0,0.0,1,0,0.0002910803031252003,-0.0,-1.1342661239262463e-17,0.0,False,1,0.0,False,0,terminal,0.8,получил 27 000 KZT от 1 плательщиков  исходящих переводов нет (глубина 3<4),38,0.25,0.2465,получил 27 000 KZT от 1 плательщиков  исходящих переводов нет (глубина 3<4) Кластер 38 (1 seed)  объём входящих 27 000 KZT.
100000005996909100,3,False,1,0,5500.0,0.0,1,0,0.00031743990574272136,-0.0,2.729958322537728e-06,0.0,False,0,0.0,False,0,terminal,0.8,получил 5 500 KZT от 1 плательщиков  исходящих переводов нет (глубина 3<4),3,0.25,0.2206,получил 5 500 KZT от 1 плательщиков  исходящих переводов нет (глубина 3<4) Кластер 3 (3 seed)  объём входящих 5 500 KZT.
100000007392365100,3,False,1,6,9613.0,1765600.0,1,9,0.0002873925189788334,-6.958963653104989e-20,0.002905781655216498,0.00011729718269096666,True,0,183.66794965151357,False,0,peripheral,0.15,"низкая активность: 1 вх./6 исх. плательщиков/получателей, без выраженного паттерна",54,0.1,0.1573,"низкая активность: 1 вх./6 исх. плательщиков/получателей, без выраженного паттерна Кластер 54 (0 seed)  объём входящих 9 613 KZT."
100000008279405100,3,False,1,0,234738.0,0.0,2,0,0.00033480008383360044,-0.0,0.0016044117981357413,0.0,False,0,0.0,False,0,terminal,0.8,получил 234 738 KZT от 1 плательщиков  исходящих переводов нет (глубина 3<4),17,0.25,0.2818,получил 234 738 KZT от 1 плательщиков  исходящих переводов нет (глубина 3<4) Кластер 17 (0 seed)  объём входящих 234 738 KZT.
100000008343874100,3,False,2,2,283535.0,176400.0,2,5,0.0003090230311520329,-5.476521484666661e-19,0.0012112988871823436,3.95021439990197e-05,True,0,0.6221454141464017,False,0,peripheral,0.15,"низкая активность: 2 вх./2 исх. плательщиков/получателей, без выраженного паттерна",17,0.1,0.2115,"низкая активность: 2 вх./2 исх. плательщиков/получателей, без выраженного паттерна Кластер 17 (0 seed)  объём входящих 283 535 KZT."
100000002548759100,3,False,2,0,375000.0,0.0,2,0,0.00030990702642563116,-0.0,5.1869483529790755e-06,0.0,False,0,0.0,False,0,terminal,0.8,получил 375 000 KZT от 2 плательщиков  исходящих переводов нет (глубина 3<4),32,0.25,0.2894,получил 375 000 KZT от 2 плательщиков  исходящих переводов нет (глубина 3<4) Кластер 32 (0 seed)  объём входящих 375 000 KZT.
100000003069463100,3,False,1,1,11500.0,17920.0,1,1,0.000289743805495101,7.462302519837783e-20,7.464943509991059e-20,1.9952613550525257e-05,True,0,1.5582608695652174,False,0,peripheral,0.15,"низкая активность: 1 вх./1 исх. плательщиков/получателей, без выраженного паттерна",45,0.1,0.1589,"низкая активность: 1 вх./1 исх. плательщиков/получателей, без выраженного паттерна Кластер 45 (0 seed)  объём входящих 11 500 KZT."
100000008474391100,3,False,1,0,20000.0,0.0,1,0,0.0004090128793532599,-0.0,-3.4226486528193036e-19,0.0,False,0,0.0,False,0,terminal,0.8,получил 20 000 KZT от 1 плательщиков  исходящих переводов нет (глубина 3<4),11,0.25,0.2416,получил 20 000 KZT от 1 плательщиков  исходящих переводов нет (глубина 3<4) Кластер 11 (0 seed)  объём входящих 20 000 KZT.
100000003097324100,3,False,2,0,294000.0,0.0,2,0,0.00032746417864854606,-0.0,2.3221273423608776e-06,0.0,False,0,0.0,False,0,terminal,0.8,получил 294 000 KZT от 2 плательщиков  исходящих переводов нет (глубина 3<4),21,0.25,0.2855,получил 294 000 KZT от 2 плательщиков  исходящих переводов нет (глубина 3<4) Кластер 21 (0 seed)  объём входящих 294 000 KZT.
100000001852140100,3,False,1,0,30000.0,0.0,1,0,0.0008079646770475844,-0.0,3.2156674531374285e-19,0.0,False,8,0.0,False,0,terminal,0.8,получил 30 000 KZT от 1 плательщиков  исходящих переводов нет (глубина 3<4),52,0.25,0.2482,получил 30 000 KZT от 1 плательщиков  исходящих переводов нет (глубина 3<4) Кластер 52 (1 seed)  объём входящих 30 000 KZT.
100000003293377100,3,False,1,0,50000.0,0.0,1,0,0.00028847568493037067,-0.0,0.002940174080170132,0.0,False,0,0.0,False,0,terminal,0.8,получил 50 000 KZT от 1 плательщиков  исходящих переводов нет (глубина 3<4),9,0.25,0.2566,получил 50 000 KZT от 1 плательщиков  исходящих переводов нет (глубина 3<4) Кластер 9 (0 seed)  объём входящих 50 000 KZT.
100000006048193100,3,False,1,0,41559.0,0.0,1,0,0.00029773324827123685,-0.0,0.0011379074330901365,0.0,False,0,0.0,False,0,terminal,0.8,получил 41 559 KZT от 1 плательщиков  исходящих переводов нет (глубина 3<4),8,0.25,0.2536,получил 41 559 KZT от 1 плательщиков  исходящих переводов нет (глубина 3<4) Кластер 8 (1 seed)  объём входящих 41 559 KZT.
100000002435265100,3,False,1,0,132628.0,0.0,3,0,0.0002943496974225148,-0.0,0.002905781655216498,0.0,False,0,0.0,False,0,terminal,0.8,получил 132 628 KZT от 1 плательщиков  исходящих переводов нет (глубина 3<4),8,0.25,0.2725,получил 132 628 KZT от 1 плательщиков  исходящих переводов нет (глубина 3<4) Кластер 8 (1 seed)  объём входящих 132 628 KZT.
100000004587414100,3,False,2,0,533603.0,0.0,2,0,0.00031626908039091006,-0.0,0.00407211252381873,0.0,False,0,0.0,False,0,terminal,0.8,получил 533 603 KZT от 2 плательщиков  исходящих переводов нет (глубина 3<4),9,0.25,0.2952,получил 533 603 KZT от 2 плательщиков  исходящих переводов нет (глубина 3<4) Кластер 9 (0 seed)  объём входящих 533 603 KZT.
100000001726614100,3,False,1,0,138717.0,0.0,1,0,0.0002992005893852835,-0.0,0.0011319384436485965,0.0,False,0,0.0,False,0,terminal,0.8,получил 138 717 KZT от 1 плательщиков  исходящих переводов нет (глубина 3<4),8,0.25,0.2732,получил 138 717 KZT от 1 плательщиков  исходящих переводов нет (глубина 3<4) Кластер 8 (1 seed)  объём входящих 138 717 KZT.
100000003934614100,3,False,2,1,17000.0,11500.0,2,2,0.0003148769433899904,6.456347803145435e-08,1.7773134812795548e-05,0.0,False,0,0.6764705882352942,False,0,peripheral,0.15,"низкая активность: 2 вх./1 исх. плательщиков/получателей, без выраженного паттерна",10,0.1,0.165,"низкая активность: 2 вх./1 исх. плательщиков/получателей, без выраженного паттерна Кластер 10 (0 seed)  объём входящих 17 000 KZT."
100000008772246100,3,False,1,0,44500.0,0.0,1,0,0.0002938229111946853,-0.0,-1.1342661239262463e-17,0.0,False,1,0.0,False,0,terminal,0.8,получил 44 500 KZT от 1 плательщиков  исходящих переводов нет (глубина 3<4),38,0.25,0.2547,получил 44 500 KZT от 1 плательщиков  исходящих переводов нет (глубина 3<4) Кластер 38 (1 seed)  объём входящих 44 500 KZT.
100000002603371100,3,False,1,0,9300.0,0.0,1,0,0.00029067185953983855,-0.0,0.0006428156846267558,0.0,False,0,0.0,False,0,terminal,0.8,получил 9 300 KZT от 1 плательщиков  исходящих переводов нет (глубина 3<4),8,0.25,0.2291,получил 9 300 KZT от 1 плательщиков  исходящих переводов нет (глубина 3<4) Кластер 8 (1 seed)  объём входящих 9 300 KZT.
100000004445291100,3,False,1,0,19500.0,0.0,2,0,0.0003206550998144611,-0.0,2.5006817420101315e-06,0.0,False,0,0.0,False,0,terminal,0.8,получил 19 500 KZT от 1 плательщиков  исходящих переводов нет (глубина 3<4),51,0.25,0.2412,получил 19 500 KZT от 1 плательщиков  исходящих переводов нет (глубина 3<4) Кластер 51 (0 seed)  объём входящих 19 500 KZT.
100000008571243100,3,False,1,0,134000.0,0.0,1,0,0.00030762994806864244,-0.0,5.689711791859171e-08,0.0,False,0,0.0,False,0,terminal,0.8,получил 134 000 KZT от 1 плательщиков  исходящих переводов нет (глубина 3<4),29,0.25,0.2727,получил 134 000 KZT от 1 плательщиков  исходящих переводов нет (глубина 3<4) Кластер 29 (0 seed)  объём входящих 134 000 KZT.
100000001138283100,3,False,1,2,81805.0,50000.0,1,2,0.0003035596117301355,0.0010542924770865557,0.0016044117981357413,1.9347988897479037e-05,True,0,0.6112095837662734,False,0,peripheral,0.15,"низкая активность: 1 вх./2 исх. плательщиков/получателей, без выраженного паттерна",17,0.1,0.1909,"низкая активность: 1 вх./2 исх. плательщиков/получателей, без выраженного паттерна Кластер 17 (0 seed)  объём входящих 81 805 KZT."
100000002593344100,3,False,2,0,431000.0,0.0,2,0,0.0003605528794105447,-0.0,3.024824413044019e-07,0.0,False,0,0.0,False,0,terminal,0.8,получил 431 000 KZT от 2 плательщиков  исходящих переводов нет (глубина 3<4),32,0.25,0.2917,получил 431 000 KZT от 2 плательщиков  исходящих переводов нет (глубина 3<4) Кластер 32 (0 seed)  объём входящих 431 000 KZT.
100000007390016100,3,False,1,1,511000.0,346500.0,13,14,0.001869600960848679,0.0013224128230704822,1.480888202903242e-19,0.0,False,0,0.678082191780822,False,0,peripheral,0.15,"низкая активность: 1 вх./1 исх. плательщиков/получателей, без выраженного паттерна",59,0.1,0.2205,"низкая активность: 1 вх./1 исх. плательщиков/получателей, без выраженного паттерна Кластер 59 (0 seed)  объём входящих 511 000 KZT."
100000001285440100,3,False,2,0,243000.0,0.0,2,0,0.00032179171381899424,-0.0,3.3043791419696483e-06,0.0,False,0,0.0,False,0,terminal,0.8,получил 243 000 KZT от 2 плательщиков  исходящих переводов нет (глубина 3<4),21,0.25,0.2824,получил 243 000 KZT от 2 плательщиков  исходящих переводов нет (глубина 3<4) Кластер 21 (0 seed)  объём входящих 243 000 KZT.
100000006746688100,3,False,1,0,41000.0,0.0,1,0,0.0002932743895807883,-0.0,-1.1342661239262463e-17,0.0,False,1,0.0,False,0,terminal,0.8,получил 41 000 KZT от 1 плательщиков  исходящих переводов нет (глубина 3<4),38,0.25,0.2533,получил 41 000 KZT от 1 плательщиков  исходящих переводов нет (глубина 3<4) Кластер 38 (1 seed)  объём входящих 41 000 KZT.
100000006471232100,3,False,1,0,41800.0,0.0,1,0,0.0002933997659496791,-0.0,-1.1342661239262463e-17,0.0,False,1,0.0,False,0,terminal,0.8,получил 41 800 KZT от 1 плательщиков  исходящих переводов нет (глубина 3<4),38,0.25,0.2536,получил 41 800 KZT от 1 плательщиков  исходящих переводов нет (глубина 3<4) Кластер 38 (1 seed)  объём входящих 41 800 KZT.
100000008662805100,3,False,1,0,16500.0,0.0,1,0,0.0002894347382835094,-0.0,-1.1342661239262463e-17,0.0,False,1,0.0,False,0,terminal,0.8,получил 16 500 KZT от 1 плательщиков  исходящих переводов нет (глубина 3<4),38,0.25,0.2385,получил 16 500 KZT от 1 плательщиков  исходящих переводов нет (глубина 3<4) Кластер 38 (1 seed)  объём входящих 16 500 KZT.
100000004292885100,3,False,1,0,112700.0,0.0,1,0,0.00030451124664262097,-0.0,-1.1342661239262463e-17,0.0,False,1,0.0,False,0,terminal,0.8,получил 112 700 KZT от 1 плательщиков  исходящих переводов нет (глубина 3<4),38,0.25,0.2698,получил 112 700 KZT от 1 плательщиков  исходящих переводов нет (глубина 3<4) Кластер 38 (1 seed)  объём входящих 112 700 KZT.
100000008190442100,3,False,1,0,13000.0,0.0,1,0,0.0002888862166696124,-0.0,-1.1342661239262463e-17,0.0,False,1,0.0,False,0,terminal,0.8,получил 13 000 KZT от 1 плательщиков  исходящих переводов нет (глубина 3<4),38,0.25,0.2346,получил 13 000 KZT от 1 плательщиков  исходящих переводов нет (глубина 3<4) Кластер 38 (1 seed)  объём входящих 13 000 KZT.
100000007131370100,3,False,1,1,30000.0,30000.0,1,1,0.0009040466780696103,1.5429536913847415e-05,-9.296402601561023e-19,0.0,False,0,1.0,False,0,transit,1.0,"получает от 1, передаёт 1; pass-through 1.00 — деньги не задерживаются",3,0.35,0.3082,"получает от 1, передаёт 1; pass-through 1.00 — деньги не задерживаются Кластер 3 (3 seed)  объём входящих 30 000 KZT."
100000008717802100,3,False,1,0,26150.0,0.0,1,0,0.0002909470907332539,-0.0,-1.1342661239262463e-17,0.0,False,1,0.0,False,0,terminal,0.8,получил 26 150 KZT от 1 плательщиков  исходящих переводов нет (глубина 3<4),38,0.25,0.246,получил 26 150 KZT от 1 плательщиков  исходящих переводов нет (глубина 3<4) Кластер 38 (1 seed)  объём входящих 26 150 KZT.
100000005357034100,3,False,1,0,9754.0,0.0,1,0,0.00028740049330847257,-0.0,0.002905781655216498,0.0,False,0,0.0,False,0,terminal,0.8,получил 9 754 KZT от 1 плательщиков  исходящих переводов нет (глубина 3<4),8,0.25,0.2299,получил 9 754 KZT от 1 плательщиков  исходящих переводов нет (глубина 3<4) Кластер 8 (1 seed)  объём входящих 9 754 KZT.
100000005532138100,3,False,1,0,25046.0,0.0,1,0,0.00029510711181209405,-0.0,0.00010831189958102287,0.0,False,0,0.0,False,0,terminal,0.8,получил 25 046 KZT от 1 плательщиков  исходящих переводов нет (глубина 3<4),24,0.25,0.2453,получил 25 046 KZT от 1 плательщиков  исходящих переводов нет (глубина 3<4) Кластер 24 (2 seed)  объём входящих 25 046 KZT.
100000005264874100,3,False,1,2,30000.0,78000.0,1,3,0.0004301567178849594,-1.0336570892422282e-19,-1.298055173219316e-19,8.061662040616265e-07,True,0,2.6,False,0,peripheral,0.15,"низкая активность: 1 вх./2 исх. плательщиков/получателей, без выраженного паттерна",56,0.1,0.1742,"низкая активность: 1 вх./2 исх. плательщиков/получателей, без выраженного паттерна Кластер 56 (0 seed)  объём входящих 30 000 KZT."
100000008193258100,3,False,1,1,75000.0,30000.0,2,1,0.0002987024490070339,4.2255054193580424e-20,0.00023334462577838847,1.9549530448494444e-05,True,0,0.4,False,0,peripheral,0.15,"низкая активность: 1 вх./1 исх. плательщиков/получателей, без выраженного паттерна",41,0.1,0.1895,"низкая активность: 1 вх./1 исх. плательщиков/получателей, без выраженного паттерна Кластер 41 (0 seed)  объём входящих 75 000 KZT."
100000003190207100,3,False,1,1,5000.0,377000.0,1,8,0.00030046266182776526,-2.540890243603308e-19,1.0303697761788393e-06,2.1363404407633102e-05,True,0,75.4,False,0,peripheral,0.15,"низкая активность: 1 вх./1 исх. плательщиков/получателей, без выраженного паттерна",25,0.1,0.1453,"низкая активность: 1 вх./1 исх. плательщиков/получателей, без выраженного паттерна Кластер 25 (14 seed)  объём входящих 5 000 KZT."
100000004321983100,3,False,1,2,10840.0,36200.0,1,3,0.000325992853196564,-4.0238943579533517e-19,-5.915859425610128e-19,1.4107908571078464e-06,True,0,3.339483394833948,False,0,peripheral,0.15,"низкая активность: 1 вх./2 исх. плательщиков/получателей, без выраженного паттерна",1,0.1,0.1576,"низкая активность: 1 вх./2 исх. плательщиков/получателей, без выраженного паттерна Кластер 1 (3 seed)  объём входящих 10 840 KZT."
100000002633108100,3,False,1,0,320000.0,0.0,3,0,0.0003777466488564698,-0.0,2.4413790383031235e-05,0.0,False,0,0.0,False,0,terminal,0.8,получил 320 000 KZT от 1 плательщиков  исходящих переводов нет (глубина 3<4),0,0.25,0.2869,получил 320 000 KZT от 1 плательщиков  исходящих переводов нет (глубина 3<4) Кластер 0 (0 seed)  объём входящих 320 000 KZT.
100000005941908100,3,False,1,0,10000.0,0.0,1,0,0.0006952260665446419,-0.0,-4.8537314849629163e-20,0.0,False,0,0.0,False,0,terminal,0.8,получил 10 000 KZT от 1 плательщиков  исходящих переводов нет (глубина 3<4),0,0.25,0.2303,получил 10 000 KZT от 1 плательщиков  исходящих переводов нет (глубина 3<4) Кластер 0 (0 seed)  объём входящих 10 000 KZT.
100000001835625100,3,False,1,0,75130.0,0.0,1,0,0.0002892933318270507,-0.0,0.002940174080170132,0.0,False,0,0.0,False,0,terminal,0.8,получил 75 130 KZT от 1 плательщиков  исходящих переводов нет (глубина 3<4),9,0.25,0.2632,получил 75 130 KZT от 1 плательщиков  исходящих переводов нет (глубина 3<4) Кластер 9 (0 seed)  объём входящих 75 130 KZT.
100000008671081100,3,False,1,0,37200.0,0.0,1,0,0.00029267885182855734,-0.0,-1.1342661239262463e-17,0.0,False,1,0.0,False,0,terminal,0.8,получил 37 200 KZT от 1 плательщиков  исходящих переводов нет (глубина 3<4),38,0.25,0.2517,получил 37 200 KZT от 1 плательщиков  исходящих переводов нет (глубина 3<4) Кластер 38 (1 seed)  объём входящих 37 200 KZT.
100000002908521100,3,False,1,0,44500.0,0.0,1,0,0.0002938229111946853,-0.0,-1.1342661239262463e-17,0.0,False,1,0.0,False,0,terminal,0.8,получил 44 500 KZT от 1 плательщиков  исходящих переводов нет (глубина 3<4),38,0.25,0.2547,получил 44 500 KZT от 1 плательщиков  исходящих переводов нет (глубина 3<4) Кластер 38 (1 seed)  объём входящих 44 500 KZT.
100000000749118100,3,False,1,1,10330.0,16500.0,1,1,0.0002874330692933814,-6.887300215332573e-20,0.002905781655216498,1.9549530448494444e-05,True,0,1.5972894482090998,False,0,peripheral,0.15,"низкая активность: 1 вх./1 исх. плательщиков/получателей, без выраженного паттерна",8,0.1,0.1571,"низкая активность: 1 вх./1 исх. плательщиков/получателей, без выраженного паттерна Кластер 8 (1 seed)  объём входящих 10 330 KZT."
100000008652094100,3,False,1,0,35000.0,0.0,1,0,0.00028882829420258453,-0.0,0.002905781655216498,0.0,False,0,0.0,False,0,terminal,0.8,получил 35 000 KZT от 1 плательщиков  исходящих переводов нет (глубина 3<4),8,0.25,0.2507,получил 35 000 KZT от 1 плательщиков  исходящих переводов нет (глубина 3<4) Кластер 8 (1 seed)  объём входящих 35 000 KZT.
100000007647294100,3,False,1,0,385000.0,0.0,1,0,0.0005816408115692828,-0.0,-8.353301384468563e-20,0.0,False,0,0.0,False,0,terminal,0.8,получил 385 000 KZT от 1 плательщиков  исходящих переводов нет (глубина 3<4),34,0.25,0.2899,получил 385 000 KZT от 1 плательщиков  исходящих переводов нет (глубина 3<4) Кластер 34 (0 seed)  объём входящих 385 000 KZT.
100000003270419100,3,False,1,0,150000.0,0.0,1,0,0.0008368162852072322,-0.0,-1.2161514763611027e-18,0.0,False,0,0.0,False,0,terminal,0.8,получил 150 000 KZT от 1 плательщиков  исходящих переводов нет (глубина 3<4),31,0.25,0.2745,получил 150 000 KZT от 1 плательщиков  исходящих переводов нет (глубина 3<4) Кластер 31 (3 seed)  объём входящих 150 000 KZT.
100000003050771100,3,False,1,0,229000.0,0.0,1,0,0.000371966541838092,-0.0,0.00025946008779307493,0.0,False,0,0.0,False,0,terminal,0.8,получил 229 000 KZT от 1 плательщиков  исходящих переводов нет (глубина 3<4),31,0.25,0.2814,получил 229 000 KZT от 1 плательщиков  исходящих переводов нет (глубина 3<4) Кластер 31 (3 seed)  объём входящих 229 000 KZT.
100000008427027100,3,False,1,0,300000.0,0.0,1,0,0.0005536646528273143,-0.0,3.7169169964332406e-06,0.0,False,0,0.0,False,0,terminal,0.8,получил 300 000 KZT от 1 плательщиков  исходящих переводов нет (глубина 3<4),15,0.25,0.2858,получил 300 000 KZT от 1 плательщиков  исходящих переводов нет (глубина 3<4) Кластер 15 (5 seed)  объём входящих 300 000 KZT.
100000004291560100,3,False,1,0,47190.0,0.0,1,0,0.0002895177061054295,-0.0,0.002905781655216498,0.0,False,0,0.0,False,0,terminal,0.8,получил 47 190 KZT от 1 плательщиков  исходящих переводов нет (глубина 3<4),8,0.25,0.2556,получил 47 190 KZT от 1 плательщиков  исходящих переводов нет (глубина 3<4) Кластер 8 (1 seed)  объём входящих 47 190 KZT.
100000003594472100,3,False,1,0,20000.0,0.0,1,0,0.0002957672382674173,-0.0,4.747355965046334e-05,0.0,False,0,0.0,False,0,terminal,0.8,получил 20 000 KZT от 1 плательщиков  исходящих переводов нет (глубина 3<4),12,0.25,0.2416,получил 20 000 KZT от 1 плательщиков  исходящих переводов нет (глубина 3<4) Кластер 12 (0 seed)  объём входящих 20 000 KZT.
100000002575080100,3,False,1,1,13000.0,12500.0,1,1,0.0005543012425460759,-1.8650189952918881e-19,-9.296402601561023e-19,2.0154155101540664e-05,True,0,0.9615384615384616,False,0,transit,0.962,"получает от 1, передаёт 1; pass-through 0.96 — деньги не задерживаются",3,0.35,0.2896,"получает от 1, передаёт 1; pass-through 0.96 — деньги не задерживаются Кластер 3 (3 seed)  объём входящих 13 000 KZT."
100000008038077100,3,False,1,0,499850.0,0.0,2,0,0.0003031123127247002,-0.0,0.002940174080170132,0.0,False,0,0.0,False,0,terminal,0.8,получил 499 850 KZT от 1 плательщиков  исходящих переводов нет (глубина 3<4),9,0.25,0.2941,получил 499 850 KZT от 1 плательщиков  исходящих переводов нет (глубина 3<4) Кластер 9 (0 seed)  объём входящих 499 850 KZT.
100000003899325100,3,False,1,0,50120.0,0.0,1,0,0.00029796452742791727,-0.0,0.00013028037772057946,0.0,False,0,0.0,False,0,terminal,0.8,получил 50 120 KZT от 1 плательщиков  исходящих переводов нет (глубина 3<4),17,0.25,0.2566,получил 50 120 KZT от 1 плательщиков  исходящих переводов нет (глубина 3<4) Кластер 17 (0 seed)  объём входящих 50 120 KZT.
100000001155773100,3,False,1,0,21500.0,0.0,1,0,0.00029021834058907655,-0.0,-1.1342661239262463e-17,0.0,False,1,0.0,False,0,terminal,0.8,получил 21 500 KZT от 1 плательщиков  исходящих переводов нет (глубина 3<4),38,0.25,0.2428,получил 21 500 KZT от 1 плательщиков  исходящих переводов нет (глубина 3<4) Кластер 38 (1 seed)  объём входящих 21 500 KZT.
100000000611474100,3,False,1,0,32000.0,0.0,1,0,0.0005982029982967124,-0.0,1.8177314461002616e-20,0.0,False,0,0.0,False,0,terminal,0.8,получил 32 000 KZT от 1 плательщиков  исходящих переводов нет (глубина 3<4),11,0.25,0.2493,получил 32 000 KZT от 1 плательщиков  исходящих переводов нет (глубина 3<4) Кластер 11 (0 seed)  объём входящих 32 000 KZT.
100000006704530100,3,False,1,3,450500.0,428000.0,1,5,0.00040025555905717135,-3.2947283607170556e-19,7.464943509991059e-20,5.985784065157577e-05,True,0,0.9500554938956715,False,0,transit,0.95,"получает от 1, передаёт 3; pass-through 0.95 — деньги не задерживаются",45,0.35,0.3463,"получает от 1, передаёт 3; pass-through 0.95 — деньги не задерживаются Кластер 45 (0 seed)  объём входящих 450 500 KZT."
100000003996562100,3,False,1,0,7700.0,0.0,1,0,0.00033004676382698226,-0.0,2.350941795881482e-06,0.0,False,0,0.0,False,0,terminal,0.8,получил 7 700 KZT от 1 плательщиков  исходящих переводов нет (глубина 3<4),16,0.25,0.226,получил 7 700 KZT от 1 плательщиков  исходящих переводов нет (глубина 3<4) Кластер 16 (0 seed)  объём входящих 7 700 KZT.
100000002646887100,3,False,1,0,24354.0,0.0,1,0,0.0002965077471103309,-0.0,4.8678295325673023e-08,0.0,False,0,0.0,False,0,terminal,0.8,получил 24 354 KZT от 1 плательщиков  исходящих переводов нет (глубина 3<4),47,0.25,0.2448,получил 24 354 KZT от 1 плательщиков  исходящих переводов нет (глубина 3<4) Кластер 47 (0 seed)  объём входящих 24 354 KZT.
100000002556775100,3,False,1,0,300000.0,0.0,1,0,0.0002966098562065347,-0.0,0.002940174080170132,0.0,False,0,0.0,False,0,terminal,0.8,получил 300 000 KZT от 1 плательщиков  исходящих переводов нет (глубина 3<4),9,0.25,0.2858,получил 300 000 KZT от 1 плательщиков  исходящих переводов нет (глубина 3<4) Кластер 9 (0 seed)  объём входящих 300 000 KZT.
100000002722108100,3,False,1,0,800000.0,0.0,2,0,0.000325112441758006,-0.0,3.7941363435728165e-07,0.0,False,0,0.0,False,0,terminal,0.8,получил 800 000 KZT от 1 плательщиков  исходящих переводов нет (глубина 3<4),48,0.25,0.3018,получил 800 000 KZT от 1 плательщиков  исходящих переводов нет (глубина 3<4) Кластер 48 (0 seed)  объём входящих 800 000 KZT.
100000002737980100,3,False,1,0,32900.0,0.0,1,0,0.0002967453170388023,-0.0,5.256983652882385e-05,0.0,False,0,0.0,False,0,terminal,0.8,получил 32 900 KZT от 1 плательщиков  исходящих переводов нет (глубина 3<4),2,0.25,0.2497,получил 32 900 KZT от 1 плательщиков  исходящих переводов нет (глубина 3<4) Кластер 2 (7 seed)  объём входящих 32 900 KZT.
100000002913340100,3,False,1,0,23600.0,0.0,1,0,0.0002905474535574147,-0.0,-1.1342661239262463e-17,0.0,False,1,0.0,False,0,terminal,0.8,получил 23 600 KZT от 1 плательщиков  исходящих переводов нет (глубина 3<4),38,0.25,0.2443,получил 23 600 KZT от 1 плательщиков  исходящих переводов нет (глубина 3<4) Кластер 38 (1 seed)  объём входящих 23 600 KZT.
100000003610172100,3,False,1,0,70000.0,0.0,1,0,0.0002891264186324638,-0.0,0.002940174080170132,0.0,False,0,0.0,False,0,terminal,0.8,получил 70 000 KZT от 1 плательщиков  исходящих переводов нет (глубина 3<4),9,0.25,0.2621,получил 70 000 KZT от 1 плательщиков  исходящих переводов нет (глубина 3<4) Кластер 9 (0 seed)  объём входящих 70 000 KZT.
100000001052945100,3,False,1,3,56520.0,1595700.0,1,6,0.0003029036742789156,-6.671086251300373e-19,2.4413790383031235e-05,5.864859134548333e-05,True,0,28.23248407643312,False,0,peripheral,0.15,"низкая активность: 1 вх./3 исх. плательщиков/получателей, без выраженного паттерна",53,0.1,0.1854,"низкая активность: 1 вх./3 исх. плательщиков/получателей, без выраженного паттерна Кластер 53 (0 seed)  объём входящих 56 520 KZT."
100000002369510100,3,False,1,0,37150.0,0.0,1,0,0.00029267101580550165,-0.0,-1.1342661239262463e-17,0.0,False,1,0.0,False,0,terminal,0.8,получил 37 150 KZT от 1 плательщиков  исходящих переводов нет (глубина 3<4),38,0.25,0.2517,получил 37 150 KZT от 1 плательщиков  исходящих переводов нет (глубина 3<4) Кластер 38 (1 seed)  объём входящих 37 150 KZT.
100000001954534100,3,False,1,1,13000.0,40000.0,1,1,0.00036786132513342087,-9.447031083256867e-20,8.275375969691253e-05,1.9952613550525257e-05,True,0,3.076923076923077,False,0,peripheral,0.15,"низкая активность: 1 вх./1 исх. плательщиков/получателей, без выраженного паттерна",8,0.1,0.1609,"низкая активность: 1 вх./1 исх. плательщиков/получателей, без выраженного паттерна Кластер 8 (1 seed)  объём входящих 13 000 KZT."
100000008488166100,3,False,1,0,5600.0,0.0,1,0,0.00028772648525737305,-0.0,-1.1342661239262463e-17,0.0,False,1,0.0,False,0,terminal,0.8,получил 5 600 KZT от 1 плательщиков  исходящих переводов нет (глубина 3<4),38,0.25,0.2208,получил 5 600 KZT от 1 плательщиков  исходящих переводов нет (глубина 3<4) Кластер 38 (1 seed)  объём входящих 5 600 KZT.
100000005100475100,3,False,1,0,40000.0,0.0,1,0,0.0003392516982184686,-0.0,3.790910377134294e-20,0.0,False,0,0.0,False,0,terminal,0.8,получил 40 000 KZT от 1 плательщиков  исходящих переводов нет (глубина 3<4),1,0.25,0.2529,получил 40 000 KZT от 1 плательщиков  исходящих переводов нет (глубина 3<4) Кластер 1 (3 seed)  объём входящих 40 000 KZT.
100000002708624100,3,False,1,0,25000.0,0.0,1,0,0.00033019019572555226,-0.0,2.5006817420101315e-06,0.0,False,0,0.0,False,0,terminal,0.8,получил 25 000 KZT от 1 плательщиков  исходящих переводов нет (глубина 3<4),51,0.25,0.2453,получил 25 000 KZT от 1 плательщиков  исходящих переводов нет (глубина 3<4) Кластер 51 (0 seed)  объём входящих 25 000 KZT.
100000004591973100,3,False,1,1,10000.0,100000.0,1,1,0.0004008706877935137,4.0907046448360293e-19,2.6358278337766833e-19,2.0758779754586885e-05,True,0,10.0,False,0,peripheral,0.15,"низкая активность: 1 вх./1 исх. плательщиков/получателей, без выраженного паттерна",13,0.1,0.1566,"низкая активность: 1 вх./1 исх. плательщиков/получателей, без выраженного паттерна Кластер 13 (1 seed)  объём входящих 10 000 KZT."
100000000802149100,3,False,1,0,104128.0,0.0,1,0,0.0002961206908130449,-0.0,0.0011319384436485965,0.0,False,0,0.0,False,0,terminal,0.8,получил 104 128 KZT от 1 плательщиков  исходящих переводов нет (глубина 3<4),8,0.25,0.2685,получил 104 128 KZT от 1 плательщиков  исходящих переводов нет (глубина 3<4) Кластер 8 (1 seed)  объём входящих 104 128 KZT.
100000003095610100,3,False,1,0,23665.0,0.0,1,0,0.0002957029482049455,-0.0,6.407022407304071e-07,0.0,False,0,0.0,False,0,terminal,0.8,получил 23 665 KZT от 1 плательщиков  исходящих переводов нет (глубина 3<4),29,0.25,0.2444,получил 23 665 KZT от 1 плательщиков  исходящих переводов нет (глубина 3<4) Кластер 29 (0 seed)  объём входящих 23 665 KZT.
100000004183610100,3,False,1,1,22000.0,915000.0,1,3,0.00034226990172321663,-2.3063716555345845e-19,4.259946144306409e-08,1.9952613550525257e-05,True,0,41.59090909090909,False,0,peripheral,0.15,"низкая активность: 1 вх./1 исх. плательщиков/получателей, без выраженного паттерна",31,0.1,0.1695,"низкая активность: 1 вх./1 исх. плательщиков/получателей, без выраженного паттерна Кластер 31 (3 seed)  объём входящих 22 000 KZT."
100000005198906100,3,False,1,1,227970.0,60000.0,1,1,0.0002942662387784463,-1.6473105920285115e-19,0.002940174080170132,1.9549530448494444e-05,True,0,0.26319252533228055,False,0,peripheral,0.15,"низкая активность: 1 вх./1 исх. плательщиков/получателей, без выраженного паттерна",9,0.1,0.2076,"низкая активность: 1 вх./1 исх. плательщиков/получателей, без выраженного паттерна Кластер 9 (0 seed)  объём входящих 227 970 KZT."
100000008599354100,3,False,1,1,177000.0,38200.0,1,2,0.0003332055573935267,0.0006883384599409503,0.0011379074330901365,0.0,False,0,0.21581920903954802,False,0,peripheral,0.15,"низкая активность: 1 вх./1 исх. плательщиков/получателей, без выраженного паттерна",8,0.1,0.2032,"низкая активность: 1 вх./1 исх. плательщиков/получателей, без выраженного паттерна Кластер 8 (1 seed)  объём входящих 177 000 KZT."
100000001303311100,3,False,5,0,1324000.0,0.0,5,0,0.0005038967777710381,-0.0,3.913903256323134e-06,0.0,False,0,0.0,False,0,consolidator,0.5,получает от 5 разных плательщиков (1 324 000 KZT)  отдаёт дальше 0% полученного,21,0.9,0.41,получает от 5 разных плательщиков (1 324 000 KZT)  отдаёт дальше 0% полученного Кластер 21 (0 seed)  объём входящих 1 324 000 KZT.
100000008776420100,3,False,1,0,69500.0,0.0,1,0,0.00029774092272252095,-0.0,-1.1342661239262463e-17,0.0,False,1,0.0,False,0,terminal,0.8,получил 69 500 KZT от 1 плательщиков  исходящих переводов нет (глубина 3<4),38,0.25,0.2619,получил 69 500 KZT от 1 плательщиков  исходящих переводов нет (глубина 3<4) Кластер 38 (1 seed)  объём входящих 69 500 KZT.
100000004737764100,3,False,1,0,600000.0,0.0,1,0,0.0006795006612870159,-0.0,-5.497886986271553e-19,0.0,False,0,0.0,False,0,terminal,0.8,получил 600 000 KZT от 1 плательщиков  исходящих переводов нет (глубина 3<4),15,0.25,0.2971,получил 600 000 KZT от 1 плательщиков  исходящих переводов нет (глубина 3<4) Кластер 15 (5 seed)  объём входящих 600 000 KZT.
100000003154105100,3,False,1,7,60000.0,338000.0,1,9,0.0005530271649049956,-5.395992800847836e-19,-1.1111782804433292e-19,0.0001424898765678925,True,0,5.633333333333334,False,0,peripheral,0.15,"низкая активность: 1 вх./7 исх. плательщиков/получателей, без выраженного паттерна",46,0.1,0.1876,"низкая активность: 1 вх./7 исх. плательщиков/получателей, без выраженного паттерна Кластер 46 (0 seed)  объём входящих 60 000 KZT."
100000008708025100,3,False,1,0,10000.0,0.0,1,0,0.00031067660553781555,-0.0,-5.258221063459145e-19,0.0,False,0,0.0,False,0,terminal,0.8,получил 10 000 KZT от 1 плательщиков  исходящих переводов нет (глубина 3<4),57,0.25,0.2303,получил 10 000 KZT от 1 плательщиков  исходящих переводов нет (глубина 3<4) Кластер 57 (0 seed)  объём входящих 10 000 KZT.
100000008740793100,3,False,1,0,21000.0,0.0,1,0,0.0002901399803585198,-0.0,-1.1342661239262463e-17,0.0,False,1,0.0,False,0,terminal,0.8,получил 21 000 KZT от 1 плательщиков  исходящих переводов нет (глубина 3<4),38,0.25,0.2424,получил 21 000 KZT от 1 плательщиков  исходящих переводов нет (глубина 3<4) Кластер 38 (1 seed)  объём входящих 21 000 KZT.
100000008459449100,3,False,1,0,53700.0,0.0,1,0,0.00030091300406936093,-0.0,0.0011379074330901365,0.0,False,0,0.0,False,0,terminal,0.8,получил 53 700 KZT от 1 плательщиков  исходящих переводов нет (глубина 3<4),8,0.25,0.2577,получил 53 700 KZT от 1 плательщиков  исходящих переводов нет (глубина 3<4) Кластер 8 (1 seed)  объём входящих 53 700 KZT.
100000008677518100,3,False,1,0,48700.0,0.0,1,0,0.0002944811371313617,-0.0,-1.1342661239262463e-17,0.0,False,1,0.0,False,0,terminal,0.8,получил 48 700 KZT от 1 плательщиков  исходящих переводов нет (глубина 3<4),38,0.25,0.2561,получил 48 700 KZT от 1 плательщиков  исходящих переводов нет (глубина 3<4) Кластер 38 (1 seed)  объём входящих 48 700 KZT.
100000002212494100,3,False,1,0,160000.0,0.0,1,0,0.00035819595141337344,-0.0,4.747355965046334e-05,0.0,False,0,0.0,False,0,terminal,0.8,получил 160 000 KZT от 1 плательщиков  исходящих переводов нет (глубина 3<4),12,0.25,0.2755,получил 160 000 KZT от 1 плательщиков  исходящих переводов нет (глубина 3<4) Кластер 12 (0 seed)  объём входящих 160 000 KZT.
100000001825934100,3,False,1,1,40000.0,97000.0,1,1,0.00047792600695489986,7.404722604285441e-20,-1.298055173219316e-19,1.0077077550770332e-06,True,0,2.425,False,0,peripheral,0.15,"низкая активность: 1 вх./1 исх. плательщиков/получателей, без выраженного паттерна",56,0.1,0.1789,"низкая активность: 1 вх./1 исх. плательщиков/получателей, без выраженного паттерна Кластер 56 (0 seed)  объём входящих 40 000 KZT."
100000003736419100,3,False,1,1,23300.0,10000.0,1,1,0.00029295117421490315,-1.6463579571316675e-20,0.0011379074330901365,1.9549530448494444e-05,True,0,0.4291845493562232,False,0,peripheral,0.15,"низкая активность: 1 вх./1 исх. плательщиков/получателей, без выраженного паттерна",8,0.1,0.1704,"низкая активность: 1 вх./1 исх. плательщиков/получателей, без выраженного паттерна Кластер 8 (1 seed)  объём входящих 23 300 KZT."
100000008430691100,3,False,1,2,20000.0,604900.0,1,2,0.00030834519891436834,1.1080982558829543e-06,1.0123575772457054e-05,1.9952613550525257e-05,True,0,30.245,False,0,peripheral,0.15,"низкая активность: 1 вх./2 исх. плательщиков/получателей, без выраженного паттерна",4,0.1,0.1679,"низкая активность: 1 вх./2 исх. плательщиков/получателей, без выраженного паттерна Кластер 4 (0 seed)  объём входящих 20 000 KZT."
100000003073635100,3,False,1,0,129231.0,0.0,1,0,0.000313247583783119,-0.0,0.0016044117981357413,0.0,False,0,0.0,False,0,terminal,0.8,получил 129 231 KZT от 1 плательщиков  исходящих переводов нет (глубина 3<4),17,0.25,0.2721,получил 129 231 KZT от 1 плательщиков  исходящих переводов нет (глубина 3<4) Кластер 17 (0 seed)  объём входящих 129 231 KZT.
100000001686328100,3,False,1,0,140000.0,0.0,1,0,0.0003164590244925203,-0.0,9.056546053530852e-08,0.0,False,0,0.0,False,0,terminal,0.8,получил 140 000 KZT от 1 плательщиков  исходящих переводов нет (глубина 3<4),32,0.25,0.2734,получил 140 000 KZT от 1 плательщиков  исходящих переводов нет (глубина 3<4) Кластер 32 (0 seed)  объём входящих 140 000 KZT.
100000008707810100,3,False,1,0,26200.0,0.0,1,0,0.0002909549267563096,-0.0,-1.1342661239262463e-17,0.0,False,1,0.0,False,0,terminal,0.8,получил 26 200 KZT от 1 плательщиков  исходящих переводов нет (глубина 3<4),38,0.25,0.246,получил 26 200 KZT от 1 плательщиков  исходящих переводов нет (глубина 3<4) Кластер 38 (1 seed)  объём входящих 26 200 KZT.
100000001236706100,3,False,3,2,142700.0,36000.0,3,2,0.0007695577991874913,-2.7280902360611653e-19,0.003225216360630541,3.9905227101050515e-05,True,0,0.25227750525578135,False,0,peripheral,0.15,"низкая активность: 3 вх./2 исх. плательщиков/получателей, без выраженного паттерна",31,0.1,0.2003,"низкая активность: 3 вх./2 исх. плательщиков/получателей, без выраженного паттерна Кластер 31 (3 seed)  объём входящих 142 700 KZT."
100000008536546100,3,False,2,0,250000.0,0.0,2,0,0.00031866747443015246,-0.0,2.566429867033088e-06,0.0,False,0,0.0,False,0,terminal,0.8,получил 250 000 KZT от 2 плательщиков  исходящих переводов нет (глубина 3<4),21,0.25,0.2828,получил 250 000 KZT от 2 плательщиков  исходящих переводов нет (глубина 3<4) Кластер 21 (0 seed)  объём входящих 250 000 KZT.
100000007140834100,3,False,1,0,10200.0,0.0,2,0,0.000715298411416245,-0.0,-1.0820043535584689e-19,0.0,False,0,0.0,False,0,terminal,0.8,получил 10 200 KZT от 1 плательщиков  исходящих переводов нет (глубина 3<4),1,0.25,0.2306,получил 10 200 KZT от 1 плательщиков  исходящих переводов нет (глубина 3<4) Кластер 1 (3 seed)  объём входящих 10 200 KZT.
100000007022818100,3,False,1,0,17200.0,0.0,1,0,0.0002895444426062888,-0.0,-1.1342661239262463e-17,0.0,False,1,0.0,False,0,terminal,0.8,получил 17 200 KZT от 1 плательщиков  исходящих переводов нет (глубина 3<4),38,0.25,0.2392,получил 17 200 KZT от 1 плательщиков  исходящих переводов нет (глубина 3<4) Кластер 38 (1 seed)  объём входящих 17 200 KZT.
100000007484343100,3,False,2,0,26757.0,0.0,2,0,0.00029042727942479385,-0.0,0.004043689088306637,0.0,False,0,0.0,False,0,terminal,0.8,получил 26 757 KZT от 2 плательщиков  исходящих переводов нет (глубина 3<4),8,0.25,0.2464,получил 26 757 KZT от 2 плательщиков  исходящих переводов нет (глубина 3<4) Кластер 8 (1 seed)  объём входящих 26 757 KZT.
100000001379511100,3,False,1,0,55000.0,0.0,1,0,0.00030866207659020794,-0.0,4.8678295325673023e-08,0.0,False,0,0.0,False,0,terminal,0.8,получил 55 000 KZT от 1 плательщиков  исходящих переводов нет (глубина 3<4),47,0.25,0.2581,получил 55 000 KZT от 1 плательщиков  исходящих переводов нет (глубина 3<4) Кластер 47 (0 seed)  объём входящих 55 000 KZT.
100000004569484100,3,False,2,4,98312.0,156000.0,3,4,0.00032080642674798155,9.190404958282609e-05,2.7172064354124182e-05,0.004361560705524415,False,0,1.586784929611848,False,0,peripheral,0.15,"низкая активность: 2 вх./4 исх. плательщиков/получателей, без выраженного паттерна",29,0.1,0.2562,"низкая активность: 2 вх./4 исх. плательщиков/получателей, без выраженного паттерна Кластер 29 (0 seed)  объём входящих 98 312 KZT."
100000002948492100,3,False,1,0,23660.0,0.0,1,0,0.0002935696066281701,-0.0,2.4413790383031235e-05,0.0,False,0,0.0,False,0,terminal,0.8,получил 23 660 KZT от 1 плательщиков  исходящих переводов нет (глубина 3<4),0,0.25,0.2444,получил 23 660 KZT от 1 плательщиков  исходящих переводов нет (глубина 3<4) Кластер 0 (0 seed)  объём входящих 23 660 KZT.
100000002116705100,3,False,1,0,17600.0,0.0,1,0,0.00028960713079073414,-0.0,-1.1342661239262463e-17,0.0,False,1,0.0,False,0,terminal,0.8,получил 17 600 KZT от 1 плательщиков  исходящих переводов нет (глубина 3<4),38,0.25,0.2395,получил 17 600 KZT от 1 плательщиков  исходящих переводов нет (глубина 3<4) Кластер 38 (1 seed)  объём входящих 17 600 KZT.
100000002481974100,3,False,2,2,89447.0,318000.0,2,4,0.00033314047777107,-3.412052856548297e-19,0.00015098213758675064,3.95021439990197e-05,True,0,3.5551779265934016,False,0,peripheral,0.15,"низкая активность: 2 вх./2 исх. плательщиков/получателей, без выраженного паттерна",17,0.1,0.1926,"низкая активность: 2 вх./2 исх. плательщиков/получателей, без выраженного паттерна Кластер 17 (0 seed)  объём входящих 89 447 KZT."
100000003920950100,3,False,1,0,323290.0,0.0,1,0,0.0003934452430318643,-0.0,0.00010831189958102287,0.0,False,0,0.0,False,0,terminal,0.8,получил 323 290 KZT от 1 плательщиков  исходящих переводов нет (глубина 3<4),24,0.25,0.287,получил 323 290 KZT от 1 плательщиков  исходящих переводов нет (глубина 3<4) Кластер 24 (2 seed)  объём входящих 323 290 KZT.
100000000733451100,3,False,1,1,70000.0,300000.0,2,1,0.0005435003201234485,5.2634115682509097e-20,-1.2161514763611027e-18,2.4991152325910422e-05,True,0,4.285714285714286,False,0,peripheral,0.15,"низкая активность: 1 вх./1 исх. плательщиков/получателей, без выраженного паттерна",31,0.1,0.1884,"низкая активность: 1 вх./1 исх. плательщиков/получателей, без выраженного паттерна Кластер 31 (3 seed)  объём входящих 70 000 KZT."
100000005182219100,3,False,2,0,55000.0,0.0,2,0,0.0003556910678831747,-0.0,0.0029644584467876873,0.0,False,0,0.0,False,0,terminal,0.8,получил 55 000 KZT от 2 плательщиков  исходящих переводов нет (глубина 3<4),9,0.25,0.2581,получил 55 000 KZT от 2 плательщиков  исходящих переводов нет (глубина 3<4) Кластер 9 (0 seed)  объём входящих 55 000 KZT.
100000008633099100,3,False,1,1,19468.0,13500.0,1,1,0.00029326791271355767,1.3136474122743753e-20,0.00010831189958102287,1.9549530448494444e-05,True,0,0.6934456544072324,False,0,peripheral,0.15,"низкая активность: 1 вх./1 исх. плательщиков/получателей, без выраженного паттерна",24,0.1,0.1675,"низкая активность: 1 вх./1 исх. плательщиков/получателей, без выраженного паттерна Кластер 24 (2 seed)  объём входящих 19 468 KZT."
100000001380107100,3,False,1,0,6000.0,0.0,1,0,0.0002922501835648065,-0.0,3.283226661626901e-08,0.0,False,0,0.0,False,0,terminal,0.8,получил 6 000 KZT от 1 плательщиков  исходящих переводов нет (глубина 3<4),27,0.25,0.222,получил 6 000 KZT от 1 плательщиков  исходящих переводов нет (глубина 3<4) Кластер 27 (0 seed)  объём входящих 6 000 KZT.
100000008755168100,3,False,1,0,17600.0,0.0,1,0,0.00028960713079073414,-0.0,-1.1342661239262463e-17,0.0,False,1,0.0,False,0,terminal,0.8,получил 17 600 KZT от 1 плательщиков  исходящих переводов нет (глубина 3<4),38,0.25,0.2395,получил 17 600 KZT от 1 плательщиков  исходящих переводов нет (глубина 3<4) Кластер 38 (1 seed)  объём входящих 17 600 KZT.
100000002628576100,3,False,2,2,727882.0,539000.0,3,2,0.0003127726042145673,-8.210337721835476e-19,0.005845955735386628,3.909906089698889e-05,True,0,0.7405046422359668,False,0,peripheral,0.15,"низкая активность: 2 вх./2 исх. плательщиков/получателей, без выраженного паттерна",9,0.1,0.2268,"низкая активность: 2 вх./2 исх. плательщиков/получателей, без выраженного паттерна Кластер 9 (0 seed)  объём входящих 727 882 KZT."
100000001611488100,3,False,2,0,779300.0,0.0,3,0,0.0008812402243074093,-0.0,0.0029640653644055523,0.0,False,0,0.0,False,0,terminal,0.8,получил 779 300 KZT от 2 плательщиков  исходящих переводов нет (глубина 3<4),9,0.25,0.3014,получил 779 300 KZT от 2 плательщиков  исходящих переводов нет (глубина 3<4) Кластер 9 (0 seed)  объём входящих 779 300 KZT.
100000005375968100,3,False,1,2,170082.0,86000.0,1,4,0.0002964679282190002,2.5600374370804626e-19,0.002905781655216498,3.909906089698889e-05,True,0,0.5056384567443939,False,0,peripheral,0.15,"низкая активность: 1 вх./2 исх. плательщиков/получателей, без выраженного паттерна",8,0.1,0.2031,"низкая активность: 1 вх./2 исх. плательщиков/получателей, без выраженного паттерна Кластер 8 (1 seed)  объём входящих 170 082 KZT."
100000003581109100,3,False,1,0,42750.0,0.0,1,0,0.0002892665995550905,-0.0,0.002905781655216498,0.0,False,0,0.0,False,0,terminal,0.8,получил 42 750 KZT от 1 плательщиков  исходящих переводов нет (глубина 3<4),8,0.25,0.254,получил 42 750 KZT от 1 плательщиков  исходящих переводов нет (глубина 3<4) Кластер 8 (1 seed)  объём входящих 42 750 KZT.
100000002933386100,3,False,1,1,15000.0,58000.0,1,1,0.0006555879422541291,1.0353330301312889e-20,2.541190851150837e-19,2.035569665255607e-05,True,0,3.8666666666666667,False,0,peripheral,0.15,"низкая активность: 1 вх./1 исх. плательщиков/получателей, без выраженного паттерна",15,0.1,0.1632,"низкая активность: 1 вх./1 исх. плательщиков/получателей, без выраженного паттерна Кластер 15 (5 seed)  объём входящих 15 000 KZT."
100000002284426100,3,False,1,0,90000.0,0.0,2,0,0.0002897771523345569,-0.0,0.002940174080170132,0.0,False,0,0.0,False,0,terminal,0.8,получил 90 000 KZT от 1 плательщиков  исходящих переводов нет (глубина 3<4),9,0.25,0.2662,получил 90 000 KZT от 1 плательщиков  исходящих переводов нет (глубина 3<4) Кластер 9 (0 seed)  объём входящих 90 000 KZT.
100000008579978100,3,False,1,1,34000.0,77000.0,1,6,0.0002879550979686962,2.519128897108762e-21,0.002940174080170132,1.9549530448494444e-05,True,0,2.264705882352941,False,0,peripheral,0.15,"низкая активность: 1 вх./1 исх. плательщиков/получателей, без выраженного паттерна",9,0.1,0.1766,"низкая активность: 1 вх./1 исх. плательщиков/получателей, без выраженного паттерна Кластер 9 (0 seed)  объём входящих 34 000 KZT."
100000001549194100,3,False,1,0,46500.0,0.0,1,0,0.00030005743697336266,-0.0,2.4413790383031235e-05,0.0,False,0,0.0,False,0,terminal,0.8,получил 46 500 KZT от 1 плательщиков  исходящих переводов нет (глубина 3<4),0,0.25,0.2554,получил 46 500 KZT от 1 плательщиков  исходящих переводов нет (глубина 3<4) Кластер 0 (0 seed)  объём входящих 46 500 KZT.
100000001427082100,3,False,1,5,5000.0,124900.0,1,6,0.00044117104497771954,-8.651943686031719e-19,1.5063015512292409e-19,7.981045420210103e-05,True,0,24.98,False,0,peripheral,0.15,"низкая активность: 1 вх./5 исх. плательщиков/получателей, без выраженного паттерна",46,0.1,0.1461,"низкая активность: 1 вх./5 исх. плательщиков/получателей, без выраженного паттерна Кластер 46 (0 seed)  объём входящих 5 000 KZT."
100000004657034100,3,False,1,0,141250.0,0.0,1,0,0.00029144465744617055,-0.0,0.002940174080170132,0.0,False,0,0.0,False,0,terminal,0.8,получил 141 250 KZT от 1 плательщиков  исходящих переводов нет (глубина 3<4),9,0.25,0.2735,получил 141 250 KZT от 1 плательщиков  исходящих переводов нет (глубина 3<4) Кластер 9 (0 seed)  объём входящих 141 250 KZT.
100000003796063100,3,False,1,15,35000.0,959150.0,1,23,0.0006881991948261153,0.002595779487854483,2.1515829268053266e-19,0.001346700643884947,True,0,27.404285714285713,False,2,coordinator,0.88,"связан с 2 seed-клиентами напрямую, betweenness=0.001, точка сочленения сети",9,1.0,0.6021,"связан с 2 seed-клиентами напрямую, betweenness=0.001, точка сочленения сети Кластер 9 (0 seed)  объём входящих 35 000 KZT."
100000005268319100,3,False,1,5,19712.8,91000.0,2,10,0.0002949523140243929,0.0002980233001288045,0.0006428156846267558,3.9905227101050515e-05,True,0,4.6162899232985675,False,0,peripheral,0.15,"низкая активность: 1 вх./5 исх. плательщиков/получателей, без выраженного паттерна",8,0.1,0.168,"низкая активность: 1 вх./5 исх. плательщиков/получателей, без выраженного паттерна Кластер 8 (1 seed)  объём входящих 19 713 KZT."
100000008744799100,3,False,1,0,12600.0,0.0,1,0,0.000288823528485167,-0.0,-1.1342661239262463e-17,0.0,False,1,0.0,False,0,terminal,0.8,получил 12 600 KZT от 1 плательщиков  исходящих переводов нет (глубина 3<4),38,0.25,0.2341,получил 12 600 KZT от 1 плательщиков  исходящих переводов нет (глубина 3<4) Кластер 38 (1 seed)  объём входящих 12 600 KZT.
100000008677215100,3,False,1,0,9000.0,0.0,1,0,0.0003058013660668003,-0.0,3.1978736962160758e-06,0.0,False,0,0.0,False,0,terminal,0.8,получил 9 000 KZT от 1 плательщиков  исходящих переводов нет (глубина 3<4),11,0.25,0.2286,получил 9 000 KZT от 1 плательщиков  исходящих переводов нет (глубина 3<4) Кластер 11 (0 seed)  объём входящих 9 000 KZT.
100000007593823100,3,False,3,13,25000.0,162900.0,3,21,0.0002918918938196877,0.0014877923405594415,0.004303149176099709,1.9347988897479037e-05,True,0,6.516,False,0,peripheral,0.15,"низкая активность: 3 вх./13 исх. плательщиков/получателей, без выраженного паттерна",8,0.1,0.1715,"низкая активность: 3 вх./13 исх. плательщиков/получателей, без выраженного паттерна Кластер 8 (1 seed)  объём входящих 25 000 KZT."
100000001282143100,3,False,5,0,1700000.0,0.0,6,0,0.00040353415108230583,-0.0,7.82261991891976e-06,0.0,False,0,0.0,False,0,consolidator,0.5,получает от 5 разных плательщиков (1 700 000 KZT)  отдаёт дальше 0% полученного,48,0.9,0.4141,получает от 5 разных плательщиков (1 700 000 KZT)  отдаёт дальше 0% полученного Кластер 48 (0 seed)  объём входящих 1 700 000 KZT.
100000008029279100,3,False,1,0,17000.0,0.0,1,0,0.0002903215349601444,-0.0,0.0016044117981357413,0.0,False,0,0.0,False,0,terminal,0.8,получил 17 000 KZT от 1 плательщиков  исходящих переводов нет (глубина 3<4),17,0.25,0.239,получил 17 000 KZT от 1 плательщиков  исходящих переводов нет (глубина 3<4) Кластер 17 (0 seed)  объём входящих 17 000 KZT.
100000000594783100,3,False,1,2,2635000.0,152500.0,10,2,0.0014014693873001087,6.015859483587542e-20,-1.6282995960714016e-20,0.0,False,0,0.05787476280834915,False,0,peripheral,0.15,"низкая активность: 1 вх./2 исх. плательщиков/получателей, без выраженного паттерна",63,0.1,0.2473,"низкая активность: 1 вх./2 исх. плательщиков/получателей, без выраженного паттерна Кластер 63 (1 seed)  объём входящих 2 635 000 KZT."
100000002705460100,3,False,1,0,95000.0,0.0,1,0,0.0005601353161872996,-0.0,1.686779082747354e-05,0.0,False,0,0.0,False,0,terminal,0.8,получил 95 000 KZT от 1 плательщиков  исходящих переводов нет (глубина 3<4),2,0.25,0.267,получил 95 000 KZT от 1 плательщиков  исходящих переводов нет (глубина 3<4) Кластер 2 (7 seed)  объём входящих 95 000 KZT.
100000002952756100,3,False,1,0,47000.0,0.0,1,0,0.0003693378412493598,-0.0,2.4631368116540833e-07,0.0,False,0,0.0,False,0,terminal,0.8,получил 47 000 KZT от 1 плательщиков  исходящих переводов нет (глубина 3<4),29,0.25,0.2556,получил 47 000 KZT от 1 плательщиков  исходящих переводов нет (глубина 3<4) Кластер 29 (0 seed)  объём входящих 47 000 KZT.
100000004634420100,3,False,1,0,26150.0,0.0,1,0,0.0002909470907332539,-0.0,-1.1342661239262463e-17,0.0,False,1,0.0,False,0,terminal,0.8,получил 26 150 KZT от 1 плательщиков  исходящих переводов нет (глубина 3<4),38,0.25,0.246,получил 26 150 KZT от 1 плательщиков  исходящих переводов нет (глубина 3<4) Кластер 38 (1 seed)  объём входящих 26 150 KZT.
100000000583220100,3,False,1,1,5000.0,761255.0,1,4,0.00029944454409515576,8.383658804715554e-20,4.259946144306409e-08,1.9952613550525257e-05,True,0,152.251,False,0,peripheral,0.15,"низкая активность: 1 вх./1 исх. плательщиков/получателей, без выраженного паттерна",50,0.1,0.1453,"низкая активность: 1 вх./1 исх. плательщиков/получателей, без выраженного паттерна Кластер 50 (0 seed)  объём входящих 5 000 KZT."
100000003286537100,3,False,2,0,153000.0,0.0,2,0,0.00030244091776767475,-0.0,3.2423626598748887e-06,0.0,False,0,0.0,False,0,terminal,0.8,получил 153 000 KZT от 2 плательщиков  исходящих переводов нет (глубина 3<4),32,0.25,0.2748,получил 153 000 KZT от 2 плательщиков  исходящих переводов нет (глубина 3<4) Кластер 32 (0 seed)  объём входящих 153 000 KZT.
100000002958345100,3,False,1,0,307000.0,0.0,1,0,0.0003015325037531885,-0.0,3.7941363435728165e-07,0.0,False,0,0.0,False,0,terminal,0.8,получил 307 000 KZT от 1 плательщиков  исходящих переводов нет (глубина 3<4),48,0.25,0.2862,получил 307 000 KZT от 1 плательщиков  исходящих переводов нет (глубина 3<4) Кластер 48 (0 seed)  объём входящих 307 000 KZT.
100000005055454100,3,False,1,0,6500.0,0.0,1,0,0.0005081136848480627,-0.0,2.492574571194927e-19,0.0,False,15,0.0,False,0,terminal,0.8,получил 6 500 KZT от 1 плательщиков  исходящих переводов нет (глубина 3<4),37,0.25,0.2233,получил 6 500 KZT от 1 плательщиков  исходящих переводов нет (глубина 3<4) Кластер 37 (1 seed)  объём входящих 6 500 KZT.
100000008738526100,3,False,1,1,15000.0,140000.0,1,1,0.00028873979765859655,2.737859263874831e-19,1.2902818407787472e-06,2.1766487509663916e-05,True,0,9.333333333333334,False,0,peripheral,0.15,"низкая активность: 1 вх./1 исх. плательщиков/получателей, без выраженного паттерна",21,0.1,0.1632,"низкая активность: 1 вх./1 исх. плательщиков/получателей, без выраженного паттерна Кластер 21 (0 seed)  объём входящих 15 000 KZT."
100000001298099100,3,False,1,0,19000.0,0.0,1,0,0.00029395757043285375,-0.0,6.407022407304071e-07,0.0,False,0,0.0,False,0,terminal,0.8,получил 19 000 KZT от 1 плательщиков  исходящих переводов нет (глубина 3<4),29,0.25,0.2408,получил 19 000 KZT от 1 плательщиков  исходящих переводов нет (глубина 3<4) Кластер 29 (0 seed)  объём входящих 19 000 KZT.
100000006491272100,3,False,1,0,26200.0,0.0,1,0,0.0002909549267563096,-0.0,-1.1342661239262463e-17,0.0,False,1,0.0,False,0,terminal,0.8,получил 26 200 KZT от 1 плательщиков  исходящих переводов нет (глубина 3<4),38,0.25,0.246,получил 26 200 KZT от 1 плательщиков  исходящих переводов нет (глубина 3<4) Кластер 38 (1 seed)  объём входящих 26 200 KZT.
100000000552584100,3,False,1,1,2500000.0,57500.0,3,1,0.00134436359130604,9.528736566547546e-20,-1.6282995960714016e-20,0.0,False,0,0.023,False,0,peripheral,0.15,"низкая активность: 1 вх./1 исх. плательщиков/получателей, без выраженного паттерна",63,0.1,0.2464,"низкая активность: 1 вх./1 исх. плательщиков/получателей, без выраженного паттерна Кластер 63 (1 seed)  объём входящих 2 500 000 KZT."
100000005187208100,3,False,1,0,14160.0,0.0,1,0,0.0003133607963492508,-0.0,0.00010694239102769263,0.0,False,0,0.0,False,0,terminal,0.8,получил 14 160 KZT от 1 плательщиков  исходящих переводов нет (глубина 3<4),9,0.25,0.236,получил 14 160 KZT от 1 плательщиков  исходящих переводов нет (глубина 3<4) Кластер 9 (0 seed)  объём входящих 14 160 KZT.
100000003528285100,3,False,4,4,118870.0,548000.0,5,6,0.00040605928275039147,0.0006432388314909925,0.004721828211159678,9.029061485490217e-05,True,0,4.6100782367292,False,1,peripheral,0.15,"низкая активность: 4 вх./4 исх. плательщиков/получателей, без выраженного паттерна",15,0.1,0.228,"низкая активность: 4 вх./4 исх. плательщиков/получателей, без выраженного паттерна Кластер 15 (5 seed)  объём входящих 118 870 KZT."
100000001484381100,3,False,2,0,95585.0,0.0,4,0,0.00032273403956322843,-0.0,3.398976211823421e-06,0.0,False,0,0.0,False,0,terminal,0.8,получил 95 585 KZT от 2 плательщиков  исходящих переводов нет (глубина 3<4),29,0.25,0.2671,получил 95 585 KZT от 2 плательщиков  исходящих переводов нет (глубина 3<4) Кластер 29 (0 seed)  объём входящих 95 585 KZT.
100000002508637100,3,False,1,1,306410.0,8000.0,1,1,0.0003087634022713054,8.169693621552126e-21,7.936044353374565e-05,8.061662040616265e-07,True,0,0.02610880845925394,False,0,peripheral,0.15,"низкая активность: 1 вх./1 исх. плательщиков/получателей, без выраженного паттерна",17,0.1,0.2122,"низкая активность: 1 вх./1 исх. плательщиков/получателей, без выраженного паттерна Кластер 17 (0 seed)  объём входящих 306 410 KZT."
100000003149149100,3,False,1,0,245000.0,0.0,1,0,0.0002948203385257786,-0.0,0.002940174080170132,0.0,False,0,0.0,False,0,terminal,0.8,получил 245 000 KZT от 1 плательщиков  исходящих переводов нет (глубина 3<4),9,0.25,0.2825,получил 245 000 KZT от 1 плательщиков  исходящих переводов нет (глубина 3<4) Кластер 9 (0 seed)  объём входящих 245 000 KZT.
100000001538095100,3,False,2,0,280000.0,0.0,2,0,0.0003316052210015492,-0.0,3.0512336499080186e-06,0.0,False,0,0.0,False,0,terminal,0.8,получил 280 000 KZT от 2 плательщиков  исходящих переводов нет (глубина 3<4),48,0.25,0.2847,получил 280 000 KZT от 2 плательщиков  исходящих переводов нет (глубина 3<4) Кластер 48 (0 seed)  объём входящих 280 000 KZT.
100000008695133100,3,False,1,0,36610.0,0.0,1,0,0.00029258638675650037,-0.0,-1.1342661239262463e-17,0.0,False,1,0.0,False,0,terminal,0.8,получил 36 610 KZT от 1 плательщиков  исходящих переводов нет (глубина 3<4),38,0.25,0.2515,получил 36 610 KZT от 1 плательщиков  исходящих переводов нет (глубина 3<4) Кластер 38 (1 seed)  объём входящих 36 610 KZT.
100000008749405100,3,False,1,0,37150.0,0.0,1,0,0.00029267101580550165,-0.0,-1.1342661239262463e-17,0.0,False,1,0.0,False,0,terminal,0.8,получил 37 150 KZT от 1 плательщиков  исходящих переводов нет (глубина 3<4),38,0.25,0.2517,получил 37 150 KZT от 1 плательщиков  исходящих переводов нет (глубина 3<4) Кластер 38 (1 seed)  объём входящих 37 150 KZT.
100000005815602100,3,False,1,1,20000.0,165000.0,1,1,0.0005545821449232087,-3.2783275167865346e-20,-3.8439467239950995e-19,1.975107199950985e-05,True,0,8.25,False,0,peripheral,0.15,"низкая активность: 1 вх./1 исх. плательщиков/получателей, без выраженного паттерна",2,0.1,0.1679,"низкая активность: 1 вх./1 исх. плательщиков/получателей, без выраженного паттерна Кластер 2 (7 seed)  объём входящих 20 000 KZT."
100000006641671100,3,False,2,1,22000.0,25000.0,2,3,0.0004419288909384838,1.025004292272705e-05,0.0016549922964933456,1.975107199950985e-05,False,0,1.1363636363636365,False,0,transit,0.864,"получает от 2, передаёт 1; pass-through 1.14 — деньги не задерживаются",17,0.35,0.2844,"получает от 2, передаёт 1; pass-through 1.14 — деньги не задерживаются Кластер 17 (0 seed)  объём входящих 22 000 KZT."
100000002945031100,3,False,1,0,15000.0,0.0,1,0,0.0002924242452927986,-0.0,0.00025946008779307493,0.0,False,0,0.0,False,0,terminal,0.8,получил 15 000 KZT от 1 плательщиков  исходящих переводов нет (глубина 3<4),31,0.25,0.2369,получил 15 000 KZT от 1 плательщиков  исходящих переводов нет (глубина 3<4) Кластер 31 (3 seed)  объём входящих 15 000 KZT.
100000003497735100,3,False,1,0,125000.0,0.0,1,0,0.0003083147121575591,-0.0,8.448073393743472e-05,0.0,False,0,0.0,False,0,terminal,0.8,получил 125 000 KZT от 1 плательщиков  исходящих переводов нет (глубина 3<4),49,0.25,0.2715,получил 125 000 KZT от 1 плательщиков  исходящих переводов нет (глубина 3<4) Кластер 49 (1 seed)  объём входящих 125 000 KZT.
100000004644615100,3,False,1,2,50810.0,379665.0,1,14,0.0003760247147405893,-1.7289571284510575e-19,2.4631368116540833e-07,1.2092493060924398e-06,True,0,7.472249557173785,False,0,peripheral,0.15,"низкая активность: 1 вх./2 исх. плательщиков/получателей, без выраженного паттерна",29,0.1,0.1828,"низкая активность: 1 вх./2 исх. плательщиков/получателей, без выраженного паттерна Кластер 29 (0 seed)  объём входящих 50 810 KZT."
100000002755292100,3,False,1,0,203400.0,0.0,1,0,0.00029346681242542493,-0.0,0.002940174080170132,0.0,False,0,0.0,False,0,terminal,0.8,получил 203 400 KZT от 1 плательщиков  исходящих переводов нет (глубина 3<4),9,0.25,0.2795,получил 203 400 KZT от 1 плательщиков  исходящих переводов нет (глубина 3<4) Кластер 9 (0 seed)  объём входящих 203 400 KZT.
100000005142492100,3,False,1,1,10000.0,57000.0,1,1,0.0019364373419465083,1.3505684297644743e-05,2.5287769696515593e-19,0.0,False,0,5.7,False,0,peripheral,0.15,"низкая активность: 1 вх./1 исх. плательщиков/получателей, без выраженного паттерна",1,0.1,0.1563,"низкая активность: 1 вх./1 исх. плательщиков/получателей, без выраженного паттерна Кластер 1 (3 seed)  объём входящих 10 000 KZT."
100000002893020100,3,False,1,0,18340.0,0.0,1,0,0.0002937106359570594,-0.0,6.407022407304071e-07,0.0,False,0,0.0,False,0,terminal,0.8,получил 18 340 KZT от 1 плательщиков  исходящих переводов нет (глубина 3<4),29,0.25,0.2402,получил 18 340 KZT от 1 плательщиков  исходящих переводов нет (глубина 3<4) Кластер 29 (0 seed)  объём входящих 18 340 KZT.
100000004500444100,3,False,2,1,180000.0,74000.0,7,5,0.0004664881535312954,-3.686402834467573e-20,2.4610560408910022e-05,1.975107199950985e-05,True,0,0.4111111111111111,False,0,peripheral,0.15,"низкая активность: 2 вх./1 исх. плательщиков/получателей, без выраженного паттерна",0,0.1,0.2038,"низкая активность: 2 вх./1 исх. плательщиков/получателей, без выраженного паттерна Кластер 0 (0 seed)  объём входящих 180 000 KZT."
100000008454065100,3,False,1,0,24050.0,0.0,1,0,0.0002936803883197036,-0.0,2.4413790383031235e-05,0.0,False,0,0.0,False,0,terminal,0.8,получил 24 050 KZT от 1 плательщиков  исходящих переводов нет (глубина 3<4),0,0.25,0.2446,получил 24 050 KZT от 1 плательщиков  исходящих переводов нет (глубина 3<4) Кластер 0 (0 seed)  объём входящих 24 050 KZT.
100000008416433100,3,False,1,0,20000.0,0.0,1,0,0.0002925299630614711,-0.0,2.4413790383031235e-05,0.0,False,0,0.0,False,0,terminal,0.8,получил 20 000 KZT от 1 плательщиков  исходящих переводов нет (глубина 3<4),0,0.25,0.2416,получил 20 000 KZT от 1 плательщиков  исходящих переводов нет (глубина 3<4) Кластер 0 (0 seed)  объём входящих 20 000 KZT.
100000005265073100,3,False,1,1,5000.0,9000.0,1,1,0.00030046266182776526,-2.863703884709723e-19,1.0303697761788393e-06,2.1363404407633102e-05,True,0,1.8,False,0,peripheral,0.15,"низкая активность: 1 вх./1 исх. плательщиков/получателей, без выраженного паттерна",25,0.1,0.1453,"низкая активность: 1 вх./1 исх. плательщиков/получателей, без выраженного паттерна Кластер 25 (14 seed)  объём входящих 5 000 KZT."
100000006734214100,3,False,5,3,610000.0,36000.0,10,4,0.0006089813456116862,-1.0519023844205936e-18,0.008009424579136514,6.046246530462199e-05,True,0,0.05901639344262295,False,0,consolidator,0.5,получает от 5 разных плательщиков (610 000 KZT)  отдаёт дальше 6% полученного,9,0.9,0.3983,получает от 5 разных плательщиков (610 000 KZT)  отдаёт дальше 6% полученного Кластер 9 (0 seed)  объём входящих 610 000 KZT.
100000002611334100,3,False,1,1,48288.0,15500.0,1,1,0.00030669889928359664,-6.374531808657586e-20,0.0006428156846267558,1.9549530448494444e-05,True,0,0.3209907223326706,False,0,peripheral,0.15,"низкая активность: 1 вх./1 исх. плательщиков/получателей, без выраженного паттерна",8,0.1,0.1823,"низкая активность: 1 вх./1 исх. плательщиков/получателей, без выраженного паттерна Кластер 8 (1 seed)  объём входящих 48 288 KZT."
100000006225798100,3,False,3,2,722000.0,26300.0,4,2,0.0003615536458408232,7.770801429329353e-21,0.006079300361165018,3.909906089698889e-05,True,0,0.03642659279778394,False,0,peripheral,0.15,"низкая активность: 3 вх./2 исх. плательщиков/получателей, без выраженного паттерна",41,0.1,0.2267,"низкая активность: 3 вх./2 исх. плательщиков/получателей, без выраженного паттерна Кластер 41 (0 seed)  объём входящих 722 000 KZT."
100000002849158100,3,False,3,1,723000.0,1313000.0,3,3,0.0003377410135067868,-1.896020261386486e-19,7.907222096635141e-06,2.3177278366771764e-05,True,0,1.8160442600276625,False,0,peripheral,0.15,"низкая активность: 3 вх./1 исх. плательщиков/получателей, без выраженного паттерна",32,0.1,0.2265,"низкая активность: 3 вх./1 исх. плательщиков/получателей, без выраженного паттерна Кластер 32 (0 seed)  объём входящих 723 000 KZT."
100000008686214100,3,False,1,0,25000.0,0.0,1,0,0.00029905883085663517,-0.0,0.00012159928474839176,0.0,False,0,0.0,False,0,terminal,0.8,получил 25 000 KZT от 1 плательщиков  исходящих переводов нет (глубина 3<4),17,0.25,0.2453,получил 25 000 KZT от 1 плательщиков  исходящих переводов нет (глубина 3<4) Кластер 17 (0 seed)  объём входящих 25 000 KZT.
100000004931931100,3,False,1,1,23938.0,45000.0,1,1,0.0002931182678809276,9.091547573290143e-20,0.0011379074330901365,1.9549530448494444e-05,True,0,1.8798562954298605,False,0,peripheral,0.15,"низкая активность: 1 вх./1 исх. плательщиков/получателей, без выраженного паттерна",8,0.1,0.1708,"низкая активность: 1 вх./1 исх. плательщиков/получателей, без выраженного паттерна Кластер 8 (1 seed)  объём входящих 23 938 KZT."
100000007510875100,3,False,1,0,5000.0,0.0,1,0,0.00035791700916737245,-0.0,1.8482033469492534e-07,0.0,False,0,0.0,False,0,terminal,0.8,получил 5 000 KZT от 1 плательщиков  исходящих переводов нет (глубина 3<4),24,0.25,0.219,получил 5 000 KZT от 1 плательщиков  исходящих переводов нет (глубина 3<4) Кластер 24 (2 seed)  объём входящих 5 000 KZT.
100000005233755100,3,False,1,1,25000.0,5000.0,1,1,0.0002929125337123526,-1.8018271143780348e-20,0.0004659018150489363,1.9549530448494444e-05,True,0,0.2,False,0,peripheral,0.15,"низкая активность: 1 вх./1 исх. плательщиков/получателей, без выраженного паттерна",41,0.1,0.1715,"низкая активность: 1 вх./1 исх. плательщиков/получателей, без выраженного паттерна Кластер 41 (0 seed)  объём входящих 25 000 KZT."
100000008042075100,3,False,1,0,5000.0,0.0,1,0,0.0002932622491795616,-0.0,-7.25988230588865e-20,0.0,False,0,0.0,False,0,terminal,0.8,получил 5 000 KZT от 1 плательщиков  исходящих переводов нет (глубина 3<4),63,0.25,0.219,получил 5 000 KZT от 1 плательщиков  исходящих переводов нет (глубина 3<4) Кластер 63 (1 seed)  объём входящих 5 000 KZT.
100000001680944100,3,False,1,0,393000.0,0.0,1,0,0.00034712341761991165,-0.0,3.559127087403929e-07,0.0,False,0,0.0,False,0,terminal,0.8,получил 393 000 KZT от 1 плательщиков  исходящих переводов нет (глубина 3<4),21,0.25,0.2902,получил 393 000 KZT от 1 плательщиков  исходящих переводов нет (глубина 3<4) Кластер 21 (0 seed)  объём входящих 393 000 KZT.
100000008417029100,3,False,1,0,100000.0,0.0,1,0,0.00030799897483041103,-0.0,9.056546053530852e-08,0.0,False,0,0.0,False,0,terminal,0.8,получил 100 000 KZT от 1 плательщиков  исходящих переводов нет (глубина 3<4),32,0.25,0.2679,получил 100 000 KZT от 1 плательщиков  исходящих переводов нет (глубина 3<4) Кластер 32 (0 seed)  объём входящих 100 000 KZT.
100000004975919100,3,False,1,2,22351.0,15000.0,1,2,0.00029141461340773675,1.5038483613676861e-19,0.0016044117981357413,3.909906089698889e-05,True,0,0.6711109122634334,False,0,peripheral,0.15,"низкая активность: 1 вх./2 исх. плательщиков/получателей, без выраженного паттерна",17,0.1,0.17,"низкая активность: 1 вх./2 исх. плательщиков/получателей, без выраженного паттерна Кластер 17 (0 seed)  объём входящих 22 351 KZT."
100000003087877100,3,False,1,0,91486.0,0.0,1,0,0.0002933919617593942,-0.0,7.936044353374565e-05,0.0,False,0,0.0,False,0,terminal,0.8,получил 91 486 KZT от 1 плательщиков  исходящих переводов нет (глубина 3<4),17,0.25,0.2664,получил 91 486 KZT от 1 плательщиков  исходящих переводов нет (глубина 3<4) Кластер 17 (0 seed)  объём входящих 91 486 KZT.
100000008295429100,3,False,1,0,352000.0,0.0,1,0,0.00029830176383197684,-0.0,0.002940174080170132,0.0,False,0,0.0,False,0,terminal,0.8,получил 352 000 KZT от 1 плательщиков  исходящих переводов нет (глубина 3<4),9,0.25,0.2884,получил 352 000 KZT от 1 плательщиков  исходящих переводов нет (глубина 3<4) Кластер 9 (0 seed)  объём входящих 352 000 KZT.
100000003254277100,3,False,1,1,49200.0,44997.0,1,1,0.00028963138271943426,-8.594259624443907e-20,0.002905781655216498,1.9549530448494444e-05,True,0,0.9145731707317073,False,0,transit,0.915,"получает от 1, передаёт 1; pass-through 0.91 — деньги не задерживаются",8,0.35,0.3047,"получает от 1, передаёт 1; pass-through 0.91 — деньги не задерживаются Кластер 8 (1 seed)  объём входящих 49 200 KZT."
100000005314565100,3,False,1,0,218500.0,0.0,3,0,0.0003766690051845033,-0.0,0.0006428156846267558,0.0,False,0,0.0,False,0,terminal,0.8,получил 218 500 KZT от 1 плательщиков  исходящих переводов нет (глубина 3<4),8,0.25,0.2806,получил 218 500 KZT от 1 плательщиков  исходящих переводов нет (глубина 3<4) Кластер 8 (1 seed)  объём входящих 218 500 KZT.
100000002951898100,3,False,1,0,39990.0,0.0,1,0,0.00029820823489161115,-0.0,2.4413790383031235e-05,0.0,False,0,0.0,False,0,terminal,0.8,получил 39 990 KZT от 1 плательщиков  исходящих переводов нет (глубина 3<4),0,0.25,0.2529,получил 39 990 KZT от 1 плательщиков  исходящих переводов нет (глубина 3<4) Кластер 0 (0 seed)  объём входящих 39 990 KZT.
100000001009583100,3,False,1,0,393740.0,0.0,1,0,0.00029965984506824517,-0.0,0.002940174080170132,0.0,False,0,0.0,False,0,terminal,0.8,получил 393 740 KZT от 1 плательщиков  исходящих переводов нет (глубина 3<4),9,0.25,0.2902,получил 393 740 KZT от 1 плательщиков  исходящих переводов нет (глубина 3<4) Кластер 9 (0 seed)  объём входящих 393 740 KZT.
100000004064431100,3,False,1,1,26000.0,10000.0,1,1,0.0002923557506606153,-4.829551446064817e-20,-2.328949408214787e-22,1.0077077550770332e-06,True,4,0.38461538461538464,False,0,peripheral,0.15,"низкая активность: 1 вх./1 исх. плательщиков/получателей, без выраженного паттерна",44,0.1,0.1719,"низкая активность: 1 вх./1 исх. плательщиков/получателей, без выраженного паттерна Кластер 44 (1 seed)  объём входящих 26 000 KZT."
100000001927599100,3,False,2,0,188000.0,0.0,2,0,0.0003287099192214552,-0.0,6.97599358648972e-07,0.0,False,0,0.0,False,0,terminal,0.8,получил 188 000 KZT от 2 плательщиков  исходящих переводов нет (глубина 3<4),29,0.25,0.2782,получил 188 000 KZT от 2 плательщиков  исходящих переводов нет (глубина 3<4) Кластер 29 (0 seed)  объём входящих 188 000 KZT.
100000007737775100,3,False,1,0,6000.0,0.0,1,0,0.0003044690118995227,-0.0,9.97780955066555e-07,0.0,False,0,0.0,False,0,terminal,0.8,получил 6 000 KZT от 1 плательщиков  исходящих переводов нет (глубина 3<4),5,0.25,0.222,получил 6 000 KZT от 1 плательщиков  исходящих переводов нет (глубина 3<4) Кластер 5 (1 seed)  объём входящих 6 000 KZT.
100000003157679100,3,False,4,0,541000.0,0.0,4,0,0.00037450565257694167,-0.0,1.9589302316771496e-06,0.0,False,0,0.0,False,0,terminal,0.8,получил 541 000 KZT от 4 плательщиков  исходящих переводов нет (глубина 3<4),32,0.25,0.2954,получил 541 000 KZT от 4 плательщиков  исходящих переводов нет (глубина 3<4) Кластер 32 (0 seed)  объём входящих 541 000 KZT.
100000001229743100,3,False,1,1,7000.0,9000.0,1,1,0.00028972638422921363,-3.36061180532011e-19,0.0006428156846267558,1.9549530448494444e-05,True,0,1.2857142857142858,False,0,peripheral,0.15,"низкая активность: 1 вх./1 исх. плательщиков/получателей, без выраженного паттерна",8,0.1,0.1508,"низкая активность: 1 вх./1 исх. плательщиков/получателей, без выраженного паттерна Кластер 8 (1 seed)  объём входящих 7 000 KZT."
100000003795588100,3,False,1,0,400000.0,0.0,2,0,0.00032246593786746655,-0.0,0.0011319384436485965,0.0,False,0,0.0,False,0,terminal,0.8,получил 400 000 KZT от 1 плательщиков  исходящих переводов нет (глубина 3<4),8,0.25,0.2905,получил 400 000 KZT от 1 плательщиков  исходящих переводов нет (глубина 3<4) Кластер 8 (1 seed)  объём входящих 400 000 KZT.
100000002301828100,3,False,1,0,46977.0,0.0,1,0,0.0002942734705263043,-0.0,0.00023334462577838847,0.0,False,0,0.0,False,0,terminal,0.8,получил 46 977 KZT от 1 плательщиков  исходящих переводов нет (глубина 3<4),41,0.25,0.2556,получил 46 977 KZT от 1 плательщиков  исходящих переводов нет (глубина 3<4) Кластер 41 (0 seed)  объём входящих 46 977 KZT.
100000005409156100,3,False,2,0,260080.0,0.0,2,0,0.0004257878959058123,-0.0,0.003047116471197824,0.0,False,0,0.0,False,0,terminal,0.8,получил 260 080 KZT от 2 плательщиков  исходящих переводов нет (глубина 3<4),9,0.25,0.2835,получил 260 080 KZT от 2 плательщиков  исходящих переводов нет (глубина 3<4) Кластер 9 (0 seed)  объём входящих 260 080 KZT.
100000002513028100,3,False,1,3,9500.0,332709.0,1,24,0.00030695955204750394,-2.6207854891553393e-20,2.389128423542093e-05,6.167171461071443e-05,True,0,35.022,False,0,peripheral,0.15,"низкая активность: 1 вх./3 исх. плательщиков/получателей, без выраженного паттерна",67,0.1,0.1564,"низкая активность: 1 вх./3 исх. плательщиков/получателей, без выраженного паттерна Кластер 67 (0 seed)  объём входящих 9 500 KZT."
100000003218308100,3,False,1,0,11165.0,0.0,1,0,0.0002874802931603933,-0.0,0.002905781655216498,0.0,False,0,0.0,False,0,terminal,0.8,получил 11 165 KZT от 1 плательщиков  исходящих переводов нет (глубина 3<4),8,0.25,0.2321,получил 11 165 KZT от 1 плательщиков  исходящих переводов нет (глубина 3<4) Кластер 8 (1 seed)  объём входящих 11 165 KZT.
100000008489604100,3,False,1,0,11000.0,0.0,1,0,0.0002885727757473855,-0.0,-1.1342661239262463e-17,0.0,False,1,0.0,False,0,terminal,0.8,получил 11 000 KZT от 1 плательщиков  исходящих переводов нет (глубина 3<4),38,0.25,0.2319,получил 11 000 KZT от 1 плательщиков  исходящих переводов нет (глубина 3<4) Кластер 38 (1 seed)  объём входящих 11 000 KZT.
100000004450649100,3,False,2,2,192528.0,46527.0,2,2,0.0003002894422648266,0.0005807834290096188,0.003024654814107566,6.791950269219203e-05,True,0,0.24166355023684866,False,1,peripheral,0.15,"низкая активность: 2 вх./2 исх. плательщиков/получателей, без выраженного паттерна",9,0.1,0.2355,"низкая активность: 2 вх./2 исх. плательщиков/получателей, без выраженного паттерна Кластер 9 (0 seed)  объём входящих 192 528 KZT."
100000008767065100,3,False,1,0,10000.0,0.0,1,0,0.00028838255466864354,-0.0,3.559127087403929e-07,0.0,False,0,0.0,False,0,terminal,0.8,получил 10 000 KZT от 1 плательщиков  исходящих переводов нет (глубина 3<4),21,0.25,0.2303,получил 10 000 KZT от 1 плательщиков  исходящих переводов нет (глубина 3<4) Кластер 21 (0 seed)  объём входящих 10 000 KZT.
100000003035737100,3,False,2,1,809170.0,6544.53,3,1,0.0003804662536680149,-1.1224386160701598e-19,0.003070454457890711,1.9549530448494444e-05,True,0,0.008087954323566123,False,0,peripheral,0.15,"низкая активность: 2 вх./1 исх. плательщиков/получателей, без выраженного паттерна",9,0.1,0.2283,"низкая активность: 2 вх./1 исх. плательщиков/получателей, без выраженного паттерна Кластер 9 (0 seed)  объём входящих 809 170 KZT."
100000002748761100,3,False,1,0,796800.0,0.0,3,0,0.00032495938739367453,-0.0,3.7941363435728165e-07,0.0,False,0,0.0,False,0,terminal,0.8,получил 796 800 KZT от 1 плательщиков  исходящих переводов нет (глубина 3<4),48,0.25,0.3017,получил 796 800 KZT от 1 плательщиков  исходящих переводов нет (глубина 3<4) Кластер 48 (0 seed)  объём входящих 796 800 KZT.
100000008432942100,3,False,1,0,44542.0,0.0,2,0,0.0002893679470636958,-0.0,0.002905781655216498,0.0,False,0,0.0,False,0,terminal,0.8,получил 44 542 KZT от 1 плательщиков  исходящих переводов нет (глубина 3<4),8,0.25,0.2547,получил 44 542 KZT от 1 плательщиков  исходящих переводов нет (глубина 3<4) Кластер 8 (1 seed)  объём входящих 44 542 KZT.
100000004278574100,3,False,1,1,25000.0,12500.0,1,1,0.00028766226780275425,2.030262741774319e-20,0.002940174080170132,1.9549530448494444e-05,True,0,0.5,False,0,peripheral,0.15,"низкая активность: 1 вх./1 исх. плательщиков/получателей, без выраженного паттерна",9,0.1,0.1715,"низкая активность: 1 вх./1 исх. плательщиков/получателей, без выраженного паттерна Кластер 9 (0 seed)  объём входящих 25 000 KZT."
100000000926766100,3,False,1,1,18750.0,6000.0,1,1,0.00031935485946294866,8.933928361497922e-09,2.5006817420101315e-06,0.0,False,0,0.32,False,0,peripheral,0.15,"низкая активность: 1 вх./1 исх. плательщиков/получателей, без выраженного паттерна",51,0.1,0.1666,"низкая активность: 1 вх./1 исх. плательщиков/получателей, без выраженного паттерна Кластер 51 (0 seed)  объём входящих 18 750 KZT."
100000008661550100,3,False,1,0,22800.0,0.0,1,0,0.000290422077188524,-0.0,-1.1342661239262463e-17,0.0,False,1,0.0,False,0,terminal,0.8,получил 22 800 KZT от 1 плательщиков  исходящих переводов нет (глубина 3<4),38,0.25,0.2438,получил 22 800 KZT от 1 плательщиков  исходящих переводов нет (глубина 3<4) Кластер 38 (1 seed)  объём входящих 22 800 KZT.
100000000783406100,3,False,1,0,6066.0,0.0,1,0,0.0002914935468693817,-0.0,-8.353301384468563e-20,0.0,False,0,0.0,False,0,terminal,0.8,получил 6 066 KZT от 1 плательщиков  исходящих переводов нет (глубина 3<4),34,0.25,0.2221,получил 6 066 KZT от 1 плательщиков  исходящих переводов нет (глубина 3<4) Кластер 34 (0 seed)  объём входящих 6 066 KZT.
100000008730371100,3,False,2,0,520000.0,0.0,3,0,0.0008619731961965355,-0.0,0.001140988686842935,0.0,False,0,0.0,False,0,terminal,0.8,получил 520 000 KZT от 2 плательщиков  исходящих переводов нет (глубина 3<4),8,0.25,0.2948,получил 520 000 KZT от 2 плательщиков  исходящих переводов нет (глубина 3<4) Кластер 8 (1 seed)  объём входящих 520 000 KZT.
100000002878467100,3,False,2,0,200000.0,0.0,2,0,0.00031580757064112635,-0.0,2.341315345775585e-06,0.0,False,0,0.0,False,0,terminal,0.8,получил 200 000 KZT от 2 плательщиков  исходящих переводов нет (глубина 3<4),32,0.25,0.2792,получил 200 000 KZT от 2 плательщиков  исходящих переводов нет (глубина 3<4) Кластер 32 (0 seed)  объём входящих 200 000 KZT.
100000003171587100,3,False,2,2,700000.0,431300.0,2,7,0.00031742126397983536,3.75855270786044e-20,0.0030195345237038775,3.95021439990197e-05,True,0,0.6161428571428571,False,0,peripheral,0.15,"низкая активность: 2 вх./2 исх. плательщиков/получателей, без выраженного паттерна",9,0.1,0.2262,"низкая активность: 2 вх./2 исх. плательщиков/получателей, без выраженного паттерна Кластер 9 (0 seed)  объём входящих 700 000 KZT."
100000002696152100,3,False,1,2,21800.0,69000.0,3,8,0.001210536121071214,7.71662677950496e-20,-3.851179021932582e-19,2.1766487509663916e-05,True,0,3.165137614678899,False,0,peripheral,0.15,"низкая активность: 1 вх./2 исх. плательщиков/получателей, без выраженного паттерна",5,0.1,0.1693,"низкая активность: 1 вх./2 исх. плательщиков/получателей, без выраженного паттерна Кластер 5 (1 seed)  объём входящих 21 800 KZT."
100000002109656100,3,False,1,0,500000.0,0.0,1,0,0.00031076359510193044,-0.0,3.7941363435728165e-07,0.0,False,0,0.0,False,0,terminal,0.8,получил 500 000 KZT от 1 плательщиков  исходящих переводов нет (глубина 3<4),48,0.25,0.2941,получил 500 000 KZT от 1 плательщиков  исходящих переводов нет (глубина 3<4) Кластер 48 (0 seed)  объём входящих 500 000 KZT.
100000001317336100,3,False,1,2,131196.0,1752000.0,1,3,0.0003453516896029726,-3.9758601632754744e-19,4.747355965046334e-05,4.071139330511214e-05,True,0,13.354065672733924,False,0,peripheral,0.15,"низкая активность: 1 вх./2 исх. плательщиков/получателей, без выраженного паттерна",12,0.1,0.1989,"низкая активность: 1 вх./2 исх. плательщиков/получателей, без выраженного паттерна Кластер 12 (0 seed)  объём входящих 131 196 KZT."
100000005222360100,3,False,1,1,5000.0,27000.0,1,1,0.000604212647324845,1.4913309642767482e-06,3.900277143980135e-19,0.0009629655307516129,False,0,5.4,False,0,peripheral,0.15,"низкая активность: 1 вх./1 исх. плательщиков/получателей, без выраженного паттерна",0,0.1,0.1588,"низкая активность: 1 вх./1 исх. плательщиков/получателей, без выраженного паттерна Кластер 0 (0 seed)  объём входящих 5 000 KZT."
100000001445848100,3,False,1,1,546000.0,351850.0,13,14,0.0007049174497613797,2.2189932694765544e-05,-8.353301384468563e-20,0.0,False,0,0.6444139194139195,False,0,peripheral,0.15,"низкая активность: 1 вх./1 исх. плательщиков/получателей, без выраженного паттерна",34,0.1,0.2216,"низкая активность: 1 вх./1 исх. плательщиков/получателей, без выраженного паттерна Кластер 34 (0 seed)  объём входящих 546 000 KZT."
100000008720856100,3,False,1,1,18105.0,46000.0,1,2,0.00032074706934955986,1.0424122876329721e-20,0.00010694239102769263,1.9952613550525257e-05,True,0,2.5407346037006353,False,0,peripheral,0.15,"низкая активность: 1 вх./1 исх. плательщиков/получателей, без выраженного паттерна",9,0.1,0.1663,"низкая активность: 1 вх./1 исх. плательщиков/получателей, без выраженного паттерна Кластер 9 (0 seed)  объём входящих 18 105 KZT."
100000002448088100,3,False,3,1,20000.0,25000.0,3,1,0.0005108708923550081,1.0136259395190073e-19,-1.0087986315917601e-19,2.1161862856617695e-05,True,0,1.25,False,0,peripheral,0.15,"низкая активность: 3 вх./1 исх. плательщиков/получателей, без выраженного паттерна",46,0.1,0.1679,"низкая активность: 3 вх./1 исх. плательщиков/получателей, без выраженного паттерна Кластер 46 (0 seed)  объём входящих 20 000 KZT."
100000003109805100,3,False,1,0,36929.0,0.0,1,0,0.0002926854044457857,-0.0,0.00023334462577838847,0.0,False,0,0.0,False,0,terminal,0.8,получил 36 929 KZT от 1 плательщиков  исходящих переводов нет (глубина 3<4),41,0.25,0.2516,получил 36 929 KZT от 1 плательщиков  исходящих переводов нет (глубина 3<4) Кластер 41 (0 seed)  объём входящих 36 929 KZT.
100000008223661100,3,False,2,5,202000.0,262580.0,2,5,0.00031607423562254443,0.0013472917058290543,2.341315345775585e-06,0.00035773625305234676,False,0,1.29990099009901,False,1,peripheral,0.15,"низкая активность: 2 вх./5 исх. плательщиков/получателей, без выраженного паттерна",32,0.1,0.2405,"низкая активность: 2 вх./5 исх. плательщиков/получателей, без выраженного паттерна Кластер 32 (0 seed)  объём входящих 202 000 KZT."
100000004096559100,3,False,1,0,46200.0,0.0,1,0,0.0009806039355939784,-0.0,1.7826485847846787e-19,0.0,False,0,0.0,False,0,terminal,0.8,получил 46 200 KZT от 1 плательщиков  исходящих переводов нет (глубина 3<4),24,0.25,0.2553,получил 46 200 KZT от 1 плательщиков  исходящих переводов нет (глубина 3<4) Кластер 24 (2 seed)  объём входящих 46 200 KZT.
100000002257794100,3,False,1,0,154000.0,0.0,1,0,0.0008642083851019645,-0.0,-2.0433173864742945e-19,0.0,False,4,0.0,False,0,terminal,0.8,получил 154 000 KZT от 1 плательщиков  исходящих переводов нет (глубина 3<4),44,0.25,0.2749,получил 154 000 KZT от 1 плательщиков  исходящих переводов нет (глубина 3<4) Кластер 44 (1 seed)  объём входящих 154 000 KZT.
100000003112578100,3,False,1,0,101080.0,0.0,1,0,0.0002916834554084582,-0.0,3.7941363435728165e-07,0.0,False,0,0.0,False,0,terminal,0.8,получил 101 080 KZT от 1 плательщиков  исходящих переводов нет (глубина 3<4),48,0.25,0.2681,получил 101 080 KZT от 1 плательщиков  исходящих переводов нет (глубина 3<4) Кластер 48 (0 seed)  объём входящих 101 080 KZT.
100000007020162100,3,False,1,0,86395.0,0.0,1,0,0.0003113898359060009,-0.0,2.4413790383031235e-05,0.0,False,0,0.0,False,0,terminal,0.8,получил 86 395 KZT от 1 плательщиков  исходящих переводов нет (глубина 3<4),0,0.25,0.2655,получил 86 395 KZT от 1 плательщиков  исходящих переводов нет (глубина 3<4) Кластер 0 (0 seed)  объём входящих 86 395 KZT.
100000001934935100,3,False,1,0,118935.0,0.0,1,0,0.0002935752825590484,-0.0,0.002905781655216498,0.0,False,0,0.0,False,0,terminal,0.8,получил 118 935 KZT от 1 плательщиков  исходящих переводов нет (глубина 3<4),8,0.25,0.2707,получил 118 935 KZT от 1 плательщиков  исходящих переводов нет (глубина 3<4) Кластер 8 (1 seed)  объём входящих 118 935 KZT.
100000002663511100,3,False,1,0,268940.0,0.0,1,0,0.0003107959992489001,-0.0,0.0011319384436485965,0.0,False,0,0.0,False,0,terminal,0.8,получил 268 940 KZT от 1 плательщиков  исходящих переводов нет (глубина 3<4),8,0.25,0.284,получил 268 940 KZT от 1 плательщиков  исходящих переводов нет (глубина 3<4) Кластер 8 (1 seed)  объём входящих 268 940 KZT.
100000003338583100,3,False,1,0,21765.0,0.0,1,0,0.0002914587613745193,-0.0,-2.328949408214787e-22,0.0,False,4,0.0,False,0,terminal,0.8,получил 21 765 KZT от 1 плательщиков  исходящих переводов нет (глубина 3<4),44,0.25,0.243,получил 21 765 KZT от 1 плательщиков  исходящих переводов нет (глубина 3<4) Кластер 44 (1 seed)  объём входящих 21 765 KZT.
100000002904919100,3,False,1,1,60325.0,5500.0,1,1,0.0002922203526373309,6.389806526660858e-20,0.0011319384436485965,1.9549530448494444e-05,True,0,0.09117281392457521,False,0,peripheral,0.15,"низкая активность: 1 вх./1 исх. плательщиков/получателей, без выраженного паттерна",8,0.1,0.1859,"низкая активность: 1 вх./1 исх. плательщиков/получателей, без выраженного паттерна Кластер 8 (1 seed)  объём входящих 60 325 KZT."
100000005127767100,3,False,1,0,7000.0,0.0,1,0,0.0004243772759776555,-0.0,3.9622043153960764e-19,0.0,False,0,0.0,False,0,terminal,0.8,получил 7 000 KZT от 1 плательщиков  исходящих переводов нет (глубина 3<4),62,0.25,0.2245,получил 7 000 KZT от 1 плательщиков  исходящих переводов нет (глубина 3<4) Кластер 62 (0 seed)  объём входящих 7 000 KZT.
100000004066647100,3,False,1,0,51000.0,0.0,1,0,0.00029560692215996575,-0.0,8.448073393743472e-05,0.0,False,0,0.0,False,0,terminal,0.8,получил 51 000 KZT от 1 плательщиков  исходящих переводов нет (глубина 3<4),49,0.25,0.2569,получил 51 000 KZT от 1 плательщиков  исходящих переводов нет (глубина 3<4) Кластер 49 (1 seed)  объём входящих 51 000 KZT.
100000002394199100,3,False,1,1,277398.0,76777.0,3,1,0.0030500008120517954,3.100474270750391e-20,2.9738376214292305e-19,0.0,False,0,0.2767756076107254,False,0,peripheral,0.15,"низкая активность: 1 вх./1 исх. плательщиков/получателей, без выраженного паттерна",24,0.1,0.2105,"низкая активность: 1 вх./1 исх. плательщиков/получателей, без выраженного паттерна Кластер 24 (2 seed)  объём входящих 277 398 KZT."
100000003968044100,3,False,1,3,40000.0,311000.0,1,4,0.00029732494258889806,0.0014579653428758179,0.0011379074330901365,1.9347988897479037e-05,True,0,7.775,False,0,peripheral,0.15,"низкая активность: 1 вх./3 исх. плательщиков/получателей, без выраженного паттерна",17,0.1,0.1792,"низкая активность: 1 вх./3 исх. плательщиков/получателей, без выраженного паттерна Кластер 17 (0 seed)  объём входящих 40 000 KZT."
100000001808684100,3,False,1,1,48400.0,37700.0,3,2,0.0011769702415539202,1.2421621228130253e-05,1.3074073082395417e-19,0.0,False,0,0.7789256198347108,False,0,peripheral,0.15,"низкая активность: 1 вх./1 исх. плательщиков/получателей, без выраженного паттерна",1,0.1,0.182,"низкая активность: 1 вх./1 исх. плательщиков/получателей, без выраженного паттерна Кластер 1 (3 seed)  объём входящих 48 400 KZT."
100000008097580100,3,False,2,0,32000.0,0.0,4,0,0.0006776944045104037,-0.0,2.408230339708002e-05,0.0,False,0,0.0,False,0,terminal,0.8,получил 32 000 KZT от 2 плательщиков  исходящих переводов нет (глубина 3<4),17,0.25,0.2493,получил 32 000 KZT от 2 плательщиков  исходящих переводов нет (глубина 3<4) Кластер 17 (0 seed)  объём входящих 32 000 KZT.
100000008687617100,3,False,1,0,43350.0,0.0,2,0,0.00029364268266440487,-0.0,-1.1342661239262463e-17,0.0,False,1,0.0,False,0,terminal,0.8,получил 43 350 KZT от 1 плательщиков  исходящих переводов нет (глубина 3<4),38,0.25,0.2542,получил 43 350 KZT от 1 плательщиков  исходящих переводов нет (глубина 3<4) Кластер 38 (1 seed)  объём входящих 43 350 KZT.
100000005667841100,3,False,2,0,186000.0,0.0,2,0,0.0003136200047158147,-0.0,2.341315345775585e-06,0.0,False,0,0.0,False,0,terminal,0.8,получил 186 000 KZT от 2 плательщиков  исходящих переводов нет (глубина 3<4),32,0.25,0.278,получил 186 000 KZT от 2 плательщиков  исходящих переводов нет (глубина 3<4) Кластер 32 (0 seed)  объём входящих 186 000 KZT.
100000001329153100,3,False,1,0,150687.0,0.0,1,0,0.000295371033727148,-0.0,0.002905781655216498,0.0,False,0,0.0,False,0,terminal,0.8,получил 150 687 KZT от 1 плательщиков  исходящих переводов нет (глубина 3<4),8,0.25,0.2746,получил 150 687 KZT от 1 плательщиков  исходящих переводов нет (глубина 3<4) Кластер 8 (1 seed)  объём входящих 150 687 KZT.
100000007689942100,3,False,1,2,5000.0,25000.0,1,2,0.000896624115020963,8.886969638082047e-05,2.704292868504702e-19,2.0154155101540664e-05,True,0,5.0,False,0,peripheral,0.15,"низкая активность: 1 вх./2 исх. плательщиков/получателей, без выраженного паттерна",49,0.1,0.1453,"низкая активность: 1 вх./2 исх. плательщиков/получателей, без выраженного паттерна Кластер 49 (1 seed)  объём входящих 5 000 KZT."
100000006476758100,3,False,1,0,5200.0,0.0,1,0,0.0005195206437981546,-0.0,9.897390500093612e-07,0.0,False,0,0.0,False,0,terminal,0.8,получил 5 200 KZT от 1 плательщиков  исходящих переводов нет (глубина 3<4),5,0.25,0.2196,получил 5 200 KZT от 1 плательщиков  исходящих переводов нет (глубина 3<4) Кластер 5 (1 seed)  объём входящих 5 200 KZT.
100000002184107100,3,False,1,0,6066.0,0.0,1,0,0.0002914935468693817,-0.0,-8.353301384468563e-20,0.0,False,0,0.0,False,0,terminal,0.8,получил 6 066 KZT от 1 плательщиков  исходящих переводов нет (глубина 3<4),34,0.25,0.2221,получил 6 066 KZT от 1 плательщиков  исходящих переводов нет (глубина 3<4) Кластер 34 (0 seed)  объём входящих 6 066 KZT.
100000008663723100,3,False,1,0,15600.0,0.0,1,0,0.0002892936898685073,-0.0,-1.1342661239262463e-17,0.0,False,1,0.0,False,0,terminal,0.8,получил 15 600 KZT от 1 плательщиков  исходящих переводов нет (глубина 3<4),38,0.25,0.2376,получил 15 600 KZT от 1 плательщиков  исходящих переводов нет (глубина 3<4) Кластер 38 (1 seed)  объём входящих 15 600 KZT.
100000000254336100,3,False,2,1,97177.0,60000.0,2,1,0.00029324103639830957,-2.6438879552962903e-20,0.004037720098865094,1.9549530448494444e-05,True,0,0.6174300503205491,False,0,peripheral,0.15,"низкая активность: 2 вх./1 исх. плательщиков/получателей, без выраженного паттерна",8,0.1,0.1937,"низкая активность: 2 вх./1 исх. плательщиков/получателей, без выраженного паттерна Кластер 8 (1 seed)  объём входящих 97 177 KZT."
100000008750464100,3,False,1,0,8500.0,0.0,1,0,0.000288180974594602,-0.0,-1.1342661239262463e-17,0.0,False,1,0.0,False,0,terminal,0.8,получил 8 500 KZT от 1 плательщиков  исходящих переводов нет (глубина 3<4),38,0.25,0.2277,получил 8 500 KZT от 1 плательщиков  исходящих переводов нет (глубина 3<4) Кластер 38 (1 seed)  объём входящих 8 500 KZT.
100000001530709100,3,False,1,0,53961.0,0.0,1,0,0.0002899006435946964,-0.0,0.002905781655216498,0.0,False,0,0.0,False,0,terminal,0.8,получил 53 961 KZT от 1 плательщиков  исходящих переводов нет (глубина 3<4),8,0.25,0.2578,получил 53 961 KZT от 1 плательщиков  исходящих переводов нет (глубина 3<4) Кластер 8 (1 seed)  объём входящих 53 961 KZT.
100000000656682100,3,False,1,2,71000.0,80000.0,1,3,0.00029086429325938677,-3.193783821209706e-19,0.002905781655216498,3.909906089698889e-05,True,0,1.1267605633802817,False,0,transit,0.873,"получает от 1, передаёт 2; pass-through 1.13 — деньги не задерживаются",8,0.35,0.3051,"получает от 1, передаёт 2; pass-through 1.13 — деньги не задерживаются Кластер 8 (1 seed)  объём входящих 71 000 KZT."
100000008755754100,3,False,1,0,7000.0,0.0,1,0,0.00029722223313793613,-0.0,7.562127297724344e-19,0.0,False,0,0.0,False,0,terminal,0.8,получил 7 000 KZT от 1 плательщиков  исходящих переводов нет (глубина 3<4),48,0.25,0.2245,получил 7 000 KZT от 1 плательщиков  исходящих переводов нет (глубина 3<4) Кластер 48 (0 seed)  объём входящих 7 000 KZT.
100000002691583100,3,False,1,0,285200.0,0.0,1,0,0.00035864373021022325,-0.0,7.464943509991059e-20,0.0,False,0,0.0,False,0,terminal,0.8,получил 285 200 KZT от 1 плательщиков  исходящих переводов нет (глубина 3<4),45,0.25,0.285,получил 285 200 KZT от 1 плательщиков  исходящих переводов нет (глубина 3<4) Кластер 45 (0 seed)  объём входящих 285 200 KZT.
100000005241556100,3,False,1,0,100000.0,0.0,1,0,0.0005514699829952017,-0.0,-1.9105150353613892e-19,0.0,False,0,0.0,False,0,terminal,0.8,получил 100 000 KZT от 1 плательщиков  исходящих переводов нет (глубина 3<4),21,0.25,0.2679,получил 100 000 KZT от 1 плательщиков  исходящих переводов нет (глубина 3<4) Кластер 21 (0 seed)  объём входящих 100 000 KZT.
100000004713684100,3,False,1,0,37500.0,0.0,1,0,0.0002889696830259736,-0.0,0.002905781655216498,0.0,False,0,0.0,False,0,terminal,0.8,получил 37 500 KZT от 1 плательщиков  исходящих переводов нет (глубина 3<4),8,0.25,0.2519,получил 37 500 KZT от 1 плательщиков  исходящих переводов нет (глубина 3<4) Кластер 8 (1 seed)  объём входящих 37 500 KZT.
100000006919124100,3,False,1,0,25000.0,0.0,1,0,0.0002882627389090283,-0.0,0.002905781655216498,0.0,False,0,0.0,False,0,terminal,0.8,получил 25 000 KZT от 1 плательщиков  исходящих переводов нет (глубина 3<4),8,0.25,0.2453,получил 25 000 KZT от 1 плательщиков  исходящих переводов нет (глубина 3<4) Кластер 8 (1 seed)  объём входящих 25 000 KZT.
100000003006633100,3,False,1,0,10000.0,0.0,1,0,0.00029450578472433643,-0.0,-8.353301384468563e-20,0.0,False,0,0.0,False,0,terminal,0.8,получил 10 000 KZT от 1 плательщиков  исходящих переводов нет (глубина 3<4),34,0.25,0.2303,получил 10 000 KZT от 1 плательщиков  исходящих переводов нет (глубина 3<4) Кластер 34 (0 seed)  объём входящих 10 000 KZT.
100000008306857100,3,False,1,0,125000.0,0.0,1,0,0.000292827536781836,-0.0,3.7941363435728165e-07,0.0,False,0,0.0,False,0,terminal,0.8,получил 125 000 KZT от 1 плательщиков  исходящих переводов нет (глубина 3<4),48,0.25,0.2715,получил 125 000 KZT от 1 плательщиков  исходящих переводов нет (глубина 3<4) Кластер 48 (0 seed)  объём входящих 125 000 KZT.
100000003671721100,3,False,1,0,5000.0,0.0,1,0,0.0005611749629013735,-0.0,1.1167087979337714e-19,0.0,False,0,0.0,False,0,terminal,0.8,получил 5 000 KZT от 1 плательщиков  исходящих переводов нет (глубина 3<4),29,0.25,0.219,получил 5 000 KZT от 1 плательщиков  исходящих переводов нет (глубина 3<4) Кластер 29 (0 seed)  объём входящих 5 000 KZT.
100000002613929100,3,False,1,0,28560.0,0.0,1,0,0.00078424674358795,-0.0,-4.395169959413616e-19,0.0,False,0,0.0,False,0,terminal,0.8,получил 28 560 KZT от 1 плательщиков  исходящих переводов нет (глубина 3<4),24,0.25,0.2474,получил 28 560 KZT от 1 плательщиков  исходящих переводов нет (глубина 3<4) Кластер 24 (2 seed)  объём входящих 28 560 KZT.
100000008669310100,3,False,1,0,59567.0,0.0,2,0,0.00029021769389226396,-0.0,0.002905781655216498,0.0,False,0,0.0,False,0,terminal,0.8,получил 59 567 KZT от 1 плательщиков  исходящих переводов нет (глубина 3<4),8,0.25,0.2594,получил 59 567 KZT от 1 плательщиков  исходящих переводов нет (глубина 3<4) Кластер 8 (1 seed)  объём входящих 59 567 KZT.
100000006573438100,3,False,1,0,5000.0,0.0,1,0,0.00030042207400611727,-0.0,2.4284366617555287e-05,0.0,False,0,0.0,False,0,terminal,0.8,получил 5 000 KZT от 1 плательщиков  исходящих переводов нет (глубина 3<4),65,0.25,0.219,получил 5 000 KZT от 1 плательщиков  исходящих переводов нет (глубина 3<4) Кластер 65 (0 seed)  объём входящих 5 000 KZT.
100000006165886100,3,False,2,1,184481.0,75000.0,2,1,0.0002998946960722988,0.0009738286747287224,0.004037720098865094,4.0308310203081327e-07,False,0,0.4065459315593476,False,0,peripheral,0.15,"низкая активность: 2 вх./1 исх. плательщиков/получателей, без выраженного паттерна",8,0.1,0.2039,"низкая активность: 2 вх./1 исх. плательщиков/получателей, без выраженного паттерна Кластер 8 (1 seed)  объём входящих 184 481 KZT."
100000008491390100,3,False,1,0,36000.0,0.0,1,0,0.00028888484973194013,-0.0,0.002905781655216498,0.0,False,0,0.0,False,0,terminal,0.8,получил 36 000 KZT от 1 плательщиков  исходящих переводов нет (глубина 3<4),8,0.25,0.2512,получил 36 000 KZT от 1 плательщиков  исходящих переводов нет (глубина 3<4) Кластер 8 (1 seed)  объём входящих 36 000 KZT.
100000005186131100,3,False,1,1,10000.0,10000.0,1,1,0.00028741440596869404,3.580826165536825e-19,0.002905781655216498,1.9549530448494444e-05,True,0,1.0,False,0,transit,1.0,"получает от 1, передаёт 1; pass-through 1.00 — деньги не задерживаются",8,0.35,0.2906,"получает от 1, передаёт 1; pass-through 1.00 — деньги не задерживаются Кластер 8 (1 seed)  объём входящих 10 000 KZT."
100000001550419100,3,False,1,0,23000.0,0.0,1,0,0.00029338212991942105,-0.0,2.4413790383031235e-05,0.0,False,0,0.0,False,0,terminal,0.8,получил 23 000 KZT от 1 плательщиков  исходящих переводов нет (глубина 3<4),0,0.25,0.2439,получил 23 000 KZT от 1 плательщиков  исходящих переводов нет (глубина 3<4) Кластер 0 (0 seed)  объём входящих 23 000 KZT.
100000004979283100,3,False,1,0,40132.0,0.0,1,0,0.0003018639633760143,-0.0,6.407022407304071e-07,0.0,False,0,0.0,False,0,terminal,0.8,получил 40 132 KZT от 1 плательщиков  исходящих переводов нет (глубина 3<4),29,0.25,0.253,получил 40 132 KZT от 1 плательщиков  исходящих переводов нет (глубина 3<4) Кластер 29 (0 seed)  объём входящих 40 132 KZT.
100000002537811100,3,False,1,1,52000.0,15000.0,1,1,0.001236045629091144,-1.0992217146861162e-19,-1.4589522903108684e-19,2.6805026285049083e-05,True,0,0.28846153846153844,False,0,peripheral,0.15,"низкая активность: 1 вх./1 исх. плательщиков/получателей, без выраженного паттерна",5,0.1,0.1836,"низкая активность: 1 вх./1 исх. плательщиков/получателей, без выраженного паттерна Кластер 5 (1 seed)  объём входящих 52 000 KZT."
100000002990675100,3,False,1,0,51143.0,0.0,1,0,0.00028851287436144527,-0.0,0.002940174080170132,0.0,False,0,0.0,False,0,terminal,0.8,получил 51 143 KZT от 1 плательщиков  исходящих переводов нет (глубина 3<4),9,0.25,0.2569,получил 51 143 KZT от 1 плательщиков  исходящих переводов нет (глубина 3<4) Кластер 9 (0 seed)  объём входящих 51 143 KZT.
100000008763688100,3,False,1,0,21000.0,0.0,1,0,0.0002901399803585198,-0.0,-1.1342661239262463e-17,0.0,False,1,0.0,False,0,terminal,0.8,получил 21 000 KZT от 1 плательщиков  исходящих переводов нет (глубина 3<4),38,0.25,0.2424,получил 21 000 KZT от 1 плательщиков  исходящих переводов нет (глубина 3<4) Кластер 38 (1 seed)  объём входящих 21 000 KZT.
100000002809896100,3,False,1,0,38000.0,0.0,1,0,0.00030106629019056955,-0.0,6.407022407304071e-07,0.0,False,0,0.0,False,0,terminal,0.8,получил 38 000 KZT от 1 плательщиков  исходящих переводов нет (глубина 3<4),29,0.25,0.2521,получил 38 000 KZT от 1 плательщиков  исходящих переводов нет (глубина 3<4) Кластер 29 (0 seed)  объём входящих 38 000 KZT.
100000008716072100,3,False,1,0,12100.0,0.0,1,0,0.0002887451682546103,-0.0,-1.1342661239262463e-17,0.0,False,1,0.0,False,0,terminal,0.8,получил 12 100 KZT от 1 плательщиков  исходящих переводов нет (глубина 3<4),38,0.25,0.2334,получил 12 100 KZT от 1 плательщиков  исходящих переводов нет (глубина 3<4) Кластер 38 (1 seed)  объём входящих 12 100 KZT.
100000001279272100,3,False,1,2,250000.0,136758.0,1,2,0.0003091095301703433,9.775305814202286e-05,0.0011319384436485965,0.00048773055345728404,True,0,0.547032,False,0,peripheral,0.15,"низкая активность: 1 вх./2 исх. плательщиков/получателей, без выраженного паттерна",8,0.1,0.2158,"низкая активность: 1 вх./2 исх. плательщиков/получателей, без выраженного паттерна Кластер 8 (1 seed)  объём входящих 250 000 KZT."
100000001714173100,3,False,1,0,638905.0,0.0,6,0,0.0005731701671023893,-0.0,1.5847277226358486e-08,0.0,False,0,0.0,False,0,terminal,0.8,получил 638 905 KZT от 1 плательщиков  исходящих переводов нет (глубина 3<4),21,0.25,0.2981,получил 638 905 KZT от 1 плательщиков  исходящих переводов нет (глубина 3<4) Кластер 21 (0 seed)  объём входящих 638 905 KZT.
100000008729597100,3,False,1,0,83090.0,0.0,1,0,0.00030382210580697275,-0.0,0.0016044117981357413,0.0,False,0,0.0,False,0,terminal,0.8,получил 83 090 KZT от 1 плательщиков  исходящих переводов нет (глубина 3<4),17,0.25,0.2649,получил 83 090 KZT от 1 плательщиков  исходящих переводов нет (глубина 3<4) Кластер 17 (0 seed)  объём входящих 83 090 KZT.
100000002255058100,3,False,1,0,491500.0,0.0,2,0,0.000427995412170308,-0.0,3.77995024743081e-06,0.0,False,0,0.0,False,0,terminal,0.8,получил 491 500 KZT от 1 плательщиков  исходящих переводов нет (глубина 3<4),15,0.25,0.2939,получил 491 500 KZT от 1 плательщиков  исходящих переводов нет (глубина 3<4) Кластер 15 (5 seed)  объём входящих 491 500 KZT.
100000006111442100,3,False,1,0,64000.0,0.0,1,0,0.00029684915204799113,-0.0,1.8496738972281298e-06,0.0,False,0,0.0,False,0,terminal,0.8,получил 64 000 KZT от 1 плательщиков  исходящих переводов нет (глубина 3<4),32,0.25,0.2606,получил 64 000 KZT от 1 плательщиков  исходящих переводов нет (глубина 3<4) Кластер 32 (0 seed)  объём входящих 64 000 KZT.
100000008686247100,3,False,1,1,22000.0,5000.0,2,1,0.0003150678040946023,1.7829445690524293e-20,-7.25988230588865e-20,0.0,False,0,0.22727272727272727,False,0,peripheral,0.15,"низкая активность: 1 вх./1 исх. плательщиков/получателей, без выраженного паттерна",63,0.1,0.1692,"низкая активность: 1 вх./1 исх. плательщиков/получателей, без выраженного паттерна Кластер 63 (1 seed)  объём входящих 22 000 KZT."
100000001893287100,3,False,1,1,18000.0,152700.0,3,14,0.0006209975996733088,1.2322306028073691e-05,-1.0883928482516542e-19,0.0,False,0,8.483333333333333,False,0,peripheral,0.15,"низкая активность: 1 вх./1 исх. плательщиков/получателей, без выраженного паттерна",1,0.1,0.1659,"низкая активность: 1 вх./1 исх. плательщиков/получателей, без выраженного паттерна Кластер 1 (3 seed)  объём входящих 18 000 KZT."
100000005172860100,3,False,1,0,15209.2,0.0,1,0,0.0002931009911509449,-0.0,0.0006428156846267558,0.0,False,0,0.0,False,0,terminal,0.8,получил 15 209 KZT от 1 плательщиков  исходящих переводов нет (глубина 3<4),8,0.25,0.2371,получил 15 209 KZT от 1 плательщиков  исходящих переводов нет (глубина 3<4) Кластер 8 (1 seed)  объём входящих 15 209 KZT.
100000001788284100,3,False,1,5,8000.0,296700.0,1,8,0.0003007180810912705,1.108456703917815e-06,2.5006817420101315e-06,6.046246530462199e-05,True,0,37.0875,False,0,peripheral,0.15,"низкая активность: 1 вх./5 исх. плательщиков/получателей, без выраженного паттерна",51,0.1,0.1535,"низкая активность: 1 вх./5 исх. плательщиков/получателей, без выраженного паттерна Кластер 51 (0 seed)  объём входящих 8 000 KZT."
100000008755580100,3,False,1,0,16000.0,0.0,1,0,0.00028935637805295266,-0.0,-1.1342661239262463e-17,0.0,False,1,0.0,False,0,terminal,0.8,получил 16 000 KZT от 1 плательщиков  исходящих переводов нет (глубина 3<4),38,0.25,0.238,получил 16 000 KZT от 1 плательщиков  исходящих переводов нет (глубина 3<4) Кластер 38 (1 seed)  объём входящих 16 000 KZT.
100000003896956100,3,False,1,1,10000.0,27000.0,1,2,0.00028985689516257385,-1.423854308874889e-19,5.256983652882385e-05,1.9549530448494444e-05,True,0,2.7,False,0,peripheral,0.15,"низкая активность: 1 вх./1 исх. плательщиков/получателей, без выраженного паттерна",2,0.1,0.1566,"низкая активность: 1 вх./1 исх. плательщиков/получателей, без выраженного паттерна Кластер 2 (7 seed)  объём входящих 10 000 KZT."
100000002475601100,3,False,1,0,232301.0,0.0,1,0,0.0003034631003743686,-0.0,7.936044353374565e-05,0.0,False,0,0.0,False,0,terminal,0.8,получил 232 301 KZT от 1 плательщиков  исходящих переводов нет (глубина 3<4),17,0.25,0.2816,получил 232 301 KZT от 1 плательщиков  исходящих переводов нет (глубина 3<4) Кластер 17 (0 seed)  объём входящих 232 301 KZT.
100000008619857100,3,False,1,2,29000.0,13000.0,1,2,0.0002884889610264508,0.000404054289971917,0.002905781655216498,0.0,False,0,0.4482758620689655,False,0,peripheral,0.15,"низкая активность: 1 вх./2 исх. плательщиков/получателей, без выраженного паттерна",8,0.1,0.1737,"низкая активность: 1 вх./2 исх. плательщиков/получателей, без выраженного паттерна Кластер 8 (1 seed)  объём входящих 29 000 KZT."
100000001373265100,3,False,1,1,142482.0,5000.0,1,1,0.0003159544390455085,-1.454973939475337e-19,0.0016044117981357413,1.9549530448494444e-05,True,0,0.0350921519911287,False,0,peripheral,0.15,"низкая активность: 1 вх./1 исх. плательщиков/получателей, без выраженного паттерна",17,0.1,0.1999,"низкая активность: 1 вх./1 исх. плательщиков/получателей, без выраженного паттерна Кластер 17 (0 seed)  объём входящих 142 482 KZT."
100000004185681100,3,False,1,0,10000.0,0.0,1,0,0.0005376395235318481,-0.0,-3.148305900416217e-19,0.0,False,0,0.0,False,0,terminal,0.8,получил 10 000 KZT от 1 плательщиков  исходящих переводов нет (глубина 3<4),15,0.25,0.2303,получил 10 000 KZT от 1 плательщиков  исходящих переводов нет (глубина 3<4) Кластер 15 (5 seed)  объём входящих 10 000 KZT.
100000003031633100,3,False,1,0,414000.0,0.0,2,0,0.0003160314969995532,-0.0,1.9662146336203707e-06,0.0,False,0,0.0,False,0,terminal,0.8,получил 414 000 KZT от 1 плательщиков  исходящих переводов нет (глубина 3<4),32,0.25,0.2911,получил 414 000 KZT от 1 плательщиков  исходящих переводов нет (глубина 3<4) Кластер 32 (0 seed)  объём входящих 414 000 KZT.
100000002632742100,3,False,2,0,235500.0,0.0,2,0,0.0003189806323562109,-0.0,1.5515386794141728e-06,0.0,False,0,0.0,False,0,terminal,0.8,получил 235 500 KZT от 2 плательщиков  исходящих переводов нет (глубина 3<4),32,0.25,0.2819,получил 235 500 KZT от 2 плательщиков  исходящих переводов нет (глубина 3<4) Кластер 32 (0 seed)  объём входящих 235 500 KZT.
100000005847078100,3,False,1,0,16300.0,0.0,1,0,0.00028940339419128674,-0.0,-1.1342661239262463e-17,0.0,False,1,0.0,False,0,terminal,0.8,получил 16 300 KZT от 1 плательщиков  исходящих переводов нет (глубина 3<4),38,0.25,0.2383,получил 16 300 KZT от 1 плательщиков  исходящих переводов нет (глубина 3<4) Кластер 38 (1 seed)  объём входящих 16 300 KZT.
100000002807334100,3,False,1,0,54715.0,0.0,1,0,0.00028862909540063915,-0.0,0.002940174080170132,0.0,False,0,0.0,False,0,terminal,0.8,получил 54 715 KZT от 1 плательщиков  исходящих переводов нет (глубина 3<4),9,0.25,0.258,получил 54 715 KZT от 1 плательщиков  исходящих переводов нет (глубина 3<4) Кластер 9 (0 seed)  объём входящих 54 715 KZT.
100000008748795100,3,False,1,0,47057.0,0.0,1,0,0.00028951018422002523,-0.0,0.002905781655216498,0.0,False,0,0.0,False,0,terminal,0.8,получил 47 057 KZT от 1 плательщиков  исходящих переводов нет (глубина 3<4),8,0.25,0.2556,получил 47 057 KZT от 1 плательщиков  исходящих переводов нет (глубина 3<4) Кластер 8 (1 seed)  объём входящих 47 057 KZT.
100000003899899100,3,False,2,1,218500.0,10000.0,5,1,0.0006568178039271211,-3.6045061493610215e-20,5.299015073225259e-05,1.975107199950985e-05,True,0,0.04576659038901602,False,0,peripheral,0.15,"низкая активность: 2 вх./1 исх. плательщиков/получателей, без выраженного паттерна",2,0.1,0.2069,"низкая активность: 2 вх./1 исх. плательщиков/получателей, без выраженного паттерна Кластер 2 (7 seed)  объём входящих 218 500 KZT."
100000002308091100,3,False,1,0,186720.0,0.0,1,0,0.0005635514183113789,-0.0,7.562127297724344e-19,0.0,False,0,0.0,False,0,terminal,0.8,получил 186 720 KZT от 1 плательщиков  исходящих переводов нет (глубина 3<4),48,0.25,0.2781,получил 186 720 KZT от 1 плательщиков  исходящих переводов нет (глубина 3<4) Кластер 48 (0 seed)  объём входящих 186 720 KZT.
100000008680912100,3,False,1,1,45112.0,5990.85,2,1,0.0005399325205590342,0.00010197759824558254,2.350941795881482e-06,0.0,False,0,0.13279947685759888,False,0,peripheral,0.15,"низкая активность: 1 вх./1 исх. плательщиков/получателей, без выраженного паттерна",16,0.1,0.1809,"низкая активность: 1 вх./1 исх. плательщиков/получателей, без выраженного паттерна Кластер 16 (0 seed)  объём входящих 45 112 KZT."
100000008742053100,3,False,1,12,10000.0,2789000.0,1,12,0.00028755374551389185,1.1371414941152825e-05,1.9662146336203707e-06,8.928290709982513e-05,True,0,278.9,False,0,peripheral,0.15,"низкая активность: 1 вх./12 исх. плательщиков/получателей, без выраженного паттерна",48,0.1,0.1576,"низкая активность: 1 вх./12 исх. плательщиков/получателей, без выраженного паттерна Кластер 48 (0 seed)  объём входящих 10 000 KZT."
100000008473765100,3,False,1,0,30000.0,0.0,1,0,0.0002929771170604435,-0.0,0.0016044117981357413,0.0,False,0,0.0,False,0,terminal,0.8,получил 30 000 KZT от 1 плательщиков  исходящих переводов нет (глубина 3<4),17,0.25,0.2482,получил 30 000 KZT от 1 плательщиков  исходящих переводов нет (глубина 3<4) Кластер 17 (0 seed)  объём входящих 30 000 KZT.
100000007472293100,3,False,1,3,5000.0,345900.0,1,3,0.00028761570267189074,-2.998931843578134e-19,3.559127087403929e-07,4.534684897846649e-05,True,0,69.18,False,0,peripheral,0.15,"низкая активность: 1 вх./3 исх. плательщиков/получателей, без выраженного паттерна",22,0.1,0.1456,"низкая активность: 1 вх./3 исх. плательщиков/получателей, без выраженного паттерна Кластер 22 (0 seed)  объём входящих 5 000 KZT."
100000008753061100,3,False,1,0,28400.0,0.0,2,0,0.00029129971177075916,-0.0,-1.1342661239262463e-17,0.0,False,1,0.0,False,0,terminal,0.8,получил 28 400 KZT от 1 плательщиков  исходящих переводов нет (глубина 3<4),38,0.25,0.2473,получил 28 400 KZT от 1 плательщиков  исходящих переводов нет (глубина 3<4) Кластер 38 (1 seed)  объём входящих 28 400 KZT.
100000008501413100,3,False,1,1,5000.0,5100.0,1,1,0.00036826410450355597,-6.32151967009375e-20,9.977809550667996e-07,2.156494595864851e-05,True,0,1.02,False,0,transit,0.98,"получает от 1, передаёт 1; pass-through 1.02 — деньги не задерживаются",5,0.35,0.2765,"получает от 1, передаёт 1; pass-through 1.02 — деньги не задерживаются Кластер 5 (1 seed)  объём входящих 5 000 KZT."
100000002748581100,3,False,1,0,41180.0,0.0,1,0,0.000298546261078598,-0.0,2.4413790383031235e-05,0.0,False,0,0.0,False,0,terminal,0.8,получил 41 180 KZT от 1 плательщиков  исходящих переводов нет (глубина 3<4),0,0.25,0.2534,получил 41 180 KZT от 1 плательщиков  исходящих переводов нет (глубина 3<4) Кластер 0 (0 seed)  объём входящих 41 180 KZT.
100000001384826100,3,False,1,1,364260.0,10000.0,1,1,0.0002987006635913599,1.562298953782874e-20,0.002940174080170132,1.9549530448494444e-05,True,0,0.027452918245209467,False,0,peripheral,0.15,"низкая активность: 1 вх./1 исх. плательщиков/получателей, без выраженного паттерна",9,0.1,0.2153,"низкая активность: 1 вх./1 исх. плательщиков/получателей, без выраженного паттерна Кластер 9 (0 seed)  объём входящих 364 260 KZT."
100000004099450100,3,False,1,0,31000.0,0.0,1,0,0.0002974899974802634,-0.0,0.00016105425944983216,0.0,False,0,0.0,False,0,terminal,0.8,получил 31 000 KZT от 1 плательщиков  исходящих переводов нет (глубина 3<4),8,0.25,0.2488,получил 31 000 KZT от 1 плательщиков  исходящих переводов нет (глубина 3<4) Кластер 8 (1 seed)  объём входящих 31 000 KZT.
100000002926970100,3,False,1,0,85000.0,0.0,1,0,0.0003186510180122877,-0.0,6.407022407304071e-07,0.0,False,0,0.0,False,0,terminal,0.8,получил 85 000 KZT от 1 плательщиков  исходящих переводов нет (глубина 3<4),29,0.25,0.2652,получил 85 000 KZT от 1 плательщиков  исходящих переводов нет (глубина 3<4) Кластер 29 (0 seed)  объём входящих 85 000 KZT.
100000002753146100,3,False,1,0,803540.0,0.0,3,0,0.0003252817581485477,-0.0,3.7941363435728165e-07,0.0,False,0,0.0,False,0,terminal,0.8,получил 803 540 KZT от 1 плательщиков  исходящих переводов нет (глубина 3<4),48,0.25,0.3019,получил 803 540 KZT от 1 плательщиков  исходящих переводов нет (глубина 3<4) Кластер 48 (0 seed)  объём входящих 803 540 KZT.
100000003943247100,3,False,1,0,40000.0,0.0,1,0,0.0002891110718493626,-0.0,0.002905781655216498,0.0,False,0,0.0,False,0,terminal,0.8,получил 40 000 KZT от 1 плательщиков  исходящих переводов нет (глубина 3<4),8,0.25,0.2529,получил 40 000 KZT от 1 плательщиков  исходящих переводов нет (глубина 3<4) Кластер 8 (1 seed)  объём входящих 40 000 KZT.
100000002872399100,3,False,1,0,1090000.0,0.0,9,0,0.000708728224930025,-0.0,3.499089368247531e-08,0.0,False,0,0.0,False,0,terminal,0.8,получил 1 090 000 KZT от 1 плательщиков  исходящих переводов нет (глубина 3<4),39,0.25,0.3069,получил 1 090 000 KZT от 1 плательщиков  исходящих переводов нет (глубина 3<4) Кластер 39 (0 seed)  объём входящих 1 090 000 KZT.
100000008417359100,3,False,1,2,40810.0,110760.0,2,3,0.0002932987886474669,0.0002451269828733599,0.00023334462577838847,0.0,False,0,2.714040676304827,False,0,peripheral,0.15,"низкая активность: 1 вх./2 исх. плательщиков/получателей, без выраженного паттерна",41,0.1,0.1793,"низкая активность: 1 вх./2 исх. плательщиков/получателей, без выраженного паттерна Кластер 41 (0 seed)  объём входящих 40 810 KZT."
100000002614095100,3,False,1,0,5300.0,0.0,1,0,0.000287679469119039,-0.0,-1.1342661239262463e-17,0.0,False,1,0.0,False,0,terminal,0.8,получил 5 300 KZT от 1 плательщиков  исходящих переводов нет (глубина 3<4),38,0.25,0.2199,получил 5 300 KZT от 1 плательщиков  исходящих переводов нет (глубина 3<4) Кластер 38 (1 seed)  объём входящих 5 300 KZT.
100000004717647100,3,False,1,5,300000.0,2240000.0,2,10,0.001027574350649378,4.110933163236163e-05,-5.603482801224461e-19,7.90042879980394e-05,True,0,7.466666666666667,False,0,peripheral,0.15,"низкая активность: 1 вх./5 исх. плательщиков/получателей, без выраженного паттерна",58,0.1,0.2129,"низкая активность: 1 вх./5 исх. плательщиков/получателей, без выраженного паттерна Кластер 58 (0 seed)  объём входящих 300 000 KZT."
100000008537380100,3,False,1,0,8000.0,0.0,1,0,0.00028810261436404525,-0.0,-1.1342661239262463e-17,0.0,False,1,0.0,False,0,terminal,0.8,получил 8 000 KZT от 1 плательщиков  исходящих переводов нет (глубина 3<4),38,0.25,0.2267,получил 8 000 KZT от 1 плательщиков  исходящих переводов нет (глубина 3<4) Кластер 38 (1 seed)  объём входящих 8 000 KZT.
100000001534244100,3,False,2,1,366000.0,45000.0,2,1,0.00034302615179080005,-1.1242229175854164e-19,1.9971216088829937e-06,2.1968029060679322e-05,True,0,0.12295081967213115,False,0,peripheral,0.15,"низкая активность: 2 вх./1 исх. плательщиков/получателей, без выраженного паттерна",32,0.1,0.2154,"низкая активность: 2 вх./1 исх. плательщиков/получателей, без выраженного паттерна Кластер 32 (0 seed)  объём входящих 366 000 KZT."
100000008767950100,3,False,1,0,17350.0,0.0,1,0,0.0002895679506754558,-0.0,-1.1342661239262463e-17,0.0,False,1,0.0,False,0,terminal,0.8,получил 17 350 KZT от 1 плательщиков  исходящих переводов нет (глубина 3<4),38,0.25,0.2393,получил 17 350 KZT от 1 плательщиков  исходящих переводов нет (глубина 3<4) Кластер 38 (1 seed)  объём входящих 17 350 KZT.
100000004613582100,3,False,1,1,5000.0,9500.0,1,1,0.0005558524676659821,-1.9252476857717638e-19,1.5875682788317076e-19,4.0308310203081327e-07,False,0,1.9,False,0,peripheral,0.15,"низкая активность: 1 вх./1 исх. плательщиков/получателей, без выраженного паттерна",24,0.1,0.145,"низкая активность: 1 вх./1 исх. плательщиков/получателей, без выраженного паттерна Кластер 24 (2 seed)  объём входящих 5 000 KZT."
100000008121806100,3,False,1,4,67000.0,248509.0,1,6,0.0003017081950972492,9.235979932373935e-05,0.00013028037772057946,0.0026156062490779474,True,0,3.709089552238806,False,0,coordinator,0.749,"связан с 0 seed-клиентами напрямую, betweenness=0.003, точка сочленения сети",17,1.0,0.5185,"связан с 0 seed-клиентами напрямую, betweenness=0.003, точка сочленения сети Кластер 17 (0 seed)  объём входящих 67 000 KZT."
100000002369443100,3,False,1,0,50000.0,0.0,1,0,0.0002946848737308092,-0.0,-1.1342661239262463e-17,0.0,False,1,0.0,False,0,terminal,0.8,получил 50 000 KZT от 1 плательщиков  исходящих переводов нет (глубина 3<4),38,0.25,0.2566,получил 50 000 KZT от 1 плательщиков  исходящих переводов нет (глубина 3<4) Кластер 38 (1 seed)  объём входящих 50 000 KZT.
100000008655779100,3,False,1,2,47000.0,24704.0,1,2,0.00039883929852972314,3.5186370577328773e-19,-5.258221063459145e-19,2.6805026285049083e-05,True,0,0.5256170212765957,False,0,peripheral,0.15,"низкая активность: 1 вх./2 исх. плательщиков/получателей, без выраженного паттерна",57,0.1,0.1819,"низкая активность: 1 вх./2 исх. плательщиков/получателей, без выраженного паттерна Кластер 57 (0 seed)  объём входящих 47 000 KZT."
100000008561016100,3,False,1,1,180000.0,185000.0,2,4,0.0002961615770699283,-1.6359583345407016e-19,3.220733719358745e-06,2.277419526474095e-05,True,0,1.0277777777777777,False,0,transit,0.972,"получает от 1, передаёт 1; pass-through 1.03 — деньги не задерживаются",32,0.35,0.3339,"получает от 1, передаёт 1; pass-through 1.03 — деньги не задерживаются Кластер 32 (0 seed)  объём входящих 180 000 KZT."
100000002727288100,3,False,1,0,16000.0,0.0,1,0,0.00036779127427396293,-0.0,-7.372013896482346e-19,0.0,False,0,0.0,False,0,terminal,0.8,получил 16 000 KZT от 1 плательщиков  исходящих переводов нет (глубина 3<4),3,0.25,0.238,получил 16 000 KZT от 1 плательщиков  исходящих переводов нет (глубина 3<4) Кластер 3 (3 seed)  объём входящих 16 000 KZT.
100000001270349100,3,False,1,0,200000.0,0.0,1,0,0.0003568754771075791,-0.0,4.727072241486637e-07,0.0,False,0,0.0,False,0,terminal,0.8,получил 200 000 KZT от 1 плательщиков  исходящих переводов нет (глубина 3<4),1,0.25,0.2792,получил 200 000 KZT от 1 плательщиков  исходящих переводов нет (глубина 3<4) Кластер 1 (3 seed)  объём входящих 200 000 KZT.
100000004722765100,3,False,1,3,230000.0,2284500.0,1,9,0.0005841085782283838,3.2520675988835126e-20,2.770116082468388e-19,5.925321599852955e-05,True,0,9.932608695652174,False,0,peripheral,0.15,"низкая активность: 1 вх./3 исх. плательщиков/получателей, без выраженного паттерна",16,0.1,0.2083,"низкая активность: 1 вх./3 исх. плательщиков/получателей, без выраженного паттерна Кластер 16 (0 seed)  объём входящих 230 000 KZT."
100000001677389100,3,False,1,1,11000.0,5400.0,1,1,0.0002899231881201373,3.033887766007838e-19,1.8692188052964287e-05,1.9549530448494444e-05,True,0,0.4909090909090909,False,0,peripheral,0.15,"низкая активность: 1 вх./1 исх. плательщиков/получателей, без выраженного паттерна",41,0.1,0.1581,"низкая активность: 1 вх./1 исх. плательщиков/получателей, без выраженного паттерна Кластер 41 (0 seed)  объём входящих 11 000 KZT."
100000005857058100,3,False,3,0,80222.0,0.0,3,0,0.00039164393701407885,-0.0,0.0017975909085443664,0.0,False,0,0.0,False,0,terminal,0.8,получил 80 222 KZT от 3 плательщиков  исходящих переводов нет (глубина 3<4),8,0.25,0.2643,получил 80 222 KZT от 3 плательщиков  исходящих переводов нет (глубина 3<4) Кластер 8 (1 seed)  объём входящих 80 222 KZT.
100000008760098100,3,False,1,1,7000.0,390000.0,1,1,0.00028792244347059187,5.714558397177071e-07,3.559127087403929e-07,1.612332408123253e-06,False,0,55.714285714285715,False,0,peripheral,0.15,"низкая активность: 1 вх./1 исх. плательщиков/получателей, без выраженного паттерна",21,0.1,0.1505,"низкая активность: 1 вх./1 исх. плательщиков/получателей, без выраженного паттерна Кластер 21 (0 seed)  объём входящих 7 000 KZT."
100000002838519100,3,False,1,0,46900.0,0.0,1,0,0.0003001710592210893,-0.0,2.4413790383031235e-05,0.0,False,0,0.0,False,0,terminal,0.8,получил 46 900 KZT от 1 плательщиков  исходящих переводов нет (глубина 3<4),0,0.25,0.2555,получил 46 900 KZT от 1 плательщиков  исходящих переводов нет (глубина 3<4) Кластер 0 (0 seed)  объём входящих 46 900 KZT.
100000002597623100,3,False,1,0,16418.0,0.0,1,0,0.0002877773793560984,-0.0,0.002905781655216498,0.0,False,0,0.0,False,0,terminal,0.8,получил 16 418 KZT от 1 плательщиков  исходящих переводов нет (глубина 3<4),8,0.25,0.2384,получил 16 418 KZT от 1 плательщиков  исходящих переводов нет (глубина 3<4) Кластер 8 (1 seed)  объём входящих 16 418 KZT.
100000003635660100,3,False,1,0,18985.0,0.0,1,0,0.0002918210657997063,-0.0,0.0011379074330901365,0.0,False,0,0.0,False,0,terminal,0.8,получил 18 985 KZT от 1 плательщиков  исходящих переводов нет (глубина 3<4),8,0.25,0.2408,получил 18 985 KZT от 1 плательщиков  исходящих переводов нет (глубина 3<4) Кластер 8 (1 seed)  объём входящих 18 985 KZT.
100000008676812100,3,False,1,0,230800.0,0.0,1,0,0.0004752074632959975,-0.0,5.183822534955216e-20,0.0,False,0,0.0,False,0,terminal,0.8,получил 230 800 KZT от 1 плательщиков  исходящих переводов нет (глубина 3<4),49,0.25,0.2815,получил 230 800 KZT от 1 плательщиков  исходящих переводов нет (глубина 3<4) Кластер 49 (1 seed)  объём входящих 230 800 KZT.
100000003213473100,3,False,1,11,57500.0,240000.0,2,12,0.00029010079361308595,0.0016894765792935273,0.002905781655216498,9.7143027589426e-05,True,0,4.173913043478261,False,2,coordinator,0.713,"связан с 2 seed-клиентами напрямую, betweenness=0.000, точка сочленения сети",8,1.0,0.5254,"связан с 2 seed-клиентами напрямую, betweenness=0.000, точка сочленения сети Кластер 8 (1 seed)  объём входящих 57 500 KZT."
100000003071649100,3,False,1,0,189500.0,0.0,1,0,0.0002966530820740978,-0.0,3.220733719358745e-06,0.0,False,0,0.0,False,0,terminal,0.8,получил 189 500 KZT от 1 плательщиков  исходящих переводов нет (глубина 3<4),32,0.25,0.2783,получил 189 500 KZT от 1 плательщиков  исходящих переводов нет (глубина 3<4) Кластер 32 (0 seed)  объём входящих 189 500 KZT.
100000002433697100,3,False,1,1,130000.0,110000.0,1,1,0.00029107861973874313,5.461210468684568e-20,0.002940174080170132,1.9549530448494444e-05,True,0,0.8461538461538461,False,0,transit,0.846,"получает от 1, передаёт 1; pass-through 0.85 — деньги не задерживаются",9,0.35,0.3109,"получает от 1, передаёт 1; pass-through 0.85 — деньги не задерживаются Кластер 9 (0 seed)  объём входящих 130 000 KZT."
100000008612257100,3,False,1,0,9500.0,0.0,1,0,0.00028915305022927945,-0.0,0.0004659018150489363,0.0,False,0,0.0,False,0,terminal,0.8,получил 9 500 KZT от 1 плательщиков  исходящих переводов нет (глубина 3<4),41,0.25,0.2295,получил 9 500 KZT от 1 плательщиков  исходящих переводов нет (глубина 3<4) Кластер 41 (0 seed)  объём входящих 9 500 KZT.
100000002736033100,3,False,1,1,34530.0,11000.0,1,1,0.0002964994754002133,-2.5025688006651376e-19,1.8692188052964287e-05,1.9549530448494444e-05,True,0,0.3185635679119606,False,0,peripheral,0.15,"низкая активность: 1 вх./1 исх. плательщиков/получателей, без выраженного паттерна",41,0.1,0.1768,"низкая активность: 1 вх./1 исх. плательщиков/получателей, без выраженного паттерна Кластер 41 (0 seed)  объём входящих 34 530 KZT."
100000008687990100,3,False,1,0,17600.0,0.0,1,0,0.00028960713079073414,-0.0,-1.1342661239262463e-17,0.0,False,1,0.0,False,0,terminal,0.8,получил 17 600 KZT от 1 плательщиков  исходящих переводов нет (глубина 3<4),38,0.25,0.2395,получил 17 600 KZT от 1 плательщиков  исходящих переводов нет (глубина 3<4) Кластер 38 (1 seed)  объём входящих 17 600 KZT.
100000008776310100,3,False,1,0,19200.0,0.0,1,0,0.0002898578835285156,-0.0,-1.1342661239262463e-17,0.0,False,1,0.0,False,0,terminal,0.8,получил 19 200 KZT от 1 плательщиков  исходящих переводов нет (глубина 3<4),38,0.25,0.2409,получил 19 200 KZT от 1 плательщиков  исходящих переводов нет (глубина 3<4) Кластер 38 (1 seed)  объём входящих 19 200 KZT.
100000007267915100,3,False,2,1,21000.0,10000.0,3,1,0.0002926981406505909,0.0001284354307836846,0.0008761603104051444,0.0,False,0,0.47619047619047616,False,0,peripheral,0.15,"низкая активность: 2 вх./1 исх. плательщиков/получателей, без выраженного паттерна",41,0.1,0.1684,"низкая активность: 2 вх./1 исх. плательщиков/получателей, без выраженного паттерна Кластер 41 (0 seed)  объём входящих 21 000 KZT."
100000004217419100,3,False,2,1,118200.0,7700.0,3,1,0.0005867070280477143,1.5719730906136962e-19,0.0016172396308138076,1.975107199950985e-05,True,0,0.06514382402707276,False,0,peripheral,0.15,"низкая активность: 2 вх./1 исх. плательщиков/получателей, без выраженного паттерна",17,0.1,0.1969,"низкая активность: 2 вх./1 исх. плательщиков/получателей, без выраженного паттерна Кластер 17 (0 seed)  объём входящих 118 200 KZT."
100000002773323100,3,False,2,1,285000.0,1171644.0,2,2,0.0003269481574907087,-1.0986866837920737e-20,7.528982871830513e-07,2.1766487509663916e-05,True,0,4.111031578947369,False,0,peripheral,0.15,"низкая активность: 2 вх./1 исх. плательщиков/получателей, без выраженного паттерна",32,0.1,0.2113,"низкая активность: 2 вх./1 исх. плательщиков/получателей, без выраженного паттерна Кластер 32 (0 seed)  объём входящих 285 000 KZT."
100000002528544100,3,False,1,0,192912.0,0.0,1,0,0.0003006459851600432,-0.0,7.936044353374565e-05,0.0,False,0,0.0,False,0,terminal,0.8,получил 192 912 KZT от 1 плательщиков  исходящих переводов нет (глубина 3<4),17,0.25,0.2786,получил 192 912 KZT от 1 плательщиков  исходящих переводов нет (глубина 3<4) Кластер 17 (0 seed)  объём входящих 192 912 KZT.
100000003760160100,3,False,1,0,104470.0,0.0,1,0,0.0002902479581680213,-0.0,0.002940174080170132,0.0,False,0,0.0,False,0,terminal,0.8,получил 104 470 KZT от 1 плательщиков  исходящих переводов нет (глубина 3<4),9,0.25,0.2686,получил 104 470 KZT от 1 плательщиков  исходящих переводов нет (глубина 3<4) Кластер 9 (0 seed)  объём входящих 104 470 KZT.
100000000640800100,3,False,1,4,80000.0,518135.0,1,6,0.0003045913514776589,1.7055499391315502e-07,0.00013028037772057946,0.00020879704685196126,True,0,6.4766875,False,0,peripheral,0.15,"низкая активность: 1 вх./4 исх. плательщиков/получателей, без выраженного паттерна",17,0.1,0.1932,"низкая активность: 1 вх./4 исх. плательщиков/получателей, без выраженного паттерна Кластер 17 (0 seed)  объём входящих 80 000 KZT."
100000008238112100,3,False,1,0,190000.0,0.0,1,0,0.0002930308208450225,-0.0,0.002940174080170132,0.0,False,0,0.0,False,0,terminal,0.8,получил 190 000 KZT от 1 плательщиков  исходящих переводов нет (глубина 3<4),9,0.25,0.2784,получил 190 000 KZT от 1 плательщиков  исходящих переводов нет (глубина 3<4) Кластер 9 (0 seed)  объём входящих 190 000 KZT.
100000008751349100,3,False,1,0,11630.0,0.0,1,0,0.00028977653107132667,-0.0,7.464943509991059e-20,0.0,False,0,0.0,False,0,terminal,0.8,получил 11 630 KZT от 1 плательщиков  исходящих переводов нет (глубина 3<4),45,0.25,0.2328,получил 11 630 KZT от 1 плательщиков  исходящих переводов нет (глубина 3<4) Кластер 45 (0 seed)  объём входящих 11 630 KZT.
100000002963189100,3,False,1,7,490000.0,5219000.0,3,15,0.0004260361041403024,3.17690644678991e-06,2.4413790383031235e-05,8.384128522240917e-05,True,0,10.651020408163266,False,0,peripheral,0.15,"низкая активность: 1 вх./7 исх. плательщиков/получателей, без выраженного паттерна",0,0.1,0.221,"низкая активность: 1 вх./7 исх. плательщиков/получателей, без выраженного паттерна Кластер 0 (0 seed)  объём входящих 490 000 KZT."
100000008548853100,3,False,1,0,14000.0,0.0,1,0,0.0002890429371307258,-0.0,-1.1342661239262463e-17,0.0,False,1,0.0,False,0,terminal,0.8,получил 14 000 KZT от 1 плательщиков  исходящих переводов нет (глубина 3<4),38,0.25,0.2358,получил 14 000 KZT от 1 плательщиков  исходящих переводов нет (глубина 3<4) Кластер 38 (1 seed)  объём входящих 14 000 KZT.
100000003164661100,3,False,1,0,596200.0,0.0,3,0,0.000603302331919954,-0.0,-2.3967640463433065e-19,0.0,False,15,0.0,False,0,terminal,0.8,получил 596 200 KZT от 1 плательщиков  исходящих переводов нет (глубина 3<4),37,0.25,0.297,получил 596 200 KZT от 1 плательщиков  исходящих переводов нет (глубина 3<4) Кластер 37 (1 seed)  объём входящих 596 200 KZT.
100000000791285100,3,False,1,3,1120000.0,650000.0,2,3,0.0005687922766193721,2.164515439881566e-06,7.464943509991059e-20,3.95021439990197e-05,True,0,0.5803571428571429,False,0,peripheral,0.15,"низкая активность: 1 вх./3 исх. плательщиков/получателей, без выраженного паттерна",45,0.1,0.2339,"низкая активность: 1 вх./3 исх. плательщиков/получателей, без выраженного паттерна Кластер 45 (0 seed)  объём входящих 1 120 000 KZT."
100000003192309100,3,False,1,1,17200.0,213000.0,1,1,0.0002895444426062888,6.910401039272895e-20,-1.1342661239262463e-17,1.4107908571078464e-06,True,1,12.383720930232558,False,0,peripheral,0.15,"низкая активность: 1 вх./1 исх. плательщиков/получателей, без выраженного паттерна",38,0.1,0.1652,"низкая активность: 1 вх./1 исх. плательщиков/получателей, без выраженного паттерна Кластер 38 (1 seed)  объём входящих 17 200 KZT."
100000002891765100,3,False,1,0,55576.0,0.0,1,0,0.00030263552577428066,-0.0,2.4413790383031235e-05,0.0,False,0,0.0,False,0,terminal,0.8,получил 55 576 KZT от 1 плательщиков  исходящих переводов нет (глубина 3<4),0,0.25,0.2583,получил 55 576 KZT от 1 плательщиков  исходящих переводов нет (глубина 3<4) Кластер 0 (0 seed)  объём входящих 55 576 KZT.
100000001740277100,3,False,1,1,8700.0,5000.0,1,1,0.0003735092522064284,3.100474270750391e-20,2.9738376214292305e-19,0.0,False,0,0.5747126436781609,False,0,peripheral,0.15,"низкая активность: 1 вх./1 исх. плательщиков/получателей, без выраженного паттерна",24,0.1,0.154,"низкая активность: 1 вх./1 исх. плательщиков/получателей, без выраженного паттерна Кластер 24 (2 seed)  объём входящих 8 700 KZT."
100000002232266100,3,False,1,0,45000.0,0.0,1,0,0.00029604125025309633,-0.0,0.0016044117981357413,0.0,False,0,0.0,False,0,terminal,0.8,получил 45 000 KZT от 1 плательщиков  исходящих переводов нет (глубина 3<4),17,0.25,0.2548,получил 45 000 KZT от 1 плательщиков  исходящих переводов нет (глубина 3<4) Кластер 17 (0 seed)  объём входящих 45 000 KZT.
100000006701983100,3,False,1,0,27000.0,0.0,1,0,0.0002910803031252003,-0.0,-1.1342661239262463e-17,0.0,False,1,0.0,False,0,terminal,0.8,получил 27 000 KZT от 1 плательщиков  исходящих переводов нет (глубина 3<4),38,0.25,0.2465,получил 27 000 KZT от 1 плательщиков  исходящих переводов нет (глубина 3<4) Кластер 38 (1 seed)  объём входящих 27 000 KZT.
100000002871199100,3,False,1,0,23186.0,0.0,1,0,0.000293434964264614,-0.0,2.4413790383031235e-05,0.0,False,0,0.0,False,0,terminal,0.8,получил 23 186 KZT от 1 плательщиков  исходящих переводов нет (глубина 3<4),0,0.25,0.244,получил 23 186 KZT от 1 плательщиков  исходящих переводов нет (глубина 3<4) Кластер 0 (0 seed)  объём входящих 23 186 KZT.
100000002757791100,3,False,1,0,73050.0,0.0,1,0,0.000312426075979587,-0.0,4.727072241486637e-07,0.0,False,0,0.0,False,0,terminal,0.8,получил 73 050 KZT от 1 плательщиков  исходящих переводов нет (глубина 3<4),1,0.25,0.2628,получил 73 050 KZT от 1 плательщиков  исходящих переводов нет (глубина 3<4) Кластер 1 (3 seed)  объём входящих 73 050 KZT.
100000000572276100,3,False,1,1,13075.0,34547.0,1,1,0.0002888979707041959,-2.5687675876879595e-20,-1.1342661239262463e-17,1.4107908571078464e-06,True,1,2.6422179732313578,False,0,peripheral,0.15,"низкая активность: 1 вх./1 исх. плательщиков/получателей, без выраженного паттерна",38,0.1,0.1607,"низкая активность: 1 вх./1 исх. плательщиков/получателей, без выраженного паттерна Кластер 38 (1 seed)  объём входящих 13 075 KZT."
100000001853812100,3,False,1,0,70000.0,0.0,1,0,0.0003011481389075177,-0.0,0.0016044117981357413,0.0,False,0,0.0,False,0,terminal,0.8,получил 70 000 KZT от 1 плательщиков  исходящих переводов нет (глубина 3<4),17,0.25,0.2621,получил 70 000 KZT от 1 плательщиков  исходящих переводов нет (глубина 3<4) Кластер 17 (0 seed)  объём входящих 70 000 KZT.
100000004726132100,3,False,1,1,349000.0,24000.0,1,2,0.00031792475925044466,8.036262042613977e-20,0.0011319384436485965,1.9549530448494444e-05,True,0,0.06876790830945559,False,0,peripheral,0.15,"низкая активность: 1 вх./1 исх. плательщиков/получателей, без выраженного паттерна",8,0.1,0.2146,"низкая активность: 1 вх./1 исх. плательщиков/получателей, без выраженного паттерна Кластер 8 (1 seed)  объём входящих 349 000 KZT."
100000001785161100,3,False,2,0,30000.0,0.0,2,0,0.0003326849590253378,-0.0,4.536876195198825e-05,0.0,False,0,0.0,False,0,terminal,0.8,получил 30 000 KZT от 2 плательщиков  исходящих переводов нет (глубина 3<4),60,0.25,0.2482,получил 30 000 KZT от 2 плательщиков  исходящих переводов нет (глубина 3<4) Кластер 60 (0 seed)  объём входящих 30 000 KZT.
100000002612809100,3,False,1,3,30000.0,114000.0,2,4,0.0004301567178849594,-1.9450357889756503e-19,-1.298055173219316e-19,1.612332408123253e-06,True,0,3.8,False,0,peripheral,0.15,"низкая активность: 1 вх./3 исх. плательщиков/получателей, без выраженного паттерна",56,0.1,0.1743,"низкая активность: 1 вх./3 исх. плательщиков/получателей, без выраженного паттерна Кластер 56 (0 seed)  объём входящих 30 000 KZT."
100000008769097100,3,False,1,0,31100.0,0.0,1,0,0.0002917228570157654,-0.0,-1.1342661239262463e-17,0.0,False,1,0.0,False,0,terminal,0.8,получил 31 100 KZT от 1 плательщиков  исходящих переводов нет (глубина 3<4),38,0.25,0.2488,получил 31 100 KZT от 1 плательщиков  исходящих переводов нет (глубина 3<4) Кластер 38 (1 seed)  объём входящих 31 100 KZT.
100000004488265100,3,False,1,0,38740.0,0.0,1,0,0.00029476248533402927,-0.0,0.0016044117981357413,0.0,False,0,0.0,False,0,terminal,0.8,получил 38 740 KZT от 1 плательщиков  исходящих переводов нет (глубина 3<4),17,0.25,0.2524,получил 38 740 KZT от 1 плательщиков  исходящих переводов нет (глубина 3<4) Кластер 17 (0 seed)  объём входящих 38 740 KZT.
100000002509598100,3,False,1,0,305550.0,0.0,1,0,0.0003014631509943508,-0.0,3.7941363435728165e-07,0.0,False,0,0.0,False,0,terminal,0.8,получил 305 550 KZT от 1 плательщиков  исходящих переводов нет (глубина 3<4),48,0.25,0.2861,получил 305 550 KZT от 1 плательщиков  исходящих переводов нет (глубина 3<4) Кластер 48 (0 seed)  объём входящих 305 550 KZT.
100000008706846100,3,False,1,0,14200.0,0.0,1,0,0.00028907428122294847,-0.0,-1.1342661239262463e-17,0.0,False,1,0.0,False,0,terminal,0.8,получил 14 200 KZT от 1 плательщиков  исходящих переводов нет (глубина 3<4),38,0.25,0.236,получил 14 200 KZT от 1 плательщиков  исходящих переводов нет (глубина 3<4) Кластер 38 (1 seed)  объём входящих 14 200 KZT.
100000001280798100,3,False,1,0,23785.0,0.0,1,0,0.0002957478453823627,-0.0,6.407022407304071e-07,0.0,False,0,0.0,False,0,terminal,0.8,получил 23 785 KZT от 1 плательщиков  исходящих переводов нет (глубина 3<4),29,0.25,0.2444,получил 23 785 KZT от 1 плательщиков  исходящих переводов нет (глубина 3<4) Кластер 29 (0 seed)  объём входящих 23 785 KZT.
100000006664478100,3,False,1,2,55000.0,60000.0,3,2,0.0006195113014954252,-1.1190048628490814e-19,5.492229600659049e-19,1.2092493060924398e-06,True,0,1.0909090909090908,False,0,transit,0.909,"получает от 1, передаёт 2; pass-through 1.09 — деньги не задерживаются",1,0.35,0.3054,"получает от 1, передаёт 2; pass-through 1.09 — деньги не задерживаются Кластер 1 (3 seed)  объём входящих 55 000 KZT."
100000003781406100,3,False,1,0,45000.0,0.0,2,0,0.0007259553797550307,-0.0,2.1461308253151902e-20,0.0,False,0,0.0,False,0,terminal,0.8,получил 45 000 KZT от 1 плательщиков  исходящих переводов нет (глубина 3<4),13,0.25,0.2548,получил 45 000 KZT от 1 плательщиков  исходящих переводов нет (глубина 3<4) Кластер 13 (1 seed)  объём входящих 45 000 KZT.
100000008708595100,3,False,1,0,17200.0,0.0,1,0,0.0002895444426062888,-0.0,-1.1342661239262463e-17,0.0,False,1,0.0,False,0,terminal,0.8,получил 17 200 KZT от 1 плательщиков  исходящих переводов нет (глубина 3<4),38,0.25,0.2392,получил 17 200 KZT от 1 плательщиков  исходящих переводов нет (глубина 3<4) Кластер 38 (1 seed)  объём входящих 17 200 KZT.
100000004611571100,3,False,1,0,22550.0,0.0,1,0,0.00028812417786210705,-0.0,0.002905781655216498,0.0,False,0,0.0,False,0,terminal,0.8,получил 22 550 KZT от 1 плательщиков  исходящих переводов нет (глубина 3<4),8,0.25,0.2436,получил 22 550 KZT от 1 плательщиков  исходящих переводов нет (глубина 3<4) Кластер 8 (1 seed)  объём входящих 22 550 KZT.
100000008576243100,3,False,2,0,82920.0,0.0,4,0,0.0016582396966117686,-0.0,9.244316899804248e-05,0.0,False,0,0.0,False,0,terminal,0.8,получил 82 920 KZT от 2 плательщиков  исходящих переводов нет (глубина 3<4),8,0.25,0.2648,получил 82 920 KZT от 2 плательщиков  исходящих переводов нет (глубина 3<4) Кластер 8 (1 seed)  объём входящих 82 920 KZT.
100000008662216100,3,False,1,0,26200.0,0.0,1,0,0.0002909549267563096,-0.0,-1.1342661239262463e-17,0.0,False,1,0.0,False,0,terminal,0.8,получил 26 200 KZT от 1 плательщиков  исходящих переводов нет (глубина 3<4),38,0.25,0.246,получил 26 200 KZT от 1 плательщиков  исходящих переводов нет (глубина 3<4) Кластер 38 (1 seed)  объём входящих 26 200 KZT.
100000002681544100,3,False,2,0,166072.0,0.0,2,0,0.0003372026236874282,-0.0,0.0017127236977167648,0.0,False,0,0.0,False,0,terminal,0.8,получил 166 072 KZT от 2 плательщиков  исходящих переводов нет (глубина 3<4),24,0.25,0.2762,получил 166 072 KZT от 2 плательщиков  исходящих переводов нет (глубина 3<4) Кластер 24 (2 seed)  объём входящих 166 072 KZT.
100000007864477100,3,False,2,6,76000.0,203500.0,2,10,0.0003061302993907699,0.0011108515258944534,0.0013712520588685254,3.708364538683482e-05,True,0,2.6776315789473686,False,1,peripheral,0.15,"низкая активность: 2 вх./6 исх. плательщиков/получателей, без выраженного паттерна",8,0.1,0.2199,"низкая активность: 2 вх./6 исх. плательщиков/получателей, без выраженного паттерна Кластер 8 (1 seed)  объём входящих 76 000 KZT."
100000004746397100,3,False,1,1,219520.0,7500.0,1,1,0.00029399130378931197,8.152357008587671e-05,0.002940174080170132,0.0,False,0,0.03416545189504373,False,0,peripheral,0.15,"низкая активность: 1 вх./1 исх. плательщиков/получателей, без выраженного паттерна",9,0.1,0.2067,"низкая активность: 1 вх./1 исх. плательщиков/получателей, без выраженного паттерна Кластер 9 (0 seed)  объём входящих 219 520 KZT."
100000003814002100,3,False,1,0,30000.0,0.0,1,0,0.0002878249512282775,-0.0,0.002940174080170132,0.0,False,0,0.0,False,0,terminal,0.8,получил 30 000 KZT от 1 плательщиков  исходящих переводов нет (глубина 3<4),9,0.25,0.2482,получил 30 000 KZT от 1 плательщиков  исходящих переводов нет (глубина 3<4) Кластер 9 (0 seed)  объём входящих 30 000 KZT.
100000003962994100,3,False,1,0,10000.0,0.0,1,0,0.00048331802967873446,-0.0,3.9622043153960764e-19,0.0,False,0,0.0,False,0,terminal,0.8,получил 10 000 KZT от 1 плательщиков  исходящих переводов нет (глубина 3<4),62,0.25,0.2303,получил 10 000 KZT от 1 плательщиков  исходящих переводов нет (глубина 3<4) Кластер 62 (0 seed)  объём входящих 10 000 KZT.
100000003366471100,3,False,2,1,329789.0,20000.0,5,1,0.00036206918808918086,1.706304887155792e-20,0.0027423192312258783,1.9549530448494444e-05,True,0,0.0606448365470043,False,0,peripheral,0.15,"низкая активность: 2 вх./1 исх. плательщиков/получателей, без выраженного паттерна",17,0.1,0.2136,"низкая активность: 2 вх./1 исх. плательщиков/получателей, без выраженного паттерна Кластер 17 (0 seed)  объём входящих 329 789 KZT."
100000003561031100,3,False,1,1,13300.0,5000.0,1,1,0.00028956571543929004,-8.616455584984769e-20,0.0016044117981357413,1.9549530448494444e-05,True,0,0.37593984962406013,False,0,peripheral,0.15,"низкая активность: 1 вх./1 исх. плательщиков/получателей, без выраженного паттерна",17,0.1,0.1612,"низкая активность: 1 вх./1 исх. плательщиков/получателей, без выраженного паттерна Кластер 17 (0 seed)  объём входящих 13 300 KZT."
100000001690439100,3,False,1,0,14200.0,0.0,1,0,0.0004791292796983004,-0.0,9.315523056520294e-05,0.0,False,0,0.0,False,0,terminal,0.8,получил 14 200 KZT от 1 плательщиков  исходящих переводов нет (глубина 3<4),9,0.25,0.236,получил 14 200 KZT от 1 плательщиков  исходящих переводов нет (глубина 3<4) Кластер 9 (0 seed)  объём входящих 14 200 KZT.
100000002954780100,3,False,1,0,133400.0,0.0,1,0,0.00029375061568105476,-0.0,3.220733719358745e-06,0.0,False,0,0.0,False,0,terminal,0.8,получил 133 400 KZT от 1 плательщиков  исходящих переводов нет (глубина 3<4),32,0.25,0.2726,получил 133 400 KZT от 1 плательщиков  исходящих переводов нет (глубина 3<4) Кластер 32 (0 seed)  объём входящих 133 400 KZT.
100000008720668100,3,False,1,0,16000.0,0.0,1,0,0.00028935637805295266,-0.0,-1.1342661239262463e-17,0.0,False,1,0.0,False,0,terminal,0.8,получил 16 000 KZT от 1 плательщиков  исходящих переводов нет (глубина 3<4),38,0.25,0.238,получил 16 000 KZT от 1 плательщиков  исходящих переводов нет (глубина 3<4) Кластер 38 (1 seed)  объём входящих 16 000 KZT.
100000002459164100,3,False,1,0,20000.0,0.0,1,0,0.0005441976818028365,-0.0,-6.152053780717478e-20,0.0,False,0,0.0,False,0,terminal,0.8,получил 20 000 KZT от 1 плательщиков  исходящих переводов нет (глубина 3<4),8,0.25,0.2416,получил 20 000 KZT от 1 плательщиков  исходящих переводов нет (глубина 3<4) Кластер 8 (1 seed)  объём входящих 20 000 KZT.
100000005082652100,3,False,1,0,30000.0,0.0,1,0,0.00040978263476441364,-0.0,3.499089368244765e-08,0.0,False,0,0.0,False,0,terminal,0.8,получил 30 000 KZT от 1 плательщиков  исходящих переводов нет (глубина 3<4),24,0.25,0.2482,получил 30 000 KZT от 1 плательщиков  исходящих переводов нет (глубина 3<4) Кластер 24 (2 seed)  объём входящих 30 000 KZT.
100000005041905100,3,False,1,1,5000.0,1080351.0,1,5,0.000287632452980705,2.290674275854086e-19,-1.1342661239262463e-17,0.0,False,1,216.0702,False,0,peripheral,0.15,"низкая активность: 1 вх./1 исх. плательщиков/получателей, без выраженного паттерна",38,0.1,0.145,"низкая активность: 1 вх./1 исх. плательщиков/получателей, без выраженного паттерна Кластер 38 (1 seed)  объём входящих 5 000 KZT."
100000008653041100,3,False,1,0,28000.0,0.0,1,0,0.0002912370235863138,-0.0,-1.1342661239262463e-17,0.0,False,1,0.0,False,0,terminal,0.8,получил 28 000 KZT от 1 плательщиков  исходящих переводов нет (глубина 3<4),38,0.25,0.2471,получил 28 000 KZT от 1 плательщиков  исходящих переводов нет (глубина 3<4) Кластер 38 (1 seed)  объём входящих 28 000 KZT.
100000008722417100,3,False,1,3,331900.0,720000.0,1,6,0.00029764777646137323,-1.3238134111127723e-18,0.002940174080170132,5.864859134548333e-05,True,0,2.16932811087677,False,0,peripheral,0.15,"низкая активность: 1 вх./3 исх. плательщиков/получателей, без выраженного паттерна",9,0.1,0.2143,"низкая активность: 1 вх./3 исх. плательщиков/получателей, без выраженного паттерна Кластер 9 (0 seed)  объём входящих 331 900 KZT."
100000008625905100,3,False,1,2,197800.0,635000.0,1,2,0.0005476931582077987,4.251868522581121e-19,5.324274627191207e-19,4.030831020308133e-05,True,0,3.210313447927199,False,0,peripheral,0.15,"низкая активность: 1 вх./2 исх. плательщиков/получателей, без выраженного паттерна",66,0.1,0.2056,"низкая активность: 1 вх./2 исх. плательщиков/получателей, без выраженного паттерна Кластер 66 (0 seed)  объём входящих 197 800 KZT."
100000007487729100,3,False,1,0,25000.0,0.0,1,0,0.0002954304206792713,-0.0,0.00016105425944983216,0.0,False,0,0.0,False,0,terminal,0.8,получил 25 000 KZT от 1 плательщиков  исходящих переводов нет (глубина 3<4),8,0.25,0.2453,получил 25 000 KZT от 1 плательщиков  исходящих переводов нет (глубина 3<4) Кластер 8 (1 seed)  объём входящих 25 000 KZT.
100000000838385100,3,False,1,2,436900.0,177500.0,8,6,0.0019394164396497845,6.776782268090255e-20,3.807850714831456e-19,2.216957061169473e-05,True,0,0.40627145799954223,False,0,peripheral,0.15,"низкая активность: 1 вх./2 исх. плательщиков/получателей, без выраженного паттерна",57,0.1,0.2183,"низкая активность: 1 вх./2 исх. плательщиков/получателей, без выраженного паттерна Кластер 57 (0 seed)  объём входящих 436 900 KZT."
100000004750321100,3,False,2,0,50185.0,0.0,2,0,0.0003139265645129451,-0.0,0.0001097006649987856,0.0,False,0,0.0,False,0,terminal,0.8,получил 50 185 KZT от 2 плательщиков  исходящих переводов нет (глубина 3<4),29,0.25,0.2566,получил 50 185 KZT от 2 плательщиков  исходящих переводов нет (глубина 3<4) Кластер 29 (0 seed)  объём входящих 50 185 KZT.
100000008664774100,3,False,1,0,16300.0,0.0,1,0,0.00028940339419128674,-0.0,-1.1342661239262463e-17,0.0,False,1,0.0,False,0,terminal,0.8,получил 16 300 KZT от 1 плательщиков  исходящих переводов нет (глубина 3<4),38,0.25,0.2383,получил 16 300 KZT от 1 плательщиков  исходящих переводов нет (глубина 3<4) Кластер 38 (1 seed)  объём входящих 16 300 KZT.
100000006274203100,3,False,2,3,3417512.0,72000.0,41,3,0.0006348128592595725,0.0019068781625776966,0.002963681798817322,4.55483905294819e-05,True,0,0.02106795821053445,False,1,peripheral,0.15,"низкая активность: 2 вх./3 исх. плательщиков/получателей, без выраженного паттерна",49,0.1,0.2822,"низкая активность: 2 вх./3 исх. плательщиков/получателей, без выраженного паттерна Кластер 49 (1 seed)  объём входящих 3 417 512 KZT."
100000002185328100,3,False,1,4,15000.0,55000.0,1,4,0.0003533934292326023,2.697474578805045e-19,-1.1111782804433292e-19,6.267942236579146e-05,True,0,3.6666666666666665,False,0,peripheral,0.15,"низкая активность: 1 вх./4 исх. плательщиков/получателей, без выраженного паттерна",46,0.1,0.1638,"низкая активность: 1 вх./4 исх. плательщиков/получателей, без выраженного паттерна Кластер 46 (0 seed)  объём входящих 15 000 KZT."
100000008254576100,3,False,1,1,8000.0,60000.0,1,1,0.0002929743979144967,-1.4375424590302982e-19,-8.353301384468563e-20,1.9952613550525257e-05,True,0,7.5,False,0,peripheral,0.15,"низкая активность: 1 вх./1 исх. плательщиков/получателей, без выраженного паттерна",34,0.1,0.153,"низкая активность: 1 вх./1 исх. плательщиков/получателей, без выраженного паттерна Кластер 34 (0 seed)  объём входящих 8 000 KZT."
100000001689968100,3,False,3,0,344333.75,0.0,3,0,0.00034064375029229104,-0.0,0.004048891579845824,0.0,False,0,0.0,False,0,terminal,0.8,получил 344 334 KZT от 3 плательщиков  исходящих переводов нет (глубина 3<4),9,0.25,0.2881,получил 344 334 KZT от 3 плательщиков  исходящих переводов нет (глубина 3<4) Кластер 9 (0 seed)  объём входящих 344 334 KZT.
100000002236528100,3,False,1,0,66000.0,0.0,1,0,0.00030861061842404425,-0.0,0.00010831189958102287,0.0,False,0,0.0,False,0,terminal,0.8,получил 66 000 KZT от 1 плательщиков  исходящих переводов нет (глубина 3<4),24,0.25,0.2611,получил 66 000 KZT от 1 плательщиков  исходящих переводов нет (глубина 3<4) Кластер 24 (2 seed)  объём входящих 66 000 KZT.
100000002670960100,3,False,1,0,480310.0,0.0,1,0,0.0003098218324664033,-0.0,3.7941363435728165e-07,0.0,False,0,0.0,False,0,terminal,0.8,получил 480 310 KZT от 1 плательщиков  исходящих переводов нет (глубина 3<4),48,0.25,0.2935,получил 480 310 KZT от 1 плательщиков  исходящих переводов нет (глубина 3<4) Кластер 48 (0 seed)  объём входящих 480 310 KZT.
100000003557488100,3,False,1,2,664992.0,138000.0,3,4,0.0005833816707633925,5.614979336751998e-19,4.747355965046334e-05,2.0154155101540664e-05,True,0,0.20752129348924497,False,0,peripheral,0.15,"низкая активность: 1 вх./2 исх. плательщиков/получателей, без выраженного паттерна",12,0.1,0.2251,"низкая активность: 1 вх./2 исх. плательщиков/получателей, без выраженного паттерна Кластер 12 (0 seed)  объём входящих 664 992 KZT."
100000003888197100,3,False,1,0,83167.0,0.0,1,0,0.0002895548291652368,-0.0,0.002940174080170132,0.0,False,0,0.0,False,0,terminal,0.8,получил 83 167 KZT от 1 плательщиков  исходящих переводов нет (глубина 3<4),9,0.25,0.2649,получил 83 167 KZT от 1 плательщиков  исходящих переводов нет (глубина 3<4) Кластер 9 (0 seed)  объём входящих 83 167 KZT.
100000002799941100,3,False,1,0,600000.0,0.0,1,0,0.0003898849857907598,-0.0,8.448073393743472e-05,0.0,False,0,0.0,False,0,terminal,0.8,получил 600 000 KZT от 1 плательщиков  исходящих переводов нет (глубина 3<4),49,0.25,0.2971,получил 600 000 KZT от 1 плательщиков  исходящих переводов нет (глубина 3<4) Кластер 49 (1 seed)  объём входящих 600 000 KZT.
100000001632325100,3,False,1,0,85600.0,0.0,3,0,0.0003002641221464471,-0.0,-1.1342661239262463e-17,0.0,False,1,0.0,False,0,terminal,0.8,получил 85 600 KZT от 1 плательщиков  исходящих переводов нет (глубина 3<4),38,0.25,0.2653,получил 85 600 KZT от 1 плательщиков  исходящих переводов нет (глубина 3<4) Кластер 38 (1 seed)  объём входящих 85 600 KZT.
100000008620570100,3,False,2,2,145000.0,31800.0,2,2,0.00035008083059912595,3.4031759088864756e-06,0.0003810593725414669,1.9549530448494444e-05,True,0,0.2193103448275862,False,0,peripheral,0.15,"низкая активность: 2 вх./2 исх. плательщиков/получателей, без выраженного паттерна",17,0.1,0.2002,"низкая активность: 2 вх./2 исх. плательщиков/получателей, без выраженного паттерна Кластер 17 (0 seed)  объём входящих 145 000 KZT."
100000005308954100,3,False,1,1,69020.0,30000.0,1,1,0.0003610327484487222,7.450175568283803e-21,1.0123575772457054e-05,2.0154155101540664e-05,True,0,0.43465662126919735,False,0,peripheral,0.15,"низкая активность: 1 вх./1 исх. плательщиков/получателей, без выраженного паттерна",2,0.1,0.1881,"низкая активность: 1 вх./1 исх. плательщиков/получателей, без выраженного паттерна Кластер 2 (7 seed)  объём входящих 69 020 KZT."
100000008468762100,3,False,2,0,170000.0,0.0,2,0,0.000311790467456624,-0.0,1.3211888160413526e-06,0.0,False,0,0.0,False,0,terminal,0.8,получил 170 000 KZT от 2 плательщиков  исходящих переводов нет (глубина 3<4),21,0.25,0.2765,получил 170 000 KZT от 2 плательщиков  исходящих переводов нет (глубина 3<4) Кластер 21 (0 seed)  объём входящих 170 000 KZT.
100000002305007100,3,False,1,0,56000.0,0.0,1,0,0.0002956251964974897,-0.0,-1.1342661239262463e-17,0.0,False,1,0.0,False,0,terminal,0.8,получил 56 000 KZT от 1 плательщиков  исходящих переводов нет (глубина 3<4),38,0.25,0.2584,получил 56 000 KZT от 1 плательщиков  исходящих переводов нет (глубина 3<4) Кластер 38 (1 seed)  объём входящих 56 000 KZT.
100000008314863100,3,False,1,0,12000.0,0.0,1,0,0.0005193345948548091,-0.0,-2.6561878144003337e-19,0.0,False,0,0.0,False,0,terminal,0.8,получил 12 000 KZT от 1 плательщиков  исходящих переводов нет (глубина 3<4),15,0.25,0.2333,получил 12 000 KZT от 1 плательщиков  исходящих переводов нет (глубина 3<4) Кластер 15 (5 seed)  объём входящих 12 000 KZT.
100000005709551100,3,False,1,0,24560.0,0.0,1,0,0.0002959776301291211,-0.0,0.00025946008779307493,0.0,False,0,0.0,False,0,terminal,0.8,получил 24 560 KZT от 1 плательщиков  исходящих переводов нет (глубина 3<4),31,0.25,0.245,получил 24 560 KZT от 1 плательщиков  исходящих переводов нет (глубина 3<4) Кластер 31 (3 seed)  объём входящих 24 560 KZT.
100000008297199100,3,False,1,0,42268.0,0.0,1,0,0.00029791893700040824,-0.0,0.0011379074330901365,0.0,False,0,0.0,False,0,terminal,0.8,получил 42 268 KZT от 1 плательщиков  исходящих переводов нет (глубина 3<4),8,0.25,0.2538,получил 42 268 KZT от 1 плательщиков  исходящих переводов нет (глубина 3<4) Кластер 8 (1 seed)  объём входящих 42 268 KZT.
100000003271151100,3,False,1,0,127294.0,0.0,1,0,0.00031285190205017447,-0.0,0.0016044117981357413,0.0,False,0,0.0,False,0,terminal,0.8,получил 127 294 KZT от 1 плательщиков  исходящих переводов нет (глубина 3<4),17,0.25,0.2718,получил 127 294 KZT от 1 плательщиков  исходящих переводов нет (глубина 3<4) Кластер 17 (0 seed)  объём входящих 127 294 KZT.
100000007005380100,3,False,1,0,9400.0,0.0,1,0,0.00030444858862264224,-0.0,0.00010694239102769263,0.0,False,0,0.0,False,0,terminal,0.8,получил 9 400 KZT от 1 плательщиков  исходящих переводов нет (глубина 3<4),9,0.25,0.2293,получил 9 400 KZT от 1 плательщиков  исходящих переводов нет (глубина 3<4) Кластер 9 (0 seed)  объём входящих 9 400 KZT.
100000004451012100,3,False,1,3,91245.0,65740.0,1,3,0.0003025180709228461,1.8746636530625522e-19,8.448073393743472e-05,5.864859134548333e-05,True,0,0.7204778344018851,False,0,peripheral,0.15,"низкая активность: 1 вх./3 исх. плательщиков/получателей, без выраженного паттерна",49,0.1,0.1932,"низкая активность: 1 вх./3 исх. плательщиков/получателей, без выраженного паттерна Кластер 49 (1 seed)  объём входящих 91 245 KZT."
100000004779204100,3,False,1,1,30450.0,20000.0,1,2,0.0002885709665440164,1.5310220726937926e-19,0.002905781655216498,1.9549530448494444e-05,True,0,0.6568144499178982,False,0,peripheral,0.15,"низкая активность: 1 вх./1 исх. плательщиков/получателей, без выраженного паттерна",8,0.1,0.1748,"низкая активность: 1 вх./1 исх. плательщиков/получателей, без выраженного паттерна Кластер 8 (1 seed)  объём входящих 30 450 KZT."
100000002793881100,3,False,3,0,785600.0,0.0,3,0,0.00037674307982882413,-0.0,5.277513813514391e-06,0.0,False,0,0.0,False,0,terminal,0.8,получил 785 600 KZT от 3 плательщиков  исходящих переводов нет (глубина 3<4),32,0.25,0.3015,получил 785 600 KZT от 3 плательщиков  исходящих переводов нет (глубина 3<4) Кластер 32 (0 seed)  объём входящих 785 600 KZT.
100000008671129100,3,False,1,0,26200.0,0.0,1,0,0.0002909549267563096,-0.0,-1.1342661239262463e-17,0.0,False,1,0.0,False,0,terminal,0.8,получил 26 200 KZT от 1 плательщиков  исходящих переводов нет (глубина 3<4),38,0.25,0.246,получил 26 200 KZT от 1 плательщиков  исходящих переводов нет (глубина 3<4) Кластер 38 (1 seed)  объём входящих 26 200 KZT.
100000002095257100,3,False,1,0,8500.0,0.0,1,0,0.00039842559844157765,-0.0,1.0252342837016024e-06,0.0,False,0,0.0,False,0,terminal,0.8,получил 8 500 KZT от 1 плательщиков  исходящих переводов нет (глубина 3<4),13,0.25,0.2277,получил 8 500 KZT от 1 плательщиков  исходящих переводов нет (глубина 3<4) Кластер 13 (1 seed)  объём входящих 8 500 KZT.
100000002194329100,3,False,1,0,25170.0,0.0,1,0,0.0002882723533490188,-0.0,0.002905781655216498,0.0,False,0,0.0,False,0,terminal,0.8,получил 25 170 KZT от 1 плательщиков  исходящих переводов нет (глубина 3<4),8,0.25,0.2454,получил 25 170 KZT от 1 плательщиков  исходящих переводов нет (глубина 3<4) Кластер 8 (1 seed)  объём входящих 25 170 KZT.
100000001884825100,3,False,3,0,495000.0,0.0,3,0,0.0003416112789468228,-0.0,3.573322566126723e-06,0.0,False,0,0.0,False,0,terminal,0.8,получил 495 000 KZT от 3 плательщиков  исходящих переводов нет (глубина 3<4),32,0.25,0.294,получил 495 000 KZT от 3 плательщиков  исходящих переводов нет (глубина 3<4) Кластер 32 (0 seed)  объём входящих 495 000 KZT.
100000008692291100,3,False,3,3,160000.0,156000.0,3,3,0.0003092289315024144,1.861894968159004e-19,7.50327047737643e-06,6.529946252899175e-05,True,0,0.975,False,0,transit,0.975,"получает от 3, передаёт 3; pass-through 0.97 — деньги не задерживаются",32,0.35,0.333,"получает от 3, передаёт 3; pass-through 0.97 — деньги не задерживаются Кластер 32 (0 seed)  объём входящих 160 000 KZT."
100000002697752100,3,False,2,0,190785.0,0.0,2,0,0.00033103476484205787,-0.0,0.0027423192312258783,0.0,False,0,0.0,False,0,terminal,0.8,получил 190 785 KZT от 2 плательщиков  исходящих переводов нет (глубина 3<4),17,0.25,0.2784,получил 190 785 KZT от 2 плательщиков  исходящих переводов нет (глубина 3<4) Кластер 17 (0 seed)  объём входящих 190 785 KZT.
100000007170072100,3,False,1,2,100000.0,99500.0,1,9,0.00030902697667828914,-1.0119834344072088e-19,0.00013028037772057946,3.909906089698889e-05,True,0,0.995,False,0,transit,0.995,"получает от 1, передаёт 2; pass-through 0.99 — деньги не задерживаются",17,0.35,0.3277,"получает от 1, передаёт 2; pass-through 0.99 — деньги не задерживаются Кластер 17 (0 seed)  объём входящих 100 000 KZT."
100000002373144100,3,False,1,1,46468.0,10764.0,1,1,0.0002909864876942707,-2.49343082213941e-19,0.0011319384436485965,1.9549530448494444e-05,True,0,0.2316432813979513,False,0,peripheral,0.15,"низкая активность: 1 вх./1 исх. плательщиков/получателей, без выраженного паттерна",8,0.1,0.1817,"низкая активность: 1 вх./1 исх. плательщиков/получателей, без выраженного паттерна Кластер 8 (1 seed)  объём входящих 46 468 KZT."
100000000287768100,3,False,1,0,35168.0,0.0,1,0,0.00028998030498108743,-0.0,0.0011319384436485965,0.0,False,0,0.0,False,0,terminal,0.8,получил 35 168 KZT от 1 плательщиков  исходящих переводов нет (глубина 3<4),8,0.25,0.2508,получил 35 168 KZT от 1 плательщиков  исходящих переводов нет (глубина 3<4) Кластер 8 (1 seed)  объём входящих 35 168 KZT.
100000004508696100,3,False,1,3,7000.0,111000.0,1,4,0.0004243772759776555,4.0387667856397996e-19,3.9622043153960764e-19,3.9905227101050515e-05,True,0,15.857142857142858,False,0,peripheral,0.15,"низкая активность: 1 вх./3 исх. плательщиков/получателей, без выраженного паттерна",62,0.1,0.1511,"низкая активность: 1 вх./3 исх. плательщиков/получателей, без выраженного паттерна Кластер 62 (0 seed)  объём входящих 7 000 KZT."
100000008688109100,3,False,1,0,12800.0,0.0,1,0,0.0002888548725773897,-0.0,-1.1342661239262463e-17,0.0,False,1,0.0,False,0,terminal,0.8,получил 12 800 KZT от 1 плательщиков  исходящих переводов нет (глубина 3<4),38,0.25,0.2343,получил 12 800 KZT от 1 плательщиков  исходящих переводов нет (глубина 3<4) Кластер 38 (1 seed)  объём входящих 12 800 KZT.
100000008724461100,3,False,1,1,100111.0,130000.0,1,1,0.00029202833040907597,1.0289818124716618e-20,3.220733719358745e-06,2.277419526474095e-05,True,0,1.298558599954051,False,0,peripheral,0.15,"низкая активность: 1 вх./1 исх. плательщиков/получателей, без выраженного паттерна",32,0.1,0.1942,"низкая активность: 1 вх./1 исх. плательщиков/получателей, без выраженного паттерна Кластер 32 (0 seed)  объём входящих 100 111 KZT."
100000001714413100,3,False,1,0,250172.0,0.0,1,0,0.0002949886182611399,-0.0,0.002940174080170132,0.0,False,0,0.0,False,0,terminal,0.8,получил 250 172 KZT от 1 плательщиков  исходящих переводов нет (глубина 3<4),9,0.25,0.2828,получил 250 172 KZT от 1 плательщиков  исходящих переводов нет (глубина 3<4) Кластер 9 (0 seed)  объём входящих 250 172 KZT.
100000008672493100,3,False,1,0,14000.0,0.0,1,0,0.0002890429371307258,-0.0,-1.1342661239262463e-17,0.0,False,1,0.0,False,0,terminal,0.8,получил 14 000 KZT от 1 плательщиков  исходящих переводов нет (глубина 3<4),38,0.25,0.2358,получил 14 000 KZT от 1 плательщиков  исходящих переводов нет (глубина 3<4) Кластер 38 (1 seed)  объём входящих 14 000 KZT.
100000003241965100,3,False,1,0,15000.0,0.0,1,0,0.00029246099785228195,-0.0,6.407022407304071e-07,0.0,False,0,0.0,False,0,terminal,0.8,получил 15 000 KZT от 1 плательщиков  исходящих переводов нет (глубина 3<4),29,0.25,0.2369,получил 15 000 KZT от 1 плательщиков  исходящих переводов нет (глубина 3<4) Кластер 29 (0 seed)  объём входящих 15 000 KZT.
100000002241986100,3,False,1,6,280000.0,3077000.0,1,12,0.0002959591225044416,-1.751000775337532e-19,0.002940174080170132,0.00011729718269096666,True,0,10.989285714285714,False,0,peripheral,0.15,"низкая активность: 1 вх./6 исх. плательщиков/получателей, без выраженного паттерна",64,0.1,0.2124,"низкая активность: 1 вх./6 исх. плательщиков/получателей, без выраженного паттерна Кластер 64 (0 seed)  объём входящих 280 000 KZT."
100000004140994100,3,False,1,0,18650.0,0.0,1,0,0.00028977168727490325,-0.0,-1.1342661239262463e-17,0.0,False,1,0.0,False,0,terminal,0.8,получил 18 650 KZT от 1 плательщиков  исходящих переводов нет (глубина 3<4),38,0.25,0.2405,получил 18 650 KZT от 1 плательщиков  исходящих переводов нет (глубина 3<4) Кластер 38 (1 seed)  объём входящих 18 650 KZT.
100000008489922100,3,False,3,36,262010.0,3789900.0,5,41,0.0005884489565955904,6.847780050562923e-05,3.8463978923780305e-06,0.001080464254993595,True,0,14.464715087210411,False,0,distributor,1.0,рассылает 3 789 900 KZT на 36 разных получателей,32,0.75,0.5191,рассылает 3 789 900 KZT на 36 разных получателей Кластер 32 (0 seed)  объём входящих 262 010 KZT.
100000001252290100,3,False,1,1,141005.0,5000.0,1,1,0.00029143668595831994,1.1235503941951732e-19,0.002940174080170132,1.9549530448494444e-05,True,0,0.03545973547037339,False,0,peripheral,0.15,"низкая активность: 1 вх./1 исх. плательщиков/получателей, без выраженного паттерна",9,0.1,0.1998,"низкая активность: 1 вх./1 исх. плательщиков/получателей, без выраженного паттерна Кластер 9 (0 seed)  объём входящих 141 005 KZT."
100000008667799100,3,False,1,0,34000.0,0.0,1,0,0.00029217734635299437,-0.0,-1.1342661239262463e-17,0.0,False,1,0.0,False,0,terminal,0.8,получил 34 000 KZT от 1 плательщиков  исходящих переводов нет (глубина 3<4),38,0.25,0.2503,получил 34 000 KZT от 1 плательщиков  исходящих переводов нет (глубина 3<4) Кластер 38 (1 seed)  объём входящих 34 000 KZT.
100000008684951100,3,False,1,0,17200.0,0.0,1,0,0.0002895444426062888,-0.0,-1.1342661239262463e-17,0.0,False,1,0.0,False,0,terminal,0.8,получил 17 200 KZT от 1 плательщиков  исходящих переводов нет (глубина 3<4),38,0.25,0.2392,получил 17 200 KZT от 1 плательщиков  исходящих переводов нет (глубина 3<4) Кластер 38 (1 seed)  объём входящих 17 200 KZT.
100000006126743100,3,False,1,0,55000.0,0.0,1,0,0.00028863836835589393,-0.0,0.002940174080170132,0.0,False,0,0.0,False,0,terminal,0.8,получил 55 000 KZT от 1 плательщиков  исходящих переводов нет (глубина 3<4),9,0.25,0.2581,получил 55 000 KZT от 1 плательщиков  исходящих переводов нет (глубина 3<4) Кластер 9 (0 seed)  объём входящих 55 000 KZT.
100000003009900100,3,False,1,0,15998.0,0.0,1,0,0.00029283439271113456,-0.0,6.407022407304071e-07,0.0,False,0,0.0,False,0,terminal,0.8,получил 15 998 KZT от 1 плательщиков  исходящих переводов нет (глубина 3<4),29,0.25,0.238,получил 15 998 KZT от 1 плательщиков  исходящих переводов нет (глубина 3<4) Кластер 29 (0 seed)  объём входящих 15 998 KZT.
100000001745217100,3,False,1,0,50000.0,0.0,1,0,0.00029130098657417894,-0.0,0.0011319384436485965,0.0,False,0,0.0,False,0,terminal,0.8,получил 50 000 KZT от 1 плательщиков  исходящих переводов нет (глубина 3<4),8,0.25,0.2566,получил 50 000 KZT от 1 плательщиков  исходящих переводов нет (глубина 3<4) Кластер 8 (1 seed)  объём входящих 50 000 KZT.
100000002886166100,3,False,1,0,185000.0,0.0,3,0,0.0003260325621102659,-0.0,-2.328949408214787e-22,0.0,False,4,0.0,False,0,terminal,0.8,получил 185 000 KZT от 1 плательщиков  исходящих переводов нет (глубина 3<4),44,0.25,0.2779,получил 185 000 KZT от 1 плательщиков  исходящих переводов нет (глубина 3<4) Кластер 44 (1 seed)  объём входящих 185 000 KZT.
100000002956779100,3,False,1,0,411000.0,0.0,1,0,0.0004048778166456668,-0.0,3.77995024743081e-06,0.0,False,0,0.0,False,0,terminal,0.8,получил 411 000 KZT от 1 плательщиков  исходящих переводов нет (глубина 3<4),15,0.25,0.2909,получил 411 000 KZT от 1 плательщиков  исходящих переводов нет (глубина 3<4) Кластер 15 (5 seed)  объём входящих 411 000 KZT.
100000008568512100,3,False,1,0,199640.0,0.0,1,0,0.00029334447448943143,-0.0,0.002940174080170132,0.0,False,0,0.0,False,0,terminal,0.8,получил 199 640 KZT от 1 плательщиков  исходящих переводов нет (глубина 3<4),9,0.25,0.2792,получил 199 640 KZT от 1 плательщиков  исходящих переводов нет (глубина 3<4) Кластер 9 (0 seed)  объём входящих 199 640 KZT.
100000008583360100,3,False,1,1,112843.0,170000.0,1,1,0.0003290682856025026,-1.3451769165162503e-19,6.407022407304071e-07,1.9549530448494444e-05,True,0,1.5065179054083992,False,0,peripheral,0.15,"низкая активность: 1 вх./1 исх. плательщиков/получателей, без выраженного паттерна",29,0.1,0.1961,"низкая активность: 1 вх./1 исх. плательщиков/получателей, без выраженного паттерна Кластер 29 (0 seed)  объём входящих 112 843 KZT."
100000001130176100,3,False,1,0,25000.0,0.0,2,0,0.0005604774925629036,-0.0,-8.252636782971853e-19,0.0,False,0,0.0,False,0,terminal,0.8,получил 25 000 KZT от 1 плательщиков  исходящих переводов нет (глубина 3<4),8,0.25,0.2453,получил 25 000 KZT от 1 плательщиков  исходящих переводов нет (глубина 3<4) Кластер 8 (1 seed)  объём входящих 25 000 KZT.
100000001145749100,3,False,1,0,10000.0,0.0,1,0,0.00048058697082486394,-0.0,-2.6561878144003337e-19,0.0,False,0,0.0,False,0,terminal,0.8,получил 10 000 KZT от 1 плательщиков  исходящих переводов нет (глубина 3<4),15,0.25,0.2303,получил 10 000 KZT от 1 плательщиков  исходящих переводов нет (глубина 3<4) Кластер 15 (5 seed)  объём входящих 10 000 KZT.
100000005367445100,3,False,1,1,5000.0,5000.0,1,1,0.0018698205928640759,9.847280491797292e-07,4.413410633851594e-20,0.0,False,0,1.0,False,0,transit,1.0,"получает от 1, передаёт 1; pass-through 1.00 — деньги не задерживаются",32,0.35,0.279,"получает от 1, передаёт 1; pass-through 1.00 — деньги не задерживаются Кластер 32 (0 seed)  объём входящих 5 000 KZT."
100000003917461100,3,False,1,2,10000.0,140000.0,1,5,0.0004008706877935137,-4.40691731667746e-19,2.6358278337766833e-19,2.0557238203571478e-05,True,0,14.0,False,0,peripheral,0.15,"низкая активность: 1 вх./2 исх. плательщиков/получателей, без выраженного паттерна",13,0.1,0.1566,"низкая активность: 1 вх./2 исх. плательщиков/получателей, без выраженного паттерна Кластер 13 (1 seed)  объём входящих 10 000 KZT."
100000008200810100,3,False,1,0,475000.0,0.0,1,0,0.0003095678578805908,-0.0,3.7941363435728165e-07,0.0,False,0,0.0,False,0,terminal,0.8,получил 475 000 KZT от 1 плательщиков  исходящих переводов нет (глубина 3<4),48,0.25,0.2933,получил 475 000 KZT от 1 плательщиков  исходящих переводов нет (глубина 3<4) Кластер 48 (0 seed)  объём входящих 475 000 KZT.
100000002554175100,3,False,1,0,24621.0,0.0,1,0,0.0002960606290517022,-0.0,6.407022407304071e-07,0.0,False,0,0.0,False,0,terminal,0.8,получил 24 621 KZT от 1 плательщиков  исходящих переводов нет (глубина 3<4),29,0.25,0.245,получил 24 621 KZT от 1 плательщиков  исходящих переводов нет (глубина 3<4) Кластер 29 (0 seed)  объём входящих 24 621 KZT.
100000008751380100,3,False,2,0,345780.0,0.0,2,0,0.0003141608550120162,-0.0,1.9820619108467722e-06,0.0,False,0,0.0,False,0,terminal,0.8,получил 345 780 KZT от 2 плательщиков  исходящих переводов нет (глубина 3<4),32,0.25,0.2881,получил 345 780 KZT от 2 плательщиков  исходящих переводов нет (глубина 3<4) Кластер 32 (0 seed)  объём входящих 345 780 KZT.
100000004071444100,3,False,1,1,247350.0,100000.0,1,1,0.00030887356696769413,2.45994620685341e-19,0.0011319384436485965,1.9549530448494444e-05,True,0,0.40428542551041036,False,0,peripheral,0.15,"низкая активность: 1 вх./1 исх. плательщиков/получателей, без выраженного паттерна",8,0.1,0.2089,"низкая активность: 1 вх./1 исх. плательщиков/получателей, без выраженного паттерна Кластер 8 (1 seed)  объём входящих 247 350 KZT."
100000001141268100,3,False,2,1,480000.0,10000.0,2,1,0.00036647788264930795,-7.068344257985725e-20,4.395581313512184e-07,2.277419526474095e-05,True,0,0.020833333333333332,False,0,peripheral,0.15,"низкая активность: 2 вх./1 исх. плательщиков/получателей, без выраженного паттерна",21,0.1,0.2198,"низкая активность: 2 вх./1 исх. плательщиков/получателей, без выраженного паттерна Кластер 21 (0 seed)  объём входящих 480 000 KZT."
100000002645993100,3,False,2,5,49650.0,86980.0,4,9,0.00029462012240481723,0.0005629113672020799,0.0035485973398432544,4.25252672642508e-05,False,0,1.7518630412890233,False,0,peripheral,0.15,"низкая активность: 2 вх./5 исх. плательщиков/получателей, без выраженного паттерна",8,0.1,0.1831,"низкая активность: 2 вх./5 исх. плательщиков/получателей, без выраженного паттерна Кластер 8 (1 seed)  объём входящих 49 650 KZT."
100000002546921100,3,False,1,0,20000.0,0.0,1,0,0.0002925299630614711,-0.0,2.4413790383031235e-05,0.0,False,0,0.0,False,0,terminal,0.8,получил 20 000 KZT от 1 плательщиков  исходящих переводов нет (глубина 3<4),0,0.25,0.2416,получил 20 000 KZT от 1 плательщиков  исходящих переводов нет (глубина 3<4) Кластер 0 (0 seed)  объём входящих 20 000 KZT.
100000008753897100,3,False,1,0,24050.0,0.0,1,0,0.00029061797776491576,-0.0,-1.1342661239262463e-17,0.0,False,1,0.0,False,0,terminal,0.8,получил 24 050 KZT от 1 плательщиков  исходящих переводов нет (глубина 3<4),38,0.25,0.2446,получил 24 050 KZT от 1 плательщиков  исходящих переводов нет (глубина 3<4) Кластер 38 (1 seed)  объём входящих 24 050 KZT.
100000000870121100,3,False,1,0,12000.0,0.0,1,0,0.00031707851488318084,-0.0,4.259946144306409e-08,0.0,False,0,0.0,False,0,terminal,0.8,получил 12 000 KZT от 1 плательщиков  исходящих переводов нет (глубина 3<4),31,0.25,0.2333,получил 12 000 KZT от 1 плательщиков  исходящих переводов нет (глубина 3<4) Кластер 31 (3 seed)  объём входящих 12 000 KZT.
100000003171006100,3,False,2,0,485000.0,0.0,2,0,0.00033645816065421035,-0.0,4.496881745613236e-06,0.0,False,0,0.0,False,0,terminal,0.8,получил 485 000 KZT от 2 плательщиков  исходящих переводов нет (глубина 3<4),32,0.25,0.2936,получил 485 000 KZT от 2 плательщиков  исходящих переводов нет (глубина 3<4) Кластер 32 (0 seed)  объём входящих 485 000 KZT.
100000001690558100,3,False,1,0,740000.0,0.0,1,0,0.00041392675065107164,-0.0,8.448073393743472e-05,0.0,False,0,0.0,False,0,terminal,0.8,получил 740 000 KZT от 1 плательщиков  исходящих переводов нет (глубина 3<4),49,0.25,0.3005,получил 740 000 KZT от 1 плательщиков  исходящих переводов нет (глубина 3<4) Кластер 49 (1 seed)  объём входящих 740 000 KZT.
100000008667795100,3,False,1,0,34000.0,0.0,1,0,0.00029217734635299437,-0.0,-1.1342661239262463e-17,0.0,False,1,0.0,False,0,terminal,0.8,получил 34 000 KZT от 1 плательщиков  исходящих переводов нет (глубина 3<4),38,0.25,0.2503,получил 34 000 KZT от 1 плательщиков  исходящих переводов нет (глубина 3<4) Кластер 38 (1 seed)  объём входящих 34 000 KZT.
100000005674387100,3,False,1,0,26200.0,0.0,1,0,0.0002909549267563096,-0.0,-1.1342661239262463e-17,0.0,False,1,0.0,False,0,terminal,0.8,получил 26 200 KZT от 1 плательщиков  исходящих переводов нет (глубина 3<4),38,0.25,0.246,получил 26 200 KZT от 1 плательщиков  исходящих переводов нет (глубина 3<4) Кластер 38 (1 seed)  объём входящих 26 200 KZT.
100000003636627100,3,False,1,1,77000.0,10000.0,8,1,0.0020084672100121447,1.2423235260230604e-05,4.058524966097701e-21,0.0,False,0,0.12987012987012986,False,0,peripheral,0.15,"низкая активность: 1 вх./1 исх. плательщиков/получателей, без выраженного паттерна",1,0.1,0.1896,"низкая активность: 1 вх./1 исх. плательщиков/получателей, без выраженного паттерна Кластер 1 (3 seed)  объём входящих 77 000 KZT."
100000001275752100,3,False,1,0,151500.0,0.0,1,0,0.0002946870620574198,-0.0,3.220733719358745e-06,0.0,False,0,0.0,False,0,terminal,0.8,получил 151 500 KZT от 1 плательщиков  исходящих переводов нет (глубина 3<4),32,0.25,0.2747,получил 151 500 KZT от 1 плательщиков  исходящих переводов нет (глубина 3<4) Кластер 32 (0 seed)  объём входящих 151 500 KZT.
100000002459240100,3,False,1,0,150000.0,0.0,1,0,0.0002917293534408363,-0.0,0.002940174080170132,0.0,False,0,0.0,False,0,terminal,0.8,получил 150 000 KZT от 1 плательщиков  исходящих переводов нет (глубина 3<4),9,0.25,0.2745,получил 150 000 KZT от 1 плательщиков  исходящих переводов нет (глубина 3<4) Кластер 9 (0 seed)  объём входящих 150 000 KZT.
100000002644285100,3,False,1,0,500000.0,0.0,1,0,0.00031076359510193044,-0.0,3.7941363435728165e-07,0.0,False,0,0.0,False,0,terminal,0.8,получил 500 000 KZT от 1 плательщиков  исходящих переводов нет (глубина 3<4),48,0.25,0.2941,получил 500 000 KZT от 1 плательщиков  исходящих переводов нет (глубина 3<4) Кластер 48 (0 seed)  объём входящих 500 000 KZT.
100000005186109100,3,False,1,0,5000.0,0.0,1,0,0.0006085229555982295,-0.0,-3.618996046449668e-19,0.0,False,0,0.0,False,0,terminal,0.8,получил 5 000 KZT от 1 плательщиков  исходящих переводов нет (глубина 3<4),3,0.25,0.219,получил 5 000 KZT от 1 плательщиков  исходящих переводов нет (глубина 3<4) Кластер 3 (3 seed)  объём входящих 5 000 KZT.
100000005317181100,3,False,1,1,141250.0,14500.0,1,1,0.00032384255024560355,8.945556477070257e-21,0.0011379074330901365,1.9549530448494444e-05,True,0,0.10265486725663717,False,0,peripheral,0.15,"низкая активность: 1 вх./1 исх. плательщиков/получателей, без выраженного паттерна",8,0.1,0.1998,"низкая активность: 1 вх./1 исх. плательщиков/получателей, без выраженного паттерна Кластер 8 (1 seed)  объём входящих 141 250 KZT."
100000003001661100,3,False,1,5,110000.0,439500.0,1,8,0.0005489541541645926,1.6305487936794705e-09,-5.258221063459145e-19,8.464745142647078e-05,True,0,3.9954545454545456,False,0,peripheral,0.15,"низкая активность: 1 вх./5 исх. плательщиков/получателей, без выраженного паттерна",57,0.1,0.1967,"низкая активность: 1 вх./5 исх. плательщиков/получателей, без выраженного паттерна Кластер 57 (0 seed)  объём входящих 110 000 KZT."
100000000288317100,3,False,2,3,100000.0,53500.0,2,3,0.00031422576799224755,-4.555606749844467e-20,0.0017654660575855737,5.925321599852955e-05,True,0,0.535,False,0,peripheral,0.15,"низкая активность: 2 вх./3 исх. плательщиков/получателей, без выраженного паттерна",17,0.1,0.1947,"низкая активность: 2 вх./3 исх. плательщиков/получателей, без выраженного паттерна Кластер 17 (0 seed)  объём входящих 100 000 KZT."
100000004368189100,3,False,1,2,384600.0,28200.0,1,2,0.0003052440720882267,1.2223519796518217e-19,3.7941363435728165e-07,2.821581714215693e-06,True,0,0.07332293291731669,False,0,peripheral,0.15,"низкая активность: 1 вх./2 исх. плательщиков/получателей, без выраженного паттерна",48,0.1,0.2159,"низкая активность: 1 вх./2 исх. плательщиков/получателей, без выраженного паттерна Кластер 48 (0 seed)  объём входящих 384 600 KZT."
100000004493586100,3,False,1,0,7500.0,0.0,1,0,0.00028993192234021907,-0.0,0.0006428156846267558,0.0,False,0,0.0,False,0,terminal,0.8,получил 7 500 KZT от 1 плательщиков  исходящих переводов нет (глубина 3<4),8,0.25,0.2256,получил 7 500 KZT от 1 плательщиков  исходящих переводов нет (глубина 3<4) Кластер 8 (1 seed)  объём входящих 7 500 KZT.
100000004114962100,3,False,2,0,165000.0,0.0,2,0,0.0007143353552134952,-0.0,0.0029636817988173214,0.0,False,0,0.0,False,0,terminal,0.8,получил 165 000 KZT от 2 плательщиков  исходящих переводов нет (глубина 3<4),9,0.25,0.2761,получил 165 000 KZT от 2 плательщиков  исходящих переводов нет (глубина 3<4) Кластер 9 (0 seed)  объём входящих 165 000 KZT.
100000008088082100,3,False,1,1,39138.0,50000.0,1,1,0.00030139617031153825,6.589737642250722e-20,0.00025946008779307493,1.9549530448494444e-05,True,0,1.2775307884920026,False,0,peripheral,0.15,"низкая активность: 1 вх./1 исх. плательщиков/получателей, без выраженного паттерна",31,0.1,0.1789,"низкая активность: 1 вх./1 исх. плательщиков/получателей, без выраженного паттерна Кластер 31 (3 seed)  объём входящих 39 138 KZT."
100000008595687100,3,False,1,1,64395.0,10400.0,1,1,0.0003062191531519819,5.316399444908397e-06,5.256983652882385e-05,0.00028719671019695445,False,0,0.161503222299868,False,1,peripheral,0.15,"низкая активность: 1 вх./1 исх. плательщиков/получателей, без выраженного паттерна",2,0.1,0.2208,"низкая активность: 1 вх./1 исх. плательщиков/получателей, без выраженного паттерна Кластер 2 (7 seed)  объём входящих 64 395 KZT."
100000001248999100,3,False,1,0,23425.0,0.0,1,0,0.0002905511245541334,-0.0,0.00023334462577838847,0.0,False,0,0.0,False,0,terminal,0.8,получил 23 425 KZT от 1 плательщиков  исходящих переводов нет (глубина 3<4),41,0.25,0.2442,получил 23 425 KZT от 1 плательщиков  исходящих переводов нет (глубина 3<4) Кластер 41 (0 seed)  объём входящих 23 425 KZT.
100000002736316100,3,False,3,0,266921.0,0.0,3,0,0.00038550579299362656,-0.0,0.0025066875705555725,0.0,False,0,0.0,False,0,terminal,0.8,получил 266 921 KZT от 3 плательщиков  исходящих переводов нет (глубина 3<4),8,0.25,0.2839,получил 266 921 KZT от 3 плательщиков  исходящих переводов нет (глубина 3<4) Кластер 8 (1 seed)  объём входящих 266 921 KZT.
100000008596924100,3,False,1,0,100000.0,0.0,1,0,0.0004178559695334647,-0.0,3.790910377134294e-20,0.0,False,0,0.0,False,0,terminal,0.8,получил 100 000 KZT от 1 плательщиков  исходящих переводов нет (глубина 3<4),1,0.25,0.2679,получил 100 000 KZT от 1 плательщиков  исходящих переводов нет (глубина 3<4) Кластер 1 (3 seed)  объём входящих 100 000 KZT.
100000008598972100,3,False,1,0,120000.0,0.0,1,0,0.00029543129312655945,-0.0,7.936044353374565e-05,0.0,False,0,0.0,False,0,terminal,0.8,получил 120 000 KZT от 1 плательщиков  исходящих переводов нет (глубина 3<4),17,0.25,0.2709,получил 120 000 KZT от 1 плательщиков  исходящих переводов нет (глубина 3<4) Кластер 17 (0 seed)  объём входящих 120 000 KZT.
100000002769809100,3,False,1,0,113422.0,0.0,1,0,0.00037941388776648597,-0.0,5.183822534955216e-20,0.0,False,0,0.0,False,0,terminal,0.8,получил 113 422 KZT от 1 плательщиков  исходящих переводов нет (глубина 3<4),49,0.25,0.2699,получил 113 422 KZT от 1 плательщиков  исходящих переводов нет (глубина 3<4) Кластер 49 (1 seed)  объём входящих 113 422 KZT.
100000003089553100,3,False,1,0,150000.0,0.0,1,0,0.0003084637604072579,-0.0,2.612568386353971e-07,0.0,False,0,0.0,False,0,terminal,0.8,получил 150 000 KZT от 1 плательщиков  исходящих переводов нет (глубина 3<4),32,0.25,0.2745,получил 150 000 KZT от 1 плательщиков  исходящих переводов нет (глубина 3<4) Кластер 32 (0 seed)  объём входящих 150 000 KZT.
100000002343825100,3,False,3,2,350000.0,89800.0,4,2,0.0003350828207250549,4.561245249411467e-19,3.6174633720299365e-06,4.353297501932783e-05,True,0,0.25657142857142856,False,0,peripheral,0.15,"низкая активность: 3 вх./2 исх. плательщиков/получателей, без выраженного паттерна",32,0.1,0.2149,"низкая активность: 3 вх./2 исх. плательщиков/получателей, без выраженного паттерна Кластер 32 (0 seed)  объём входящих 350 000 KZT."
100000002015633100,3,False,1,0,94970.0,0.0,1,0,0.00028993885965952705,-0.0,0.002940174080170132,0.0,False,0,0.0,False,0,terminal,0.8,получил 94 970 KZT от 1 плательщиков  исходящих переводов нет (глубина 3<4),9,0.25,0.267,получил 94 970 KZT от 1 плательщиков  исходящих переводов нет (глубина 3<4) Кластер 9 (0 seed)  объём входящих 94 970 KZT.
100000002906470100,3,False,1,0,130000.0,0.0,1,0,0.0003091733466168559,-0.0,8.448073393743472e-05,0.0,False,0,0.0,False,0,terminal,0.8,получил 130 000 KZT от 1 плательщиков  исходящих переводов нет (глубина 3<4),49,0.25,0.2722,получил 130 000 KZT от 1 плательщиков  исходящих переводов нет (глубина 3<4) Кластер 49 (1 seed)  объём входящих 130 000 KZT.
100000005628518100,3,False,1,0,77000.0,0.0,3,0,0.0005353273698316096,-0.0,-2.324202582295384e-19,0.0,False,0,0.0,False,0,terminal,0.8,получил 77 000 KZT от 1 плательщиков  исходящих переводов нет (глубина 3<4),49,0.25,0.2636,получил 77 000 KZT от 1 плательщиков  исходящих переводов нет (глубина 3<4) Кластер 49 (1 seed)  объём входящих 77 000 KZT.
100000002958139100,3,False,1,0,209500.0,0.0,2,0,0.000301616397547034,-0.0,1.9662146336203707e-06,0.0,False,0,0.0,False,0,terminal,0.8,получил 209 500 KZT от 1 плательщиков  исходящих переводов нет (глубина 3<4),32,0.25,0.2799,получил 209 500 KZT от 1 плательщиков  исходящих переводов нет (глубина 3<4) Кластер 32 (0 seed)  объём входящих 209 500 KZT.
100000008754747100,3,False,1,0,45500.0,0.0,1,0,0.0002939796316557987,-0.0,-1.1342661239262463e-17,0.0,False,1,0.0,False,0,terminal,0.8,получил 45 500 KZT от 1 плательщиков  исходящих переводов нет (глубина 3<4),38,0.25,0.255,получил 45 500 KZT от 1 плательщиков  исходящих переводов нет (глубина 3<4) Кластер 38 (1 seed)  объём входящих 45 500 KZT.
100000008776720100,3,False,1,0,26150.0,0.0,1,0,0.0002909470907332539,-0.0,-1.1342661239262463e-17,0.0,False,1,0.0,False,0,terminal,0.8,получил 26 150 KZT от 1 плательщиков  исходящих переводов нет (глубина 3<4),38,0.25,0.246,получил 26 150 KZT от 1 плательщиков  исходящих переводов нет (глубина 3<4) Кластер 38 (1 seed)  объём входящих 26 150 KZT.
100000008576528100,3,False,1,0,28000.0,0.0,1,0,0.00028775987785806825,-0.0,0.002940174080170132,0.0,False,0,0.0,False,0,terminal,0.8,получил 28 000 KZT от 1 плательщиков  исходящих переводов нет (глубина 3<4),9,0.25,0.2471,получил 28 000 KZT от 1 плательщиков  исходящих переводов нет (глубина 3<4) Кластер 9 (0 seed)  объём входящих 28 000 KZT.
100000004603109100,3,False,3,2,2730000.0,400000.0,8,2,0.0032273481702142053,-2.1800010522209226e-19,2.2387606248715733e-19,1.2092493060924398e-06,False,0,0.14652014652014653,False,0,peripheral,0.15,"низкая активность: 3 вх./2 исх. плательщиков/получателей, без выраженного паттерна",63,0.1,0.2479,"низкая активность: 3 вх./2 исх. плательщиков/получателей, без выраженного паттерна Кластер 63 (1 seed)  объём входящих 2 730 000 KZT."
100000008721637100,3,False,1,2,24041.0,127000.0,1,2,0.0002917598390807756,2.1725553389675917e-05,0.0016044117981357413,0.00011669255803792044,False,0,5.282642152988644,False,1,peripheral,0.15,"низкая активность: 1 вх./2 исх. плательщиков/получателей, без выраженного паттерна",1,0.1,0.2023,"низкая активность: 1 вх./2 исх. плательщиков/получателей, без выраженного паттерна Кластер 1 (3 seed)  объём входящих 24 041 KZT."
100000004491749100,3,False,1,0,50000.0,0.0,1,0,0.0003523524101043013,-0.0,3.790910377134294e-20,0.0,False,0,0.0,False,0,terminal,0.8,получил 50 000 KZT от 1 плательщиков  исходящих переводов нет (глубина 3<4),1,0.25,0.2566,получил 50 000 KZT от 1 плательщиков  исходящих переводов нет (глубина 3<4) Кластер 1 (3 seed)  объём входящих 50 000 KZT.
100000005171642100,3,False,2,1,696800.0,683600.0,5,4,0.0028280471273330237,1.2626060685761537e-05,-7.29687471833138e-19,4.0308310203081327e-07,False,0,0.9810562571756601,False,0,transit,0.981,"получает от 2, передаёт 1; pass-through 0.98 — деньги не задерживаются",1,0.35,0.3569,"получает от 2, передаёт 1; pass-through 0.98 — деньги не задерживаются Кластер 1 (3 seed)  объём входящих 696 800 KZT."
100000008682426100,3,False,1,0,20000.0,0.0,1,0,0.0002925299630614711,-0.0,2.4413790383031235e-05,0.0,False,0,0.0,False,0,terminal,0.8,получил 20 000 KZT от 1 плательщиков  исходящих переводов нет (глубина 3<4),0,0.25,0.2416,получил 20 000 KZT от 1 плательщиков  исходящих переводов нет (глубина 3<4) Кластер 0 (0 seed)  объём входящих 20 000 KZT.
100000006209210100,3,False,1,0,229111.0,0.0,1,0,0.0003623921896254362,-0.0,0.00010831189958102287,0.0,False,0,0.0,False,0,terminal,0.8,получил 229 111 KZT от 1 плательщиков  исходящих переводов нет (глубина 3<4),24,0.25,0.2814,получил 229 111 KZT от 1 плательщиков  исходящих переводов нет (глубина 3<4) Кластер 24 (2 seed)  объём входящих 229 111 KZT.
100000003888527100,3,False,1,0,30000.0,0.0,1,0,0.00036828819066101446,-0.0,2.4284366617555287e-05,0.0,False,0,0.0,False,0,terminal,0.8,получил 30 000 KZT от 1 плательщиков  исходящих переводов нет (глубина 3<4),65,0.25,0.2482,получил 30 000 KZT от 1 плательщиков  исходящих переводов нет (глубина 3<4) Кластер 65 (0 seed)  объём входящих 30 000 KZT.
100000008490127100,3,False,1,6,431755.0,923000.0,2,9,0.0003008967271524987,8.951063162293783e-19,0.002940174080170132,0.00011729718269096666,True,0,2.137786476126507,False,0,peripheral,0.15,"низкая активность: 1 вх./6 исх. плательщиков/получателей, без выраженного паттерна",9,0.1,0.2194,"низкая активность: 1 вх./6 исх. плательщиков/получателей, без выраженного паттерна Кластер 9 (0 seed)  объём входящих 431 755 KZT."
100000004336228100,3,False,1,0,51407.0,0.0,2,0,0.00029735004367745146,-0.0,0.0016044117981357413,0.0,False,0,0.0,False,0,terminal,0.8,получил 51 407 KZT от 1 плательщиков  исходящих переводов нет (глубина 3<4),17,0.25,0.257,получил 51 407 KZT от 1 плательщиков  исходящих переводов нет (глубина 3<4) Кластер 17 (0 seed)  объём входящих 51 407 KZT.
100000006844004100,3,False,1,0,20600.0,0.0,1,0,0.000547825659173276,-0.0,1.5957379134400474e-19,0.0,False,0,0.0,False,0,terminal,0.8,получил 20 600 KZT от 1 плательщиков  исходящих переводов нет (глубина 3<4),8,0.25,0.2421,получил 20 600 KZT от 1 плательщиков  исходящих переводов нет (глубина 3<4) Кластер 8 (1 seed)  объём входящих 20 600 KZT.
100000001688676100,3,False,1,0,133700.0,0.0,1,0,0.0003098087361167356,-0.0,8.448073393743472e-05,0.0,False,0,0.0,False,0,terminal,0.8,получил 133 700 KZT от 1 плательщиков  исходящих переводов нет (глубина 3<4),49,0.25,0.2726,получил 133 700 KZT от 1 плательщиков  исходящих переводов нет (глубина 3<4) Кластер 49 (1 seed)  объём входящих 133 700 KZT.
100000008712036100,3,False,1,0,21000.0,0.0,1,0,0.0002901399803585198,-0.0,-1.1342661239262463e-17,0.0,False,1,0.0,False,0,terminal,0.8,получил 21 000 KZT от 1 плательщиков  исходящих переводов нет (глубина 3<4),38,0.25,0.2424,получил 21 000 KZT от 1 плательщиков  исходящих переводов нет (глубина 3<4) Кластер 38 (1 seed)  объём входящих 21 000 KZT.
100000004697956100,3,False,1,1,10000.0,10000.0,1,1,0.00047075822895587796,1.2421621228130253e-05,1.3074073082395417e-19,0.0,False,0,1.0,False,0,transit,1.0,"получает от 1, передаёт 1; pass-through 1.00 — деньги не задерживаются",1,0.35,0.2903,"получает от 1, передаёт 1; pass-through 1.00 — деньги не задерживаются Кластер 1 (3 seed)  объём входящих 10 000 KZT."
100000004921657100,3,False,1,1,8300.0,22190.0,1,1,0.0003628873834839627,3.0420118643183196e-19,3.9820936227442653e-19,0.0,False,0,2.6734939759036145,False,0,peripheral,0.15,"низкая активность: 1 вх./1 исх. плательщиков/получателей, без выраженного паттерна",15,0.1,0.1533,"низкая активность: 1 вх./1 исх. плательщиков/получателей, без выраженного паттерна Кластер 15 (5 seed)  объём входящих 8 300 KZT."
100000000408846100,3,False,1,0,40500.0,0.0,1,0,0.00029704412634544273,-0.0,7.464943509991059e-20,0.0,False,0,0.0,False,0,terminal,0.8,получил 40 500 KZT от 1 плательщиков  исходящих переводов нет (глубина 3<4),45,0.25,0.2531,получил 40 500 KZT от 1 плательщиков  исходящих переводов нет (глубина 3<4) Кластер 45 (0 seed)  объём входящих 40 500 KZT.
100000003406094100,3,False,1,3,70000.0,47000.0,4,3,0.000781313271793232,1.1351904805630248e-06,2.9952781292974394e-19,3.95021439990197e-05,True,0,0.6714285714285714,False,0,peripheral,0.15,"низкая активность: 1 вх./3 исх. плательщиков/получателей, без выраженного паттерна",2,0.1,0.1886,"низкая активность: 1 вх./3 исх. плательщиков/получателей, без выраженного паттерна Кластер 2 (7 seed)  объём входящих 70 000 KZT."
100000008695566100,3,False,1,0,33700.0,0.0,1,0,0.0002921303302146603,-0.0,-1.1342661239262463e-17,0.0,False,1,0.0,False,0,terminal,0.8,получил 33 700 KZT от 1 плательщиков  исходящих переводов нет (глубина 3<4),38,0.25,0.2501,получил 33 700 KZT от 1 плательщиков  исходящих переводов нет (глубина 3<4) Кластер 38 (1 seed)  объём входящих 33 700 KZT.
100000005974542100,3,False,1,0,94500.0,0.0,3,0,0.00048585026228759346,-0.0,3.1978736962160758e-06,0.0,False,0,0.0,False,0,terminal,0.8,получил 94 500 KZT от 1 плательщиков  исходящих переводов нет (глубина 3<4),11,0.25,0.267,получил 94 500 KZT от 1 плательщиков  исходящих переводов нет (глубина 3<4) Кластер 11 (0 seed)  объём входящих 94 500 KZT.
100000001887715100,3,False,3,1,1331500.0,750000.0,4,1,0.00073410918066691,3.2875192690274646e-19,1.3426258810683639e-06,2.2975736815756357e-05,True,0,0.5632745024408562,False,0,peripheral,0.15,"низкая активность: 3 вх./1 исх. плательщиков/получателей, без выраженного паттерна",21,0.1,0.2365,"низкая активность: 3 вх./1 исх. плательщиков/получателей, без выраженного паттерна Кластер 21 (0 seed)  объём входящих 1 331 500 KZT."
100000002472632100,3,False,2,1,502400.0,20000.0,3,1,0.0009897621912287565,3.437295892546763e-20,2.5213388721228527e-06,2.035569665255607e-05,True,0,0.03980891719745223,False,0,peripheral,0.15,"низкая активность: 2 вх./1 исх. плательщиков/получателей, без выраженного паттерна",51,0.1,0.2205,"низкая активность: 2 вх./1 исх. плательщиков/получателей, без выраженного паттерна Кластер 51 (0 seed)  объём входящих 502 400 KZT."
100000004629688100,3,False,1,1,5000.0,15000.0,1,2,0.0003897151552408833,1.5429536913847415e-05,-9.296402601561023e-19,0.0,False,0,3.0,False,0,peripheral,0.15,"низкая активность: 1 вх./1 исх. плательщиков/получателей, без выраженного паттерна",3,0.1,0.145,"низкая активность: 1 вх./1 исх. плательщиков/получателей, без выраженного паттерна Кластер 3 (3 seed)  объём входящих 5 000 KZT."
100000002459832100,3,False,2,0,880606.0,0.0,2,0,0.0003949083752008426,-0.0,0.00020964082125432508,0.0,False,0,0.0,False,0,terminal,0.8,получил 880 606 KZT от 2 плательщиков  исходящих переводов нет (глубина 3<4),17,0.25,0.3034,получил 880 606 KZT от 2 плательщиков  исходящих переводов нет (глубина 3<4) Кластер 17 (0 seed)  объём входящих 880 606 KZT.
100000006100920100,3,False,1,0,100000.0,0.0,1,0,0.0003279564728762204,-0.0,0.0006428156846267558,0.0,False,0,0.0,False,0,terminal,0.8,получил 100 000 KZT от 1 плательщиков  исходящих переводов нет (глубина 3<4),8,0.25,0.2679,получил 100 000 KZT от 1 плательщиков  исходящих переводов нет (глубина 3<4) Кластер 8 (1 seed)  объём входящих 100 000 KZT.
100000001439416100,3,False,1,2,10000.0,165000.0,1,3,0.00034295003658662404,0.000102792944759941,2.350941795881482e-06,2.0154155101540664e-05,True,0,16.5,False,0,peripheral,0.15,"низкая активность: 1 вх./2 исх. плательщиков/получателей, без выраженного паттерна",16,0.1,0.1566,"низкая активность: 1 вх./2 исх. плательщиков/получателей, без выраженного паттерна Кластер 16 (0 seed)  объём входящих 10 000 KZT."
100000002121357100,3,False,2,1,255300.0,113000.0,2,1,0.0003277289071697347,-1.9793713371635961e-19,5.922167448875289e-07,2.1968029060679322e-05,True,0,0.4426165295730513,False,0,peripheral,0.15,"низкая активность: 2 вх./1 исх. плательщиков/получателей, без выраженного паттерна",32,0.1,0.2095,"низкая активность: 2 вх./1 исх. плательщиков/получателей, без выраженного паттерна Кластер 32 (0 seed)  объём входящих 255 300 KZT."
100000002970466100,3,False,1,2,23317.0,93000.0,1,3,0.0002881675559531228,-3.7772692695179227e-20,0.002905781655216498,3.909906089698889e-05,True,0,3.9885062400823434,False,0,peripheral,0.15,"низкая активность: 1 вх./2 исх. плательщиков/получателей, без выраженного паттерна",8,0.1,0.1707,"низкая активность: 1 вх./2 исх. плательщиков/получателей, без выраженного паттерна Кластер 8 (1 seed)  объём входящих 23 317 KZT."
100000002581346100,3,False,1,0,166400.0,0.0,1,0,0.0002922629550765526,-0.0,0.002940174080170132,0.0,False,0,0.0,False,0,terminal,0.8,получил 166 400 KZT от 1 плательщиков  исходящих переводов нет (глубина 3<4),9,0.25,0.2762,получил 166 400 KZT от 1 плательщиков  исходящих переводов нет (глубина 3<4) Кластер 9 (0 seed)  объём входящих 166 400 KZT.
100000008738658100,3,False,1,0,29920.0,0.0,1,0,0.00029153792687165156,-0.0,-1.1342661239262463e-17,0.0,False,1,0.0,False,0,terminal,0.8,получил 29 920 KZT от 1 плательщиков  исходящих переводов нет (глубина 3<4),38,0.25,0.2482,получил 29 920 KZT от 1 плательщиков  исходящих переводов нет (глубина 3<4) Кластер 38 (1 seed)  объём входящих 29 920 KZT.
100000005910114100,3,False,3,19,326144.0,1469993.0,3,56,0.00036323669634607457,0.0049211323576087655,0.004303149176099709,0.013925916550511553,True,0,4.507190075549451,False,2,coordinator,1.0,"связан с 2 seed-клиентами напрямую, betweenness=0.014, точка сочленения сети",8,1.0,0.8672,"связан с 2 seed-клиентами напрямую, betweenness=0.014, точка сочленения сети Кластер 8 (1 seed)  объём входящих 326 144 KZT."
100000001046626100,3,False,1,0,150000.0,0.0,1,0,0.0002917293534408363,-0.0,0.002940174080170132,0.0,False,0,0.0,False,0,terminal,0.8,получил 150 000 KZT от 1 плательщиков  исходящих переводов нет (глубина 3<4),9,0.25,0.2745,получил 150 000 KZT от 1 плательщиков  исходящих переводов нет (глубина 3<4) Кластер 9 (0 seed)  объём входящих 150 000 KZT.
100000006492770100,3,False,1,1,269000.0,20000.0,1,1,0.0003020622880717993,-5.134193518768819e-20,0.002905781655216498,1.9549530448494444e-05,True,0,0.07434944237918216,False,0,peripheral,0.15,"низкая активность: 1 вх./1 исх. плательщиков/получателей, без выраженного паттерна",8,0.1,0.2103,"низкая активность: 1 вх./1 исх. плательщиков/получателей, без выраженного паттерна Кластер 8 (1 seed)  объём входящих 269 000 KZT."
100000001674850100,3,False,2,0,237000.0,0.0,2,0,0.00031549502965200167,-0.0,2.4578560821679433e-06,0.0,False,0,0.0,False,0,terminal,0.8,получил 237 000 KZT от 2 плательщиков  исходящих переводов нет (глубина 3<4),32,0.25,0.282,получил 237 000 KZT от 2 плательщиков  исходящих переводов нет (глубина 3<4) Кластер 32 (0 seed)  объём входящих 237 000 KZT.
100000000860514100,3,False,1,1,12000.0,50000.0,1,1,0.00030765269629933677,-9.227968091710877e-20,2.5006817420101315e-06,2.035569665255607e-05,True,0,4.166666666666667,False,0,peripheral,0.15,"низкая активность: 1 вх./1 исх. плательщиков/получателей, без выраженного паттерна",51,0.1,0.1596,"низкая активность: 1 вх./1 исх. плательщиков/получателей, без выраженного паттерна Кластер 51 (0 seed)  объём входящих 12 000 KZT."
100000003650146100,3,False,1,0,14400.0,0.0,1,0,0.00030146705880816323,-0.0,2.447515014626559e-05,0.0,False,0,0.0,False,0,terminal,0.8,получил 14 400 KZT от 1 плательщиков  исходящих переводов нет (глубина 3<4),2,0.25,0.2363,получил 14 400 KZT от 1 плательщиков  исходящих переводов нет (глубина 3<4) Кластер 2 (7 seed)  объём входящих 14 400 KZT.
100000001227106100,3,False,1,0,164765.0,0.0,1,0,0.00029220975759640654,-0.0,0.002940174080170132,0.0,False,0,0.0,False,0,terminal,0.8,получил 164 765 KZT от 1 плательщиков  исходящих переводов нет (глубина 3<4),9,0.25,0.276,получил 164 765 KZT от 1 плательщиков  исходящих переводов нет (глубина 3<4) Кластер 9 (0 seed)  объём входящих 164 765 KZT.
100000003647799100,3,False,1,0,100000.0,0.0,1,0,0.00029010251918560345,-0.0,0.002940174080170132,0.0,False,0,0.0,False,0,terminal,0.8,получил 100 000 KZT от 1 плательщиков  исходящих переводов нет (глубина 3<4),9,0.25,0.2679,получил 100 000 KZT от 1 плательщиков  исходящих переводов нет (глубина 3<4) Кластер 9 (0 seed)  объём входящих 100 000 KZT.
100000008293431100,3,False,1,5,15000.0,297000.0,1,7,0.0002881844914448502,0.00036692219497958813,0.0011319384436485965,3.748672848886563e-05,True,0,19.8,False,0,peripheral,0.15,"низкая активность: 1 вх./5 исх. плательщиков/получателей, без выраженного паттерна",8,0.1,0.1635,"низкая активность: 1 вх./5 исх. плательщиков/получателей, без выраженного паттерна Кластер 8 (1 seed)  объём входящих 15 000 KZT."
100000002975287100,3,False,1,0,15000.0,0.0,1,0,0.0002904870604974667,-0.0,0.0004659018150489363,0.0,False,0,0.0,False,0,terminal,0.8,получил 15 000 KZT от 1 плательщиков  исходящих переводов нет (глубина 3<4),41,0.25,0.2369,получил 15 000 KZT от 1 плательщиков  исходящих переводов нет (глубина 3<4) Кластер 41 (0 seed)  объём входящих 15 000 KZT.
100000008507703100,3,False,1,0,28500.0,0.0,1,0,0.0002913153838168705,-0.0,-1.1342661239262463e-17,0.0,False,1,0.0,False,0,terminal,0.8,получил 28 500 KZT от 1 плательщиков  исходящих переводов нет (глубина 3<4),38,0.25,0.2474,получил 28 500 KZT от 1 плательщиков  исходящих переводов нет (глубина 3<4) Кластер 38 (1 seed)  объём входящих 28 500 KZT.
100000001733687100,3,False,1,0,300000.0,0.0,1,0,0.0003079956958377577,-0.0,1.9662146336203707e-06,0.0,False,0,0.0,False,0,terminal,0.8,получил 300 000 KZT от 1 плательщиков  исходящих переводов нет (глубина 3<4),32,0.25,0.2858,получил 300 000 KZT от 1 плательщиков  исходящих переводов нет (глубина 3<4) Кластер 32 (0 seed)  объём входящих 300 000 KZT.
100000004552204100,3,False,1,2,22500.0,10000.0,2,2,0.0008681325584092655,-2.6402411016348853e-19,-6.372976659074447e-19,2.0557238203571478e-05,True,0,0.4444444444444444,False,0,peripheral,0.15,"низкая активность: 1 вх./2 исх. плательщиков/получателей, без выраженного паттерна",55,0.1,0.1698,"низкая активность: 1 вх./2 исх. плательщиков/получателей, без выраженного паттерна Кластер 55 (0 seed)  объём входящих 22 500 KZT."
100000008223756100,3,False,2,0,331682.0,0.0,2,0,0.0003578467210306656,-0.0,0.003036062032937078,0.0,False,0,0.0,False,0,terminal,0.8,получил 331 682 KZT от 2 плательщиков  исходящих переводов нет (глубина 3<4),17,0.25,0.2874,получил 331 682 KZT от 2 плательщиков  исходящих переводов нет (глубина 3<4) Кластер 17 (0 seed)  объём входящих 331 682 KZT.
100000002956769100,3,False,3,0,840000.0,0.0,3,0,0.00038648464359370267,-0.0,3.263150630677081e-06,0.0,False,0,0.0,False,0,terminal,0.8,получил 840 000 KZT от 3 плательщиков  исходящих переводов нет (глубина 3<4),48,0.25,0.3026,получил 840 000 KZT от 3 плательщиков  исходящих переводов нет (глубина 3<4) Кластер 48 (0 seed)  объём входящих 840 000 KZT.
100000008555233100,3,False,1,0,440600.0,0.0,1,0,0.00036501805850886317,-0.0,8.364542261099225e-08,0.0,False,0,0.0,False,0,terminal,0.8,получил 440 600 KZT от 1 плательщиков  исходящих переводов нет (глубина 3<4),21,0.25,0.2921,получил 440 600 KZT от 1 плательщиков  исходящих переводов нет (глубина 3<4) Кластер 21 (0 seed)  объём входящих 440 600 KZT.
100000002346166100,3,False,1,0,6000.0,0.0,1,0,0.0002877891734418184,-0.0,-1.1342661239262463e-17,0.0,False,1,0.0,False,0,terminal,0.8,получил 6 000 KZT от 1 плательщиков  исходящих переводов нет (глубина 3<4),38,0.25,0.222,получил 6 000 KZT от 1 плательщиков  исходящих переводов нет (глубина 3<4) Кластер 38 (1 seed)  объём входящих 6 000 KZT.
100000000878006100,3,False,1,0,47003.0,0.0,1,0,0.000288378172485112,-0.0,0.002940174080170132,0.0,False,0,0.0,False,0,terminal,0.8,получил 47 003 KZT от 1 плательщиков  исходящих переводов нет (глубина 3<4),9,0.25,0.2556,получил 47 003 KZT от 1 плательщиков  исходящих переводов нет (глубина 3<4) Кластер 9 (0 seed)  объём входящих 47 003 KZT.
100000004997515100,3,False,4,4,395000.0,54500.0,4,4,0.00035819757970663327,3.767268097624046e-19,2.3310621594859403e-06,9.10967810589638e-05,True,0,0.1379746835443038,False,0,peripheral,0.15,"низкая активность: 4 вх./4 исх. плательщиков/получателей, без выраженного паттерна",32,0.1,0.2176,"низкая активность: 4 вх./4 исх. плательщиков/получателей, без выраженного паттерна Кластер 32 (0 seed)  объём входящих 395 000 KZT."
100000007653003100,3,False,1,0,100000.0,0.0,1,0,0.0003026536484509993,-0.0,0.00023334462577838847,0.0,False,0,0.0,False,0,terminal,0.8,получил 100 000 KZT от 1 плательщиков  исходящих переводов нет (глубина 3<4),41,0.25,0.2679,получил 100 000 KZT от 1 плательщиков  исходящих переводов нет (глубина 3<4) Кластер 41 (0 seed)  объём входящих 100 000 KZT.
100000000661131100,3,False,1,0,15600.0,0.0,1,0,0.0002892936898685073,-0.0,-1.1342661239262463e-17,0.0,False,1,0.0,False,0,terminal,0.8,получил 15 600 KZT от 1 плательщиков  исходящих переводов нет (глубина 3<4),38,0.25,0.2376,получил 15 600 KZT от 1 плательщиков  исходящих переводов нет (глубина 3<4) Кластер 38 (1 seed)  объём входящих 15 600 KZT.
100000003880331100,3,False,1,16,100000.0,3904908.0,1,31,0.00030902697667828914,0.006098820382896863,0.00013028037772057946,0.0028842611365814843,True,0,39.04908,False,1,coordinator,0.935,"связан с 1 seed-клиентами напрямую, betweenness=0.003, точка сочленения сети",17,1.0,0.6333,"связан с 1 seed-клиентами напрямую, betweenness=0.003, точка сочленения сети Кластер 17 (0 seed)  объём входящих 100 000 KZT."
100000003204491100,3,False,1,1,140000.0,100000.0,1,2,0.0002993148311924529,6.777997306429137e-20,0.0011319384436485965,1.9549530448494444e-05,True,0,0.7142857142857143,False,0,peripheral,0.15,"низкая активность: 1 вх./1 исх. плательщиков/получателей, без выраженного паттерна",8,0.1,0.1997,"низкая активность: 1 вх./1 исх. плательщиков/получателей, без выраженного паттерна Кластер 8 (1 seed)  объём входящих 140 000 KZT."
100000008463968100,3,False,1,0,10000.0,0.0,1,0,0.00028841605528627214,-0.0,-1.1342661239262463e-17,0.0,False,1,0.0,False,0,terminal,0.8,получил 10 000 KZT от 1 плательщиков  исходящих переводов нет (глубина 3<4),38,0.25,0.2303,получил 10 000 KZT от 1 плательщиков  исходящих переводов нет (глубина 3<4) Кластер 38 (1 seed)  объём входящих 10 000 KZT.
100000002712416100,3,False,2,0,116800.0,0.0,2,0,0.0003040093806669141,-0.0,2.981530582291518e-06,0.0,False,0,0.0,False,0,terminal,0.8,получил 116 800 KZT от 2 плательщиков  исходящих переводов нет (глубина 3<4),48,0.25,0.2704,получил 116 800 KZT от 2 плательщиков  исходящих переводов нет (глубина 3<4) Кластер 48 (0 seed)  объём входящих 116 800 KZT.
100000008754997100,3,False,1,0,18000.0,0.0,1,0,0.00028966981897517955,-0.0,-1.1342661239262463e-17,0.0,False,1,0.0,False,0,terminal,0.8,получил 18 000 KZT от 1 плательщиков  исходящих переводов нет (глубина 3<4),38,0.25,0.2399,получил 18 000 KZT от 1 плательщиков  исходящих переводов нет (глубина 3<4) Кластер 38 (1 seed)  объём входящих 18 000 KZT.
100000008011573100,3,False,1,0,15000.0,0.0,1,0,0.0002904870604974667,-0.0,0.0004659018150489363,0.0,False,0,0.0,False,0,terminal,0.8,получил 15 000 KZT от 1 плательщиков  исходящих переводов нет (глубина 3<4),41,0.25,0.2369,получил 15 000 KZT от 1 плательщиков  исходящих переводов нет (глубина 3<4) Кластер 41 (0 seed)  объём входящих 15 000 KZT.
100000003178549100,3,False,2,4,250000.0,89080.0,2,4,0.0003537117691994737,0.0015225878541949725,0.0016231039861887057,1.9347988897479037e-05,True,0,0.35632,False,1,peripheral,0.15,"низкая активность: 2 вх./4 исх. плательщиков/получателей, без выраженного паттерна",41,0.1,0.2391,"низкая активность: 2 вх./4 исх. плательщиков/получателей, без выраженного паттерна Кластер 41 (0 seed)  объём входящих 250 000 KZT."
100000000534581100,3,False,2,1,55960.0,40000.0,2,1,0.00029978485808505943,-6.558324558251475e-20,0.001863871885928816,1.9549530448494444e-05,True,0,0.7147962830593281,False,0,peripheral,0.15,"низкая активность: 2 вх./1 исх. плательщиков/получателей, без выраженного паттерна",17,0.1,0.1847,"низкая активность: 2 вх./1 исх. плательщиков/получателей, без выраженного паттерна Кластер 17 (0 seed)  объём входящих 55 960 KZT."
100000007138613100,3,False,3,2,1002000.0,179000.0,3,2,0.0003557386304979125,-1.1562254434279706e-19,0.00600700999483646,3.95021439990197e-05,True,0,0.17864271457085829,False,0,peripheral,0.15,"низкая активность: 3 вх./2 исх. плательщиков/получателей, без выраженного паттерна",8,0.1,0.2321,"низкая активность: 3 вх./2 исх. плательщиков/получателей, без выраженного паттерна Кластер 8 (1 seed)  объём входящих 1 002 000 KZT."
100000002380341100,3,False,1,0,57566.4,0.0,1,0,0.00031051302890190187,-0.0,0.0006428156846267558,0.0,False,0,0.0,False,0,terminal,0.8,получил 57 566 KZT от 1 плательщиков  исходящих переводов нет (глубина 3<4),8,0.25,0.2589,получил 57 566 KZT от 1 плательщиков  исходящих переводов нет (глубина 3<4) Кластер 8 (1 seed)  объём входящих 57 566 KZT.
100000008309514100,3,False,1,0,17200.0,0.0,1,0,0.0002895444426062888,-0.0,-1.1342661239262463e-17,0.0,False,1,0.0,False,0,terminal,0.8,получил 17 200 KZT от 1 плательщиков  исходящих переводов нет (глубина 3<4),38,0.25,0.2392,получил 17 200 KZT от 1 плательщиков  исходящих переводов нет (глубина 3<4) Кластер 38 (1 seed)  объём входящих 17 200 KZT.
100000003134474100,3,False,1,0,116000.0,0.0,1,0,0.000290623106147278,-0.0,0.002940174080170132,0.0,False,0,0.0,False,0,terminal,0.8,получил 116 000 KZT от 1 плательщиков  исходящих переводов нет (глубина 3<4),9,0.25,0.2703,получил 116 000 KZT от 1 плательщиков  исходящих переводов нет (глубина 3<4) Кластер 9 (0 seed)  объём входящих 116 000 KZT.
100000002373386100,3,False,1,0,24000.0,0.0,1,0,0.00029061014174186007,-0.0,-1.1342661239262463e-17,0.0,False,1,0.0,False,0,terminal,0.8,получил 24 000 KZT от 1 плательщиков  исходящих переводов нет (глубина 3<4),38,0.25,0.2446,получил 24 000 KZT от 1 плательщиков  исходящих переводов нет (глубина 3<4) Кластер 38 (1 seed)  объём входящих 24 000 KZT.
100000008684767100,3,False,1,0,31100.0,0.0,1,0,0.0002917228570157654,-0.0,-1.1342661239262463e-17,0.0,False,1,0.0,False,0,terminal,0.8,получил 31 100 KZT от 1 плательщиков  исходящих переводов нет (глубина 3<4),38,0.25,0.2488,получил 31 100 KZT от 1 плательщиков  исходящих переводов нет (глубина 3<4) Кластер 38 (1 seed)  объём входящих 31 100 KZT.
100000008332511100,3,False,1,0,100000.0,0.0,1,0,0.0011173024942748068,-0.0,2.1673679156383198e-19,0.0,False,0,0.0,False,0,terminal,0.8,получил 100 000 KZT от 1 плательщиков  исходящих переводов нет (глубина 3<4),1,0.25,0.2679,получил 100 000 KZT от 1 плательщиков  исходящих переводов нет (глубина 3<4) Кластер 1 (3 seed)  объём входящих 100 000 KZT.
100000005754335100,3,False,1,0,44037.0,0.0,1,0,0.0004063936578404061,-0.0,2.4284366617555287e-05,0.0,False,0,0.0,False,0,terminal,0.8,получил 44 037 KZT от 1 плательщиков  исходящих переводов нет (глубина 3<4),65,0.25,0.2545,получил 44 037 KZT от 1 плательщиков  исходящих переводов нет (глубина 3<4) Кластер 65 (0 seed)  объём входящих 44 037 KZT.
100000008547295100,3,False,1,0,15000.0,0.0,1,0,0.000565306141506947,-0.0,-1.0883928482516542e-19,0.0,False,0,0.0,False,0,terminal,0.8,получил 15 000 KZT от 1 плательщиков  исходящих переводов нет (глубина 3<4),1,0.25,0.2369,получил 15 000 KZT от 1 плательщиков  исходящих переводов нет (глубина 3<4) Кластер 1 (3 seed)  объём входящих 15 000 KZT.
100000001875167100,3,False,1,0,1000000.0,0.0,2,0,0.00031938553577979406,-0.0,0.002940174080170132,0.0,False,0,0.0,False,0,terminal,0.8,получил 1 000 000 KZT от 1 плательщиков  исходящих переводов нет (глубина 3<4),9,0.25,0.3055,получил 1 000 000 KZT от 1 плательщиков  исходящих переводов нет (глубина 3<4) Кластер 9 (0 seed)  объём входящих 1 000 000 KZT.
100000004670388100,3,False,1,2,160354.0,720000.0,1,4,0.0005162096537647655,7.442572553124457e-19,-4.379104079111357e-19,1.9952613550525257e-05,True,0,4.490065729573319,False,0,peripheral,0.15,"низкая активность: 1 вх./2 исх. плательщиков/получателей, без выраженного паттерна",61,0.1,0.2019,"низкая активность: 1 вх./2 исх. плательщиков/получателей, без выраженного паттерна Кластер 61 (0 seed)  объём входящих 160 354 KZT."
100000004097972100,3,False,1,2,118878.0,10000.0,1,2,0.0003179832720382375,2.78278868382452e-19,0.0011379074330901365,3.909906089698889e-05,True,0,0.0841198539679335,False,0,peripheral,0.15,"низкая активность: 1 вх./2 исх. плательщиков/получателей, без выраженного паттерна",8,0.1,0.1973,"низкая активность: 1 вх./2 исх. плательщиков/получателей, без выраженного паттерна Кластер 8 (1 seed)  объём входящих 118 878 KZT."
100000000481716100,3,False,1,0,8000.0,0.0,1,0,0.00037881373298038844,-0.0,2.279566983607825e-08,0.0,False,0,0.0,False,0,terminal,0.8,получил 8 000 KZT от 1 плательщиков  исходящих переводов нет (глубина 3<4),29,0.25,0.2267,получил 8 000 KZT от 1 плательщиков  исходящих переводов нет (глубина 3<4) Кластер 29 (0 seed)  объём входящих 8 000 KZT.
100000005089460100,3,False,1,0,12300.0,0.0,1,0,0.000288776512346833,-0.0,-1.1342661239262463e-17,0.0,False,1,0.0,False,0,terminal,0.8,получил 12 300 KZT от 1 плательщиков  исходящих переводов нет (глубина 3<4),38,0.25,0.2337,получил 12 300 KZT от 1 плательщиков  исходящих переводов нет (глубина 3<4) Кластер 38 (1 seed)  объём входящих 12 300 KZT.
100000003105929100,3,False,1,1,429567.0,156354.0,2,1,0.0003008255368854897,-1.9486178113044602e-19,0.002940174080170132,1.9549530448494444e-05,True,0,0.3639804733603838,False,0,peripheral,0.15,"низкая активность: 1 вх./1 исх. плательщиков/получателей, без выраженного паттерна",9,0.1,0.2179,"низкая активность: 1 вх./1 исх. плательщиков/получателей, без выраженного паттерна Кластер 9 (0 seed)  объём входящих 429 567 KZT."
100000008379273100,3,False,2,4,36000.0,38000.0,2,4,0.00030035218673025657,0.00011632381844201933,3.398976211823421e-06,2.156494595864851e-05,True,0,1.0555555555555556,False,0,transit,0.944,"получает от 2, передаёт 4; pass-through 1.06 — деньги не задерживаются",29,0.35,0.3037,"получает от 2, передаёт 4; pass-through 1.06 — деньги не задерживаются Кластер 29 (0 seed)  объём входящих 36 000 KZT."
100000005357705100,3,False,1,4,52595.0,387080.0,1,5,0.00029759272302630957,1.6021045336111684e-18,0.0016044117981357413,7.819812179397777e-05,True,0,7.35963494628767,False,0,peripheral,0.15,"низкая активность: 1 вх./4 исх. плательщиков/получателей, без выраженного паттерна",17,0.1,0.1845,"низкая активность: 1 вх./4 исх. плательщиков/получателей, без выраженного паттерна Кластер 17 (0 seed)  объём входящих 52 595 KZT."
100000003111305100,3,False,4,0,509338.0,0.0,4,0,0.0004054032372561773,-0.0,2.6654287081981833e-05,0.0,False,0,0.0,False,0,terminal,0.8,получил 509 338 KZT от 4 плательщиков  исходящих переводов нет (глубина 3<4),1,0.25,0.2944,получил 509 338 KZT от 4 плательщиков  исходящих переводов нет (глубина 3<4) Кластер 1 (3 seed)  объём входящих 509 338 KZT.
100000008503177100,3,False,1,0,33951.0,0.0,1,0,0.00029378420974338824,-0.0,0.0016044117981357413,0.0,False,0,0.0,False,0,terminal,0.8,получил 33 951 KZT от 1 плательщиков  исходящих переводов нет (глубина 3<4),17,0.25,0.2503,получил 33 951 KZT от 1 плательщиков  исходящих переводов нет (глубина 3<4) Кластер 17 (0 seed)  объём входящих 33 951 KZT.
100000000955529100,3,False,1,1,27000.0,63500.0,1,1,0.00029695071559399723,0.00019785422123072183,6.407022407304071e-07,2.2169570611694728e-06,False,0,2.3518518518518516,False,0,peripheral,0.15,"низкая активность: 1 вх./1 исх. плательщиков/получателей, без выраженного паттерна",15,0.1,0.1725,"низкая активность: 1 вх./1 исх. плательщиков/получателей, без выраженного паттерна Кластер 15 (5 seed)  объём входящих 27 000 KZT."
100000008695689100,3,False,1,0,26200.0,0.0,1,0,0.0002909549267563096,-0.0,-1.1342661239262463e-17,0.0,False,1,0.0,False,0,terminal,0.8,получил 26 200 KZT от 1 плательщиков  исходящих переводов нет (глубина 3<4),38,0.25,0.246,получил 26 200 KZT от 1 плательщиков  исходящих переводов нет (глубина 3<4) Кластер 38 (1 seed)  объём входящих 26 200 KZT.
100000004184158100,3,False,1,0,203805.0,0.0,1,0,0.0003049962018132192,-0.0,0.0011319384436485965,0.0,False,0,0.0,False,0,terminal,0.8,получил 203 805 KZT от 1 плательщиков  исходящих переводов нет (глубина 3<4),8,0.25,0.2795,получил 203 805 KZT от 1 плательщиков  исходящих переводов нет (глубина 3<4) Кластер 8 (1 seed)  объём входящих 203 805 KZT.
100000005475379100,3,False,1,3,108370.0,81000.0,1,3,0.0004234791486664741,9.611151006476922e-19,4.037599825353278e-05,6.650871183508418e-05,True,0,0.7474393282273692,False,0,peripheral,0.15,"низкая активность: 1 вх./3 исх. плательщиков/получателей, без выраженного паттерна",5,0.1,0.1961,"низкая активность: 1 вх./3 исх. плательщиков/получателей, без выраженного паттерна Кластер 5 (1 seed)  объём входящих 108 370 KZT."
100000003093299100,3,False,1,0,15000.0,0.0,1,0,0.00028769718361547217,-0.0,0.002905781655216498,0.0,False,0,0.0,False,0,terminal,0.8,получил 15 000 KZT от 1 плательщиков  исходящих переводов нет (глубина 3<4),8,0.25,0.2369,получил 15 000 KZT от 1 плательщиков  исходящих переводов нет (глубина 3<4) Кластер 8 (1 seed)  объём входящих 15 000 KZT.
100000008767027100,3,False,1,0,5000.0,0.0,1,0,0.00028761570267189074,-0.0,3.559127087403929e-07,0.0,False,0,0.0,False,0,terminal,0.8,получил 5 000 KZT от 1 плательщиков  исходящих переводов нет (глубина 3<4),21,0.25,0.219,получил 5 000 KZT от 1 плательщиков  исходящих переводов нет (глубина 3<4) Кластер 21 (0 seed)  объём входящих 5 000 KZT.
100000004539443100,3,False,2,0,61990.0,0.0,2,0,0.0009602399360267049,-0.0,7.147155695474896e-19,0.0,False,0,0.0,False,0,terminal,0.8,получил 61 990 KZT от 2 плательщиков  исходящих переводов нет (глубина 3<4),15,0.25,0.2601,получил 61 990 KZT от 2 плательщиков  исходящих переводов нет (глубина 3<4) Кластер 15 (5 seed)  объём входящих 61 990 KZT.
100000007863304100,3,False,1,0,25000.0,0.0,1,0,0.00028766226780275425,-0.0,0.002940174080170132,0.0,False,0,0.0,False,0,terminal,0.8,получил 25 000 KZT от 1 плательщиков  исходящих переводов нет (глубина 3<4),9,0.25,0.2453,получил 25 000 KZT от 1 плательщиков  исходящих переводов нет (глубина 3<4) Кластер 9 (0 seed)  объём входящих 25 000 KZT.
100000004959752100,3,False,1,0,22200.0,0.0,1,0,0.0007881862548134615,-0.0,1.2089268131974668e-20,0.0,False,0,0.0,False,0,terminal,0.8,получил 22 200 KZT от 1 плательщиков  исходящих переводов нет (глубина 3<4),15,0.25,0.2433,получил 22 200 KZT от 1 плательщиков  исходящих переводов нет (глубина 3<4) Кластер 15 (5 seed)  объём входящих 22 200 KZT.
100000002214664100,3,False,1,1,7950.0,76950.0,1,2,0.0002880947783409896,3.303575570708675e-20,-1.1342661239262463e-17,1.4107908571078464e-06,True,1,9.679245283018869,False,0,peripheral,0.15,"низкая активность: 1 вх./1 исх. плательщиков/получателей, без выраженного паттерна",38,0.1,0.1526,"низкая активность: 1 вх./1 исх. плательщиков/получателей, без выраженного паттерна Кластер 38 (1 seed)  объём входящих 7 950 KZT."
100000008192264100,3,False,1,1,162810.0,187910.0,1,2,0.00029214614837702694,-1.4739826929542897e-19,0.002940174080170132,1.9549530448494444e-05,True,0,1.1541674344327744,False,0,transit,0.846,"получает от 1, передаёт 1; pass-through 1.15 — деньги не задерживаются",9,0.35,0.3146,"получает от 1, передаёт 1; pass-through 1.15 — деньги не задерживаются Кластер 9 (0 seed)  объём входящих 162 810 KZT."
100000000942301100,3,False,1,0,57580.0,0.0,2,0,0.0003019291849849956,-0.0,0.0011379074330901365,0.0,False,0,0.0,False,0,terminal,0.8,получил 57 580 KZT от 1 плательщиков  исходящих переводов нет (глубина 3<4),8,0.25,0.2589,получил 57 580 KZT от 1 плательщиков  исходящих переводов нет (глубина 3<4) Кластер 8 (1 seed)  объём входящих 57 580 KZT.
100000002578653100,3,False,1,0,20000.0,0.0,1,0,0.0003126975226362897,-0.0,2.770116082468388e-19,0.0,False,0,0.0,False,0,terminal,0.8,получил 20 000 KZT от 1 плательщиков  исходящих переводов нет (глубина 3<4),16,0.25,0.2416,получил 20 000 KZT от 1 плательщиков  исходящих переводов нет (глубина 3<4) Кластер 16 (0 seed)  объём входящих 20 000 KZT.
100000002511581100,3,False,1,0,17600.0,0.0,1,0,0.00028960713079073414,-0.0,-1.1342661239262463e-17,0.0,False,1,0.0,False,0,terminal,0.8,получил 17 600 KZT от 1 плательщиков  исходящих переводов нет (глубина 3<4),38,0.25,0.2395,получил 17 600 KZT от 1 плательщиков  исходящих переводов нет (глубина 3<4) Кластер 38 (1 seed)  объём входящих 17 600 KZT.
100000005610717100,3,False,4,1,484500.0,265200.0,6,7,0.0003460587880217405,-2.5998529974462757e-19,0.008115801612125361,1.9549530448494444e-05,True,0,0.5473684210526316,False,0,peripheral,0.15,"низкая активность: 4 вх./1 исх. плательщиков/получателей, без выраженного паттерна",8,0.1,0.2199,"низкая активность: 4 вх./1 исх. плательщиков/получателей, без выраженного паттерна Кластер 8 (1 seed)  объём входящих 484 500 KZT."
100000005704413100,3,False,3,32,97834.67,1363593.0,4,35,0.0006022795556250626,0.00014800832728385603,2.3762160559198707e-06,0.0033528452426923048,True,0,13.9377278014021,False,0,coordinator,0.847,"связан с 0 seed-клиентами напрямую, betweenness=0.003, точка сочленения сети",29,1.0,0.5745,"связан с 0 seed-клиентами напрямую, betweenness=0.003, точка сочленения сети Кластер 29 (0 seed)  объём входящих 97 835 KZT."
100000000976943100,3,False,1,1,70000.0,84000.0,1,3,0.0003751031725298351,-1.1525693286938912e-19,4.037599825353278e-05,2.216957061169473e-05,True,0,1.2,False,0,transit,0.8,"получает от 1, передаёт 1; pass-through 1.20 — деньги не задерживаются",5,0.35,0.2944,"получает от 1, передаёт 1; pass-through 1.20 — деньги не задерживаются Кластер 5 (1 seed)  объём входящих 70 000 KZT."
100000008708061100,3,False,1,0,8650.0,0.0,1,0,0.000288204482663769,-0.0,-1.1342661239262463e-17,0.0,False,1,0.0,False,0,terminal,0.8,получил 8 650 KZT от 1 плательщиков  исходящих переводов нет (глубина 3<4),38,0.25,0.2279,получил 8 650 KZT от 1 плательщиков  исходящих переводов нет (глубина 3<4) Кластер 38 (1 seed)  объём входящих 8 650 KZT.
100000003986141100,3,False,1,0,5286.32,0.0,1,0,0.00028813103343166944,-0.0,0.0004659018150489363,0.0,False,0,0.0,False,0,terminal,0.8,получил 5 286 KZT от 1 плательщиков  исходящих переводов нет (глубина 3<4),41,0.25,0.2199,получил 5 286 KZT от 1 плательщиков  исходящих переводов нет (глубина 3<4) Кластер 41 (0 seed)  объём входящих 5 286 KZT.
100000005037490100,3,False,1,2,15000.0,30000.0,1,3,0.00032463593093519155,0.00022285399287035314,4.259946144306409e-08,1.975107199950985e-05,True,0,2.0,False,0,peripheral,0.15,"низкая активность: 1 вх./2 исх. плательщиков/получателей, без выраженного паттерна",31,0.1,0.1632,"низкая активность: 1 вх./2 исх. плательщиков/получателей, без выраженного паттерна Кластер 31 (3 seed)  объём входящих 15 000 KZT."
100000004257714100,3,False,1,0,52220.0,0.0,1,0,0.0002950327931544809,-0.0,-1.1342661239262463e-17,0.0,False,1,0.0,False,0,terminal,0.8,получил 52 220 KZT от 1 плательщиков  исходящих переводов нет (глубина 3<4),38,0.25,0.2573,получил 52 220 KZT от 1 плательщиков  исходящих переводов нет (глубина 3<4) Кластер 38 (1 seed)  объём входящих 52 220 KZT.
100000000569479100,3,False,1,0,320000.0,0.0,1,0,0.00039669294672804636,-0.0,0.00016105425944983216,0.0,False,0,0.0,False,0,terminal,0.8,получил 320 000 KZT от 1 плательщиков  исходящих переводов нет (глубина 3<4),8,0.25,0.2869,получил 320 000 KZT от 1 плательщиков  исходящих переводов нет (глубина 3<4) Кластер 8 (1 seed)  объём входящих 320 000 KZT.
100000007303047100,3,False,1,0,52250.0,0.0,1,0,0.0002950374947683144,-0.0,-1.1342661239262463e-17,0.0,False,1,0.0,False,0,terminal,0.8,получил 52 250 KZT от 1 плательщиков  исходящих переводов нет (глубина 3<4),38,0.25,0.2573,получил 52 250 KZT от 1 плательщиков  исходящих переводов нет (глубина 3<4) Кластер 38 (1 seed)  объём входящих 52 250 KZT.
100000008708743100,3,False,1,0,15550.0,0.0,1,0,0.00028928585384545166,-0.0,-1.1342661239262463e-17,0.0,False,1,0.0,False,0,terminal,0.8,получил 15 550 KZT от 1 плательщиков  исходящих переводов нет (глубина 3<4),38,0.25,0.2375,получил 15 550 KZT от 1 плательщиков  исходящих переводов нет (глубина 3<4) Кластер 38 (1 seed)  объём входящих 15 550 KZT.
100000008745863100,3,False,1,0,22900.0,0.0,1,0,0.0002904377492346353,-0.0,-1.1342661239262463e-17,0.0,False,1,0.0,False,0,terminal,0.8,получил 22 900 KZT от 1 плательщиков  исходящих переводов нет (глубина 3<4),38,0.25,0.2438,получил 22 900 KZT от 1 плательщиков  исходящих переводов нет (глубина 3<4) Кластер 38 (1 seed)  объём входящих 22 900 KZT.
100000005048668100,3,False,2,8,16668.0,159400.0,2,11,0.00028983991163194546,0.001607269050232826,0.003165241743009574,3.8695977794958074e-05,True,0,9.563234941204703,False,0,peripheral,0.15,"низкая активность: 2 вх./8 исх. плательщиков/получателей, без выраженного паттерна",17,0.1,0.1652,"низкая активность: 2 вх./8 исх. плательщиков/получателей, без выраженного паттерна Кластер 17 (0 seed)  объём входящих 16 668 KZT."
100000006522972100,3,False,1,0,9515.0,0.0,1,0,0.000304663904565617,-0.0,0.00010694239102769263,0.0,False,0,0.0,False,0,terminal,0.8,получил 9 515 KZT от 1 плательщиков  исходящих переводов нет (глубина 3<4),9,0.25,0.2295,получил 9 515 KZT от 1 плательщиков  исходящих переводов нет (глубина 3<4) Кластер 9 (0 seed)  объём входящих 9 515 KZT.
100000008759857100,3,False,1,2,5000.0,994000.0,1,3,0.00028761570267189074,2.2373129511092014e-06,3.559127087403929e-07,0.0,False,0,198.8,False,0,peripheral,0.15,"низкая активность: 1 вх./2 исх. плательщиков/получателей, без выраженного паттерна",21,0.1,0.145,"низкая активность: 1 вх./2 исх. плательщиков/получателей, без выраженного паттерна Кластер 21 (0 seed)  объём входящих 5 000 KZT."
100000005342513100,3,False,1,1,235000.0,30000.0,2,1,0.0011030662406570193,1.772960732943659e-19,-1.9923716256913808e-19,0.0,False,1,0.1276595744680851,False,0,peripheral,0.15,"низкая активность: 1 вх./1 исх. плательщиков/получателей, без выраженного паттерна",38,0.1,0.2078,"низкая активность: 1 вх./1 исх. плательщиков/получателей, без выраженного паттерна Кластер 38 (1 seed)  объём входящих 235 000 KZT."
100000004750897100,3,False,1,0,10000.0,0.0,1,0,0.0004925814598066286,-0.0,-9.296402601561023e-19,0.0,False,0,0.0,False,0,terminal,0.8,получил 10 000 KZT от 1 плательщиков  исходящих переводов нет (глубина 3<4),3,0.25,0.2303,получил 10 000 KZT от 1 плательщиков  исходящих переводов нет (глубина 3<4) Кластер 3 (3 seed)  объём входящих 10 000 KZT.
100000001140785100,3,False,2,0,215000.0,0.0,2,0,0.00031675353054066855,-0.0,7.528982871830513e-07,0.0,False,0,0.0,False,0,terminal,0.8,получил 215 000 KZT от 2 плательщиков  исходящих переводов нет (глубина 3<4),32,0.25,0.2804,получил 215 000 KZT от 2 плательщиков  исходящих переводов нет (глубина 3<4) Кластер 32 (0 seed)  объём входящих 215 000 KZT.
100000002821425100,3,False,1,0,275000.0,0.0,1,0,0.00030000196010987376,-0.0,3.7941363435728165e-07,0.0,False,0,0.0,False,0,terminal,0.8,получил 275 000 KZT от 1 плательщиков  исходящих переводов нет (глубина 3<4),48,0.25,0.2844,получил 275 000 KZT от 1 плательщиков  исходящих переводов нет (глубина 3<4) Кластер 48 (0 seed)  объём входящих 275 000 KZT.
100000003221510100,3,False,1,2,24000.0,120000.0,1,3,0.00028820618337967266,-2.0676009487370517e-19,0.002905781655216498,3.909906089698889e-05,True,0,5.0,False,0,peripheral,0.15,"низкая активность: 1 вх./2 исх. плательщиков/получателей, без выраженного паттерна",8,0.1,0.1712,"низкая активность: 1 вх./2 исх. плательщиков/получателей, без выраженного паттерна Кластер 8 (1 seed)  объём входящих 24 000 KZT."
100000003031003100,3,False,3,0,280090.0,0.0,3,0,0.00031288784627266157,-0.0,6.1909246712209084e-06,0.0,False,0,0.0,False,0,terminal,0.8,получил 280 090 KZT от 3 плательщиков  исходящих переводов нет (глубина 3<4),48,0.25,0.2847,получил 280 090 KZT от 3 плательщиков  исходящих переводов нет (глубина 3<4) Кластер 48 (0 seed)  объём входящих 280 090 KZT.
100000003060187100,3,False,1,0,93046.0,0.0,1,0,0.00030282735105508483,-0.0,8.448073393743472e-05,0.0,False,0,0.0,False,0,terminal,0.8,получил 93 046 KZT от 1 плательщиков  исходящих переводов нет (глубина 3<4),49,0.25,0.2667,получил 93 046 KZT от 1 плательщиков  исходящих переводов нет (глубина 3<4) Кластер 49 (1 seed)  объём входящих 93 046 KZT.
100000008718811100,3,False,1,0,73300.0,0.0,1,0,0.000298336460474752,-0.0,-1.1342661239262463e-17,0.0,False,1,0.0,False,0,terminal,0.8,получил 73 300 KZT от 1 плательщиков  исходящих переводов нет (глубина 3<4),38,0.25,0.2628,получил 73 300 KZT от 1 плательщиков  исходящих переводов нет (глубина 3<4) Кластер 38 (1 seed)  объём входящих 73 300 KZT.
100000008043184100,3,False,1,0,50564.0,0.0,1,0,0.00029484038862252445,-0.0,0.00023334462577838847,0.0,False,0,0.0,False,0,terminal,0.8,получил 50 564 KZT от 1 плательщиков  исходящих переводов нет (глубина 3<4),41,0.25,0.2568,получил 50 564 KZT от 1 плательщиков  исходящих переводов нет (глубина 3<4) Кластер 41 (0 seed)  объём входящих 50 564 KZT.
100000002530224100,3,False,1,0,113000.0,0.0,1,0,0.0002926951733563119,-0.0,3.220733719358745e-06,0.0,False,0,0.0,False,0,terminal,0.8,получил 113 000 KZT от 1 плательщиков  исходящих переводов нет (глубина 3<4),32,0.25,0.2699,получил 113 000 KZT от 1 плательщиков  исходящих переводов нет (глубина 3<4) Кластер 32 (0 seed)  объём входящих 113 000 KZT.
100000008754608100,3,False,1,0,12300.0,0.0,1,0,0.000288776512346833,-0.0,-1.1342661239262463e-17,0.0,False,1,0.0,False,0,terminal,0.8,получил 12 300 KZT от 1 плательщиков  исходящих переводов нет (глубина 3<4),38,0.25,0.2337,получил 12 300 KZT от 1 плательщиков  исходящих переводов нет (глубина 3<4) Кластер 38 (1 seed)  объём входящих 12 300 KZT.
100000006989232100,3,False,1,0,22194.0,0.0,1,0,0.00028882506475800423,-0.0,0.0011319384436485965,0.0,False,0,0.0,False,0,terminal,0.8,получил 22 194 KZT от 1 плательщиков  исходящих переводов нет (глубина 3<4),8,0.25,0.2433,получил 22 194 KZT от 1 плательщиков  исходящих переводов нет (глубина 3<4) Кластер 8 (1 seed)  объём входящих 22 194 KZT.
100000006532229100,3,False,1,0,105000.0,0.0,1,0,0.0003019792874876219,-0.0,2.612568386353971e-07,0.0,False,0,0.0,False,0,terminal,0.8,получил 105 000 KZT от 1 плательщиков  исходящих переводов нет (глубина 3<4),32,0.25,0.2687,получил 105 000 KZT от 1 плательщиков  исходящих переводов нет (глубина 3<4) Кластер 32 (0 seed)  объём входящих 105 000 KZT.
100000005661829100,3,False,1,2,37790.0,40362.0,1,4,0.0002933384099185034,0.00011522832910020572,8.448073393743472e-05,6.005938220259118e-05,False,0,1.0680603334215402,False,0,transit,0.932,"получает от 1, передаёт 2; pass-through 1.07 — деньги не задерживаются",49,0.35,0.3033,"получает от 1, передаёт 2; pass-through 1.07 — деньги не задерживаются Кластер 49 (1 seed)  объём входящих 37 790 KZT."
100000004553349100,3,False,1,0,7755.0,0.0,1,0,0.000301368634481829,-0.0,0.00010694239102769263,0.0,False,0,0.0,False,0,terminal,0.8,получил 7 755 KZT от 1 плательщиков  исходящих переводов нет (глубина 3<4),9,0.25,0.2262,получил 7 755 KZT от 1 плательщиков  исходящих переводов нет (глубина 3<4) Кластер 9 (0 seed)  объём входящих 7 755 KZT.
100000002945626100,3,False,3,0,584000.0,0.0,3,0,0.0003392656867946238,-0.0,4.852794454353598e-06,0.0,False,0,0.0,False,0,terminal,0.8,получил 584 000 KZT от 3 плательщиков  исходящих переводов нет (глубина 3<4),32,0.25,0.2967,получил 584 000 KZT от 3 плательщиков  исходящих переводов нет (глубина 3<4) Кластер 32 (0 seed)  объём входящих 584 000 KZT.
100000008775471100,3,False,1,0,580000.0,0.0,2,0,0.00035996546736887387,-0.0,1.2902818407787472e-06,0.0,False,0,0.0,False,0,terminal,0.8,получил 580 000 KZT от 1 плательщиков  исходящих переводов нет (глубина 3<4),21,0.25,0.2966,получил 580 000 KZT от 1 плательщиков  исходящих переводов нет (глубина 3<4) Кластер 21 (0 seed)  объём входящих 580 000 KZT.
100000000404740100,4,False,1,0,25000.0,0.0,1,0,0.000560416356836729,-0.0,-2.4001391649314067e-19,0.0,False,0,0.0,True,0,peripheral,0.2,"узел на 4-м колене без исходящих — вероятный артефакт обрыва обхода, не подтверждённый terminal (in_deg=1)",51,0.1,0.1733,"узел на 4-м колене без исходящих — вероятный артефакт обрыва обхода, не подтверждённый terminal (in_deg=1) Кластер 51 (0 seed)  объём входящих 25 000 KZT."
100000004268036100,4,False,1,0,5500.0,0.0,1,0,0.00028980469717605794,-0.0,3.687381946528126e-06,0.0,False,0,0.0,True,0,peripheral,0.2,"узел на 4-м колене без исходящих — вероятный артефакт обрыва обхода, не подтверждённый terminal (in_deg=1)",29,0.1,0.1486,"узел на 4-м колене без исходящих — вероятный артефакт обрыва обхода, не подтверждённый terminal (in_deg=1) Кластер 29 (0 seed)  объём входящих 5 500 KZT."
100000001256409100,4,False,1,0,8000.0,0.0,1,0,0.000549553862116161,-0.0,1.91945577144045e-20,0.0,False,0,0.0,True,0,peripheral,0.2,"узел на 4-м колене без исходящих — вероятный артефакт обрыва обхода, не подтверждённый terminal (in_deg=1)",17,0.1,0.1547,"узел на 4-м колене без исходящих — вероятный артефакт обрыва обхода, не подтверждённый terminal (in_deg=1) Кластер 17 (0 seed)  объём входящих 8 000 KZT."
100000005360814100,4,False,1,0,144000.0,0.0,3,0,0.0004355964926761454,-0.0,1.721211469146002e-06,0.0,False,0,0.0,True,0,peripheral,0.2,"узел на 4-м колене без исходящих — вероятный артефакт обрыва обхода, не подтверждённый terminal (in_deg=1)",17,0.1,0.2018,"узел на 4-м колене без исходящих — вероятный артефакт обрыва обхода, не подтверждённый terminal (in_deg=1) Кластер 17 (0 seed)  объём входящих 144 000 KZT."
100000002369454100,4,False,1,0,25000.0,0.0,1,0,0.0004307604037600731,-0.0,-5.698152447022159e-19,0.0,False,0,0.0,True,0,peripheral,0.2,"узел на 4-м колене без исходящих — вероятный артефакт обрыва обхода, не подтверждённый terminal (in_deg=1)",17,0.1,0.1733,"узел на 4-м колене без исходящих — вероятный артефакт обрыва обхода, не подтверждённый terminal (in_deg=1) Кластер 17 (0 seed)  объём входящих 25 000 KZT."
100000004272302100,4,False,1,0,10000.0,0.0,1,0,0.00028902455702792127,-0.0,2.5468927032645624e-20,0.0,False,0,0.0,True,0,peripheral,0.2,"узел на 4-м колене без исходящих — вероятный артефакт обрыва обхода, не подтверждённый terminal (in_deg=1)",16,0.1,0.1583,"узел на 4-м колене без исходящих — вероятный артефакт обрыва обхода, не подтверждённый terminal (in_deg=1) Кластер 16 (0 seed)  объём входящих 10 000 KZT."
100000008727982100,4,False,1,0,30000.0,0.0,2,0,0.0005161702905370301,-0.0,-2.1571973764466788e-19,0.0,False,0,0.0,True,0,peripheral,0.2,"узел на 4-м колене без исходящих — вероятный артефакт обрыва обхода, не подтверждённый terminal (in_deg=1)",1,0.1,0.1762,"узел на 4-м колене без исходящих — вероятный артефакт обрыва обхода, не подтверждённый terminal (in_deg=1) Кластер 1 (3 seed)  объём входящих 30 000 KZT."
100000000600707100,4,False,1,0,89000.0,0.0,2,0,0.0005726088761598882,-0.0,-8.675491347635732e-20,0.0,False,0,0.0,True,0,peripheral,0.2,"узел на 4-м колене без исходящих — вероятный артефакт обрыва обхода, не подтверждённый terminal (in_deg=1)",56,0.1,0.194,"узел на 4-м колене без исходящих — вероятный артефакт обрыва обхода, не подтверждённый terminal (in_deg=1) Кластер 56 (0 seed)  объём входящих 89 000 KZT."
100000004500781100,4,False,1,0,74000.0,0.0,5,0,0.0006837336338697893,-0.0,-8.661141438409165e-20,0.0,False,0,0.0,True,0,peripheral,0.2,"узел на 4-м колене без исходящих — вероятный артефакт обрыва обхода, не подтверждённый terminal (in_deg=1)",0,0.1,0.191,"узел на 4-м колене без исходящих — вероятный артефакт обрыва обхода, не подтверждённый terminal (in_deg=1) Кластер 0 (0 seed)  объём входящих 74 000 KZT."
100000008703533100,4,False,1,0,75000.0,0.0,1,0,0.0002968487874783168,-0.0,4.916414485475597e-07,0.0,False,0,0.0,True,0,peripheral,0.2,"узел на 4-м колене без исходящих — вероятный артефакт обрыва обхода, не подтверждённый terminal (in_deg=1)",32,0.1,0.1912,"узел на 4-м колене без исходящих — вероятный артефакт обрыва обхода, не подтверждённый terminal (in_deg=1) Кластер 32 (0 seed)  объём входящих 75 000 KZT."
100000004549591100,4,False,1,0,49000.0,0.0,1,0,0.00044625604853705,-0.0,1.9860540398308525e-19,0.0,False,0,0.0,True,0,peripheral,0.2,"узел на 4-м колене без исходящих — вероятный артефакт обрыва обхода, не подтверждённый terminal (in_deg=1)",62,0.1,0.1842,"узел на 4-м колене без исходящих — вероятный артефакт обрыва обхода, не подтверждённый terminal (in_deg=1) Кластер 62 (0 seed)  объём входящих 49 000 KZT."
100000002700161100,4,False,1,0,39000.0,0.0,1,0,0.0009064127928751024,-0.0,3.1278393227324393e-19,0.0,False,0,0.0,True,0,peripheral,0.2,"узел на 4-м колене без исходящих — вероятный артефакт обрыва обхода, не подтверждённый terminal (in_deg=1)",40,0.1,0.1805,"узел на 4-м колене без исходящих — вероятный артефакт обрыва обхода, не подтверждённый terminal (in_deg=1) Кластер 40 (0 seed)  объём входящих 39 000 KZT."
100000003134550100,4,False,1,0,100000.0,0.0,1,0,0.00030018209974604315,-0.0,4.916414485475597e-07,0.0,False,0,0.0,True,0,peripheral,0.2,"узел на 4-м колене без исходящих — вероятный артефакт обрыва обхода, не подтверждённый terminal (in_deg=1)",32,0.1,0.1959,"узел на 4-м колене без исходящих — вероятный артефакт обрыва обхода, не подтверждённый terminal (in_deg=1) Кластер 32 (0 seed)  объём входящих 100 000 KZT."
100000001957974100,4,False,1,0,500000.0,0.0,1,0,0.0003215701793309761,-0.0,5.920463072307241e-08,0.0,False,0,0.0,True,0,peripheral,0.2,"узел на 4-м колене без исходящих — вероятный артефакт обрыва обхода, не подтверждённый terminal (in_deg=1)",0,0.1,0.2221,"узел на 4-м колене без исходящих — вероятный артефакт обрыва обхода, не подтверждённый terminal (in_deg=1) Кластер 0 (0 seed)  объём входящих 500 000 KZT."
100000001246806100,4,False,1,0,130000.0,0.0,1,0,0.0005353109341237873,-0.0,2.4175754564964307e-20,0.0,False,0,0.0,True,0,peripheral,0.2,"узел на 4-м колене без исходящих — вероятный артефакт обрыва обхода, не подтверждённый terminal (in_deg=1)",32,0.1,0.2002,"узел на 4-м колене без исходящих — вероятный артефакт обрыва обхода, не подтверждённый terminal (in_deg=1) Кластер 32 (0 seed)  объём входящих 130 000 KZT."
100000003622955100,4,False,1,0,15000.0,0.0,1,0,0.0013392360951323822,-0.0,-2.5826029250116245e-19,0.0,False,0,0.0,True,0,peripheral,0.2,"узел на 4-м колене без исходящих — вероятный артефакт обрыва обхода, не подтверждённый terminal (in_deg=1)",5,0.1,0.1649,"узел на 4-м колене без исходящих — вероятный артефакт обрыва обхода, не подтверждённый terminal (in_deg=1) Кластер 5 (1 seed)  объём входящих 15 000 KZT."
100000003692843100,4,False,1,0,510000.0,0.0,2,0,0.0005318067920204751,-0.0,2.8391659625978386e-19,0.0,False,0,0.0,True,0,peripheral,0.2,"узел на 4-м колене без исходящих — вероятный артефакт обрыва обхода, не подтверждённый terminal (in_deg=1)",4,0.1,0.2225,"узел на 4-м колене без исходящих — вероятный артефакт обрыва обхода, не подтверждённый terminal (in_deg=1) Кластер 4 (0 seed)  объём входящих 510 000 KZT."
100000008629504100,4,False,1,0,20000.0,0.0,1,0,0.00030336003181306674,-0.0,6.8379391781634086e-06,0.0,False,0,0.0,True,0,peripheral,0.2,"узел на 4-м колене без исходящих — вероятный артефакт обрыва обхода, не подтверждённый terminal (in_deg=1)",8,0.1,0.1696,"узел на 4-м колене без исходящих — вероятный артефакт обрыва обхода, не подтверждённый terminal (in_deg=1) Кластер 8 (1 seed)  объём входящих 20 000 KZT."
100000005621418100,4,False,1,0,30000.0,0.0,1,0,0.0003091915026361621,-0.0,4.0337774958288006e-08,0.0,False,0,0.0,True,0,peripheral,0.2,"узел на 4-м колене без исходящих — вероятный артефакт обрыва обхода, не подтверждённый terminal (in_deg=1)",45,0.1,0.1762,"узел на 4-м колене без исходящих — вероятный артефакт обрыва обхода, не подтверждённый terminal (in_deg=1) Кластер 45 (0 seed)  объём входящих 30 000 KZT."
100000004167082100,4,False,1,0,13300.0,0.0,1,0,0.0003866165990484235,-0.0,2.2492310242095227e-19,0.0,False,0,0.0,True,0,peripheral,0.2,"узел на 4-м колене без исходящих — вероятный артефакт обрыва обхода, не подтверждённый terminal (in_deg=1)",31,0.1,0.163,"узел на 4-м колене без исходящих — вероятный артефакт обрыва обхода, не подтверждённый terminal (in_deg=1) Кластер 31 (3 seed)  объём входящих 13 300 KZT."
100000004379306100,4,False,1,0,15000.0,0.0,1,0,0.0005343806771430125,-0.0,3.3224355173020357e-19,0.0,False,0,0.0,True,0,peripheral,0.2,"узел на 4-м колене без исходящих — вероятный артефакт обрыва обхода, не подтверждённый terminal (in_deg=1)",17,0.1,0.1649,"узел на 4-м колене без исходящих — вероятный артефакт обрыва обхода, не подтверждённый terminal (in_deg=1) Кластер 17 (0 seed)  объём входящих 15 000 KZT."
100000004856746100,4,False,1,0,20000.0,0.0,1,0,0.00030138094588721753,-0.0,1.468380142126487e-07,0.0,False,0,0.0,True,0,peripheral,0.2,"узел на 4-м колене без исходящих — вероятный артефакт обрыва обхода, не подтверждённый terminal (in_deg=1)",10,0.1,0.1696,"узел на 4-м колене без исходящих — вероятный артефакт обрыва обхода, не подтверждённый terminal (in_deg=1) Кластер 10 (0 seed)  объём входящих 20 000 KZT."
100000004891562100,4,False,1,0,103400.0,0.0,1,0,0.0003424187648924353,-0.0,3.687381946528126e-06,0.0,False,0,0.0,True,0,peripheral,0.2,"узел на 4-м колене без исходящих — вероятный артефакт обрыва обхода, не подтверждённый terminal (in_deg=1)",29,0.1,0.1964,"узел на 4-м колене без исходящих — вероятный артефакт обрыва обхода, не подтверждённый terminal (in_deg=1) Кластер 29 (0 seed)  объём входящих 103 400 KZT."
100000007042175100,4,False,1,0,60000.0,0.0,1,0,0.0005363434676045009,-0.0,-6.211770269386442e-20,0.0,False,0,0.0,True,0,peripheral,0.2,"узел на 4-м колене без исходящих — вероятный артефакт обрыва обхода, не подтверждённый terminal (in_deg=1)",8,0.1,0.1875,"узел на 4-м колене без исходящих — вероятный артефакт обрыва обхода, не подтверждённый terminal (in_deg=1) Кластер 8 (1 seed)  объём входящих 60 000 KZT."
100000002670463100,4,False,1,0,31500.0,0.0,1,0,0.0003037777897258619,-0.0,3.687381946528126e-06,0.0,False,0,0.0,True,0,peripheral,0.2,"узел на 4-м колене без исходящих — вероятный артефакт обрыва обхода, не подтверждённый terminal (in_deg=1)",29,0.1,0.177,"узел на 4-м колене без исходящих — вероятный артефакт обрыва обхода, не подтверждённый terminal (in_deg=1) Кластер 29 (0 seed)  объём входящих 31 500 KZT."
100000005567828100,4,False,1,0,94000.0,0.0,1,0,0.0003221789656194468,-0.0,2.7582739710930483e-06,0.0,False,0,0.0,True,0,peripheral,0.2,"узел на 4-м колене без исходящих — вероятный артефакт обрыва обхода, не подтверждённый terminal (in_deg=1)",29,0.1,0.1949,"узел на 4-м колене без исходящих — вероятный артефакт обрыва обхода, не подтверждённый terminal (in_deg=1) Кластер 29 (0 seed)  объём входящих 94 000 KZT."
100000004200745100,4,False,1,0,130000.0,0.0,4,0,0.0006035919445701508,-0.0,-2.6310185392969857e-19,0.0,False,0,0.0,True,0,peripheral,0.2,"узел на 4-м колене без исходящих — вероятный артефакт обрыва обхода, не подтверждённый terminal (in_deg=1)",13,0.1,0.2002,"узел на 4-м колене без исходящих — вероятный артефакт обрыва обхода, не подтверждённый terminal (in_deg=1) Кластер 13 (1 seed)  объём входящих 130 000 KZT."
100000003989033100,4,False,1,0,373400.0,0.0,13,0,0.0006015128764964374,-0.0,-2.0310778423952647e-19,0.0,False,0,0.0,True,0,peripheral,0.2,"узел на 4-м колене без исходящих — вероятный артефакт обрыва обхода, не подтверждённый terminal (in_deg=1)",29,0.1,0.2174,"узел на 4-м колене без исходящих — вероятный артефакт обрыва обхода, не подтверждённый terminal (in_deg=1) Кластер 29 (0 seed)  объём входящих 373 400 KZT."
100000005146665100,4,False,1,0,5500.0,0.0,1,0,0.00028773710725674335,-0.0,-5.224534970342741e-19,0.0,False,0,0.0,True,0,peripheral,0.2,"узел на 4-м колене без исходящих — вероятный артефакт обрыва обхода, не подтверждённый terminal (in_deg=1)",53,0.1,0.1486,"узел на 4-м колене без исходящих — вероятный артефакт обрыва обхода, не подтверждённый terminal (in_deg=1) Кластер 53 (0 seed)  объём входящих 5 500 KZT."
100000003096787100,4,False,1,0,16400.0,0.0,1,0,0.00029301282817605984,-0.0,2.7582739710930483e-06,0.0,False,0,0.0,True,0,peripheral,0.2,"узел на 4-м колене без исходящих — вероятный артефакт обрыва обхода, не подтверждённый terminal (in_deg=1)",29,0.1,0.1664,"узел на 4-м колене без исходящих — вероятный артефакт обрыва обхода, не подтверждённый terminal (in_deg=1) Кластер 29 (0 seed)  объём входящих 16 400 KZT."
100000003074515100,4,False,1,0,105000.0,0.0,1,0,0.00030072144502382513,-0.0,1.2761480262545454e-06,0.0,False,0,0.0,True,0,peripheral,0.2,"узел на 4-м колене без исходящих — вероятный артефакт обрыва обхода, не подтверждённый terminal (in_deg=1)",32,0.1,0.1967,"узел на 4-м колене без исходящих — вероятный артефакт обрыва обхода, не подтверждённый terminal (in_deg=1) Кластер 32 (0 seed)  объём входящих 105 000 KZT."
100000004377043100,4,False,1,0,5700.0,0.0,1,0,0.0003651438116408857,-0.0,3.7506596087112887e-19,0.0,False,0,0.0,True,0,peripheral,0.2,"узел на 4-м колене без исходящих — вероятный артефакт обрыва обхода, не подтверждённый terminal (in_deg=1)",57,0.1,0.1491,"узел на 4-м колене без исходящих — вероятный артефакт обрыва обхода, не подтверждённый terminal (in_deg=1) Кластер 57 (0 seed)  объём входящих 5 700 KZT."
100000008680061100,4,False,1,0,41300.0,0.0,2,0,0.00031206612655890594,-0.0,4.8374784901905625e-05,0.0,False,0,0.0,True,0,peripheral,0.2,"узел на 4-м колене без исходящих — вероятный артефакт обрыва обхода, не подтверждённый terminal (in_deg=1)",9,0.1,0.1814,"узел на 4-м колене без исходящих — вероятный артефакт обрыва обхода, не подтверждённый terminal (in_deg=1) Кластер 9 (0 seed)  объём входящих 41 300 KZT."
100000008471634100,4,False,1,0,20000.0,0.0,1,0,0.0011291860489853216,-0.0,8.075868869417849e-20,0.0,False,0,0.0,True,0,peripheral,0.2,"узел на 4-м колене без исходящих — вероятный артефакт обрыва обхода, не подтверждённый terminal (in_deg=1)",51,0.1,0.1696,"узел на 4-м колене без исходящих — вероятный артефакт обрыва обхода, не подтверждённый terminal (in_deg=1) Кластер 51 (0 seed)  объём входящих 20 000 KZT."
100000002119762100,4,False,1,0,77000.0,0.0,6,0,0.0005318447623815342,-0.0,5.91865096115952e-21,0.0,False,0,0.0,True,0,peripheral,0.2,"узел на 4-м колене без исходящих — вероятный артефакт обрыва обхода, не подтверждённый terminal (in_deg=1)",9,0.1,0.1916,"узел на 4-м колене без исходящих — вероятный артефакт обрыва обхода, не подтверждённый terminal (in_deg=1) Кластер 9 (0 seed)  объём входящих 77 000 KZT."
100000008628818100,4,False,1,0,46310.0,0.0,1,0,0.0003042545700695096,-0.0,2.7582739710930483e-06,0.0,False,0,0.0,True,0,peripheral,0.2,"узел на 4-м колене без исходящих — вероятный артефакт обрыва обхода, не подтверждённый terminal (in_deg=1)",29,0.1,0.1833,"узел на 4-м колене без исходящих — вероятный артефакт обрыва обхода, не подтверждённый terminal (in_deg=1) Кластер 29 (0 seed)  объём входящих 46 310 KZT."
100000007510567100,4,False,1,0,52000.0,0.0,1,0,0.0003063931695805002,-0.0,2.7582739710930483e-06,0.0,False,0,0.0,True,0,peripheral,0.2,"узел на 4-м колене без исходящих — вероятный артефакт обрыва обхода, не подтверждённый terminal (in_deg=1)",29,0.1,0.1852,"узел на 4-м колене без исходящих — вероятный артефакт обрыва обхода, не подтверждённый terminal (in_deg=1) Кластер 29 (0 seed)  объём входящих 52 000 KZT."
100000004780327100,4,False,1,0,12000.0,0.0,1,0,0.00029329797031350894,-0.0,3.687381946528126e-06,0.0,False,0,0.0,True,0,peripheral,0.2,"узел на 4-м колене без исходящих — вероятный артефакт обрыва обхода, не подтверждённый terminal (in_deg=1)",29,0.1,0.1613,"узел на 4-м колене без исходящих — вероятный артефакт обрыва обхода, не подтверждённый terminal (in_deg=1) Кластер 29 (0 seed)  объём входящих 12 000 KZT."
100000008376785100,4,False,1,0,234250.0,0.0,2,0,0.0005341353785529392,-0.0,-4.230430758860783e-19,0.0,False,0,0.0,True,0,peripheral,0.2,"узел на 4-м колене без исходящих — вероятный артефакт обрыва обхода, не подтверждённый terminal (in_deg=1)",9,0.1,0.2098,"узел на 4-м колене без исходящих — вероятный артефакт обрыва обхода, не подтверждённый terminal (in_deg=1) Кластер 9 (0 seed)  объём входящих 234 250 KZT."
100000005745873100,4,False,1,0,223000.0,0.0,1,0,0.00031773198651832083,-0.0,-2.724994670538405e-20,0.0,False,0,0.0,True,0,peripheral,0.2,"узел на 4-м колене без исходящих — вероятный артефакт обрыва обхода, не подтверждённый terminal (in_deg=1)",54,0.1,0.209,"узел на 4-м колене без исходящих — вероятный артефакт обрыва обхода, не подтверждённый terminal (in_deg=1) Кластер 54 (0 seed)  объём входящих 223 000 KZT."
100000002594214100,4,False,1,0,1000000.0,0.0,1,0,0.0003686849230295867,-0.0,-6.856578103802038e-20,0.0,False,0,0.0,True,0,peripheral,0.2,"узел на 4-м колене без исходящих — вероятный артефакт обрыва обхода, не подтверждённый terminal (in_deg=1)",64,0.1,0.2335,"узел на 4-м колене без исходящих — вероятный артефакт обрыва обхода, не подтверждённый terminal (in_deg=1) Кластер 64 (0 seed)  объём входящих 1 000 000 KZT."
100000001299323100,4,False,1,0,109000.0,0.0,1,0,0.000301249924808537,-0.0,1.2761480262545454e-06,0.0,False,0,0.0,True,0,peripheral,0.2,"узел на 4-м колене без исходящих — вероятный артефакт обрыва обхода, не подтверждённый terminal (in_deg=1)",32,0.1,0.1973,"узел на 4-м колене без исходящих — вероятный артефакт обрыва обхода, не подтверждённый terminal (in_deg=1) Кластер 32 (0 seed)  объём входящих 109 000 KZT."
100000003838587100,4,False,1,0,6000.0,0.0,1,0,0.0005574752276981332,-0.0,1.833375475396396e-19,0.0,False,0,0.0,True,0,peripheral,0.2,"узел на 4-м колене без исходящих — вероятный артефакт обрыва обхода, не подтверждённый terminal (in_deg=1)",0,0.1,0.15,"узел на 4-м колене без исходящих — вероятный артефакт обрыва обхода, не подтверждённый terminal (in_deg=1) Кластер 0 (0 seed)  объём входящих 6 000 KZT."
100000000673915100,4,False,1,0,20200.0,0.0,1,0,0.0002888646217399607,-0.0,-7.864792801464619e-20,0.0,False,0,0.0,True,0,peripheral,0.2,"узел на 4-м колене без исходящих — вероятный артефакт обрыва обхода, не подтверждённый terminal (in_deg=1)",69,0.1,0.1698,"узел на 4-м колене без исходящих — вероятный артефакт обрыва обхода, не подтверждённый terminal (in_deg=1) Кластер 69 (0 seed)  объём входящих 20 200 KZT."
100000003061115100,4,False,1,0,45000.0,0.0,1,0,0.000536239983966694,-0.0,2.136043806445923e-19,0.0,False,0,0.0,True,0,peripheral,0.2,"узел на 4-м колене без исходящих — вероятный артефакт обрыва обхода, не подтверждённый terminal (in_deg=1)",8,0.1,0.1828,"узел на 4-м колене без исходящих — вероятный артефакт обрыва обхода, не подтверждённый terminal (in_deg=1) Кластер 8 (1 seed)  объём входящих 45 000 KZT."
100000004326224100,4,False,1,0,60000.0,0.0,1,0,0.0005372173236725554,-0.0,-3.870328521112138e-19,0.0,False,0,0.0,True,0,peripheral,0.2,"узел на 4-м колене без исходящих — вероятный артефакт обрыва обхода, не подтверждённый terminal (in_deg=1)",9,0.1,0.1875,"узел на 4-м колене без исходящих — вероятный артефакт обрыва обхода, не подтверждённый terminal (in_deg=1) Кластер 9 (0 seed)  объём входящих 60 000 KZT."
100000004988240100,4,False,1,0,20000.0,0.0,1,0,0.0005322492062857253,-0.0,-1.6782735408717273e-19,0.0,False,0,0.0,True,0,peripheral,0.2,"узел на 4-м колене без исходящих — вероятный артефакт обрыва обхода, не подтверждённый terminal (in_deg=1)",8,0.1,0.1696,"узел на 4-м колене без исходящих — вероятный артефакт обрыва обхода, не подтверждённый terminal (in_deg=1) Кластер 8 (1 seed)  объём входящих 20 000 KZT."
100000008525136100,4,False,1,0,14100.0,0.0,1,0,0.00028981346532966205,-0.0,9.170991618779548e-05,0.0,False,0,0.0,True,0,peripheral,0.2,"узел на 4-м колене без исходящих — вероятный артефакт обрыва обхода, не подтверждённый terminal (in_deg=1)",8,0.1,0.1639,"узел на 4-м колене без исходящих — вероятный артефакт обрыва обхода, не подтверждённый terminal (in_deg=1) Кластер 8 (1 seed)  объём входящих 14 100 KZT."
100000001991973100,4,False,1,0,20800.0,0.0,1,0,0.00029802732471498106,-0.0,3.687381946528126e-06,0.0,False,0,0.0,True,0,peripheral,0.2,"узел на 4-м колене без исходящих — вероятный артефакт обрыва обхода, не подтверждённый terminal (in_deg=1)",29,0.1,0.1703,"узел на 4-м колене без исходящих — вероятный артефакт обрыва обхода, не подтверждённый terminal (in_deg=1) Кластер 29 (0 seed)  объём входящих 20 800 KZT."
100000004569637100,4,False,1,0,5500.0,0.0,1,0,0.0005555676972790802,-0.0,-1.7155517865527026e-19,0.0,False,0,0.0,True,0,peripheral,0.2,"узел на 4-м колене без исходящих — вероятный артефакт обрыва обхода, не подтверждённый terminal (in_deg=1)",17,0.1,0.1486,"узел на 4-м колене без исходящих — вероятный артефакт обрыва обхода, не подтверждённый terminal (in_deg=1) Кластер 17 (0 seed)  объём входящих 5 500 KZT."
100000008675322100,4,False,1,0,340000.0,0.0,4,0,0.0003207776705780961,-0.0,-7.864792801464619e-20,0.0,False,0,0.0,True,0,peripheral,0.2,"узел на 4-м колене без исходящих — вероятный артефакт обрыва обхода, не подтверждённый terminal (in_deg=1)",69,0.1,0.2158,"узел на 4-м колене без исходящих — вероятный артефакт обрыва обхода, не подтверждённый terminal (in_deg=1) Кластер 69 (0 seed)  объём входящих 340 000 KZT."
100000004235471100,4,False,1,0,180000.0,0.0,1,0,0.0003501606295614153,-0.0,-1.0367591123888134e-18,0.0,False,0,0.0,True,0,peripheral,0.2,"узел на 4-м колене без исходящих — вероятный артефакт обрыва обхода, не подтверждённый terminal (in_deg=1)",9,0.1,0.2055,"узел на 4-м колене без исходящих — вероятный артефакт обрыва обхода, не подтверждённый terminal (in_deg=1) Кластер 9 (0 seed)  объём входящих 180 000 KZT."
100000003194831100,4,False,1,0,6265.0,0.0,1,0,0.0002921283635882885,-0.0,-2.0310778423952647e-19,0.0,False,0,0.0,True,0,peripheral,0.2,"узел на 4-м колене без исходящих — вероятный артефакт обрыва обхода, не подтверждённый terminal (in_deg=1)",29,0.1,0.1507,"узел на 4-м колене без исходящих — вероятный артефакт обрыва обхода, не подтверждённый terminal (in_deg=1) Кластер 29 (0 seed)  объём входящих 6 265 KZT."
100000008588665100,4,False,1,0,25000.0,0.0,1,0,0.00035404565739034343,-0.0,5.04730766624322e-07,0.0,False,0,0.0,True,0,peripheral,0.2,"узел на 4-м колене без исходящих — вероятный артефакт обрыва обхода, не подтверждённый terminal (in_deg=1)",8,0.1,0.1733,"узел на 4-м колене без исходящих — вероятный артефакт обрыва обхода, не подтверждённый terminal (in_deg=1) Кластер 8 (1 seed)  объём входящих 25 000 KZT."
100000003230329100,4,False,1,0,110000.0,0.0,1,0,0.000301382044754715,-0.0,1.2761480262545454e-06,0.0,False,0,0.0,True,0,peripheral,0.2,"узел на 4-м колене без исходящих — вероятный артефакт обрыва обхода, не подтверждённый terminal (in_deg=1)",32,0.1,0.1974,"узел на 4-м колене без исходящих — вероятный артефакт обрыва обхода, не подтверждённый terminal (in_deg=1) Кластер 32 (0 seed)  объём входящих 110 000 KZT."
100000002217806100,4,False,1,0,55000.0,0.0,2,0,0.0004657752972548351,-0.0,1.9860540398308525e-19,0.0,False,0,0.0,True,0,peripheral,0.2,"узел на 4-м колене без исходящих — вероятный артефакт обрыва обхода, не подтверждённый terminal (in_deg=1)",62,0.1,0.1861,"узел на 4-м колене без исходящих — вероятный артефакт обрыва обхода, не подтверждённый terminal (in_deg=1) Кластер 62 (0 seed)  объём входящих 55 000 KZT."
100000004041294100,4,False,1,0,17800.0,0.0,2,0,0.0003021986967153913,-0.0,2.065713011272286e-08,0.0,False,0,0.0,True,0,peripheral,0.2,"узел на 4-м колене без исходящих — вероятный артефакт обрыва обхода, не подтверждённый terminal (in_deg=1)",51,0.1,0.1677,"узел на 4-м колене без исходящих — вероятный артефакт обрыва обхода, не подтверждённый terminal (in_deg=1) Кластер 51 (0 seed)  объём входящих 17 800 KZT."
100000008583971100,4,False,2,0,51000.0,0.0,2,0,0.00033118387912484256,-0.0,3.832291950971058e-05,0.0,False,0,0.0,True,0,peripheral,0.2,"узел на 4-м колене без исходящих — вероятный артефакт обрыва обхода, не подтверждённый terminal (in_deg=2)",8,0.1,0.1849,"узел на 4-м колене без исходящих — вероятный артефакт обрыва обхода, не подтверждённый terminal (in_deg=2) Кластер 8 (1 seed)  объём входящих 51 000 KZT."
100000008251939100,4,False,1,0,44360.0,0.0,1,0,0.0003035216581105585,-0.0,2.7582739710930483e-06,0.0,False,0,0.0,True,0,peripheral,0.2,"узел на 4-м колене без исходящих — вероятный артефакт обрыва обхода, не подтверждённый terminal (in_deg=1)",29,0.1,0.1826,"узел на 4-м колене без исходящих — вероятный артефакт обрыва обхода, не подтверждённый terminal (in_deg=1) Кластер 29 (0 seed)  объём входящих 44 360 KZT."
100000004049912100,4,False,1,0,10000.0,0.0,1,0,0.0003260015807545357,-0.0,1.4681635709846529e-19,0.0,False,0,0.0,True,0,peripheral,0.2,"узел на 4-м колене без исходящих — вероятный артефакт обрыва обхода, не подтверждённый terminal (in_deg=1)",49,0.1,0.1583,"узел на 4-м колене без исходящих — вероятный артефакт обрыва обхода, не подтверждённый terminal (in_deg=1) Кластер 49 (1 seed)  объём входящих 10 000 KZT."
100000002227960100,4,False,1,0,10000.0,0.0,1,0,0.0003007727149863169,-0.0,-1.8111134716790626e-19,0.0,False,0,0.0,True,0,peripheral,0.2,"узел на 4-м колене без исходящих — вероятный артефакт обрыва обхода, не подтверждённый terminal (in_deg=1)",46,0.1,0.1583,"узел на 4-м колене без исходящих — вероятный артефакт обрыва обхода, не подтверждённый terminal (in_deg=1) Кластер 46 (0 seed)  объём входящих 10 000 KZT."
100000008677368100,4,False,1,0,13500.0,0.0,1,0,0.0005363664408357479,-0.0,3.0863924939315103e-20,0.0,False,0,0.0,True,0,peripheral,0.2,"узел на 4-м колене без исходящих — вероятный артефакт обрыва обхода, не подтверждённый terminal (in_deg=1)",24,0.1,0.1632,"узел на 4-м колене без исходящих — вероятный артефакт обрыва обхода, не подтверждённый terminal (in_deg=1) Кластер 24 (2 seed)  объём входящих 13 500 KZT."
100000008631800100,4,False,1,0,12850.0,0.0,1,0,0.0002937547829545602,-0.0,3.687381946528126e-06,0.0,False,0,0.0,True,0,peripheral,0.2,"узел на 4-м колене без исходящих — вероятный артефакт обрыва обхода, не подтверждённый terminal (in_deg=1)",29,0.1,0.1624,"узел на 4-м колене без исходящих — вероятный артефакт обрыва обхода, не подтверждённый terminal (in_deg=1) Кластер 29 (0 seed)  объём входящих 12 850 KZT."
100000003220685100,4,False,1,0,1306000.0,0.0,2,0,0.0005399479209549977,-0.0,1.8687488840500024e-19,0.0,False,0,0.0,True,0,peripheral,0.2,"узел на 4-м колене без исходящих — вероятный артефакт обрыва обхода, не подтверждённый terminal (in_deg=1)",9,0.1,0.2378,"узел на 4-м колене без исходящих — вероятный артефакт обрыва обхода, не подтверждённый terminal (in_deg=1) Кластер 9 (0 seed)  объём входящих 1 306 000 KZT."
100000003072205100,4,False,2,0,163000.0,0.0,2,0,0.00032039743806798324,-0.0,3.618668815146656e-07,0.0,False,0,0.0,True,0,peripheral,0.2,"узел на 4-м колене без исходящих — вероятный артефакт обрыва обхода, не подтверждённый terminal (in_deg=2)",32,0.1,0.2039,"узел на 4-м колене без исходящих — вероятный артефакт обрыва обхода, не подтверждённый terminal (in_deg=2) Кластер 32 (0 seed)  объём входящих 163 000 KZT."
100000001202637100,4,False,1,0,10000.0,0.0,1,0,0.0005511624903345249,-0.0,2.3409339940081545e-19,0.0,False,0,0.0,True,0,peripheral,0.2,"узел на 4-м колене без исходящих — вероятный артефакт обрыва обхода, не подтверждённый terminal (in_deg=1)",29,0.1,0.1583,"узел на 4-м колене без исходящих — вероятный артефакт обрыва обхода, не подтверждённый terminal (in_deg=1) Кластер 29 (0 seed)  объём входящих 10 000 KZT."
100000002835874100,4,False,1,0,58700.0,0.0,1,0,0.0002946042915157849,-0.0,1.2761480262545454e-06,0.0,False,0,0.0,True,0,peripheral,0.2,"узел на 4-м колене без исходящих — вероятный артефакт обрыва обхода, не подтверждённый terminal (in_deg=1)",32,0.1,0.1872,"узел на 4-м колене без исходящих — вероятный артефакт обрыва обхода, не подтверждённый terminal (in_deg=1) Кластер 32 (0 seed)  объём входящих 58 700 KZT."
100000002707106100,4,False,1,0,15000.0,0.0,2,0,0.00028789049053481303,-0.0,5.920463072307241e-08,0.0,False,0,0.0,True,0,peripheral,0.2,"узел на 4-м колене без исходящих — вероятный артефакт обрыва обхода, не подтверждённый terminal (in_deg=1)",0,0.1,0.1649,"узел на 4-м колене без исходящих — вероятный артефакт обрыва обхода, не подтверждённый terminal (in_deg=1) Кластер 0 (0 seed)  объём входящих 15 000 KZT."
100000008343415100,4,False,1,0,100000.0,0.0,3,0,0.0004359003971259242,-0.0,-6.433497544773243e-19,0.0,False,0,0.0,True,0,peripheral,0.2,"узел на 4-м колене без исходящих — вероятный артефакт обрыва обхода, не подтверждённый terminal (in_deg=1)",17,0.1,0.1959,"узел на 4-м колене без исходящих — вероятный артефакт обрыва обхода, не подтверждённый terminal (in_deg=1) Кластер 17 (0 seed)  объём входящих 100 000 KZT."
100000004981068100,4,False,1,0,10000.0,0.0,1,0,0.0003805184609924221,-0.0,6.342137432970922e-08,0.0,False,0,0.0,True,0,peripheral,0.2,"узел на 4-м колене без исходящих — вероятный артефакт обрыва обхода, не подтверждённый terminal (in_deg=1)",17,0.1,0.1583,"узел на 4-м колене без исходящих — вероятный артефакт обрыва обхода, не подтверждённый terminal (in_deg=1) Кластер 17 (0 seed)  объём входящих 10 000 KZT."
100000004241142100,4,False,1,0,27102.0,0.0,1,0,0.0005324557913868457,-0.0,2.7562435173909865e-19,0.0,False,0,0.0,True,0,peripheral,0.2,"узел на 4-м колене без исходящих — вероятный артефакт обрыва обхода, не подтверждённый terminal (in_deg=1)",8,0.1,0.1746,"узел на 4-м колене без исходящих — вероятный артефакт обрыва обхода, не подтверждённый terminal (in_deg=1) Кластер 8 (1 seed)  объём входящих 27 102 KZT."
100000008190411100,4,False,1,0,198450.0,0.0,12,0,0.0004260055351496249,-0.0,1.4075359187262471e-08,0.0,False,0,0.0,True,0,peripheral,0.2,"узел на 4-м колене без исходящих — вероятный артефакт обрыва обхода, не подтверждённый terminal (in_deg=1)",47,0.1,0.2071,"узел на 4-м колене без исходящих — вероятный артефакт обрыва обхода, не подтверждённый terminal (in_deg=1) Кластер 47 (0 seed)  объём входящих 198 450 KZT."
100000008699083100,4,False,1,0,238500.0,0.0,1,0,0.0003077703221744275,-0.0,2.1191698076910717e-07,0.0,False,0,0.0,True,0,peripheral,0.2,"узел на 4-м колене без исходящих — вероятный артефакт обрыва обхода, не подтверждённый terminal (in_deg=1)",48,0.1,0.2101,"узел на 4-м колене без исходящих — вероятный артефакт обрыва обхода, не подтверждённый terminal (in_deg=1) Кластер 48 (0 seed)  объём входящих 238 500 KZT."
100000008136608100,4,False,1,0,170000.0,0.0,1,0,0.0005668344012122363,-0.0,-3.160470533685742e-19,0.0,False,0,0.0,True,0,peripheral,0.2,"узел на 4-м колене без исходящих — вероятный артефакт обрыва обхода, не подтверждённый terminal (in_deg=1)",29,0.1,0.2045,"узел на 4-м колене без исходящих — вероятный артефакт обрыва обхода, не подтверждённый terminal (in_deg=1) Кластер 29 (0 seed)  объём входящих 170 000 KZT."
100000008695157100,4,False,1,0,425546.0,0.0,3,0,0.0004996948511918668,-0.0,3.1784522466519e-09,0.0,False,0,0.0,True,0,peripheral,0.2,"узел на 4-м колене без исходящих — вероятный артефакт обрыва обхода, не подтверждённый terminal (in_deg=1)",17,0.1,0.2195,"узел на 4-м колене без исходящих — вероятный артефакт обрыва обхода, не подтверждённый terminal (in_deg=1) Кластер 17 (0 seed)  объём входящих 425 546 KZT."
100000000369781100,4,False,1,0,5000.0,0.0,1,0,0.0005348085759658294,-0.0,2.6397627482049847e-19,0.0,False,0,0.0,True,0,peripheral,0.2,"узел на 4-м колене без исходящих — вероятный артефакт обрыва обхода, не подтверждённый terminal (in_deg=1)",9,0.1,0.147,"узел на 4-м колене без исходящих — вероятный артефакт обрыва обхода, не подтверждённый terminal (in_deg=1) Кластер 9 (0 seed)  объём входящих 5 000 KZT."
100000003133045100,4,False,1,0,68000.0,0.0,1,0,0.00033453166520910167,-0.0,1.4075359187262471e-08,0.0,False,0,0.0,True,0,peripheral,0.2,"узел на 4-м колене без исходящих — вероятный артефакт обрыва обхода, не подтверждённый terminal (in_deg=1)",47,0.1,0.1896,"узел на 4-м колене без исходящих — вероятный артефакт обрыва обхода, не подтверждённый terminal (in_deg=1) Кластер 47 (0 seed)  объём входящих 68 000 KZT."
100000002474570100,4,False,1,0,6750.0,0.0,1,0,0.00029047648047172156,-0.0,3.687381946528126e-06,0.0,False,0,0.0,True,0,peripheral,0.2,"узел на 4-м колене без исходящих — вероятный артефакт обрыва обхода, не подтверждённый terminal (in_deg=1)",29,0.1,0.1519,"узел на 4-м колене без исходящих — вероятный артефакт обрыва обхода, не подтверждённый terminal (in_deg=1) Кластер 29 (0 seed)  объём входящих 6 750 KZT."
100000002514975100,4,False,1,0,17920.0,0.0,1,0,0.0005333676954602618,-0.0,1.7532554222291597e-19,0.0,False,0,0.0,True,0,peripheral,0.2,"узел на 4-м колене без исходящих — вероятный артефакт обрыва обхода, не подтверждённый terminal (in_deg=1)",45,0.1,0.1678,"узел на 4-м колене без исходящих — вероятный артефакт обрыва обхода, не подтверждённый terminal (in_deg=1) Кластер 45 (0 seed)  объём входящих 17 920 KZT."
100000001089055100,4,False,1,0,13000.0,0.0,1,0,0.0003307702046603971,-0.0,2.837485244242172e-05,0.0,False,0,0.0,True,0,peripheral,0.2,"узел на 4-м колене без исходящих — вероятный артефакт обрыва обхода, не подтверждённый terminal (in_deg=1)",41,0.1,0.1626,"узел на 4-м колене без исходящих — вероятный артефакт обрыва обхода, не подтверждённый terminal (in_deg=1) Кластер 41 (0 seed)  объём входящих 13 000 KZT."
100000000608031100,4,False,1,0,30000.0,0.0,1,0,0.0005409918613686223,-0.0,9.927753891582021e-20,0.0,False,0,0.0,True,0,peripheral,0.2,"узел на 4-м колене без исходящих — вероятный артефакт обрыва обхода, не подтверждённый terminal (in_deg=1)",41,0.1,0.1762,"узел на 4-м колене без исходящих — вероятный артефакт обрыва обхода, не подтверждённый terminal (in_deg=1) Кластер 41 (0 seed)  объём входящих 30 000 KZT."
100000002659103100,4,False,1,0,165000.0,0.0,1,0,0.00035127309228855016,-0.0,7.661109445085255e-07,0.0,False,0,0.0,True,0,peripheral,0.2,"узел на 4-м колене без исходящих — вероятный артефакт обрыва обхода, не подтверждённый terminal (in_deg=1)",58,0.1,0.2041,"узел на 4-м колене без исходящих — вероятный артефакт обрыва обхода, не подтверждённый terminal (in_deg=1) Кластер 58 (0 seed)  объём входящих 165 000 KZT."
100000000733940100,4,False,1,0,752000.0,0.0,2,0,0.00041298144740675247,-0.0,-4.670608281262207e-19,0.0,False,0,0.0,True,0,peripheral,0.2,"узел на 4-м колене без исходящих — вероятный артефакт обрыва обхода, не подтверждённый terminal (in_deg=1)",12,0.1,0.2288,"узел на 4-м колене без исходящих — вероятный артефакт обрыва обхода, не подтверждённый terminal (in_deg=1) Кластер 12 (0 seed)  объём входящих 752 000 KZT."
100000001537524100,4,False,1,0,150000.0,0.0,1,0,0.0003000070088507917,-0.0,2.1191698076910717e-07,0.0,False,0,0.0,True,0,peripheral,0.2,"узел на 4-м колене без исходящих — вероятный артефакт обрыва обхода, не подтверждённый terminal (in_deg=1)",48,0.1,0.2025,"узел на 4-м колене без исходящих — вероятный артефакт обрыва обхода, не подтверждённый terminal (in_deg=1) Кластер 48 (0 seed)  объём входящих 150 000 KZT."
100000002971593100,4,False,1,0,49050.0,0.0,1,0,0.0005327033972220851,-0.0,1.197812232858107e-19,0.0,False,0,0.0,True,0,peripheral,0.2,"узел на 4-м колене без исходящих — вероятный артефакт обрыва обхода, не подтверждённый terminal (in_deg=1)",9,0.1,0.1843,"узел на 4-м колене без исходящих — вероятный артефакт обрыва обхода, не подтверждённый terminal (in_deg=1) Кластер 9 (0 seed)  объём входящих 49 050 KZT."
100000006918814100,4,False,1,0,20000.0,0.0,2,0,0.000305687480683192,-0.0,5.0785180838774533e-05,0.0,False,0,0.0,True,0,peripheral,0.2,"узел на 4-м колене без исходящих — вероятный артефакт обрыва обхода, не подтверждённый terminal (in_deg=1)",15,0.1,0.1696,"узел на 4-м колене без исходящих — вероятный артефакт обрыва обхода, не подтверждённый terminal (in_deg=1) Кластер 15 (5 seed)  объём входящих 20 000 KZT."
100000007381662100,4,False,1,0,11000.0,0.0,1,0,0.0002981615168489848,-0.0,3.148498033154717e-05,0.0,False,0,0.0,True,0,peripheral,0.2,"узел на 4-м колене без исходящих — вероятный артефакт обрыва обхода, не подтверждённый terminal (in_deg=1)",8,0.1,0.1599,"узел на 4-м колене без исходящих — вероятный артефакт обрыва обхода, не подтверждённый terminal (in_deg=1) Кластер 8 (1 seed)  объём входящих 11 000 KZT."
100000003199390100,4,False,1,0,260000.0,0.0,1,0,0.0003782991979553164,-0.0,-1.0367591123888134e-18,0.0,False,0,0.0,True,0,peripheral,0.2,"узел на 4-м колене без исходящих — вероятный артефакт обрыва обхода, не подтверждённый terminal (in_deg=1)",9,0.1,0.2115,"узел на 4-м колене без исходящих — вероятный артефакт обрыва обхода, не подтверждённый terminal (in_deg=1) Кластер 9 (0 seed)  объём входящих 260 000 KZT."
100000007749747100,4,False,1,0,50000.0,0.0,1,0,0.0004455907572910848,-0.0,5.358284486851312e-19,0.0,False,0,0.0,True,0,peripheral,0.2,"узел на 4-м колене без исходящих — вероятный артефакт обрыва обхода, не подтверждённый terminal (in_deg=1)",32,0.1,0.1846,"узел на 4-м колене без исходящих — вероятный артефакт обрыва обхода, не подтверждённый terminal (in_deg=1) Кластер 32 (0 seed)  объём входящих 50 000 KZT."
100000003447411100,4,False,1,0,302000.0,0.0,3,0,0.0003071836304022918,-0.0,0.00011365723689489736,0.0,False,0,0.0,True,0,peripheral,0.2,"узел на 4-м колене без исходящих — вероятный артефакт обрыва обхода, не подтверждённый terminal (in_deg=1)",17,0.1,0.2139,"узел на 4-м колене без исходящих — вероятный артефакт обрыва обхода, не подтверждённый terminal (in_deg=1) Кластер 17 (0 seed)  объём входящих 302 000 KZT."
100000000500040100,4,False,1,0,20000.0,0.0,1,0,0.00030741733462758686,-0.0,3.148498033154717e-05,0.0,False,0,0.0,True,0,peripheral,0.2,"узел на 4-м колене без исходящих — вероятный артефакт обрыва обхода, не подтверждённый terminal (in_deg=1)",8,0.1,0.1696,"узел на 4-м колене без исходящих — вероятный артефакт обрыва обхода, не подтверждённый terminal (in_deg=1) Кластер 8 (1 seed)  объём входящих 20 000 KZT."
100000008551752100,4,False,1,0,406000.0,0.0,2,0,0.00034307554642550687,-0.0,-2.724994670538405e-20,0.0,False,0,0.0,True,0,peripheral,0.2,"узел на 4-м колене без исходящих — вероятный артефакт обрыва обхода, не подтверждённый terminal (in_deg=1)",54,0.1,0.2187,"узел на 4-м колене без исходящих — вероятный артефакт обрыва обхода, не подтверждённый terminal (in_deg=1) Кластер 54 (0 seed)  объём входящих 406 000 KZT."
100000002876914100,4,False,1,0,12000.0,0.0,1,0,0.00029329797031350894,-0.0,3.687381946528126e-06,0.0,False,0,0.0,True,0,peripheral,0.2,"узел на 4-м колене без исходящих — вероятный артефакт обрыва обхода, не подтверждённый terminal (in_deg=1)",29,0.1,0.1613,"узел на 4-м колене без исходящих — вероятный артефакт обрыва обхода, не подтверждённый terminal (in_deg=1) Кластер 29 (0 seed)  объём входящих 12 000 KZT."
100000004571634100,4,False,1,0,20000.0,0.0,1,0,0.0003758224388042654,-0.0,7.527079196254659e-19,0.0,False,0,0.0,True,0,peripheral,0.2,"узел на 4-м колене без исходящих — вероятный артефакт обрыва обхода, не подтверждённый terminal (in_deg=1)",5,0.1,0.1696,"узел на 4-м колене без исходящих — вероятный артефакт обрыва обхода, не подтверждённый terminal (in_deg=1) Кластер 5 (1 seed)  объём входящих 20 000 KZT."
100000004610802100,4,False,1,0,241000.0,0.0,18,0,0.0004760299665822069,-0.0,-2.0524971379570852e-20,0.0,False,0,0.0,True,0,peripheral,0.2,"узел на 4-м колене без исходящих — вероятный артефакт обрыва обхода, не подтверждённый terminal (in_deg=1)",67,0.1,0.2102,"узел на 4-м колене без исходящих — вероятный артефакт обрыва обхода, не подтверждённый terminal (in_deg=1) Кластер 67 (0 seed)  объём входящих 241 000 KZT."
100000001311175100,4,False,1,0,300000.0,0.0,1,0,0.0005338359655927144,-0.0,1.4678357709081928e-19,0.0,False,0,0.0,True,0,peripheral,0.2,"узел на 4-м колене без исходящих — вероятный артефакт обрыва обхода, не подтверждённый terminal (in_deg=1)",48,0.1,0.2138,"узел на 4-м колене без исходящих — вероятный артефакт обрыва обхода, не подтверждённый terminal (in_deg=1) Кластер 48 (0 seed)  объём входящих 300 000 KZT."
100000008740295100,4,False,1,0,300000.0,0.0,1,0,0.00032648483452853003,-0.0,1.2761480262545454e-06,0.0,False,0,0.0,True,0,peripheral,0.2,"узел на 4-м колене без исходящих — вероятный артефакт обрыва обхода, не подтверждённый terminal (in_deg=1)",32,0.1,0.2138,"узел на 4-м колене без исходящих — вероятный артефакт обрыва обхода, не подтверждённый terminal (in_deg=1) Кластер 32 (0 seed)  объём входящих 300 000 KZT."
100000002596039100,4,False,1,0,280000.0,0.0,1,0,0.00030570228883276406,-0.0,0.00011365723689489736,0.0,False,0,0.0,True,0,peripheral,0.2,"узел на 4-м колене без исходящих — вероятный артефакт обрыва обхода, не подтверждённый terminal (in_deg=1)",17,0.1,0.2127,"узел на 4-м колене без исходящих — вероятный артефакт обрыва обхода, не подтверждённый terminal (in_deg=1) Кластер 17 (0 seed)  объём входящих 280 000 KZT."
100000002126791100,4,False,1,0,1313000.0,0.0,3,0,0.0005742126611670555,-0.0,-4.45466770490091e-19,0.0,False,0,0.0,True,0,peripheral,0.2,"узел на 4-м колене без исходящих — вероятный артефакт обрыва обхода, не подтверждённый terminal (in_deg=1)",32,0.1,0.2379,"узел на 4-м колене без исходящих — вероятный артефакт обрыва обхода, не подтверждённый terminal (in_deg=1) Кластер 32 (0 seed)  объём входящих 1 313 000 KZT."
100000005783452100,4,False,2,0,286500.0,0.0,2,0,0.00031582143692040446,-0.0,1.4880650070236799e-06,0.0,False,0,0.0,True,0,peripheral,0.2,"узел на 4-м колене без исходящих — вероятный артефакт обрыва обхода, не подтверждённый terminal (in_deg=2)",48,0.1,0.2131,"узел на 4-м колене без исходящих — вероятный артефакт обрыва обхода, не подтверждённый terminal (in_deg=2) Кластер 48 (0 seed)  объём входящих 286 500 KZT."
100000006693788100,4,False,1,0,10764.0,0.0,1,0,0.0005344248644049858,-0.0,-5.858273766371324e-19,0.0,False,0,0.0,True,0,peripheral,0.2,"узел на 4-м колене без исходящих — вероятный артефакт обрыва обхода, не подтверждённый terminal (in_deg=1)",8,0.1,0.1595,"узел на 4-м колене без исходящих — вероятный артефакт обрыва обхода, не подтверждённый terminal (in_deg=1) Кластер 8 (1 seed)  объём входящих 10 764 KZT."
100000002832753100,4,False,1,0,12500.0,0.0,1,0,0.000758450753935698,-0.0,-4.381830751786465e-19,0.0,False,0,0.0,True,0,peripheral,0.2,"узел на 4-м колене без исходящих — вероятный артефакт обрыва обхода, не подтверждённый terminal (in_deg=1)",3,0.1,0.1619,"узел на 4-м колене без исходящих — вероятный артефакт обрыва обхода, не подтверждённый terminal (in_deg=1) Кластер 3 (3 seed)  объём входящих 12 500 KZT."
100000002981489100,4,False,1,0,10000.0,0.0,1,0,0.00028962255478302644,-0.0,3.5050620507293534e-19,0.0,False,0,0.0,True,0,peripheral,0.2,"узел на 4-м колене без исходящих — вероятный артефакт обрыва обхода, не подтверждённый terminal (in_deg=1)",9,0.1,0.1583,"узел на 4-м колене без исходящих — вероятный артефакт обрыва обхода, не подтверждённый terminal (in_deg=1) Кластер 9 (0 seed)  объём входящих 10 000 KZT."
100000003084870100,4,False,1,0,6500.0,0.0,1,0,0.00034671115213335163,-0.0,1.4359477054835956e-19,0.0,False,0,0.0,True,0,peripheral,0.2,"узел на 4-м колене без исходящих — вероятный артефакт обрыва обхода, не подтверждённый terminal (in_deg=1)",48,0.1,0.1513,"узел на 4-м колене без исходящих — вероятный артефакт обрыва обхода, не подтверждённый terminal (in_deg=1) Кластер 48 (0 seed)  объём входящих 6 500 KZT."
100000002791494100,4,False,1,0,85860.0,0.0,1,0,0.00031911952800618427,-0.0,2.7582739710930483e-06,0.0,False,0,0.0,True,0,peripheral,0.2,"узел на 4-м колене без исходящих — вероятный артефакт обрыва обхода, не подтверждённый terminal (in_deg=1)",29,0.1,0.1934,"узел на 4-м колене без исходящих — вероятный артефакт обрыва обхода, не подтверждённый terminal (in_deg=1) Кластер 29 (0 seed)  объём входящих 85 860 KZT."
100000003345947100,4,False,1,0,79500.0,0.0,6,0,0.0004969301445873048,-0.0,-1.1888190266099635e-19,0.0,False,0,0.0,True,0,peripheral,0.2,"узел на 4-м колене без исходящих — вероятный артефакт обрыва обхода, не подтверждённый terminal (in_deg=1)",17,0.1,0.1921,"узел на 4-м колене без исходящих — вероятный артефакт обрыва обхода, не подтверждённый terminal (in_deg=1) Кластер 17 (0 seed)  объём входящих 79 500 KZT."
100000002733083100,4,False,1,0,15200.0,0.0,1,0,0.00029256180543208994,-0.0,2.7582739710930483e-06,0.0,False,0,0.0,True,0,peripheral,0.2,"узел на 4-м колене без исходящих — вероятный артефакт обрыва обхода, не подтверждённый terminal (in_deg=1)",29,0.1,0.1651,"узел на 4-м колене без исходящих — вероятный артефакт обрыва обхода, не подтверждённый terminal (in_deg=1) Кластер 29 (0 seed)  объём входящих 15 200 KZT."
100000003247600100,4,False,1,0,58000.0,0.0,1,0,0.0008447335511594913,-0.0,2.43249753553289e-20,0.0,False,0,0.0,True,0,peripheral,0.2,"узел на 4-м колене без исходящих — вероятный артефакт обрыва обхода, не подтверждённый terminal (in_deg=1)",15,0.1,0.187,"узел на 4-м колене без исходящих — вероятный артефакт обрыва обхода, не подтверждённый terminal (in_deg=1) Кластер 15 (5 seed)  объём входящих 58 000 KZT."
100000001378288100,4,False,1,0,268000.0,0.0,3,0,0.0005257329101252629,-0.0,-4.008280390518017e-19,0.0,False,0,0.0,True,0,peripheral,0.2,"узел на 4-м колене без исходящих — вероятный артефакт обрыва обхода, не подтверждённый terminal (in_deg=1)",17,0.1,0.212,"узел на 4-м колене без исходящих — вероятный артефакт обрыва обхода, не подтверждённый terminal (in_deg=1) Кластер 17 (0 seed)  объём входящих 268 000 KZT."
100000002305477100,4,False,1,0,20000.0,0.0,1,0,0.00031469657929749593,-0.0,-1.8111134716790626e-19,0.0,False,0,0.0,True,0,peripheral,0.2,"узел на 4-м колене без исходящих — вероятный артефакт обрыва обхода, не подтверждённый terminal (in_deg=1)",46,0.1,0.1696,"узел на 4-м колене без исходящих — вероятный артефакт обрыва обхода, не подтверждённый terminal (in_deg=1) Кластер 46 (0 seed)  объём входящих 20 000 KZT."
100000006638021100,4,False,2,0,388500.0,0.0,2,0,0.000546868389259927,-0.0,-5.671462714296694e-19,0.0,False,0,0.0,True,0,peripheral,0.2,"узел на 4-м колене без исходящих — вероятный артефакт обрыва обхода, не подтверждённый terminal (in_deg=2)",22,0.1,0.218,"узел на 4-м колене без исходящих — вероятный артефакт обрыва обхода, не подтверждённый terminal (in_deg=2) Кластер 22 (0 seed)  объём входящих 388 500 KZT."
100000008517061100,4,False,1,0,1844000.0,0.0,4,0,0.0004149011107578692,-0.0,5.920463072307241e-08,0.0,False,0,0.0,True,0,peripheral,0.2,"узел на 4-м колене без исходящих — вероятный артефакт обрыва обхода, не подтверждённый terminal (in_deg=1)",0,0.1,0.2434,"узел на 4-м колене без исходящих — вероятный артефакт обрыва обхода, не подтверждённый terminal (in_deg=1) Кластер 0 (0 seed)  объём входящих 1 844 000 KZT."
100000005910895100,4,False,1,0,5100.0,0.0,1,0,0.0006001928362077963,-0.0,-1.4852304109698687e-19,0.0,False,0,0.0,True,0,peripheral,0.2,"узел на 4-м колене без исходящих — вероятный артефакт обрыва обхода, не подтверждённый terminal (in_deg=1)",5,0.1,0.1473,"узел на 4-м колене без исходящих — вероятный артефакт обрыва обхода, не подтверждённый terminal (in_deg=1) Кластер 5 (1 seed)  объём входящих 5 100 KZT."
100000002723439100,4,False,1,0,18000.0,0.0,2,0,0.0005555216399681355,-0.0,7.86329795826387e-20,0.0,False,0,0.0,True,0,peripheral,0.2,"узел на 4-м колене без исходящих — вероятный артефакт обрыва обхода, не подтверждённый terminal (in_deg=1)",5,0.1,0.1679,"узел на 4-м колене без исходящих — вероятный артефакт обрыва обхода, не подтверждённый terminal (in_deg=1) Кластер 5 (1 seed)  объём входящих 18 000 KZT."
100000002320495100,4,False,1,0,13526.27,0.0,1,0,0.000537761419963156,-0.0,1.3156044467915625e-19,0.0,False,0,0.0,True,0,peripheral,0.2,"узел на 4-м колене без исходящих — вероятный артефакт обрыва обхода, не подтверждённый terminal (in_deg=1)",41,0.1,0.1632,"узел на 4-м колене без исходящих — вероятный артефакт обрыва обхода, не подтверждённый terminal (in_deg=1) Кластер 41 (0 seed)  объём входящих 13 526 KZT."
100000002229615100,4,False,1,0,25000.0,0.0,1,0,0.0007215592341440234,-0.0,2.381497091346087e-19,0.0,False,0,0.0,True,0,peripheral,0.2,"узел на 4-м колене без исходящих — вероятный артефакт обрыва обхода, не подтверждённый terminal (in_deg=1)",46,0.1,0.1733,"узел на 4-м колене без исходящих — вероятный артефакт обрыва обхода, не подтверждённый terminal (in_deg=1) Кластер 46 (0 seed)  объём входящих 25 000 KZT."
100000008327791100,4,False,1,0,11000.0,0.0,1,0,0.0005391167609136589,-0.0,-5.879743293177367e-19,0.0,False,0,0.0,True,0,peripheral,0.2,"узел на 4-м колене без исходящих — вероятный артефакт обрыва обхода, не подтверждённый terminal (in_deg=1)",41,0.1,0.1599,"узел на 4-м колене без исходящих — вероятный артефакт обрыва обхода, не подтверждённый terminal (in_deg=1) Кластер 41 (0 seed)  объём входящих 11 000 KZT."
100000002208836100,4,False,1,0,90000.0,0.0,1,0,0.00033128471942352606,-0.0,-9.645025172105707e-19,0.0,False,0,0.0,True,0,peripheral,0.2,"узел на 4-м колене без исходящих — вероятный артефакт обрыва обхода, не подтверждённый terminal (in_deg=1)",9,0.1,0.1942,"узел на 4-м колене без исходящих — вероятный артефакт обрыва обхода, не подтверждённый terminal (in_deg=1) Кластер 9 (0 seed)  объём входящих 90 000 KZT."
100000001724740100,4,False,1,0,185000.0,0.0,4,0,0.0005388284571255885,-0.0,-3.8436565831383925e-19,0.0,False,0,0.0,True,0,peripheral,0.2,"узел на 4-м колене без исходящих — вероятный артефакт обрыва обхода, не подтверждённый terminal (in_deg=1)",32,0.1,0.2059,"узел на 4-м колене без исходящих — вероятный артефакт обрыва обхода, не подтверждённый terminal (in_deg=1) Кластер 32 (0 seed)  объём входящих 185 000 KZT."
100000004386286100,4,False,1,0,12500.0,0.0,1,0,0.0005998215016547852,-0.0,-6.115834150296736e-19,0.0,False,0,0.0,True,0,peripheral,0.2,"узел на 4-м колене без исходящих — вероятный артефакт обрыва обхода, не подтверждённый terminal (in_deg=1)",13,0.1,0.1619,"узел на 4-м колене без исходящих — вероятный артефакт обрыва обхода, не подтверждённый terminal (in_deg=1) Кластер 13 (1 seed)  объём входящих 12 500 KZT."
100000001714883100,4,False,1,0,6900.0,0.0,1,0,0.00029055709446720125,-0.0,3.687381946528126e-06,0.0,False,0,0.0,True,0,peripheral,0.2,"узел на 4-м колене без исходящих — вероятный артефакт обрыва обхода, не подтверждённый terminal (in_deg=1)",29,0.1,0.1523,"узел на 4-м колене без исходящих — вероятный артефакт обрыва обхода, не подтверждённый terminal (in_deg=1) Кластер 29 (0 seed)  объём входящих 6 900 KZT."
100000008337304100,4,False,1,0,105465.0,0.0,2,0,0.0003558363646668603,-0.0,9.41029411855297e-19,0.0,False,0,0.0,True,0,peripheral,0.2,"узел на 4-м колене без исходящих — вероятный артефакт обрыва обхода, не подтверждённый terminal (in_deg=1)",17,0.1,0.1967,"узел на 4-м колене без исходящих — вероятный артефакт обрыва обхода, не подтверждённый terminal (in_deg=1) Кластер 17 (0 seed)  объём входящих 105 465 KZT."
100000000655469100,4,False,1,0,20000.0,0.0,2,0,0.00034695930141472015,-0.0,-4.829699373946121e-19,0.0,False,0,0.0,True,0,peripheral,0.2,"узел на 4-м колене без исходящих — вероятный артефакт обрыва обхода, не подтверждённый terminal (in_deg=1)",46,0.1,0.1696,"узел на 4-м колене без исходящих — вероятный артефакт обрыва обхода, не подтверждённый terminal (in_deg=1) Кластер 46 (0 seed)  объём входящих 20 000 KZT."
100000008722541100,4,False,1,0,280000.0,0.0,4,0,0.00038533384005379163,-0.0,-1.0367591123888134e-18,0.0,False,0,0.0,True,0,peripheral,0.2,"узел на 4-м колене без исходящих — вероятный артефакт обрыва обхода, не подтверждённый terminal (in_deg=1)",9,0.1,0.2127,"узел на 4-м колене без исходящих — вероятный артефакт обрыва обхода, не подтверждённый terminal (in_deg=1) Кластер 9 (0 seed)  объём входящих 280 000 KZT."
100000004222274100,4,False,1,0,15500.0,0.0,1,0,0.0005477979606695848,-0.0,-1.4976855237361934e-19,0.0,False,0,0.0,True,0,peripheral,0.2,"узел на 4-м колене без исходящих — вероятный артефакт обрыва обхода, не подтверждённый terminal (in_deg=1)",8,0.1,0.1655,"узел на 4-м колене без исходящих — вероятный артефакт обрыва обхода, не подтверждённый terminal (in_deg=1) Кластер 8 (1 seed)  объём входящих 15 500 KZT."
100000006232642100,4,False,1,0,456000.0,0.0,4,0,0.00042972241620991864,-0.0,1.207235624057228e-06,0.0,False,0,0.0,True,0,peripheral,0.2,"узел на 4-м колене без исходящих — вероятный артефакт обрыва обхода, не подтверждённый terminal (in_deg=1)",65,0.1,0.2206,"узел на 4-м колене без исходящих — вероятный артефакт обрыва обхода, не подтверждённый terminal (in_deg=1) Кластер 65 (0 seed)  объём входящих 456 000 KZT."
100000004066370100,4,False,1,0,65000.0,0.0,2,0,0.0005918735969790847,-0.0,4.061706521816427e-20,0.0,False,0,0.0,True,0,peripheral,0.2,"узел на 4-м колене без исходящих — вероятный артефакт обрыва обхода, не подтверждённый terminal (in_deg=1)",56,0.1,0.1888,"узел на 4-м колене без исходящих — вероятный артефакт обрыва обхода, не подтверждённый terminal (in_deg=1) Кластер 56 (0 seed)  объём входящих 65 000 KZT."
100000005685783100,4,False,1,0,26150.0,0.0,1,0,0.0005343911435542353,-0.0,-1.2091613277072427e-19,0.0,False,1,0.0,True,0,peripheral,0.2,"узел на 4-м колене без исходящих — вероятный артефакт обрыва обхода, не подтверждённый terminal (in_deg=1)",38,0.1,0.174,"узел на 4-м колене без исходящих — вероятный артефакт обрыва обхода, не подтверждённый terminal (in_deg=1) Кластер 38 (1 seed)  объём входящих 26 150 KZT."
100000006171671100,4,False,1,0,10000.0,0.0,1,0,0.0005313843598046128,-0.0,8.413090831010646e-19,0.0,False,0,0.0,True,0,peripheral,0.2,"узел на 4-м колене без исходящих — вероятный артефакт обрыва обхода, не подтверждённый terminal (in_deg=1)",8,0.1,0.1583,"узел на 4-м колене без исходящих — вероятный артефакт обрыва обхода, не подтверждённый terminal (in_deg=1) Кластер 8 (1 seed)  объём входящих 10 000 KZT."
100000003481025100,4,False,1,0,9000.0,0.0,1,0,0.0005333521824501149,-0.0,-7.895700896635439e-19,0.0,False,0,0.0,True,0,peripheral,0.2,"узел на 4-м колене без исходящих — вероятный артефакт обрыва обхода, не подтверждённый terminal (in_deg=1)",8,0.1,0.1566,"узел на 4-м колене без исходящих — вероятный артефакт обрыва обхода, не подтверждённый terminal (in_deg=1) Кластер 8 (1 seed)  объём входящих 9 000 KZT."
100000003646145100,4,False,1,0,5000.0,0.0,1,0,0.0006563483329568967,-0.0,-2.803539560855527e-19,0.0,False,0,0.0,True,0,peripheral,0.2,"узел на 4-м колене без исходящих — вероятный артефакт обрыва обхода, не подтверждённый terminal (in_deg=1)",55,0.1,0.147,"узел на 4-м колене без исходящих — вероятный артефакт обрыва обхода, не подтверждённый terminal (in_deg=1) Кластер 55 (0 seed)  объём входящих 5 000 KZT."
100000002659265100,4,False,1,0,141000.0,0.0,1,0,0.0003211249085404016,-0.0,3.09069752626555e-08,0.0,False,0,0.0,True,0,peripheral,0.2,"узел на 4-м колене без исходящих — вероятный артефакт обрыва обхода, не подтверждённый terminal (in_deg=1)",32,0.1,0.2015,"узел на 4-м колене без исходящих — вероятный артефакт обрыва обхода, не подтверждённый terminal (in_deg=1) Кластер 32 (0 seed)  объём входящих 141 000 KZT."
100000003289281100,4,False,1,0,40000.0,0.0,1,0,0.0005996044729221805,-0.0,-2.21956405903624e-19,0.0,False,0,0.0,True,0,peripheral,0.2,"узел на 4-м колене без исходящих — вероятный артефакт обрыва обхода, не подтверждённый terminal (in_deg=1)",8,0.1,0.1809,"узел на 4-м колене без исходящих — вероятный артефакт обрыва обхода, не подтверждённый terminal (in_deg=1) Кластер 8 (1 seed)  объём входящих 40 000 KZT."
100000004840086100,4,False,1,0,100000.0,0.0,2,0,0.0005415136966287564,-0.0,1.592479063634886e-19,0.0,False,0,0.0,True,0,peripheral,0.2,"узел на 4-м колене без исходящих — вероятный артефакт обрыва обхода, не подтверждённый terminal (in_deg=1)",8,0.1,0.1959,"узел на 4-м колене без исходящих — вероятный артефакт обрыва обхода, не подтверждённый terminal (in_deg=1) Кластер 8 (1 seed)  объём входящих 100 000 KZT."
100000008554390100,4,False,1,0,14000.0,0.0,1,0,0.0002943728235865708,-0.0,3.687381946528126e-06,0.0,False,0,0.0,True,0,peripheral,0.2,"узел на 4-м колене без исходящих — вероятный артефакт обрыва обхода, не подтверждённый terminal (in_deg=1)",29,0.1,0.1638,"узел на 4-м колене без исходящих — вероятный артефакт обрыва обхода, не подтверждённый terminal (in_deg=1) Кластер 29 (0 seed)  объём входящих 14 000 KZT."
100000004691350100,4,False,1,0,13300.0,0.0,1,0,0.0008906882092165292,-0.0,7.225924588951447e-19,0.0,False,0,0.0,True,0,peripheral,0.2,"узел на 4-м колене без исходящих — вероятный артефакт обрыва обхода, не подтверждённый terminal (in_deg=1)",61,0.1,0.163,"узел на 4-м колене без исходящих — вероятный артефакт обрыва обхода, не подтверждённый terminal (in_deg=1) Кластер 61 (0 seed)  объём входящих 13 300 KZT."
100000004652395100,4,False,3,0,101528.0,0.0,5,0,0.0003371981139933661,-0.0,0.00017022150244352428,0.0,False,0,0.0,True,0,peripheral,0.2,"узел на 4-м колене без исходящих — вероятный артефакт обрыва обхода, не подтверждённый terminal (in_deg=3)",8,0.1,0.1961,"узел на 4-м колене без исходящих — вероятный артефакт обрыва обхода, не подтверждённый terminal (in_deg=3) Кластер 8 (1 seed)  объём входящих 101 528 KZT."
100000004979264100,4,False,1,0,39800.0,0.0,1,0,0.00041320740834143165,-0.0,5.358284486851312e-19,0.0,False,0,0.0,True,0,peripheral,0.2,"узел на 4-м колене без исходящих — вероятный артефакт обрыва обхода, не подтверждённый terminal (in_deg=1)",32,0.1,0.1808,"узел на 4-м колене без исходящих — вероятный артефакт обрыва обхода, не подтверждённый terminal (in_deg=1) Кластер 32 (0 seed)  объём входящих 39 800 KZT."
100000008074304100,4,False,1,0,5500.0,0.0,1,0,0.00033389968251512316,-0.0,-2.1126024953983196e-19,0.0,False,0,0.0,True,0,peripheral,0.2,"узел на 4-м колене без исходящих — вероятный артефакт обрыва обхода, не подтверждённый terminal (in_deg=1)",9,0.1,0.1486,"узел на 4-м колене без исходящих — вероятный артефакт обрыва обхода, не подтверждённый terminal (in_deg=1) Кластер 9 (0 seed)  объём входящих 5 500 KZT."
100000002227989100,4,False,1,0,20000.0,0.0,1,0,0.00039619332005992396,-0.0,2.448823257118075e-19,0.0,False,0,0.0,True,0,peripheral,0.2,"узел на 4-м колене без исходящих — вероятный артефакт обрыва обхода, не подтверждённый terminal (in_deg=1)",46,0.1,0.1696,"узел на 4-м колене без исходящих — вероятный артефакт обрыва обхода, не подтверждённый terminal (in_deg=1) Кластер 46 (0 seed)  объём входящих 20 000 KZT."
100000003207060100,4,False,1,0,53000.0,0.0,1,0,0.00042930608091137364,-0.0,5.04730766624322e-07,0.0,False,0,0.0,True,0,peripheral,0.2,"узел на 4-м колене без исходящих — вероятный артефакт обрыва обхода, не подтверждённый terminal (in_deg=1)",8,0.1,0.1855,"узел на 4-м колене без исходящих — вероятный артефакт обрыва обхода, не подтверждённый terminal (in_deg=1) Кластер 8 (1 seed)  объём входящих 53 000 KZT."
100000004601193100,4,False,1,0,84000.0,0.0,3,0,0.0006060180971723406,-0.0,-2.707942246586265e-19,0.0,False,0,0.0,True,0,peripheral,0.2,"узел на 4-м колене без исходящих — вероятный артефакт обрыва обхода, не подтверждённый terminal (in_deg=1)",5,0.1,0.193,"узел на 4-м колене без исходящих — вероятный артефакт обрыва обхода, не подтверждённый terminal (in_deg=1) Кластер 5 (1 seed)  объём входящих 84 000 KZT."
100000004991593100,4,False,1,0,45000.0,0.0,2,0,0.00035646615481560413,-0.0,2.9952965938862954e-05,0.0,False,0,0.0,True,0,peripheral,0.2,"узел на 4-м колене без исходящих — вероятный артефакт обрыва обхода, не подтверждённый terminal (in_deg=1)",17,0.1,0.1828,"узел на 4-м колене без исходящих — вероятный артефакт обрыва обхода, не подтверждённый terminal (in_deg=1) Кластер 17 (0 seed)  объём входящих 45 000 KZT."
100000003128638100,4,False,1,0,300000.0,0.0,1,0,0.00035977663336718836,-0.0,3.09069752626555e-08,0.0,False,0,0.0,True,0,peripheral,0.2,"узел на 4-м колене без исходящих — вероятный артефакт обрыва обхода, не подтверждённый terminal (in_deg=1)",32,0.1,0.2138,"узел на 4-м колене без исходящих — вероятный артефакт обрыва обхода, не подтверждённый terminal (in_deg=1) Кластер 32 (0 seed)  объём входящих 300 000 KZT."
100000005878334100,4,False,1,0,76400.0,0.0,2,0,0.0004007242321635386,-0.0,-6.433497544773243e-19,0.0,False,0,0.0,True,0,peripheral,0.2,"узел на 4-м колене без исходящих — вероятный артефакт обрыва обхода, не подтверждённый terminal (in_deg=1)",17,0.1,0.1915,"узел на 4-м колене без исходящих — вероятный артефакт обрыва обхода, не подтверждённый terminal (in_deg=1) Кластер 17 (0 seed)  объём входящих 76 400 KZT."
100000002878483100,4,False,1,0,6000.0,0.0,1,0,0.0002900734104943234,-0.0,3.687381946528126e-06,0.0,False,0,0.0,True,0,peripheral,0.2,"узел на 4-м колене без исходящих — вероятный артефакт обрыва обхода, не подтверждённый terminal (in_deg=1)",29,0.1,0.15,"узел на 4-м колене без исходящих — вероятный артефакт обрыва обхода, не подтверждённый terminal (in_deg=1) Кластер 29 (0 seed)  объём входящих 6 000 KZT."
100000000981693100,4,False,1,0,16500.0,0.0,1,0,0.0005314002435612227,-0.0,-1.6181595981871807e-19,0.0,False,0,0.0,True,0,peripheral,0.2,"узел на 4-м колене без исходящих — вероятный артефакт обрыва обхода, не подтверждённый terminal (in_deg=1)",8,0.1,0.1665,"узел на 4-м колене без исходящих — вероятный артефакт обрыва обхода, не подтверждённый terminal (in_deg=1) Кластер 8 (1 seed)  объём входящих 16 500 KZT."
100000006416061100,4,False,1,0,30000.0,0.0,1,0,0.000436767503806739,-0.0,-3.567773804611269e-20,0.0,False,0,0.0,True,0,peripheral,0.2,"узел на 4-м колене без исходящих — вероятный артефакт обрыва обхода, не подтверждённый terminal (in_deg=1)",17,0.1,0.1762,"узел на 4-м колене без исходящих — вероятный артефакт обрыва обхода, не подтверждённый terminal (in_deg=1) Кластер 17 (0 seed)  объём входящих 30 000 KZT."
100000008168850100,4,False,1,0,187910.0,0.0,2,0,0.0005354125286335137,-0.0,-3.463097538359011e-19,0.0,False,0,0.0,True,0,peripheral,0.2,"узел на 4-м колене без исходящих — вероятный артефакт обрыва обхода, не подтверждённый terminal (in_deg=1)",9,0.1,0.2062,"узел на 4-м колене без исходящих — вероятный артефакт обрыва обхода, не подтверждённый terminal (in_deg=1) Кластер 9 (0 seed)  объём входящих 187 910 KZT."
100000004747154100,4,False,1,0,67000.0,0.0,1,0,0.0003338304473483081,-0.0,1.4075359187262471e-08,0.0,False,0,0.0,True,0,peripheral,0.2,"узел на 4-м колене без исходящих — вероятный артефакт обрыва обхода, не подтверждённый terminal (in_deg=1)",47,0.1,0.1893,"узел на 4-м колене без исходящих — вероятный артефакт обрыва обхода, не подтверждённый terminal (in_deg=1) Кластер 47 (0 seed)  объём входящих 67 000 KZT."
100000008524903100,4,False,1,0,15000.0,0.0,1,0,0.00033324977520123565,-0.0,-3.751870677366619e-19,0.0,False,0,0.0,True,0,peripheral,0.2,"узел на 4-м колене без исходящих — вероятный артефакт обрыва обхода, не подтверждённый terminal (in_deg=1)",8,0.1,0.1649,"узел на 4-м колене без исходящих — вероятный артефакт обрыва обхода, не подтверждённый terminal (in_deg=1) Кластер 8 (1 seed)  объём входящих 15 000 KZT."
100000005049404100,4,False,1,0,98000.0,0.0,2,0,0.00031403115093244606,-0.0,3.5050620507293534e-19,0.0,False,0,0.0,True,0,peripheral,0.2,"узел на 4-м колене без исходящих — вероятный артефакт обрыва обхода, не подтверждённый terminal (in_deg=1)",9,0.1,0.1955,"узел на 4-м колене без исходящих — вероятный артефакт обрыва обхода, не подтверждённый terminal (in_deg=1) Кластер 9 (0 seed)  объём входящих 98 000 KZT."
100000002258492100,4,False,1,0,9000.0,0.0,1,0,0.0005424888658158642,-0.0,-6.728224097292659e-19,0.0,False,0,0.0,True,0,peripheral,0.2,"узел на 4-м колене без исходящих — вероятный артефакт обрыва обхода, не подтверждённый terminal (in_deg=1)",25,0.1,0.1566,"узел на 4-м колене без исходящих — вероятный артефакт обрыва обхода, не подтверждённый terminal (in_deg=1) Кластер 25 (14 seed)  объём входящих 9 000 KZT."
100000005497148100,4,False,1,0,24000.0,0.0,2,0,0.0004921615714314373,-0.0,-2.1126024953983196e-19,0.0,False,0,0.0,True,0,peripheral,0.2,"узел на 4-м колене без исходящих — вероятный артефакт обрыва обхода, не подтверждённый terminal (in_deg=1)",9,0.1,0.1726,"узел на 4-м колене без исходящих — вероятный артефакт обрыва обхода, не подтверждённый terminal (in_deg=1) Кластер 9 (0 seed)  объём входящих 24 000 KZT."
100000004596284100,4,False,1,0,30000.0,0.0,1,0,0.0005940440593264003,-0.0,1.7504062153643073e-20,0.0,False,0,0.0,True,0,peripheral,0.2,"узел на 4-м колене без исходящих — вероятный артефакт обрыва обхода, не подтверждённый terminal (in_deg=1)",2,0.1,0.1762,"узел на 4-м колене без исходящих — вероятный артефакт обрыва обхода, не подтверждённый terminal (in_deg=1) Кластер 2 (7 seed)  объём входящих 30 000 KZT."
100000007960337100,4,False,1,0,35500.0,0.0,1,0,0.0003041206765598872,-0.0,-3.870825372666911e-20,0.0,False,0,0.0,True,0,peripheral,0.2,"узел на 4-м колене без исходящих — вероятный артефакт обрыва обхода, не подтверждённый terminal (in_deg=1)",17,0.1,0.179,"узел на 4-м колене без исходящих — вероятный артефакт обрыва обхода, не подтверждённый terminal (in_deg=1) Кластер 17 (0 seed)  объём входящих 35 500 KZT."
100000003180305100,4,False,1,0,144000.0,0.0,1,0,0.0005303510430199019,-0.0,-1.3582661133211943e-19,0.0,False,0,0.0,True,0,peripheral,0.2,"узел на 4-м колене без исходящих — вероятный артефакт обрыва обхода, не подтверждённый terminal (in_deg=1)",8,0.1,0.2018,"узел на 4-м колене без исходящих — вероятный артефакт обрыва обхода, не подтверждённый terminal (in_deg=1) Кластер 8 (1 seed)  объём входящих 144 000 KZT."
100000007653094100,4,False,1,0,16000.0,0.0,1,0,0.0005779124016807724,-0.0,-3.204801055699254e-19,0.0,False,0,0.0,True,0,peripheral,0.2,"узел на 4-м колене без исходящих — вероятный артефакт обрыва обхода, не подтверждённый terminal (in_deg=1)",31,0.1,0.166,"узел на 4-м колене без исходящих — вероятный артефакт обрыва обхода, не подтверждённый terminal (in_deg=1) Кластер 31 (3 seed)  объём входящих 16 000 KZT."
100000008175078100,4,False,1,0,1846711.0,0.0,15,0,0.0004711333357687021,-0.0,-7.864792801464619e-20,0.0,False,0,0.0,True,0,peripheral,0.2,"узел на 4-м колене без исходящих — вероятный артефакт обрыва обхода, не подтверждённый terminal (in_deg=1)",69,0.1,0.2435,"узел на 4-м колене без исходящих — вероятный артефакт обрыва обхода, не подтверждённый terminal (in_deg=1) Кластер 69 (0 seed)  объём входящих 1 846 711 KZT."
100000004263867100,4,False,1,0,9000.0,0.0,1,0,0.0002916856904039162,-0.0,3.687381946528126e-06,0.0,False,0,0.0,True,0,peripheral,0.2,"узел на 4-м колене без исходящих — вероятный артефакт обрыва обхода, не подтверждённый terminal (in_deg=1)",29,0.1,0.1566,"узел на 4-м колене без исходящих — вероятный артефакт обрыва обхода, не подтверждённый terminal (in_deg=1) Кластер 29 (0 seed)  объём входящих 9 000 KZT."
100000002194320100,4,False,1,0,275000.0,0.0,1,0,0.0004886763093074291,-0.0,4.994846779531853e-19,0.0,False,0,0.0,True,0,peripheral,0.2,"узел на 4-м колене без исходящих — вероятный артефакт обрыва обхода, не подтверждённый terminal (in_deg=1)",66,0.1,0.2124,"узел на 4-м колене без исходящих — вероятный артефакт обрыва обхода, не подтверждённый terminal (in_deg=1) Кластер 66 (0 seed)  объём входящих 275 000 KZT."
100000001222245100,4,False,1,0,420000.0,0.0,5,0,0.0005515537557199474,-0.0,1.5084834945966116e-19,0.0,False,0,0.0,True,0,peripheral,0.2,"узел на 4-м колене без исходящих — вероятный артефакт обрыва обхода, не подтверждённый terminal (in_deg=1)",9,0.1,0.2193,"узел на 4-м колене без исходящих — вероятный артефакт обрыва обхода, не подтверждённый terminal (in_deg=1) Кластер 9 (0 seed)  объём входящих 420 000 KZT."
100000008151098100,4,False,1,0,30000.0,0.0,1,0,0.00031072300648598666,-0.0,-2.5803029506612833e-19,0.0,False,0,0.0,True,0,peripheral,0.2,"узел на 4-м колене без исходящих — вероятный артефакт обрыва обхода, не подтверждённый terminal (in_deg=1)",45,0.1,0.1762,"узел на 4-м колене без исходящих — вероятный артефакт обрыва обхода, не подтверждённый terminal (in_deg=1) Кластер 45 (0 seed)  объём входящих 30 000 KZT."
100000008735802100,4,False,1,0,85000.0,0.0,2,0,0.0005109348907519575,-0.0,-4.437315299397589e-20,0.0,False,0,0.0,True,0,peripheral,0.2,"узел на 4-м колене без исходящих — вероятный артефакт обрыва обхода, не подтверждённый terminal (in_deg=1)",8,0.1,0.1932,"узел на 4-м колене без исходящих — вероятный артефакт обрыва обхода, не подтверждённый terminal (in_deg=1) Кластер 8 (1 seed)  объём входящих 85 000 KZT."
100000004047887100,4,False,1,0,30000.0,0.0,1,0,0.00028930393284577136,-0.0,-6.856578103802038e-20,0.0,False,0,0.0,True,0,peripheral,0.2,"узел на 4-м колене без исходящих — вероятный артефакт обрыва обхода, не подтверждённый terminal (in_deg=1)",64,0.1,0.1762,"узел на 4-м колене без исходящих — вероятный артефакт обрыва обхода, не подтверждённый terminal (in_deg=1) Кластер 64 (0 seed)  объём входящих 30 000 KZT."
100000003146511100,4,False,1,0,10000.0,0.0,1,0,0.0003132048427883544,-0.0,6.57782041608422e-19,0.0,False,0,0.0,True,0,peripheral,0.2,"узел на 4-м колене без исходящих — вероятный артефакт обрыва обхода, не подтверждённый terminal (in_deg=1)",31,0.1,0.1583,"узел на 4-м колене без исходящих — вероятный артефакт обрыва обхода, не подтверждённый terminal (in_deg=1) Кластер 31 (3 seed)  объём входящих 10 000 KZT."
100000007511780100,4,False,1,0,155000.0,0.0,2,0,0.0005605373030244082,-0.0,1.9156429178452703e-06,0.0,False,0,0.0,True,0,peripheral,0.2,"узел на 4-м колене без исходящих — вероятный артефакт обрыва обхода, не подтверждённый terminal (in_deg=1)",16,0.1,0.203,"узел на 4-м колене без исходящих — вероятный артефакт обрыва обхода, не подтверждённый terminal (in_deg=1) Кластер 16 (0 seed)  объём входящих 155 000 KZT."
100000007867364100,4,False,1,0,41852.0,0.0,1,0,0.0004507108566034336,-0.0,1.4681635709846529e-19,0.0,False,0,0.0,True,0,peripheral,0.2,"узел на 4-м колене без исходящих — вероятный артефакт обрыва обхода, не подтверждённый terminal (in_deg=1)",49,0.1,0.1817,"узел на 4-м колене без исходящих — вероятный артефакт обрыва обхода, не подтверждённый terminal (in_deg=1) Кластер 49 (1 seed)  объём входящих 41 852 KZT."
100000006288612100,4,False,1,0,30805.0,0.0,3,0,0.0002989549226377444,-0.0,2.369785447943299e-06,0.0,False,0,0.0,True,0,peripheral,0.2,"узел на 4-м колене без исходящих — вероятный артефакт обрыва обхода, не подтверждённый terminal (in_deg=1)",13,0.1,0.1767,"узел на 4-м колене без исходящих — вероятный артефакт обрыва обхода, не подтверждённый terminal (in_deg=1) Кластер 13 (1 seed)  объём входящих 30 805 KZT."
100000006735545100,4,False,1,0,5000.0,0.0,1,0,0.00029458410669074524,-0.0,2.9952965938862954e-05,0.0,False,0,0.0,True,0,peripheral,0.2,"узел на 4-м колене без исходящих — вероятный артефакт обрыва обхода, не подтверждённый terminal (in_deg=1)",17,0.1,0.147,"узел на 4-м колене без исходящих — вероятный артефакт обрыва обхода, не подтверждённый terminal (in_deg=1) Кластер 17 (0 seed)  объём входящих 5 000 KZT."
100000004403641100,4,False,1,0,171500.0,0.0,1,0,0.0003018930115226354,-0.0,2.1191698076910717e-07,0.0,False,0,0.0,True,0,peripheral,0.2,"узел на 4-м колене без исходящих — вероятный артефакт обрыва обхода, не подтверждённый terminal (in_deg=1)",48,0.1,0.2047,"узел на 4-м колене без исходящих — вероятный артефакт обрыва обхода, не подтверждённый terminal (in_deg=1) Кластер 48 (0 seed)  объём входящих 171 500 KZT."
100000003370425100,4,False,1,0,20000.0,0.0,1,0,0.000650678289432181,-0.0,-3.204801055699254e-19,0.0,False,0,0.0,True,0,peripheral,0.2,"узел на 4-м колене без исходящих — вероятный артефакт обрыва обхода, не подтверждённый terminal (in_deg=1)",31,0.1,0.1696,"узел на 4-м колене без исходящих — вероятный артефакт обрыва обхода, не подтверждённый terminal (in_deg=1) Кластер 31 (3 seed)  объём входящих 20 000 KZT."
100000004350094100,4,False,1,0,20000.0,0.0,1,0,0.0008971220687046567,-0.0,1.6561701280234772e-06,0.0,False,0,0.0,True,0,peripheral,0.2,"узел на 4-м колене без исходящих — вероятный артефакт обрыва обхода, не подтверждённый terminal (in_deg=1)",49,0.1,0.1696,"узел на 4-м колене без исходящих — вероятный артефакт обрыва обхода, не подтверждённый terminal (in_deg=1) Кластер 49 (1 seed)  объём входящих 20 000 KZT."
100000004911971100,4,False,1,0,35000.0,0.0,3,0,0.0002903415233122071,-0.0,-7.864792801464619e-20,0.0,False,0,0.0,True,0,peripheral,0.2,"узел на 4-м колене без исходящих — вероятный артефакт обрыва обхода, не подтверждённый terminal (in_deg=1)",69,0.1,0.1787,"узел на 4-м колене без исходящих — вероятный артефакт обрыва обхода, не подтверждённый terminal (in_deg=1) Кластер 69 (0 seed)  объём входящих 35 000 KZT."
100000001202787100,4,False,2,0,14850.0,0.0,2,0,0.0003527032901298635,-0.0,1.2658184625111956e-05,0.0,False,0,0.0,True,0,peripheral,0.2,"узел на 4-м колене без исходящих — вероятный артефакт обрыва обхода, не подтверждённый terminal (in_deg=2)",8,0.1,0.1648,"узел на 4-м колене без исходящих — вероятный артефакт обрыва обхода, не подтверждённый terminal (in_deg=2) Кластер 8 (1 seed)  объём входящих 14 850 KZT."
100000008469048100,4,False,1,0,265200.0,0.0,7,0,0.0005813053382470204,-0.0,-6.1083108767754755e-19,0.0,False,0,0.0,True,0,peripheral,0.2,"узел на 4-м колене без исходящих — вероятный артефакт обрыва обхода, не подтверждённый terminal (in_deg=1)",8,0.1,0.2118,"узел на 4-м колене без исходящих — вероятный артефакт обрыва обхода, не подтверждённый terminal (in_deg=1) Кластер 8 (1 seed)  объём входящих 265 200 KZT."
100000002635746100,4,False,1,0,5300.0,0.0,1,0,0.00028969721184875176,-0.0,3.687381946528126e-06,0.0,False,0,0.0,True,0,peripheral,0.2,"узел на 4-м колене без исходящих — вероятный артефакт обрыва обхода, не подтверждённый terminal (in_deg=1)",29,0.1,0.1479,"узел на 4-м колене без исходящих — вероятный артефакт обрыва обхода, не подтверждённый terminal (in_deg=1) Кластер 29 (0 seed)  объём входящих 5 300 KZT."
100000008321975100,4,False,1,0,5900.0,0.0,1,0,0.0003045814336433146,-0.0,-4.829699373946121e-19,0.0,False,0,0.0,True,0,peripheral,0.2,"узел на 4-м колене без исходящих — вероятный артефакт обрыва обхода, не подтверждённый terminal (in_deg=1)",46,0.1,0.1497,"узел на 4-м колене без исходящих — вероятный артефакт обрыва обхода, не подтверждённый terminal (in_deg=1) Кластер 46 (0 seed)  объём входящих 5 900 KZT."
100000003078839100,4,False,1,0,14000.0,0.0,2,0,0.0003161959204865907,-0.0,-5.470545952274771e-20,0.0,False,0,0.0,True,0,peripheral,0.2,"узел на 4-м колене без исходящих — вероятный артефакт обрыва обхода, не подтверждённый terminal (in_deg=1)",17,0.1,0.1638,"узел на 4-м колене без исходящих — вероятный артефакт обрыва обхода, не подтверждённый terminal (in_deg=1) Кластер 17 (0 seed)  объём входящих 14 000 KZT."
100000004006327100,4,False,1,0,300000.0,0.0,3,0,0.0005574958046554634,-0.0,5.70147446105171e-20,0.0,False,0,0.0,True,0,peripheral,0.2,"узел на 4-м колене без исходящих — вероятный артефакт обрыва обхода, не подтверждённый terminal (in_deg=1)",32,0.1,0.2138,"узел на 4-м колене без исходящих — вероятный артефакт обрыва обхода, не подтверждённый terminal (in_deg=1) Кластер 32 (0 seed)  объём входящих 300 000 KZT."
100000007865484100,4,False,1,0,584600.0,0.0,2,0,0.0003678097529797332,-0.0,-2.724994670538405e-20,0.0,False,0,0.0,True,0,peripheral,0.2,"узел на 4-м колене без исходящих — вероятный артефакт обрыва обхода, не подтверждённый terminal (in_deg=1)",54,0.1,0.2247,"узел на 4-м колене без исходящих — вероятный артефакт обрыва обхода, не подтверждённый terminal (in_deg=1) Кластер 54 (0 seed)  объём входящих 584 600 KZT."
100000005367180100,4,False,1,0,7700.0,0.0,1,0,0.000786106567362073,-0.0,3.6933243290392697e-19,0.0,False,0,0.0,True,0,peripheral,0.2,"узел на 4-м колене без исходящих — вероятный артефакт обрыва обхода, не подтверждённый terminal (in_deg=1)",17,0.1,0.154,"узел на 4-м колене без исходящих — вероятный артефакт обрыва обхода, не подтверждённый terminal (in_deg=1) Кластер 17 (0 seed)  объём входящих 7 700 KZT."
100000001669260100,4,False,1,0,500000.0,0.0,1,0,0.0005625548425347715,-0.0,-5.5758226472352895e-19,0.0,False,0,0.0,True,0,peripheral,0.2,"узел на 4-м колене без исходящих — вероятный артефакт обрыва обхода, не подтверждённый terminal (in_deg=1)",17,0.1,0.2221,"узел на 4-м колене без исходящих — вероятный артефакт обрыва обхода, не подтверждённый terminal (in_deg=1) Кластер 17 (0 seed)  объём входящих 500 000 KZT."
100000001297206100,4,False,1,0,6758.0,0.0,1,0,0.00029984528329712786,-0.0,1.8217199046565944e-06,0.0,False,0,0.0,True,0,peripheral,0.2,"узел на 4-м колене без исходящих — вероятный артефакт обрыва обхода, не подтверждённый terminal (in_deg=1)",8,0.1,0.1519,"узел на 4-м колене без исходящих — вероятный артефакт обрыва обхода, не подтверждённый terminal (in_deg=1) Кластер 8 (1 seed)  объём входящих 6 758 KZT."
100000002645046100,4,False,1,0,12000.0,0.0,1,0,0.00029329797031350894,-0.0,3.687381946528126e-06,0.0,False,0,0.0,True,0,peripheral,0.2,"узел на 4-м колене без исходящих — вероятный артефакт обрыва обхода, не подтверждённый terminal (in_deg=1)",29,0.1,0.1613,"узел на 4-м колене без исходящих — вероятный артефакт обрыва обхода, не подтверждённый terminal (in_deg=1) Кластер 29 (0 seed)  объём входящих 12 000 KZT."
100000006308406100,4,False,1,0,183000.0,0.0,2,0,0.000541655567569714,-0.0,-1.8111134716790626e-19,0.0,False,0,0.0,True,0,peripheral,0.2,"узел на 4-м колене без исходящих — вероятный артефакт обрыва обхода, не подтверждённый terminal (in_deg=1)",46,0.1,0.2057,"узел на 4-м колене без исходящих — вероятный артефакт обрыва обхода, не подтверждённый terminal (in_deg=1) Кластер 46 (0 seed)  объём входящих 183 000 KZT."
100000002728246100,4,False,1,0,10000.0,0.0,1,0,0.0005409922702021905,-0.0,3.670595107315898e-20,0.0,False,0,0.0,True,0,peripheral,0.2,"узел на 4-м колене без исходящих — вероятный артефакт обрыва обхода, не подтверждённый terminal (in_deg=1)",9,0.1,0.1583,"узел на 4-м колене без исходящих — вероятный артефакт обрыва обхода, не подтверждённый terminal (in_deg=1) Кластер 9 (0 seed)  объём входящих 10 000 KZT."
100000001590795100,4,False,1,0,5060.0,0.0,1,0,0.00028956822945598435,-0.0,3.687381946528126e-06,0.0,False,0,0.0,True,0,peripheral,0.2,"узел на 4-м колене без исходящих — вероятный артефакт обрыва обхода, не подтверждённый terminal (in_deg=1)",29,0.1,0.1472,"узел на 4-м колене без исходящих — вероятный артефакт обрыва обхода, не подтверждённый terminal (in_deg=1) Кластер 29 (0 seed)  объём входящих 5 060 KZT."
100000006257675100,4,False,1,0,70000.0,0.0,2,0,0.00038431590085339105,-0.0,-1.8111134716790626e-19,0.0,False,0,0.0,True,0,peripheral,0.2,"узел на 4-м колене без исходящих — вероятный артефакт обрыва обхода, не подтверждённый terminal (in_deg=1)",46,0.1,0.1901,"узел на 4-м колене без исходящих — вероятный артефакт обрыва обхода, не подтверждённый terminal (in_deg=1) Кластер 46 (0 seed)  объём входящих 70 000 KZT."
100000002130400100,4,False,1,0,10000.0,0.0,1,0,0.0003189567187071323,-0.0,-8.675491347635732e-20,0.0,False,0,0.0,True,0,peripheral,0.2,"узел на 4-м колене без исходящих — вероятный артефакт обрыва обхода, не подтверждённый terminal (in_deg=1)",56,0.1,0.1583,"узел на 4-м колене без исходящих — вероятный артефакт обрыва обхода, не подтверждённый terminal (in_deg=1) Кластер 56 (0 seed)  объём входящих 10 000 KZT."
100000000557536100,4,False,1,0,153000.0,0.0,7,0,0.00030211681963146904,-0.0,-7.864792801464619e-20,0.0,False,0,0.0,True,0,peripheral,0.2,"узел на 4-м колене без исходящих — вероятный артефакт обрыва обхода, не подтверждённый terminal (in_deg=1)",69,0.1,0.2028,"узел на 4-м колене без исходящих — вероятный артефакт обрыва обхода, не подтверждённый terminal (in_deg=1) Кластер 69 (0 seed)  объём входящих 153 000 KZT."
100000002689717100,4,False,1,0,47500.0,0.0,1,0,0.0003047018342906131,-0.0,2.7582739710930483e-06,0.0,False,0,0.0,True,0,peripheral,0.2,"узел на 4-м колене без исходящих — вероятный артефакт обрыва обхода, не подтверждённый terminal (in_deg=1)",29,0.1,0.1837,"узел на 4-м колене без исходящих — вероятный артефакт обрыва обхода, не подтверждённый terminal (in_deg=1) Кластер 29 (0 seed)  объём входящих 47 500 KZT."
100000005189258100,4,False,1,0,50000.0,0.0,1,0,0.00031737824036492967,-0.0,4.8374784901905625e-05,0.0,False,0,0.0,True,0,peripheral,0.2,"узел на 4-м колене без исходящих — вероятный артефакт обрыва обхода, не подтверждённый terminal (in_deg=1)",9,0.1,0.1846,"узел на 4-м колене без исходящих — вероятный артефакт обрыва обхода, не подтверждённый terminal (in_deg=1) Кластер 9 (0 seed)  объём входящих 50 000 KZT."
100000002748511100,4,False,1,0,20000.0,0.0,1,0,0.0005698407341831297,-0.0,2.115533911011923e-08,0.0,False,0,0.0,True,0,peripheral,0.2,"узел на 4-м колене без исходящих — вероятный артефакт обрыва обхода, не подтверждённый terminal (in_deg=1)",2,0.1,0.1696,"узел на 4-м колене без исходящих — вероятный артефакт обрыва обхода, не подтверждённый terminal (in_deg=1) Кластер 2 (7 seed)  объём входящих 20 000 KZT."
100000002371892100,4,False,1,0,43830.0,0.0,1,0,0.0003079008243401695,-0.0,2.8391659625978386e-19,0.0,False,0,0.0,True,0,peripheral,0.2,"узел на 4-м колене без исходящих — вероятный артефакт обрыва обхода, не подтверждённый terminal (in_deg=1)",4,0.1,0.1824,"узел на 4-м колене без исходящих — вероятный артефакт обрыва обхода, не подтверждённый terminal (in_deg=1) Кластер 4 (0 seed)  объём входящих 43 830 KZT."
100000008130868100,4,False,1,0,22782.0,0.0,1,0,0.0004535905210212562,-0.0,4.789024166390343e-19,0.0,False,0,0.0,True,0,peripheral,0.2,"узел на 4-м колене без исходящих — вероятный артефакт обрыва обхода, не подтверждённый terminal (in_deg=1)",48,0.1,0.1717,"узел на 4-м колене без исходящих — вероятный артефакт обрыва обхода, не подтверждённый terminal (in_deg=1) Кластер 48 (0 seed)  объём входящих 22 782 KZT."
100000007153161100,4,False,1,0,44997.0,0.0,1,0,0.0005332711575594884,-0.0,-2.0192068395170035e-19,0.0,False,0,0.0,True,0,peripheral,0.2,"узел на 4-м колене без исходящих — вероятный артефакт обрыва обхода, не подтверждённый terminal (in_deg=1)",8,0.1,0.1828,"узел на 4-м колене без исходящих — вероятный артефакт обрыва обхода, не подтверждённый terminal (in_deg=1) Кластер 8 (1 seed)  объём входящих 44 997 KZT."
100000002994441100,4,False,1,0,5000.0,0.0,1,0,0.0005556781124537372,-0.0,-3.4184367918693124e-19,0.0,False,0,0.0,True,0,peripheral,0.2,"узел на 4-м колене без исходящих — вероятный артефакт обрыва обхода, не подтверждённый terminal (in_deg=1)",17,0.1,0.147,"узел на 4-м колене без исходящих — вероятный артефакт обрыва обхода, не подтверждённый terminal (in_deg=1) Кластер 17 (0 seed)  объём входящих 5 000 KZT."
100000001065481100,4,False,1,0,16000.0,0.0,2,0,0.00043416376262416347,-0.0,4.153093134481063e-06,0.0,False,0,0.0,True,0,peripheral,0.2,"узел на 4-м колене без исходящих — вероятный артефакт обрыва обхода, не подтверждённый terminal (in_deg=1)",31,0.1,0.166,"узел на 4-м колене без исходящих — вероятный артефакт обрыва обхода, не подтверждённый terminal (in_deg=1) Кластер 31 (3 seed)  объём входящих 16 000 KZT."
100000007731977100,4,False,1,0,50000.0,0.0,1,0,0.0003382700605562604,-0.0,3.148498033154717e-05,0.0,False,0,0.0,True,0,peripheral,0.2,"узел на 4-м колене без исходящих — вероятный артефакт обрыва обхода, не подтверждённый terminal (in_deg=1)",8,0.1,0.1846,"узел на 4-м колене без исходящих — вероятный артефакт обрыва обхода, не подтверждённый terminal (in_deg=1) Кластер 8 (1 seed)  объём входящих 50 000 KZT."
100000003252446100,4,False,1,0,108600.0,0.0,1,0,0.000301328759166141,-0.0,4.916414485475597e-07,0.0,False,0,0.0,True,0,peripheral,0.2,"узел на 4-м колене без исходящих — вероятный артефакт обрыва обхода, не подтверждённый terminal (in_deg=1)",32,0.1,0.1972,"узел на 4-м колене без исходящих — вероятный артефакт обрыва обхода, не подтверждённый terminal (in_deg=1) Кластер 32 (0 seed)  объём входящих 108 600 KZT."
100000002671326100,4,False,1,0,1050000.0,0.0,2,0,0.0006321600024575434,-0.0,3.234340330964627e-19,0.0,False,0,0.0,True,0,peripheral,0.2,"узел на 4-м колене без исходящих — вероятный артефакт обрыва обхода, не подтверждённый terminal (in_deg=1)",47,0.1,0.2343,"узел на 4-м колене без исходящих — вероятный артефакт обрыва обхода, не подтверждённый terminal (in_deg=1) Кластер 47 (0 seed)  объём входящих 1 050 000 KZT."
100000005087923100,4,False,1,0,20000.0,0.0,1,0,0.00046257200146125225,-0.0,-1.3145415493913783e-19,0.0,False,0,0.0,True,0,peripheral,0.2,"узел на 4-м колене без исходящих — вероятный артефакт обрыва обхода, не подтверждённый terminal (in_deg=1)",1,0.1,0.1696,"узел на 4-м колене без исходящих — вероятный артефакт обрыва обхода, не подтверждённый terminal (in_deg=1) Кластер 1 (3 seed)  объём входящих 20 000 KZT."
100000008770483100,4,False,1,0,5000.0,0.0,1,0,0.0002901857658399033,-0.0,-5.529289398880796e-19,0.0,False,0,0.0,True,0,peripheral,0.2,"узел на 4-м колене без исходящих — вероятный артефакт обрыва обхода, не подтверждённый terminal (in_deg=1)",22,0.1,0.147,"узел на 4-м колене без исходящих — вероятный артефакт обрыва обхода, не подтверждённый terminal (in_deg=1) Кластер 22 (0 seed)  объём входящих 5 000 KZT."
100000002748040100,4,False,1,0,18000.0,0.0,1,0,0.00029361419183468636,-0.0,2.7582739710930483e-06,0.0,False,0,0.0,True,0,peripheral,0.2,"узел на 4-м колене без исходящих — вероятный артефакт обрыва обхода, не подтверждённый terminal (in_deg=1)",29,0.1,0.1679,"узел на 4-м колене без исходящих — вероятный артефакт обрыва обхода, не подтверждённый terminal (in_deg=1) Кластер 29 (0 seed)  объём входящих 18 000 KZT."
100000004800648100,4,False,1,0,131000.0,0.0,1,0,0.0003383306045170939,-0.0,2.369785447943299e-06,0.0,False,0,0.0,True,0,peripheral,0.2,"узел на 4-м колене без исходящих — вероятный артефакт обрыва обхода, не подтверждённый terminal (in_deg=1)",13,0.1,0.2003,"узел на 4-м колене без исходящих — вероятный артефакт обрыва обхода, не подтверждённый terminal (in_deg=1) Кластер 13 (1 seed)  объём входящих 131 000 KZT."
100000005025629100,4,False,1,0,5227.0,0.0,1,0,0.00031555192888998263,-0.0,1.082344381885575e-05,0.0,False,0,0.0,True,0,peripheral,0.2,"узел на 4-м колене без исходящих — вероятный артефакт обрыва обхода, не подтверждённый terminal (in_deg=1)",9,0.1,0.1477,"узел на 4-м колене без исходящих — вероятный артефакт обрыва обхода, не подтверждённый terminal (in_deg=1) Кластер 9 (0 seed)  объём входящих 5 227 KZT."
100000000581682100,4,False,1,0,5000.0,0.0,1,0,0.00029216224557313057,-0.0,3.038680521831899e-11,0.0,False,0,0.0,True,0,peripheral,0.2,"узел на 4-м колене без исходящих — вероятный артефакт обрыва обхода, не подтверждённый terminal (in_deg=1)",57,0.1,0.147,"узел на 4-м колене без исходящих — вероятный артефакт обрыва обхода, не подтверждённый terminal (in_deg=1) Кластер 57 (0 seed)  объём входящих 5 000 KZT."
100000004976946100,4,False,1,0,246000.0,0.0,1,0,0.0003209172426815191,-0.0,-2.724994670538405e-20,0.0,False,0,0.0,True,0,peripheral,0.2,"узел на 4-м колене без исходящих — вероятный артефакт обрыва обхода, не подтверждённый terminal (in_deg=1)",54,0.1,0.2106,"узел на 4-м колене без исходящих — вероятный артефакт обрыва обхода, не подтверждённый terminal (in_deg=1) Кластер 54 (0 seed)  объём входящих 246 000 KZT."
100000000957746100,4,False,1,0,5300.0,0.0,1,0,0.00034884439029508294,-0.0,9.128683609930865e-21,0.0,False,0,0.0,True,0,peripheral,0.2,"узел на 4-м колене без исходящих — вероятный артефакт обрыва обхода, не подтверждённый terminal (in_deg=1)",41,0.1,0.1479,"узел на 4-м колене без исходящих — вероятный артефакт обрыва обхода, не подтверждённый terminal (in_deg=1) Кластер 41 (0 seed)  объём входящих 5 300 KZT."
100000003001138100,4,False,1,0,30000.0,0.0,1,0,0.0003187292200630942,-0.0,3.038680521831899e-11,0.0,False,0,0.0,True,0,peripheral,0.2,"узел на 4-м колене без исходящих — вероятный артефакт обрыва обхода, не подтверждённый terminal (in_deg=1)",57,0.1,0.1762,"узел на 4-м колене без исходящих — вероятный артефакт обрыва обхода, не подтверждённый terminal (in_deg=1) Кластер 57 (0 seed)  объём входящих 30 000 KZT."
100000001325618100,4,False,1,0,9300.0,0.0,1,0,0.00029184691839487546,-0.0,3.687381946528126e-06,0.0,False,0,0.0,True,0,peripheral,0.2,"узел на 4-м колене без исходящих — вероятный артефакт обрыва обхода, не подтверждённый terminal (in_deg=1)",29,0.1,0.1571,"узел на 4-м колене без исходящих — вероятный артефакт обрыва обхода, не подтверждённый terminal (in_deg=1) Кластер 29 (0 seed)  объём входящих 9 300 KZT."
100000003792647100,4,False,1,0,8000.0,0.0,1,0,0.00040201261833181846,-0.0,-8.23808984889237e-19,0.0,False,0,0.0,True,0,peripheral,0.2,"узел на 4-м колене без исходящих — вероятный артефакт обрыва обхода, не подтверждённый terminal (in_deg=1)",9,0.1,0.1547,"узел на 4-м колене без исходящих — вероятный артефакт обрыва обхода, не подтверждённый terminal (in_deg=1) Кластер 9 (0 seed)  объём входящих 8 000 KZT."
100000004107228100,4,False,1,0,5000.0,0.0,1,0,0.0002900012575427844,-0.0,1.198735881053226e-05,0.0,False,0,0.0,True,0,peripheral,0.2,"узел на 4-м колене без исходящих — вероятный артефакт обрыва обхода, не подтверждённый terminal (in_deg=1)",15,0.1,0.147,"узел на 4-м колене без исходящих — вероятный артефакт обрыва обхода, не подтверждённый terminal (in_deg=1) Кластер 15 (5 seed)  объём входящих 5 000 KZT."
100000003500764100,4,False,1,0,21000.0,0.0,1,0,0.0005324915548296372,-0.0,9.128683609930865e-21,0.0,False,0,0.0,True,0,peripheral,0.2,"узел на 4-м колене без исходящих — вероятный артефакт обрыва обхода, не подтверждённый terminal (in_deg=1)",41,0.1,0.1704,"узел на 4-м колене без исходящих — вероятный артефакт обрыва обхода, не подтверждённый terminal (in_deg=1) Кластер 41 (0 seed)  объём входящих 21 000 KZT."
100000004261340100,4,False,1,0,48500.0,0.0,4,0,0.00034892592172265944,-0.0,2.0701759866171318e-05,0.0,False,0,0.0,True,0,peripheral,0.2,"узел на 4-м колене без исходящих — вероятный артефакт обрыва обхода, не подтверждённый terminal (in_deg=1)",8,0.1,0.1841,"узел на 4-м колене без исходящих — вероятный артефакт обрыва обхода, не подтверждённый terminal (in_deg=1) Кластер 8 (1 seed)  объём входящих 48 500 KZT."
100000008172721100,4,False,1,0,168335.0,0.0,1,0,0.0003969613350803585,-0.0,9.41029411855297e-19,0.0,False,0,0.0,True,0,peripheral,0.2,"узел на 4-м колене без исходящих — вероятный артефакт обрыва обхода, не подтверждённый terminal (in_deg=1)",17,0.1,0.2044,"узел на 4-м колене без исходящих — вероятный артефакт обрыва обхода, не подтверждённый terminal (in_deg=1) Кластер 17 (0 seed)  объём входящих 168 335 KZT."
100000005079473100,4,False,1,0,39312.0,0.0,1,0,0.0003274569569414129,-0.0,1.721211469146002e-06,0.0,False,0,0.0,True,0,peripheral,0.2,"узел на 4-м колене без исходящих — вероятный артефакт обрыва обхода, не подтверждённый terminal (in_deg=1)",17,0.1,0.1806,"узел на 4-м колене без исходящих — вероятный артефакт обрыва обхода, не подтверждённый terminal (in_deg=1) Кластер 17 (0 seed)  объём входящих 39 312 KZT."
100000004850609100,4,False,1,0,10000.0,0.0,1,0,0.00031442591282254554,-0.0,5.553943663913904e-06,0.0,False,0,0.0,True,0,peripheral,0.2,"узел на 4-м колене без исходящих — вероятный артефакт обрыва обхода, не подтверждённый terminal (in_deg=1)",8,0.1,0.1583,"узел на 4-м колене без исходящих — вероятный артефакт обрыва обхода, не подтверждённый terminal (in_deg=1) Кластер 8 (1 seed)  объём входящих 10 000 KZT."
100000005042822100,4,False,1,0,1000000.0,0.0,1,0,0.00045457836760547647,-0.0,-4.670608281262207e-19,0.0,False,0,0.0,True,0,peripheral,0.2,"узел на 4-м колене без исходящих — вероятный артефакт обрыва обхода, не подтверждённый terminal (in_deg=1)",12,0.1,0.2335,"узел на 4-м колене без исходящих — вероятный артефакт обрыва обхода, не подтверждённый terminal (in_deg=1) Кластер 12 (0 seed)  объём входящих 1 000 000 KZT."
100000002794374100,4,False,1,0,111000.0,0.0,1,0,0.00036537574902799667,-0.0,-6.872385986203126e-20,0.0,False,0,0.0,True,0,peripheral,0.2,"узел на 4-м колене без исходящих — вероятный артефакт обрыва обхода, не подтверждённый terminal (in_deg=1)",22,0.1,0.1976,"узел на 4-м колене без исходящих — вероятный артефакт обрыва обхода, не подтверждённый terminal (in_deg=1) Кластер 22 (0 seed)  объём входящих 111 000 KZT."
100000002860934100,4,False,1,0,279500.0,0.0,4,0,0.0005838676254729308,-0.0,3.038680521831899e-11,0.0,False,0,0.0,True,0,peripheral,0.2,"узел на 4-м колене без исходящих — вероятный артефакт обрыва обхода, не подтверждённый terminal (in_deg=1)",57,0.1,0.2127,"узел на 4-м колене без исходящих — вероятный артефакт обрыва обхода, не подтверждённый terminal (in_deg=1) Кластер 57 (0 seed)  объём входящих 279 500 KZT."
100000003097947100,4,False,1,0,52980.0,0.0,1,0,0.0003215045041268181,-0.0,9.41029411855297e-19,0.0,False,0,0.0,True,0,peripheral,0.2,"узел на 4-м колене без исходящих — вероятный артефакт обрыва обхода, не подтверждённый terminal (in_deg=1)",17,0.1,0.1855,"узел на 4-м колене без исходящих — вероятный артефакт обрыва обхода, не подтверждённый terminal (in_deg=1) Кластер 17 (0 seed)  объём входящих 52 980 KZT."
100000004260869100,4,False,1,0,10000.0,0.0,1,0,0.0008457607369041781,-0.0,-8.468726554606281e-20,0.0,False,0,0.0,True,0,peripheral,0.2,"узел на 4-м колене без исходящих — вероятный артефакт обрыва обхода, не подтверждённый terminal (in_deg=1)",2,0.1,0.1583,"узел на 4-м колене без исходящих — вероятный артефакт обрыва обхода, не подтверждённый terminal (in_deg=1) Кластер 2 (7 seed)  объём входящих 10 000 KZT."
100000008762885100,4,False,1,0,7000.0,0.0,1,0,0.00028855049893795236,-0.0,3.09069752626555e-08,0.0,False,0,0.0,True,0,peripheral,0.2,"узел на 4-м колене без исходящих — вероятный артефакт обрыва обхода, не подтверждённый terminal (in_deg=1)",32,0.1,0.1525,"узел на 4-м колене без исходящих — вероятный артефакт обрыва обхода, не подтверждённый terminal (in_deg=1) Кластер 32 (0 seed)  объём входящих 7 000 KZT."
100000002986245100,4,False,1,0,5750.0,0.0,1,0,0.00028993905383519066,-0.0,3.687381946528126e-06,0.0,False,0,0.0,True,0,peripheral,0.2,"узел на 4-м колене без исходящих — вероятный артефакт обрыва обхода, не подтверждённый terminal (in_deg=1)",29,0.1,0.1493,"узел на 4-м колене без исходящих — вероятный артефакт обрыва обхода, не подтверждённый terminal (in_deg=1) Кластер 29 (0 seed)  объём входящих 5 750 KZT."
100000001471706100,4,False,1,0,377000.0,0.0,8,0,0.0005424888658158642,-0.0,-5.969778878628885e-19,0.0,False,0,0.0,True,0,peripheral,0.2,"узел на 4-м колене без исходящих — вероятный артефакт обрыва обхода, не подтверждённый terminal (in_deg=1)",25,0.1,0.2175,"узел на 4-м колене без исходящих — вероятный артефакт обрыва обхода, не подтверждённый terminal (in_deg=1) Кластер 25 (14 seed)  объём входящих 377 000 KZT."
100000002304943100,4,False,1,0,15000.0,0.0,1,0,0.0003077346471419064,-0.0,-1.8111134716790626e-19,0.0,False,0,0.0,True,0,peripheral,0.2,"узел на 4-м колене без исходящих — вероятный артефакт обрыва обхода, не подтверждённый terminal (in_deg=1)",46,0.1,0.1649,"узел на 4-м колене без исходящих — вероятный артефакт обрыва обхода, не подтверждённый terminal (in_deg=1) Кластер 46 (0 seed)  объём входящих 15 000 KZT."
100000002695812100,4,False,1,0,95000.0,0.0,1,0,0.00032255481790608836,-0.0,2.7582739710930483e-06,0.0,False,0,0.0,True,0,peripheral,0.2,"узел на 4-м колене без исходящих — вероятный артефакт обрыва обхода, не подтверждённый terminal (in_deg=1)",29,0.1,0.195,"узел на 4-м колене без исходящих — вероятный артефакт обрыва обхода, не подтверждённый terminal (in_deg=1) Кластер 29 (0 seed)  объём входящих 95 000 KZT."
100000008761220100,4,False,1,0,10000.0,0.0,1,0,0.0002881700501369176,-0.0,1.2761480262545454e-06,0.0,False,0,0.0,True,0,peripheral,0.2,"узел на 4-м колене без исходящих — вероятный артефакт обрыва обхода, не подтверждённый terminal (in_deg=1)",32,0.1,0.1583,"узел на 4-м колене без исходящих — вероятный артефакт обрыва обхода, не подтверждённый terminal (in_deg=1) Кластер 32 (0 seed)  объём входящих 10 000 KZT."
100000004890713100,4,False,1,0,40485.0,0.0,1,0,0.0003020652304998224,-0.0,2.7582739710930483e-06,0.0,False,0,0.0,True,0,peripheral,0.2,"узел на 4-м колене без исходящих — вероятный артефакт обрыва обхода, не подтверждённый terminal (in_deg=1)",29,0.1,0.1811,"узел на 4-м колене без исходящих — вероятный артефакт обрыва обхода, не подтверждённый terminal (in_deg=1) Кластер 29 (0 seed)  объём входящих 40 485 KZT."
100000003083865100,4,False,1,0,15000.0,0.0,1,0,0.0002924866349747616,-0.0,2.7582739710930483e-06,0.0,False,0,0.0,True,0,peripheral,0.2,"узел на 4-м колене без исходящих — вероятный артефакт обрыва обхода, не подтверждённый terminal (in_deg=1)",29,0.1,0.1649,"узел на 4-м колене без исходящих — вероятный артефакт обрыва обхода, не подтверждённый terminal (in_deg=1) Кластер 29 (0 seed)  объём входящих 15 000 KZT."
100000004030553100,4,False,1,0,70000.0,0.0,1,0,0.0005331552426414786,-0.0,-3.3315034294878407e-19,0.0,False,0,0.0,True,0,peripheral,0.2,"узел на 4-м колене без исходящих — вероятный артефакт обрыва обхода, не подтверждённый terminal (in_deg=1)",17,0.1,0.1901,"узел на 4-м колене без исходящих — вероятный артефакт обрыва обхода, не подтверждённый terminal (in_deg=1) Кластер 17 (0 seed)  объём входящих 70 000 KZT."
100000002653187100,4,False,1,0,15000.0,0.0,1,0,0.0004753423438912137,-0.0,-3.9567734531275563e-19,0.0,False,0,0.0,True,0,peripheral,0.2,"узел на 4-м колене без исходящих — вероятный артефакт обрыва обхода, не подтверждённый terminal (in_deg=1)",13,0.1,0.1649,"узел на 4-м колене без исходящих — вероятный артефакт обрыва обхода, не подтверждённый terminal (in_deg=1) Кластер 13 (1 seed)  объём входящих 15 000 KZT."
100000006412162100,4,False,1,0,15000.0,0.0,2,0,0.0002949102502231017,-0.0,3.687381946528126e-06,0.0,False,0,0.0,True,0,peripheral,0.2,"узел на 4-м колене без исходящих — вероятный артефакт обрыва обхода, не подтверждённый terminal (in_deg=1)",29,0.1,0.1649,"узел на 4-м колене без исходящих — вероятный артефакт обрыва обхода, не подтверждённый terminal (in_deg=1) Кластер 29 (0 seed)  объём входящих 15 000 KZT."
100000004674178100,4,False,1,0,20000.0,0.0,1,0,0.00030409586869789454,-0.0,2.065713011272286e-08,0.0,False,0,0.0,True,0,peripheral,0.2,"узел на 4-м колене без исходящих — вероятный артефакт обрыва обхода, не подтверждённый terminal (in_deg=1)",51,0.1,0.1696,"узел на 4-м колене без исходящих — вероятный артефакт обрыва обхода, не подтверждённый terminal (in_deg=1) Кластер 51 (0 seed)  объём входящих 20 000 KZT."
100000004070530100,4,False,1,0,20000.0,0.0,1,0,0.0002884855721222268,-0.0,-6.856578103802038e-20,0.0,False,0,0.0,True,0,peripheral,0.2,"узел на 4-м колене без исходящих — вероятный артефакт обрыва обхода, не подтверждённый terminal (in_deg=1)",64,0.1,0.1696,"узел на 4-м колене без исходящих — вероятный артефакт обрыва обхода, не подтверждённый terminal (in_deg=1) Кластер 64 (0 seed)  объём входящих 20 000 KZT."
100000006706519100,4,False,1,0,36000.0,0.0,3,0,0.00039243796890561116,-0.0,3.0073824437826006e-19,0.0,False,0,0.0,True,0,peripheral,0.2,"узел на 4-м колене без исходящих — вероятный артефакт обрыва обхода, не подтверждённый terminal (in_deg=1)",8,0.1,0.1792,"узел на 4-м колене без исходящих — вероятный артефакт обрыва обхода, не подтверждённый terminal (in_deg=1) Кластер 8 (1 seed)  объём входящих 36 000 KZT."
100000005636951100,4,False,1,0,40000.0,0.0,1,0,0.0006382951522473666,-0.0,-1.3145415493913783e-19,0.0,False,0,0.0,True,0,peripheral,0.2,"узел на 4-м колене без исходящих — вероятный артефакт обрыва обхода, не подтверждённый terminal (in_deg=1)",1,0.1,0.1809,"узел на 4-м колене без исходящих — вероятный артефакт обрыва обхода, не подтверждённый terminal (in_deg=1) Кластер 1 (3 seed)  объём входящих 40 000 KZT."
100000003040087100,4,False,1,0,29000.0,0.0,1,0,0.0002977485669877438,-0.0,2.7582739710930483e-06,0.0,False,0,0.0,True,0,peripheral,0.2,"узел на 4-м колене без исходящих — вероятный артефакт обрыва обхода, не подтверждённый terminal (in_deg=1)",29,0.1,0.1757,"узел на 4-м колене без исходящих — вероятный артефакт обрыва обхода, не подтверждённый terminal (in_deg=1) Кластер 29 (0 seed)  объём входящих 29 000 KZT."
100000008766764100,4,False,1,0,5000.0,0.0,1,0,0.0002875094504060277,-0.0,1.2761480262545454e-06,0.0,False,0,0.0,True,0,peripheral,0.2,"узел на 4-м колене без исходящих — вероятный артефакт обрыва обхода, не подтверждённый terminal (in_deg=1)",32,0.1,0.147,"узел на 4-м колене без исходящих — вероятный артефакт обрыва обхода, не подтверждённый terminal (in_deg=1) Кластер 32 (0 seed)  объём входящих 5 000 KZT."
100000000299820100,4,False,1,0,10000.0,0.0,1,0,0.0004521425996333725,-0.0,1.766633211913558e-19,0.0,False,0,0.0,True,0,peripheral,0.2,"узел на 4-м колене без исходящих — вероятный артефакт обрыва обхода, не подтверждённый terminal (in_deg=1)",17,0.1,0.1583,"узел на 4-м колене без исходящих — вероятный артефакт обрыва обхода, не подтверждённый terminal (in_deg=1) Кластер 17 (0 seed)  объём входящих 10 000 KZT."
100000008349740100,4,False,1,0,70000.0,0.0,2,0,0.0002938341959492763,-0.0,-7.864792801464619e-20,0.0,False,0,0.0,True,0,peripheral,0.2,"узел на 4-м колене без исходящих — вероятный артефакт обрыва обхода, не подтверждённый terminal (in_deg=1)",69,0.1,0.1901,"узел на 4-м колене без исходящих — вероятный артефакт обрыва обхода, не подтверждённый terminal (in_deg=1) Кластер 69 (0 seed)  объём входящих 70 000 KZT."
100000008761132100,4,False,1,0,10000.0,0.0,1,0,0.0002881700501369176,-0.0,1.2761480262545454e-06,0.0,False,0,0.0,True,0,peripheral,0.2,"узел на 4-м колене без исходящих — вероятный артефакт обрыва обхода, не подтверждённый terminal (in_deg=1)",32,0.1,0.1583,"узел на 4-м колене без исходящих — вероятный артефакт обрыва обхода, не подтверждённый terminal (in_deg=1) Кластер 32 (0 seed)  объём входящих 10 000 KZT."
100000002540033100,4,False,1,0,10000.0,0.0,1,0,0.0005986691957838227,-0.0,-1.6606955914144863e-19,0.0,False,0,0.0,True,0,peripheral,0.2,"узел на 4-м колене без исходящих — вероятный артефакт обрыва обхода, не подтверждённый terminal (in_deg=1)",21,0.1,0.1583,"узел на 4-м колене без исходящих — вероятный артефакт обрыва обхода, не подтверждённый terminal (in_deg=1) Кластер 21 (0 seed)  объём входящих 10 000 KZT."
100000001845505100,4,False,1,0,20000.0,0.0,1,0,0.000594933534078599,-0.0,4.008934624975561e-20,0.0,False,0,0.0,True,0,peripheral,0.2,"узел на 4-м колене без исходящих — вероятный артефакт обрыва обхода, не подтверждённый terminal (in_deg=1)",17,0.1,0.1696,"узел на 4-м колене без исходящих — вероятный артефакт обрыва обхода, не подтверждённый terminal (in_deg=1) Кластер 17 (0 seed)  объём входящих 20 000 KZT."
100000003782913100,4,False,1,0,200000.0,0.0,1,0,0.0003007373821374731,-0.0,5.920463072307241e-08,0.0,False,0,0.0,True,0,peripheral,0.2,"узел на 4-м колене без исходящих — вероятный артефакт обрыва обхода, не подтверждённый terminal (in_deg=1)",0,0.1,0.2072,"узел на 4-м колене без исходящих — вероятный артефакт обрыва обхода, не подтверждённый terminal (in_deg=1) Кластер 0 (0 seed)  объём входящих 200 000 KZT."
100000008778753100,4,False,1,0,10000.0,0.0,1,0,0.00029547235968651616,-0.0,2.065713011272286e-08,0.0,False,0,0.0,True,0,peripheral,0.2,"узел на 4-м колене без исходящих — вероятный артефакт обрыва обхода, не подтверждённый terminal (in_deg=1)",51,0.1,0.1583,"узел на 4-м колене без исходящих — вероятный артефакт обрыва обхода, не подтверждённый terminal (in_deg=1) Кластер 51 (0 seed)  объём входящих 10 000 KZT."
100000008710913100,4,False,1,0,14000.0,0.0,1,0,0.0002894015760989899,-0.0,3.3095990625202033e-07,0.0,False,0,0.0,True,0,peripheral,0.2,"узел на 4-м колене без исходящих — вероятный артефакт обрыва обхода, не подтверждённый terminal (in_deg=1)",32,0.1,0.1638,"узел на 4-м колене без исходящих — вероятный артефакт обрыва обхода, не подтверждённый terminal (in_deg=1) Кластер 32 (0 seed)  объём входящих 14 000 KZT."
100000005495211100,4,False,1,0,14500.0,0.0,1,0,0.0005623945621466782,-0.0,2.1017434440089603e-20,0.0,False,0,0.0,True,0,peripheral,0.2,"узел на 4-м колене без исходящих — вероятный артефакт обрыва обхода, не подтверждённый terminal (in_deg=1)",8,0.1,0.1644,"узел на 4-м колене без исходящих — вероятный артефакт обрыва обхода, не подтверждённый terminal (in_deg=1) Кластер 8 (1 seed)  объём входящих 14 500 KZT."
100000004013952100,4,False,1,0,5500.0,0.0,1,0,0.0005354750926490604,-0.0,1.501274293032408e-19,0.0,False,0,0.0,True,0,peripheral,0.2,"узел на 4-м колене без исходящих — вероятный артефакт обрыва обхода, не подтверждённый terminal (in_deg=1)",8,0.1,0.1486,"узел на 4-м колене без исходящих — вероятный артефакт обрыва обхода, не подтверждённый terminal (in_deg=1) Кластер 8 (1 seed)  объём входящих 5 500 KZT."
100000007330432100,4,False,1,0,584900.0,0.0,1,0,0.0005405252953174732,-0.0,2.0650450097695964e-08,0.0,False,0,0.0,True,0,peripheral,0.2,"узел на 4-м колене без исходящих — вероятный артефакт обрыва обхода, не подтверждённый terminal (in_deg=1)",4,0.1,0.2247,"узел на 4-м колене без исходящих — вероятный артефакт обрыва обхода, не подтверждённый terminal (in_deg=1) Кластер 4 (0 seed)  объём входящих 584 900 KZT."
100000000737152100,4,False,1,0,35000.0,0.0,1,0,0.00034603341131449026,-0.0,-1.3582661133211943e-19,0.0,False,0,0.0,True,0,peripheral,0.2,"узел на 4-м колене без исходящих — вероятный артефакт обрыва обхода, не подтверждённый terminal (in_deg=1)",8,0.1,0.1787,"узел на 4-м колене без исходящих — вероятный артефакт обрыва обхода, не подтверждённый terminal (in_deg=1) Кластер 8 (1 seed)  объём входящих 35 000 KZT."
100000004674389100,4,False,1,0,15000.0,0.0,1,0,0.00035357904177198347,-0.0,7.527079196254659e-19,0.0,False,0,0.0,True,0,peripheral,0.2,"узел на 4-м колене без исходящих — вероятный артефакт обрыва обхода, не подтверждённый terminal (in_deg=1)",5,0.1,0.1649,"узел на 4-м колене без исходящих — вероятный артефакт обрыва обхода, не подтверждённый terminal (in_deg=1) Кластер 5 (1 seed)  объём входящих 15 000 KZT."
100000002529877100,4,False,1,0,232000.0,0.0,1,0,0.00030720013532014917,-0.0,2.1191698076910717e-07,0.0,False,0,0.0,True,0,peripheral,0.2,"узел на 4-м колене без исходящих — вероятный артефакт обрыва обхода, не подтверждённый terminal (in_deg=1)",48,0.1,0.2096,"узел на 4-м колене без исходящих — вероятный артефакт обрыва обхода, не подтверждённый terminal (in_deg=1) Кластер 48 (0 seed)  объём входящих 232 000 KZT."
100000004035925100,4,False,1,0,1111588.0,0.0,2,0,0.0004644459850980835,-0.0,-2.042485494458755e-19,0.0,False,0,0.0,True,0,peripheral,0.2,"узел на 4-м колене без исходящих — вероятный артефакт обрыва обхода, не подтверждённый terminal (in_deg=1)",68,0.1,0.2352,"узел на 4-м колене без исходящих — вероятный артефакт обрыва обхода, не подтверждённый terminal (in_deg=1) Кластер 68 (0 seed)  объём входящих 1 111 588 KZT."
100000002188586100,4,False,1,0,38310.0,0.0,1,0,0.0003012477517763769,-0.0,2.7582739710930483e-06,0.0,False,0,0.0,True,0,peripheral,0.2,"узел на 4-м колене без исходящих — вероятный артефакт обрыва обхода, не подтверждённый terminal (in_deg=1)",29,0.1,0.1802,"узел на 4-м колене без исходящих — вероятный артефакт обрыва обхода, не подтверждённый terminal (in_deg=1) Кластер 29 (0 seed)  объём входящих 38 310 KZT."
100000008050986100,4,False,1,0,95000.0,0.0,2,0,0.00031319903970007944,-0.0,3.5050620507293534e-19,0.0,False,0,0.0,True,0,peripheral,0.2,"узел на 4-м колене без исходящих — вероятный артефакт обрыва обхода, не подтверждённый terminal (in_deg=1)",9,0.1,0.195,"узел на 4-м колене без исходящих — вероятный артефакт обрыва обхода, не подтверждённый terminal (in_deg=1) Кластер 9 (0 seed)  объём входящих 95 000 KZT."
100000004777215100,4,False,1,0,60000.0,0.0,1,0,0.0004671802028938847,-0.0,-4.829699373946121e-19,0.0,False,0,0.0,True,0,peripheral,0.2,"узел на 4-м колене без исходящих — вероятный артефакт обрыва обхода, не подтверждённый terminal (in_deg=1)",46,0.1,0.1875,"узел на 4-м колене без исходящих — вероятный артефакт обрыва обхода, не подтверждённый terminal (in_deg=1) Кластер 46 (0 seed)  объём входящих 60 000 KZT."
100000000926078100,4,False,1,0,250000.0,0.0,1,0,0.0005188088149532329,-0.0,8.448980848062896e-20,0.0,False,0,0.0,True,0,peripheral,0.2,"узел на 4-м колене без исходящих — вероятный артефакт обрыва обхода, не подтверждённый terminal (in_deg=1)",17,0.1,0.2108,"узел на 4-м колене без исходящих — вероятный артефакт обрыва обхода, не подтверждённый terminal (in_deg=1) Кластер 17 (0 seed)  объём входящих 250 000 KZT."
100000003486846100,4,False,1,0,27000.0,0.0,2,0,0.0005334629102066379,-0.0,-3.345321743339773e-19,0.0,False,0,0.0,True,0,peripheral,0.2,"узел на 4-м колене без исходящих — вероятный артефакт обрыва обхода, не подтверждённый terminal (in_deg=1)",2,0.1,0.1745,"узел на 4-м колене без исходящих — вероятный артефакт обрыва обхода, не подтверждённый terminal (in_deg=1) Кластер 2 (7 seed)  объём входящих 27 000 KZT."
100000002516862100,4,False,1,0,81710.0,0.0,5,0,0.000350989883790352,-0.0,-2.0524971379570852e-20,0.0,False,0,0.0,True,0,peripheral,0.2,"узел на 4-м колене без исходящих — вероятный артефакт обрыва обхода, не подтверждённый terminal (in_deg=1)",67,0.1,0.1926,"узел на 4-м колене без исходящих — вероятный артефакт обрыва обхода, не подтверждённый terminal (in_deg=1) Кластер 67 (0 seed)  объём входящих 81 710 KZT."
100000008730238100,4,False,1,0,113000.0,0.0,1,0,0.0005656901911760241,-0.0,-4.650499655115156e-19,0.0,False,0,0.0,True,0,peripheral,0.2,"узел на 4-м колене без исходящих — вероятный артефакт обрыва обхода, не подтверждённый terminal (in_deg=1)",32,0.1,0.1979,"узел на 4-м колене без исходящих — вероятный артефакт обрыва обхода, не подтверждённый terminal (in_deg=1) Кластер 32 (0 seed)  объём входящих 113 000 KZT."
100000000803368100,4,False,1,0,139503.0,0.0,1,0,0.0005505683576775041,-0.0,1.9677002587879554e-07,0.0,False,0,0.0,True,0,peripheral,0.2,"узел на 4-м колене без исходящих — вероятный артефакт обрыва обхода, не подтверждённый terminal (in_deg=1)",0,0.1,0.2013,"узел на 4-м колене без исходящих — вероятный артефакт обрыва обхода, не подтверждённый terminal (in_deg=1) Кластер 0 (0 seed)  объём входящих 139 503 KZT."
100000002528978100,4,False,1,0,15900.0,0.0,1,0,0.00029282490203273904,-0.0,2.7582739710930483e-06,0.0,False,0,0.0,True,0,peripheral,0.2,"узел на 4-м колене без исходящих — вероятный артефакт обрыва обхода, не подтверждённый terminal (in_deg=1)",29,0.1,0.1659,"узел на 4-м колене без исходящих — вероятный артефакт обрыва обхода, не подтверждённый terminal (in_deg=1) Кластер 29 (0 seed)  объём входящих 15 900 KZT."
100000002597074100,4,False,1,0,8000.0,0.0,1,0,0.00031181326024781633,-0.0,1.4460723950794105e-19,0.0,False,0,0.0,True,0,peripheral,0.2,"узел на 4-м колене без исходящих — вероятный артефакт обрыва обхода, не подтверждённый terminal (in_deg=1)",8,0.1,0.1547,"узел на 4-м колене без исходящих — вероятный артефакт обрыва обхода, не подтверждённый terminal (in_deg=1) Кластер 8 (1 seed)  объём входящих 8 000 KZT."
100000003631015100,4,False,1,0,266000.0,0.0,1,0,0.00032368703064951756,-0.0,-2.724994670538405e-20,0.0,False,0,0.0,True,0,peripheral,0.2,"узел на 4-м колене без исходящих — вероятный артефакт обрыва обхода, не подтверждённый terminal (in_deg=1)",54,0.1,0.2118,"узел на 4-м колене без исходящих — вероятный артефакт обрыва обхода, не подтверждённый terminal (in_deg=1) Кластер 54 (0 seed)  объём входящих 266 000 KZT."
100000008255655100,4,False,1,0,5400.0,0.0,1,0,0.0005335196280470303,-0.0,7.1280682631767425e-19,0.0,False,0,0.0,True,0,peripheral,0.2,"узел на 4-м колене без исходящих — вероятный артефакт обрыва обхода, не подтверждённый terminal (in_deg=1)",41,0.1,0.1483,"узел на 4-м колене без исходящих — вероятный артефакт обрыва обхода, не подтверждённый terminal (in_deg=1) Кластер 41 (0 seed)  объём входящих 5 400 KZT."
100000004265639100,4,False,1,0,10000.0,0.0,1,0,0.0005547248904262277,-0.0,1.6886131351372152e-19,0.0,False,0,0.0,True,0,peripheral,0.2,"узел на 4-м колене без исходящих — вероятный артефакт обрыва обхода, не подтверждённый terminal (in_deg=1)",17,0.1,0.1583,"узел на 4-м колене без исходящих — вероятный артефакт обрыва обхода, не подтверждённый terminal (in_deg=1) Кластер 17 (0 seed)  объём входящих 10 000 KZT."
100000002726055100,4,False,1,0,10000.0,0.0,1,0,0.0003415210853675309,-0.0,2.448823257118075e-19,0.0,False,0,0.0,True,0,peripheral,0.2,"узел на 4-м колене без исходящих — вероятный артефакт обрыва обхода, не подтверждённый terminal (in_deg=1)",46,0.1,0.1583,"узел на 4-м колене без исходящих — вероятный артефакт обрыва обхода, не подтверждённый terminal (in_deg=1) Кластер 46 (0 seed)  объём входящих 10 000 KZT."
100000003696422100,4,False,1,0,118000.0,0.0,2,0,0.0007114053244004053,-0.0,5.003556552931417e-19,0.0,False,0,0.0,True,0,peripheral,0.2,"узел на 4-м колене без исходящих — вероятный артефакт обрыва обхода, не подтверждённый terminal (in_deg=1)",12,0.1,0.1986,"узел на 4-м колене без исходящих — вероятный артефакт обрыва обхода, не подтверждённый terminal (in_deg=1) Кластер 12 (0 seed)  объём входящих 118 000 KZT."
100000007745062100,4,False,1,0,100000.0,0.0,1,0,0.0006279567979466902,-0.0,9.611041739772143e-19,0.0,False,0,0.0,True,0,peripheral,0.2,"узел на 4-м колене без исходящих — вероятный артефакт обрыва обхода, не подтверждённый terminal (in_deg=1)",13,0.1,0.1959,"узел на 4-м колене без исходящих — вероятный артефакт обрыва обхода, не подтверждённый terminal (in_deg=1) Кластер 13 (1 seed)  объём входящих 100 000 KZT."
100000005041147100,4,False,1,0,10000.0,0.0,1,0,0.000536097742585771,-0.0,-3.868090321449425e-20,0.0,False,0,0.0,True,0,peripheral,0.2,"узел на 4-м колене без исходящих — вероятный артефакт обрыва обхода, не подтверждённый terminal (in_deg=1)",8,0.1,0.1583,"узел на 4-м колене без исходящих — вероятный артефакт обрыва обхода, не подтверждённый terminal (in_deg=1) Кластер 8 (1 seed)  объём входящих 10 000 KZT."
100000003819173100,4,False,1,0,143777.0,0.0,1,0,0.0002965298891679558,-0.0,0.00011365723689489736,0.0,False,0,0.0,True,0,peripheral,0.2,"узел на 4-м колене без исходящих — вероятный артефакт обрыва обхода, не подтверждённый terminal (in_deg=1)",17,0.1,0.2018,"узел на 4-м колене без исходящих — вероятный артефакт обрыва обхода, не подтверждённый terminal (in_deg=1) Кластер 17 (0 seed)  объём входящих 143 777 KZT."
100000001275557100,4,False,1,0,20000.0,0.0,1,0,0.0003490942880526508,-0.0,1.8064593226992727e-19,0.0,False,0,0.0,True,0,peripheral,0.2,"узел на 4-м колене без исходящих — вероятный артефакт обрыва обхода, не подтверждённый terminal (in_deg=1)",11,0.1,0.1696,"узел на 4-м колене без исходящих — вероятный артефакт обрыва обхода, не подтверждённый terminal (in_deg=1) Кластер 11 (0 seed)  объём входящих 20 000 KZT."
100000002706810100,4,False,1,0,45000.0,0.0,1,0,0.0003110330493190294,-0.0,3.687381946528126e-06,0.0,False,0,0.0,True,0,peripheral,0.2,"узел на 4-м колене без исходящих — вероятный артефакт обрыва обхода, не подтверждённый terminal (in_deg=1)",29,0.1,0.1828,"узел на 4-м колене без исходящих — вероятный артефакт обрыва обхода, не подтверждённый terminal (in_deg=1) Кластер 29 (0 seed)  объём входящих 45 000 KZT."
100000002896506100,4,False,1,0,45000.0,0.0,1,0,0.00031502752147348674,-0.0,4.415328176037049e-20,0.0,False,0,0.0,True,0,peripheral,0.2,"узел на 4-м колене без исходящих — вероятный артефакт обрыва обхода, не подтверждённый terminal (in_deg=1)",9,0.1,0.1828,"узел на 4-м колене без исходящих — вероятный артефакт обрыва обхода, не подтверждённый terminal (in_deg=1) Кластер 9 (0 seed)  объём входящих 45 000 KZT."
100000008766031100,4,False,1,0,5000.0,0.0,1,0,0.0002877605383265136,-0.0,3.3095990625202033e-07,0.0,False,0,0.0,True,0,peripheral,0.2,"узел на 4-м колене без исходящих — вероятный артефакт обрыва обхода, не подтверждённый terminal (in_deg=1)",32,0.1,0.147,"узел на 4-м колене без исходящих — вероятный артефакт обрыва обхода, не подтверждённый terminal (in_deg=1) Кластер 32 (0 seed)  объём входящих 5 000 KZT."
100000008758607100,4,False,1,0,5000.0,0.0,1,0,0.0002875094504060277,-0.0,1.2761480262545454e-06,0.0,False,0,0.0,True,0,peripheral,0.2,"узел на 4-м колене без исходящих — вероятный артефакт обрыва обхода, не подтверждённый terminal (in_deg=1)",32,0.1,0.147,"узел на 4-м колене без исходящих — вероятный артефакт обрыва обхода, не подтверждённый terminal (in_deg=1) Кластер 32 (0 seed)  объём входящих 5 000 KZT."
100000008648783100,4,False,1,0,5200.0,0.0,1,0,0.00028964346918509867,-0.0,3.687381946528126e-06,0.0,False,0,0.0,True,0,peripheral,0.2,"узел на 4-м колене без исходящих — вероятный артефакт обрыва обхода, не подтверждённый terminal (in_deg=1)",29,0.1,0.1476,"узел на 4-м колене без исходящих — вероятный артефакт обрыва обхода, не подтверждённый terminal (in_deg=1) Кластер 29 (0 seed)  объём входящих 5 200 KZT."
100000004291663100,4,False,1,0,25000.0,0.0,1,0,0.00031255945561569915,-0.0,3.148498033154717e-05,0.0,False,0,0.0,True,0,peripheral,0.2,"узел на 4-м колене без исходящих — вероятный артефакт обрыва обхода, не подтверждённый terminal (in_deg=1)",8,0.1,0.1733,"узел на 4-м колене без исходящих — вероятный артефакт обрыва обхода, не подтверждённый terminal (in_deg=1) Кластер 8 (1 seed)  объём входящих 25 000 KZT."
100000003037476100,4,False,3,0,555000.0,0.0,3,0,0.0003609501910425195,-0.0,1.8190249132753074e-06,0.0,False,0,0.0,True,0,peripheral,0.2,"узел на 4-м колене без исходящих — вероятный артефакт обрыва обхода, не подтверждённый terminal (in_deg=3)",32,0.1,0.2238,"узел на 4-м колене без исходящих — вероятный артефакт обрыва обхода, не подтверждённый terminal (in_deg=3) Кластер 32 (0 seed)  объём входящих 555 000 KZT."
100000008715513100,4,False,1,0,32500.0,0.0,1,0,0.00030431521636239283,-0.0,3.687381946528126e-06,0.0,False,0,0.0,True,0,peripheral,0.2,"узел на 4-м колене без исходящих — вероятный артефакт обрыва обхода, не подтверждённый terminal (in_deg=1)",29,0.1,0.1775,"узел на 4-м колене без исходящих — вероятный артефакт обрыва обхода, не подтверждённый terminal (in_deg=1) Кластер 29 (0 seed)  объём входящих 32 500 KZT."
100000001276409100,4,False,1,0,94760.0,0.0,1,0,0.0003224646133572944,-0.0,2.7582739710930483e-06,0.0,False,0,0.0,True,0,peripheral,0.2,"узел на 4-м колене без исходящих — вероятный артефакт обрыва обхода, не подтверждённый terminal (in_deg=1)",29,0.1,0.195,"узел на 4-м колене без исходящих — вероятный артефакт обрыва обхода, не подтверждённый terminal (in_deg=1) Кластер 29 (0 seed)  объём входящих 94 760 KZT."
100000003232675100,4,False,1,0,44000.0,0.0,2,0,0.0004028152159732906,-0.0,6.57782041608422e-19,0.0,False,0,0.0,True,0,peripheral,0.2,"узел на 4-м колене без исходящих — вероятный артефакт обрыва обхода, не подтверждённый terminal (in_deg=1)",31,0.1,0.1825,"узел на 4-м колене без исходящих — вероятный артефакт обрыва обхода, не подтверждённый terminal (in_deg=1) Кластер 31 (3 seed)  объём входящих 44 000 KZT."
100000007988344100,4,False,1,0,20000.0,0.0,3,0,0.00038917124518056303,-0.0,6.066471558454062e-19,0.0,False,0,0.0,True,0,peripheral,0.2,"узел на 4-м колене без исходящих — вероятный артефакт обрыва обхода, не подтверждённый terminal (in_deg=1)",8,0.1,0.1696,"узел на 4-м колене без исходящих — вероятный артефакт обрыва обхода, не подтверждённый terminal (in_deg=1) Кластер 8 (1 seed)  объём входящих 20 000 KZT."
100000003047800100,4,False,1,0,12212.0,0.0,1,0,0.0003762285925005613,-0.0,4.789024166390343e-19,0.0,False,0,0.0,True,0,peripheral,0.2,"узел на 4-м колене без исходящих — вероятный артефакт обрыва обхода, не подтверждённый terminal (in_deg=1)",48,0.1,0.1616,"узел на 4-м колене без исходящих — вероятный артефакт обрыва обхода, не подтверждённый terminal (in_deg=1) Кластер 48 (0 seed)  объём входящих 12 212 KZT."
100000003230328100,4,False,3,0,26572.0,0.0,3,0,0.00035324139302681803,-0.0,6.358533423649457e-05,0.0,False,0,0.0,True,0,peripheral,0.2,"узел на 4-м колене без исходящих — вероятный артефакт обрыва обхода, не подтверждённый terminal (in_deg=3)",8,0.1,0.1743,"узел на 4-м колене без исходящих — вероятный артефакт обрыва обхода, не подтверждённый terminal (in_deg=3) Кластер 8 (1 seed)  объём входящих 26 572 KZT."
100000002702968100,4,False,1,0,31600.0,0.0,1,0,0.0002987257829330119,-0.0,2.7582739710930483e-06,0.0,False,0,0.0,True,0,peripheral,0.2,"узел на 4-м колене без исходящих — вероятный артефакт обрыва обхода, не подтверждённый terminal (in_deg=1)",29,0.1,0.1771,"узел на 4-м колене без исходящих — вероятный артефакт обрыва обхода, не подтверждённый terminal (in_deg=1) Кластер 29 (0 seed)  объём входящих 31 600 KZT."
100000004788983100,4,False,1,0,27000.0,0.0,1,0,0.0003711037329829278,-0.0,1.4460723950794105e-19,0.0,False,0,0.0,True,0,peripheral,0.2,"узел на 4-м колене без исходящих — вероятный артефакт обрыва обхода, не подтверждённый terminal (in_deg=1)",8,0.1,0.1745,"узел на 4-м колене без исходящих — вероятный артефакт обрыва обхода, не подтверждённый terminal (in_deg=1) Кластер 8 (1 seed)  объём входящих 27 000 KZT."
100000006490615100,4,False,1,0,41600.0,0.0,6,0,0.0003964897778661186,-0.0,6.57782041608422e-19,0.0,False,0,0.0,True,0,peripheral,0.2,"узел на 4-м колене без исходящих — вероятный артефакт обрыва обхода, не подтверждённый terminal (in_deg=1)",31,0.1,0.1816,"узел на 4-м колене без исходящих — вероятный артефакт обрыва обхода, не подтверждённый terminal (in_deg=1) Кластер 31 (3 seed)  объём входящих 41 600 KZT."
100000008745676100,4,False,1,0,34547.0,0.0,1,0,0.0005326470887004858,-0.0,-6.035276229538783e-20,0.0,False,1,0.0,True,0,peripheral,0.2,"узел на 4-м колене без исходящих — вероятный артефакт обрыва обхода, не подтверждённый terminal (in_deg=1)",38,0.1,0.1785,"узел на 4-м колене без исходящих — вероятный артефакт обрыва обхода, не подтверждённый terminal (in_deg=1) Кластер 38 (1 seed)  объём входящих 34 547 KZT."
100000001598625100,4,False,1,0,25000.0,0.0,1,0,0.0004307604037600731,-0.0,-5.698152447022159e-19,0.0,False,0,0.0,True,0,peripheral,0.2,"узел на 4-м колене без исходящих — вероятный артефакт обрыва обхода, не подтверждённый terminal (in_deg=1)",17,0.1,0.1733,"узел на 4-м колене без исходящих — вероятный артефакт обрыва обхода, не подтверждённый terminal (in_deg=1) Кластер 17 (0 seed)  объём входящих 25 000 KZT."
100000008461217100,4,False,1,0,18000.0,0.0,1,0,0.0005479716592571167,-0.0,-2.018580741336154e-19,0.0,False,0,0.0,True,0,peripheral,0.2,"узел на 4-м колене без исходящих — вероятный артефакт обрыва обхода, не подтверждённый terminal (in_deg=1)",40,0.1,0.1679,"узел на 4-м колене без исходящих — вероятный артефакт обрыва обхода, не подтверждённый terminal (in_deg=1) Кластер 40 (0 seed)  объём входящих 18 000 KZT."
100000005711521100,4,False,1,0,238000.0,0.0,1,0,0.0005361799863213338,-0.0,1.0024755713487327e-19,0.0,False,0,0.0,True,0,peripheral,0.2,"узел на 4-м колене без исходящих — вероятный артефакт обрыва обхода, не подтверждённый terminal (in_deg=1)",31,0.1,0.21,"узел на 4-м колене без исходящих — вероятный артефакт обрыва обхода, не подтверждённый terminal (in_deg=1) Кластер 31 (3 seed)  объём входящих 238 000 KZT."
100000002713974100,4,False,1,0,50000.0,0.0,1,0,0.0003314167722143403,-0.0,-4.008280390518017e-19,0.0,False,0,0.0,True,0,peripheral,0.2,"узел на 4-м колене без исходящих — вероятный артефакт обрыва обхода, не подтверждённый terminal (in_deg=1)",17,0.1,0.1846,"узел на 4-м колене без исходящих — вероятный артефакт обрыва обхода, не подтверждённый terminal (in_deg=1) Кластер 17 (0 seed)  объём входящих 50 000 KZT."
100000005272139100,4,False,1,0,165000.0,0.0,1,0,0.0007587480153171217,-0.0,-7.702375345101921e-20,0.0,False,0,0.0,True,0,peripheral,0.2,"узел на 4-м колене без исходящих — вероятный артефакт обрыва обхода, не подтверждённый terminal (in_deg=1)",2,0.1,0.2041,"узел на 4-м колене без исходящих — вероятный артефакт обрыва обхода, не подтверждённый terminal (in_deg=1) Кластер 2 (7 seed)  объём входящих 165 000 KZT."
100000002968096100,4,False,1,0,70000.0,0.0,1,0,0.00032090597213802396,-0.0,-3.870825372666911e-20,0.0,False,0,0.0,True,0,peripheral,0.2,"узел на 4-м колене без исходящих — вероятный артефакт обрыва обхода, не подтверждённый terminal (in_deg=1)",17,0.1,0.1901,"узел на 4-м колене без исходящих — вероятный артефакт обрыва обхода, не подтверждённый terminal (in_deg=1) Кластер 17 (0 seed)  объём входящих 70 000 KZT."
100000004449824100,4,False,1,0,9000.0,0.0,1,0,0.0002916856904039162,-0.0,3.687381946528126e-06,0.0,False,0,0.0,True,0,peripheral,0.2,"узел на 4-м колене без исходящих — вероятный артефакт обрыва обхода, не подтверждённый terminal (in_deg=1)",29,0.1,0.1566,"узел на 4-м колене без исходящих — вероятный артефакт обрыва обхода, не подтверждённый terminal (in_deg=1) Кластер 29 (0 seed)  объём входящих 9 000 KZT."
100000004502048100,4,False,1,0,13888.0,0.0,1,0,0.0003412241622094056,-0.0,1.4681635709846529e-19,0.0,False,0,0.0,True,0,peripheral,0.2,"узел на 4-м колене без исходящих — вероятный артефакт обрыва обхода, не подтверждённый terminal (in_deg=1)",49,0.1,0.1637,"узел на 4-м колене без исходящих — вероятный артефакт обрыва обхода, не подтверждённый terminal (in_deg=1) Кластер 49 (1 seed)  объём входящих 13 888 KZT."
100000002660298100,4,False,1,0,30900.0,0.0,1,0,0.0002984626863323628,-0.0,2.7582739710930483e-06,0.0,False,0,0.0,True,0,peripheral,0.2,"узел на 4-м колене без исходящих — вероятный артефакт обрыва обхода, не подтверждённый terminal (in_deg=1)",29,0.1,0.1767,"узел на 4-м колене без исходящих — вероятный артефакт обрыва обхода, не подтверждённый terminal (in_deg=1) Кластер 29 (0 seed)  объём входящих 30 900 KZT."
100000001299828100,4,False,1,0,100000.0,0.0,1,0,0.0005496498012691123,-0.0,5.77960222611231e-19,0.0,False,0,0.0,True,0,peripheral,0.2,"узел на 4-м колене без исходящих — вероятный артефакт обрыва обхода, не подтверждённый terminal (in_deg=1)",8,0.1,0.1959,"узел на 4-м колене без исходящих — вероятный артефакт обрыва обхода, не подтверждённый terminal (in_deg=1) Кластер 8 (1 seed)  объём входящих 100 000 KZT."
100000000581662100,4,False,1,0,21160.0,0.0,1,0,0.0003042696751806576,-0.0,1.4678357709081928e-19,0.0,False,0,0.0,True,0,peripheral,0.2,"узел на 4-м колене без исходящих — вероятный артефакт обрыва обхода, не подтверждённый terminal (in_deg=1)",48,0.1,0.1705,"узел на 4-м колене без исходящих — вероятный артефакт обрыва обхода, не подтверждённый terminal (in_deg=1) Кластер 48 (0 seed)  объём входящих 21 160 KZT."
100000001249054100,4,False,1,0,17375.0,0.0,1,0,0.0002933792841555354,-0.0,2.7582739710930483e-06,0.0,False,0,0.0,True,0,peripheral,0.2,"узел на 4-м колене без исходящих — вероятный артефакт обрыва обхода, не подтверждённый terminal (in_deg=1)",29,0.1,0.1673,"узел на 4-м колене без исходящих — вероятный артефакт обрыва обхода, не подтверждённый terminal (in_deg=1) Кластер 29 (0 seed)  объём входящих 17 375 KZT."
100000008759795100,4,False,1,0,17000.0,0.0,1,0,0.00029598510349616354,-0.0,3.687381946528126e-06,0.0,False,0,0.0,True,0,peripheral,0.2,"узел на 4-м колене без исходящих — вероятный артефакт обрыва обхода, не подтверждённый terminal (in_deg=1)",29,0.1,0.167,"узел на 4-м колене без исходящих — вероятный артефакт обрыва обхода, не подтверждённый terminal (in_deg=1) Кластер 29 (0 seed)  объём входящих 17 000 KZT."
100000001299443100,4,False,1,0,8000.0,0.0,1,0,0.00029114826376738524,-0.0,3.687381946528126e-06,0.0,False,0,0.0,True,0,peripheral,0.2,"узел на 4-м колене без исходящих — вероятный артефакт обрыва обхода, не подтверждённый terminal (in_deg=1)",29,0.1,0.1547,"узел на 4-м колене без исходящих — вероятный артефакт обрыва обхода, не подтверждённый terminal (in_deg=1) Кластер 29 (0 seed)  объём входящих 8 000 KZT."
100000007997939100,4,False,1,0,13000.0,0.0,1,0,0.0003595468864431232,-0.0,2.212783253423325e-19,0.0,False,0,0.0,True,0,peripheral,0.2,"узел на 4-м колене без исходящих — вероятный артефакт обрыва обхода, не подтверждённый terminal (in_deg=1)",32,0.1,0.1626,"узел на 4-м колене без исходящих — вероятный артефакт обрыва обхода, не подтверждённый terminal (in_deg=1) Кластер 32 (0 seed)  объём входящих 13 000 KZT."
100000003470579100,4,False,1,0,357000.0,0.0,2,0,0.0005709513048242386,-0.0,-2.5803029506612833e-19,0.0,False,0,0.0,True,0,peripheral,0.2,"узел на 4-м колене без исходящих — вероятный артефакт обрыва обхода, не подтверждённый terminal (in_deg=1)",45,0.1,0.2166,"узел на 4-м колене без исходящих — вероятный артефакт обрыва обхода, не подтверждённый terminal (in_deg=1) Кластер 45 (0 seed)  объём входящих 357 000 KZT."
100000008649416100,4,False,1,0,5000.0,0.0,1,0,0.0005360635952586398,-0.0,-4.2333624907389605e-20,0.0,False,0,0.0,True,0,peripheral,0.2,"узел на 4-м колене без исходящих — вероятный артефакт обрыва обхода, не подтверждённый terminal (in_deg=1)",41,0.1,0.147,"узел на 4-м колене без исходящих — вероятный артефакт обрыва обхода, не подтверждённый terminal (in_deg=1) Кластер 41 (0 seed)  объём входящих 5 000 KZT."
100000008183752100,4,False,1,0,140000.0,0.0,1,0,0.0005325122329931616,-0.0,6.432554277889595e-19,0.0,False,0,0.0,True,0,peripheral,0.2,"узел на 4-м колене без исходящих — вероятный артефакт обрыва обхода, не подтверждённый terminal (in_deg=1)",21,0.1,0.2014,"узел на 4-м колене без исходящих — вероятный артефакт обрыва обхода, не подтверждённый terminal (in_deg=1) Кластер 21 (0 seed)  объём входящих 140 000 KZT."
100000003950749100,4,False,1,0,7000.0,0.0,1,0,0.0003858960099029351,-0.0,2.115533911011923e-08,0.0,False,0,0.0,True,0,peripheral,0.2,"узел на 4-м колене без исходящих — вероятный артефакт обрыва обхода, не подтверждённый terminal (in_deg=1)",2,0.1,0.1525,"узел на 4-м колене без исходящих — вероятный артефакт обрыва обхода, не подтверждённый terminal (in_deg=1) Кластер 2 (7 seed)  объём входящих 7 000 KZT."
100000005979037100,4,False,1,0,60300.0,0.0,1,0,0.0003262927144564953,-0.0,9.41029411855297e-19,0.0,False,0,0.0,True,0,peripheral,0.2,"узел на 4-м колене без исходящих — вероятный артефакт обрыва обхода, не подтверждённый terminal (in_deg=1)",17,0.1,0.1876,"узел на 4-м колене без исходящих — вероятный артефакт обрыва обхода, не подтверждённый terminal (in_deg=1) Кластер 17 (0 seed)  объём входящих 60 300 KZT."
100000008734279100,4,False,1,0,31650.0,0.0,1,0,0.0003026792800913572,-0.0,3.1784522466519e-09,0.0,False,0,0.0,True,0,peripheral,0.2,"узел на 4-м колене без исходящих — вероятный артефакт обрыва обхода, не подтверждённый terminal (in_deg=1)",17,0.1,0.1771,"узел на 4-м колене без исходящих — вероятный артефакт обрыва обхода, не подтверждённый terminal (in_deg=1) Кластер 17 (0 seed)  объём входящих 31 650 KZT."
100000005589319100,4,False,1,0,26000.0,0.0,1,0,0.00031133906968560824,-0.0,5.0785180838774533e-05,0.0,False,0,0.0,True,0,peripheral,0.2,"узел на 4-м колене без исходящих — вероятный артефакт обрыва обхода, не подтверждённый terminal (in_deg=1)",15,0.1,0.1739,"узел на 4-м колене без исходящих — вероятный артефакт обрыва обхода, не подтверждённый terminal (in_deg=1) Кластер 15 (5 seed)  объём входящих 26 000 KZT."
100000003626268100,4,False,1,0,5000.0,0.0,1,0,0.00053321566663876,-0.0,-2.024421743102914e-19,0.0,False,0,0.0,True,0,peripheral,0.2,"узел на 4-м колене без исходящих — вероятный артефакт обрыва обхода, не подтверждённый terminal (in_deg=1)",17,0.1,0.147,"узел на 4-м колене без исходящих — вероятный артефакт обрыва обхода, не подтверждённый terminal (in_deg=1) Кластер 17 (0 seed)  объём входящих 5 000 KZT."
100000001220124100,4,False,1,0,40000.0,0.0,1,0,0.0005419141070387542,-0.0,-1.540867321034716e-19,0.0,False,0,0.0,True,0,peripheral,0.2,"узел на 4-м колене без исходящих — вероятный артефакт обрыва обхода, не подтверждённый terminal (in_deg=1)",17,0.1,0.1809,"узел на 4-м колене без исходящих — вероятный артефакт обрыва обхода, не подтверждённый terminal (in_deg=1) Кластер 17 (0 seed)  объём входящих 40 000 KZT."
100000003904497100,4,False,1,0,10000.0,0.0,1,0,0.00034277041665051124,-0.0,2.212783253423325e-19,0.0,False,0,0.0,True,0,peripheral,0.2,"узел на 4-м колене без исходящих — вероятный артефакт обрыва обхода, не подтверждённый terminal (in_deg=1)",32,0.1,0.1583,"узел на 4-м колене без исходящих — вероятный артефакт обрыва обхода, не подтверждённый terminal (in_deg=1) Кластер 32 (0 seed)  объём входящих 10 000 KZT."
100000001270470100,4,False,1,0,28300.0,0.0,2,0,0.0004316350389003145,-0.0,6.066471558454062e-19,0.0,False,0,0.0,True,0,peripheral,0.2,"узел на 4-м колене без исходящих — вероятный артефакт обрыва обхода, не подтверждённый terminal (in_deg=1)",8,0.1,0.1753,"узел на 4-м колене без исходящих — вероятный артефакт обрыва обхода, не подтверждённый terminal (in_deg=1) Кластер 8 (1 seed)  объём входящих 28 300 KZT."
100000003091142100,4,False,1,0,40000.0,0.0,1,0,0.00041167089853853036,-0.0,1.4460723950794105e-19,0.0,False,0,0.0,True,0,peripheral,0.2,"узел на 4-м колене без исходящих — вероятный артефакт обрыва обхода, не подтверждённый terminal (in_deg=1)",8,0.1,0.1809,"узел на 4-м колене без исходящих — вероятный артефакт обрыва обхода, не подтверждённый terminal (in_deg=1) Кластер 8 (1 seed)  объём входящих 40 000 KZT."
100000001053894100,4,False,1,0,2000000.0,0.0,7,0,0.0004505209953840355,-0.0,-6.856578103802038e-20,0.0,False,0,0.0,True,0,peripheral,0.2,"узел на 4-м колене без исходящих — вероятный артефакт обрыва обхода, не подтверждённый terminal (in_deg=1)",64,0.1,0.2448,"узел на 4-м колене без исходящих — вероятный артефакт обрыва обхода, не подтверждённый terminal (in_deg=1) Кластер 64 (0 seed)  объём входящих 2 000 000 KZT."
100000004722630100,4,False,1,0,340000.0,0.0,2,0,0.0004942926421165496,-0.0,5.282724267111395e-19,0.0,False,0,0.0,True,0,peripheral,0.2,"узел на 4-м колене без исходящих — вероятный артефакт обрыва обхода, не подтверждённый terminal (in_deg=1)",61,0.1,0.2158,"узел на 4-м колене без исходящих — вероятный артефакт обрыва обхода, не подтверждённый terminal (in_deg=1) Кластер 61 (0 seed)  объём входящих 340 000 KZT."
100000004655046100,4,False,1,0,24000.0,0.0,1,0,0.0005599393884220686,-0.0,-2.7732014591044103e-19,0.0,False,0,0.0,True,0,peripheral,0.2,"узел на 4-м колене без исходящих — вероятный артефакт обрыва обхода, не подтверждённый terminal (in_deg=1)",29,0.1,0.1726,"узел на 4-м колене без исходящих — вероятный артефакт обрыва обхода, не подтверждённый terminal (in_deg=1) Кластер 29 (0 seed)  объём входящих 24 000 KZT."
100000004019056100,4,False,1,0,50000.0,0.0,1,0,0.0005432848903186063,-0.0,1.548247772270003e-19,0.0,False,0,0.0,True,0,peripheral,0.2,"узел на 4-м колене без исходящих — вероятный артефакт обрыва обхода, не подтверждённый terminal (in_deg=1)",31,0.1,0.1846,"узел на 4-м колене без исходящих — вероятный артефакт обрыва обхода, не подтверждённый terminal (in_deg=1) Кластер 31 (3 seed)  объём входящих 50 000 KZT."
100000008071749100,4,False,1,0,24943.0,0.0,1,0,0.0002962237342608389,-0.0,2.7582739710930483e-06,0.0,False,0,0.0,True,0,peripheral,0.2,"узел на 4-м колене без исходящих — вероятный артефакт обрыва обхода, не подтверждённый terminal (in_deg=1)",29,0.1,0.1732,"узел на 4-м колене без исходящих — вероятный артефакт обрыва обхода, не подтверждённый terminal (in_deg=1) Кластер 29 (0 seed)  объём входящих 24 943 KZT."
100000008221765100,4,False,1,0,156354.0,0.0,1,0,0.0005428011368322504,-0.0,-4.578244763515872e-19,0.0,False,0,0.0,True,0,peripheral,0.2,"узел на 4-м колене без исходящих — вероятный артефакт обрыва обхода, не подтверждённый terminal (in_deg=1)",9,0.1,0.2032,"узел на 4-м колене без исходящих — вероятный артефакт обрыва обхода, не подтверждённый terminal (in_deg=1) Кластер 9 (0 seed)  объём входящих 156 354 KZT."
100000008778010100,4,False,1,0,76950.0,0.0,2,0,0.0005319634725532227,-0.0,7.761695223010984e-20,0.0,False,1,0.0,True,0,peripheral,0.2,"узел на 4-м колене без исходящих — вероятный артефакт обрыва обхода, не подтверждённый terminal (in_deg=1)",38,0.1,0.1916,"узел на 4-м колене без исходящих — вероятный артефакт обрыва обхода, не подтверждённый terminal (in_deg=1) Кластер 38 (1 seed)  объём входящих 76 950 KZT."
100000004584730100,4,False,1,0,47000.0,0.0,1,0,0.00030519999828623105,-0.0,7.661109445085255e-07,0.0,False,0,0.0,True,0,peripheral,0.2,"узел на 4-м колене без исходящих — вероятный артефакт обрыва обхода, не подтверждённый terminal (in_deg=1)",58,0.1,0.1836,"узел на 4-м колене без исходящих — вероятный артефакт обрыва обхода, не подтверждённый terminal (in_deg=1) Кластер 58 (0 seed)  объём входящих 47 000 KZT."
100000004797167100,4,False,1,0,31000.0,0.0,1,0,0.0005540311321928094,-0.0,-6.022601311151534e-19,0.0,False,0,0.0,True,0,peripheral,0.2,"узел на 4-м колене без исходящих — вероятный артефакт обрыва обхода, не подтверждённый terminal (in_deg=1)",17,0.1,0.1768,"узел на 4-м колене без исходящих — вероятный артефакт обрыва обхода, не подтверждённый terminal (in_deg=1) Кластер 17 (0 seed)  объём входящих 31 000 KZT."
100000005010159100,4,False,1,0,7092.0,0.0,1,0,0.0006170044548736873,-0.0,-1.1636032920015891e-19,0.0,False,0,0.0,True,0,peripheral,0.2,"узел на 4-м колене без исходящих — вероятный артефакт обрыва обхода, не подтверждённый terminal (in_deg=1)",17,0.1,0.1527,"узел на 4-м колене без исходящих — вероятный артефакт обрыва обхода, не подтверждённый terminal (in_deg=1) Кластер 17 (0 seed)  объём входящих 7 092 KZT."
100000003025903100,4,False,1,0,386300.0,0.0,6,0,0.0005287470846618524,-0.0,4.415328176037049e-20,0.0,False,0,0.0,True,0,peripheral,0.2,"узел на 4-м колене без исходящих — вероятный артефакт обрыва обхода, не подтверждённый terminal (in_deg=1)",9,0.1,0.2179,"узел на 4-м колене без исходящих — вероятный артефакт обрыва обхода, не подтверждённый terminal (in_deg=1) Кластер 9 (0 seed)  объём входящих 386 300 KZT."
100000003005167100,4,False,1,0,7000.0,0.0,1,0,0.00029061083713085434,-0.0,3.687381946528126e-06,0.0,False,0,0.0,True,0,peripheral,0.2,"узел на 4-м колене без исходящих — вероятный артефакт обрыва обхода, не подтверждённый terminal (in_deg=1)",29,0.1,0.1525,"узел на 4-м колене без исходящих — вероятный артефакт обрыва обхода, не подтверждённый terminal (in_deg=1) Кластер 29 (0 seed)  объём входящих 7 000 KZT."
100000002214383100,4,False,1,0,213000.0,0.0,1,0,0.0005331973163312098,-0.0,1.6235870979064244e-19,0.0,False,1,0.0,True,0,peripheral,0.2,"узел на 4-м колене без исходящих — вероятный артефакт обрыва обхода, не подтверждённый terminal (in_deg=1)",38,0.1,0.2082,"узел на 4-м колене без исходящих — вероятный артефакт обрыва обхода, не подтверждённый terminal (in_deg=1) Кластер 38 (1 seed)  объём входящих 213 000 KZT."
100000004800452100,4,False,1,0,6544.53,0.0,1,0,0.000610590418646533,-0.0,-2.637150644205162e-19,0.0,False,0,0.0,True,0,peripheral,0.2,"узел на 4-м колене без исходящих — вероятный артефакт обрыва обхода, не подтверждённый terminal (in_deg=1)",9,0.1,0.1514,"узел на 4-м колене без исходящих — вероятный артефакт обрыва обхода, не подтверждённый terminal (in_deg=1) Кластер 9 (0 seed)  объём входящих 6 545 KZT."
100000006903193100,4,False,1,0,9000.0,0.0,1,0,0.00030295089576911586,-0.0,2.9101871454731377e-05,0.0,False,0,0.0,True,0,peripheral,0.2,"узел на 4-м колене без исходящих — вероятный артефакт обрыва обхода, не подтверждённый terminal (in_deg=1)",8,0.1,0.1566,"узел на 4-м колене без исходящих — вероятный артефакт обрыва обхода, не подтверждённый terminal (in_deg=1) Кластер 8 (1 seed)  объём входящих 9 000 KZT."
100000007811950100,4,False,1,0,50000.0,0.0,1,0,0.0005486110276407319,-0.0,-2.1680955777308082e-19,0.0,False,0,0.0,True,0,peripheral,0.2,"узел на 4-м колене без исходящих — вероятный артефакт обрыва обхода, не подтверждённый terminal (in_deg=1)",51,0.1,0.1846,"узел на 4-м колене без исходящих — вероятный артефакт обрыва обхода, не подтверждённый terminal (in_deg=1) Кластер 51 (0 seed)  объём входящих 50 000 KZT."
100000000375150100,4,False,1,0,300000.0,0.0,1,0,0.0007494263644586512,-0.0,1.23662969263543e-19,0.0,False,0,0.0,True,0,peripheral,0.2,"узел на 4-м колене без исходящих — вероятный артефакт обрыва обхода, не подтверждённый terminal (in_deg=1)",31,0.1,0.2138,"узел на 4-м колене без исходящих — вероятный артефакт обрыва обхода, не подтверждённый terminal (in_deg=1) Кластер 31 (3 seed)  объём входящих 300 000 KZT."
100000008775747100,4,False,1,0,5000.0,0.0,1,0,0.0002875094504060277,-0.0,1.2761480262545454e-06,0.0,False,0,0.0,True,0,peripheral,0.2,"узел на 4-м колене без исходящих — вероятный артефакт обрыва обхода, не подтверждённый terminal (in_deg=1)",32,0.1,0.147,"узел на 4-м колене без исходящих — вероятный артефакт обрыва обхода, не подтверждённый terminal (in_deg=1) Кластер 32 (0 seed)  объём входящих 5 000 KZT."
100000006689603100,4,False,1,0,400000.0,0.0,2,0,0.000313782333757461,-0.0,0.00011365723689489736,0.0,False,0,0.0,True,0,peripheral,0.2,"узел на 4-м колене без исходящих — вероятный артефакт обрыва обхода, не подтверждённый terminal (in_deg=1)",17,0.1,0.2185,"узел на 4-м колене без исходящих — вероятный артефакт обрыва обхода, не подтверждённый terminal (in_deg=1) Кластер 17 (0 seed)  объём входящих 400 000 KZT."
100000005075949100,4,False,1,0,2226000.0,0.0,7,0,0.0007711610848047256,-0.0,2.5468927032645624e-20,0.0,False,0,0.0,True,0,peripheral,0.2,"узел на 4-м колене без исходящих — вероятный артефакт обрыва обхода, не подтверждённый terminal (in_deg=1)",16,0.1,0.2465,"узел на 4-м колене без исходящих — вероятный артефакт обрыва обхода, не подтверждённый terminal (in_deg=1) Кластер 16 (0 seed)  объём входящих 2 226 000 KZT."
100000003985389100,4,False,1,0,422698.0,0.0,16,0,0.0004925042382196952,-0.0,-3.870825372666911e-20,0.0,False,0,0.0,True,0,peripheral,0.2,"узел на 4-м колене без исходящих — вероятный артефакт обрыва обхода, не подтверждённый terminal (in_deg=1)",17,0.1,0.2194,"узел на 4-м колене без исходящих — вероятный артефакт обрыва обхода, не подтверждённый terminal (in_deg=1) Кластер 17 (0 seed)  объём входящих 422 698 KZT."
100000002478829100,4,False,1,0,34000.0,0.0,1,0,0.00038903661693242777,-0.0,-4.829699373946121e-19,0.0,False,0,0.0,True,0,peripheral,0.2,"узел на 4-м колене без исходящих — вероятный артефакт обрыва обхода, не подтверждённый terminal (in_deg=1)",46,0.1,0.1783,"узел на 4-м колене без исходящих — вероятный артефакт обрыва обхода, не подтверждённый terminal (in_deg=1) Кластер 46 (0 seed)  объём входящих 34 000 KZT."
100000003125997100,4,False,1,0,87750.0,0.0,1,0,0.0005508476119532817,-0.0,1.8016110386386718e-19,0.0,False,0,0.0,True,0,peripheral,0.2,"узел на 4-м колене без исходящих — вероятный артефакт обрыва обхода, не подтверждённый terminal (in_deg=1)",32,0.1,0.1937,"узел на 4-м колене без исходящих — вероятный артефакт обрыва обхода, не подтверждённый terminal (in_deg=1) Кластер 32 (0 seed)  объём входящих 87 750 KZT."
100000003214786100,4,False,1,0,5000.0,0.0,1,0,0.0004221278003184255,-0.0,3.2690575970775206e-19,0.0,False,0,0.0,True,0,peripheral,0.2,"узел на 4-м колене без исходящих — вероятный артефакт обрыва обхода, не подтверждённый terminal (in_deg=1)",8,0.1,0.147,"узел на 4-м колене без исходящих — вероятный артефакт обрыва обхода, не подтверждённый terminal (in_deg=1) Кластер 8 (1 seed)  объём входящих 5 000 KZT."
100000008308418100,4,False,1,0,50000.0,0.0,1,0,0.0004335004037730174,-0.0,3.0073824437826006e-19,0.0,False,0,0.0,True,0,peripheral,0.2,"узел на 4-м колене без исходящих — вероятный артефакт обрыва обхода, не подтверждённый terminal (in_deg=1)",8,0.1,0.1846,"узел на 4-м колене без исходящих — вероятный артефакт обрыва обхода, не подтверждённый terminal (in_deg=1) Кластер 8 (1 seed)  объём входящих 50 000 KZT."
100000008619159100,4,False,1,0,446400.0,0.0,2,0,0.00035816966450760365,-0.0,-2.042485494458755e-19,0.0,False,0,0.0,True,0,peripheral,0.2,"узел на 4-м колене без исходящих — вероятный артефакт обрыва обхода, не подтверждённый terminal (in_deg=1)",68,0.1,0.2203,"узел на 4-м колене без исходящих — вероятный артефакт обрыва обхода, не подтверждённый terminal (in_deg=1) Кластер 68 (0 seed)  объём входящих 446 400 KZT."
100000004418967100,4,False,1,0,100000.0,0.0,1,0,0.0004555019189629489,-0.0,1.458163634199115e-19,0.0,False,0,0.0,True,0,peripheral,0.2,"узел на 4-м колене без исходящих — вероятный артефакт обрыва обхода, не подтверждённый terminal (in_deg=1)",32,0.1,0.1959,"узел на 4-м колене без исходящих — вероятный артефакт обрыва обхода, не подтверждённый terminal (in_deg=1) Кластер 32 (0 seed)  объём входящих 100 000 KZT."
100000003173783100,4,False,1,0,23500.0,0.0,2,0,0.00034834948327385477,-0.0,4.500602285482716e-05,0.0,False,0,0.0,True,0,peripheral,0.2,"узел на 4-м колене без исходящих — вероятный артефакт обрыва обхода, не подтверждённый terminal (in_deg=1)",60,0.1,0.1722,"узел на 4-м колене без исходящих — вероятный артефакт обрыва обхода, не подтверждённый terminal (in_deg=1) Кластер 60 (0 seed)  объём входящих 23 500 KZT."
100000002242455100,4,False,1,0,110000.0,0.0,1,0,0.0005345037605974338,-0.0,1.2831022115093786e-19,0.0,False,0,0.0,True,0,peripheral,0.2,"узел на 4-м колене без исходящих — вероятный артефакт обрыва обхода, не подтверждённый terminal (in_deg=1)",9,0.1,0.1974,"узел на 4-м колене без исходящих — вероятный артефакт обрыва обхода, не подтверждённый terminal (in_deg=1) Кластер 9 (0 seed)  объём входящих 110 000 KZT."
100000004848236100,4,False,1,0,7500.0,0.0,1,0,0.000310252984649524,-0.0,1.4460723950794105e-19,0.0,False,0,0.0,True,0,peripheral,0.2,"узел на 4-м колене без исходящих — вероятный артефакт обрыва обхода, не подтверждённый terminal (in_deg=1)",8,0.1,0.1536,"узел на 4-м колене без исходящих — вероятный артефакт обрыва обхода, не подтверждённый terminal (in_deg=1) Кластер 8 (1 seed)  объём входящих 7 500 KZT."
100000004674412100,4,False,1,0,46000.0,0.0,1,0,0.000491488103372131,-0.0,7.527079196254659e-19,0.0,False,0,0.0,True,0,peripheral,0.2,"узел на 4-м колене без исходящих — вероятный артефакт обрыва обхода, не подтверждённый terminal (in_deg=1)",5,0.1,0.1832,"узел на 4-м колене без исходящих — вероятный артефакт обрыва обхода, не подтверждённый terminal (in_deg=1) Кластер 5 (1 seed)  объём входящих 46 000 KZT."
100000007071852100,4,False,1,0,195000.0,0.0,1,0,0.00044546482150226727,-0.0,2.7170551345385822e-05,0.0,False,0,0.0,True,0,peripheral,0.2,"узел на 4-м колене без исходящих — вероятный артефакт обрыва обхода, не подтверждённый terminal (in_deg=1)",17,0.1,0.2068,"узел на 4-м колене без исходящих — вероятный артефакт обрыва обхода, не подтверждённый terminal (in_deg=1) Кластер 17 (0 seed)  объём входящих 195 000 KZT."
100000001498732100,4,False,1,0,5500.0,0.0,1,0,0.0002907055489095026,-0.0,1.4075359187262471e-08,0.0,False,0,0.0,True,0,peripheral,0.2,"узел на 4-м колене без исходящих — вероятный артефакт обрыва обхода, не подтверждённый terminal (in_deg=1)",47,0.1,0.1486,"узел на 4-м колене без исходящих — вероятный артефакт обрыва обхода, не подтверждённый terminal (in_deg=1) Кластер 47 (0 seed)  объём входящих 5 500 KZT."
100000000627521100,4,False,1,0,6500.0,0.0,1,0,0.0002873807851454418,-0.0,-6.856578103802038e-20,0.0,False,0,0.0,True,0,peripheral,0.2,"узел на 4-м колене без исходящих — вероятный артефакт обрыва обхода, не подтверждённый terminal (in_deg=1)",64,0.1,0.1513,"узел на 4-м колене без исходящих — вероятный артефакт обрыва обхода, не подтверждённый terminal (in_deg=1) Кластер 64 (0 seed)  объём входящих 6 500 KZT."
100000003105089100,4,False,1,0,10000.0,0.0,1,0,0.0003007727149863169,-0.0,-1.8111134716790626e-19,0.0,False,0,0.0,True,0,peripheral,0.2,"узел на 4-м колене без исходящих — вероятный артефакт обрыва обхода, не подтверждённый terminal (in_deg=1)",46,0.1,0.1583,"узел на 4-м колене без исходящих — вероятный артефакт обрыва обхода, не подтверждённый terminal (in_deg=1) Кластер 46 (0 seed)  объём входящих 10 000 KZT."
100000003166017100,4,False,1,0,15000.0,0.0,1,0,0.0002924866349747616,-0.0,2.7582739710930483e-06,0.0,False,0,0.0,True,0,peripheral,0.2,"узел на 4-м колене без исходящих — вероятный артефакт обрыва обхода, не подтверждённый terminal (in_deg=1)",29,0.1,0.1649,"узел на 4-м колене без исходящих — вероятный артефакт обрыва обхода, не подтверждённый terminal (in_deg=1) Кластер 29 (0 seed)  объём входящих 15 000 KZT."
100000002506987100,4,False,1,0,28200.0,0.0,1,0,0.00029744788515843055,-0.0,2.7582739710930483e-06,0.0,False,0,0.0,True,0,peripheral,0.2,"узел на 4-м колене без исходящих — вероятный артефакт обрыва обхода, не подтверждённый terminal (in_deg=1)",29,0.1,0.1752,"узел на 4-м колене без исходящих — вероятный артефакт обрыва обхода, не подтверждённый terminal (in_deg=1) Кластер 29 (0 seed)  объём входящих 28 200 KZT."
100000005767403100,4,False,1,0,1100000.0,0.0,2,0,0.0010861140873395206,-0.0,1.468380142126487e-07,0.0,False,0,0.0,True,0,peripheral,0.2,"узел на 4-м колене без исходящих — вероятный артефакт обрыва обхода, не подтверждённый terminal (in_deg=1)",10,0.1,0.235,"узел на 4-м колене без исходящих — вероятный артефакт обрыва обхода, не подтверждённый terminal (in_deg=1) Кластер 10 (0 seed)  объём входящих 1 100 000 KZT."
100000005553088100,4,False,1,0,17500.0,0.0,1,0,0.0002956018527220206,-0.0,3.1784522466519e-09,0.0,False,0,0.0,True,0,peripheral,0.2,"узел на 4-м колене без исходящих — вероятный артефакт обрыва обхода, не подтверждённый terminal (in_deg=1)",17,0.1,0.1674,"узел на 4-м колене без исходящих — вероятный артефакт обрыва обхода, не подтверждённый terminal (in_deg=1) Кластер 17 (0 seed)  объём входящих 17 500 KZT."
100000003632533100,4,False,1,0,10000.0,0.0,1,0,0.00043080356024598855,-0.0,-8.23808984889237e-19,0.0,False,0,0.0,True,0,peripheral,0.2,"узел на 4-м колене без исходящих — вероятный артефакт обрыва обхода, не подтверждённый terminal (in_deg=1)",9,0.1,0.1583,"узел на 4-м колене без исходящих — вероятный артефакт обрыва обхода, не подтверждённый terminal (in_deg=1) Кластер 9 (0 seed)  объём входящих 10 000 KZT."
100000008762005100,4,False,1,0,5000.0,0.0,1,0,0.00028806431372000536,-0.0,3.09069752626555e-08,0.0,False,0,0.0,True,0,peripheral,0.2,"узел на 4-м колене без исходящих — вероятный артефакт обрыва обхода, не подтверждённый terminal (in_deg=1)",32,0.1,0.147,"узел на 4-м колене без исходящих — вероятный артефакт обрыва обхода, не подтверждённый terminal (in_deg=1) Кластер 32 (0 seed)  объём входящих 5 000 KZT."
100000002214207100,4,False,1,0,97000.0,0.0,1,0,0.00069353705037092,-0.0,1.7397271179443535e-19,0.0,False,0,0.0,True,0,peripheral,0.2,"узел на 4-м колене без исходящих — вероятный артефакт обрыва обхода, не подтверждённый terminal (in_deg=1)",56,0.1,0.1954,"узел на 4-м колене без исходящих — вероятный артефакт обрыва обхода, не подтверждённый terminal (in_deg=1) Кластер 56 (0 seed)  объём входящих 97 000 KZT."
100000003180820100,4,False,1,0,101000.0,0.0,1,0,0.0003001929652391132,-0.0,1.2761480262545454e-06,0.0,False,0,0.0,True,0,peripheral,0.2,"узел на 4-м колене без исходящих — вероятный артефакт обрыва обхода, не подтверждённый terminal (in_deg=1)",32,0.1,0.196,"узел на 4-м колене без исходящих — вероятный артефакт обрыва обхода, не подтверждённый terminal (in_deg=1) Кластер 32 (0 seed)  объём входящих 101 000 KZT."
100000003786516100,4,False,1,0,5000.0,0.0,1,0,0.0002944715277207126,-0.0,2.7726405416954235e-05,0.0,False,0,0.0,True,0,peripheral,0.2,"узел на 4-м колене без исходящих — вероятный артефакт обрыва обхода, не подтверждённый terminal (in_deg=1)",8,0.1,0.147,"узел на 4-м колене без исходящих — вероятный артефакт обрыва обхода, не подтверждённый terminal (in_deg=1) Кластер 8 (1 seed)  объём входящих 5 000 KZT."
100000005226217100,4,False,1,0,17500.0,0.0,1,0,0.0003847115911320412,-0.0,2.212783253423325e-19,0.0,False,0,0.0,True,0,peripheral,0.2,"узел на 4-м колене без исходящих — вероятный артефакт обрыва обхода, не подтверждённый terminal (in_deg=1)",32,0.1,0.1674,"узел на 4-м колене без исходящих — вероятный артефакт обрыва обхода, не подтверждённый terminal (in_deg=1) Кластер 32 (0 seed)  объём входящих 17 500 KZT."
100000001533161100,4,False,1,0,100000.0,0.0,1,0,0.0003258938455923575,-0.0,7.661109445085255e-07,0.0,False,0,0.0,True,0,peripheral,0.2,"узел на 4-м колене без исходящих — вероятный артефакт обрыва обхода, не подтверждённый terminal (in_deg=1)",58,0.1,0.1959,"узел на 4-м колене без исходящих — вероятный артефакт обрыва обхода, не подтверждённый terminal (in_deg=1) Кластер 58 (0 seed)  объём входящих 100 000 KZT."
100000007034089100,4,False,2,0,198000.0,0.0,2,0,0.0003225499409968397,-0.0,1.6071079325061875e-06,0.0,False,0,0.0,True,0,peripheral,0.2,"узел на 4-м колене без исходящих — вероятный артефакт обрыва обхода, не подтверждённый terminal (in_deg=2)",32,0.1,0.207,"узел на 4-м колене без исходящих — вероятный артефакт обрыва обхода, не подтверждённый terminal (in_deg=2) Кластер 32 (0 seed)  объём входящих 198 000 KZT."
100000008336318100,4,False,1,0,170000.0,0.0,1,0,0.0003281745942006332,-0.0,3.09069752626555e-08,0.0,False,0,0.0,True,0,peripheral,0.2,"узел на 4-м колене без исходящих — вероятный артефакт обрыва обхода, не подтверждённый terminal (in_deg=1)",32,0.1,0.2045,"узел на 4-м колене без исходящих — вероятный артефакт обрыва обхода, не подтверждённый terminal (in_deg=1) Кластер 32 (0 seed)  объём входящих 170 000 KZT."
100000005370558100,4,False,1,0,5000.0,0.0,1,0,0.0003006373817488417,-0.0,5.553943663913904e-06,0.0,False,0,0.0,True,0,peripheral,0.2,"узел на 4-м колене без исходящих — вероятный артефакт обрыва обхода, не подтверждённый terminal (in_deg=1)",8,0.1,0.147,"узел на 4-м колене без исходящих — вероятный артефакт обрыва обхода, не подтверждённый terminal (in_deg=1) Кластер 8 (1 seed)  объём входящих 5 000 KZT."
100000002729875100,4,False,1,0,76000.0,0.0,1,0,0.00031541362445989824,-0.0,2.7582739710930483e-06,0.0,False,0,0.0,True,0,peripheral,0.2,"узел на 4-м колене без исходящих — вероятный артефакт обрыва обхода, не подтверждённый terminal (in_deg=1)",29,0.1,0.1914,"узел на 4-м колене без исходящих — вероятный артефакт обрыва обхода, не подтверждённый terminal (in_deg=1) Кластер 29 (0 seed)  объём входящих 76 000 KZT."
100000006512787100,4,False,1,0,20000.0,0.0,2,0,0.0005323686713884702,-0.0,3.5971106014089465e-19,0.0,False,0,0.0,True,0,peripheral,0.2,"узел на 4-м колене без исходящих — вероятный артефакт обрыва обхода, не подтверждённый terminal (in_deg=1)",8,0.1,0.1696,"узел на 4-м колене без исходящих — вероятный артефакт обрыва обхода, не подтверждённый terminal (in_deg=1) Кластер 8 (1 seed)  объём входящих 20 000 KZT."
100000003186579100,4,False,1,0,110000.0,0.0,2,0,0.0005174329706222673,-0.0,-5.470545952274771e-20,0.0,False,0,0.0,True,0,peripheral,0.2,"узел на 4-м колене без исходящих — вероятный артефакт обрыва обхода, не подтверждённый terminal (in_deg=1)",17,0.1,0.1974,"узел на 4-м колене без исходящих — вероятный артефакт обрыва обхода, не подтверждённый terminal (in_deg=1) Кластер 17 (0 seed)  объём входящих 110 000 KZT."
100000004472936100,4,False,1,0,5000.0,0.0,1,0,0.000534224856447652,-0.0,-4.75041755861704e-19,0.0,False,0,0.0,True,0,peripheral,0.2,"узел на 4-м колене без исходящих — вероятный артефакт обрыва обхода, не подтверждённый terminal (in_deg=1)",31,0.1,0.147,"узел на 4-м колене без исходящих — вероятный артефакт обрыва обхода, не подтверждённый terminal (in_deg=1) Кластер 31 (3 seed)  объём входящих 5 000 KZT."
100000002231144100,4,False,1,0,15000.0,0.0,1,0,0.0003688572027137274,-0.0,2.448823257118075e-19,0.0,False,0,0.0,True,0,peripheral,0.2,"узел на 4-м колене без исходящих — вероятный артефакт обрыва обхода, не подтверждённый terminal (in_deg=1)",46,0.1,0.1649,"узел на 4-м колене без исходящих — вероятный артефакт обрыва обхода, не подтверждённый terminal (in_deg=1) Кластер 46 (0 seed)  объём входящих 15 000 KZT."
100000002505277100,4,False,1,0,60000.0,0.0,1,0,0.00040945353341038894,-0.0,-2.4288968215524666e-19,0.0,False,0,0.0,True,0,peripheral,0.2,"узел на 4-м колене без исходящих — вероятный артефакт обрыва обхода, не подтверждённый terminal (in_deg=1)",8,0.1,0.1875,"узел на 4-м колене без исходящих — вероятный артефакт обрыва обхода, не подтверждённый terminal (in_deg=1) Кластер 8 (1 seed)  объём входящих 60 000 KZT."
100000003177533100,4,False,1,0,20000.0,0.0,3,0,0.0003396994906530415,-0.0,-1.1888190266099635e-19,0.0,False,0,0.0,True,0,peripheral,0.2,"узел на 4-м колене без исходящих — вероятный артефакт обрыва обхода, не подтверждённый terminal (in_deg=1)",17,0.1,0.1696,"узел на 4-м колене без исходящих — вероятный артефакт обрыва обхода, не подтверждённый terminal (in_deg=1) Кластер 17 (0 seed)  объём входящих 20 000 KZT."
100000005888829100,4,False,1,0,197000.0,0.0,1,0,0.0003128764800721987,-0.0,1.2761480262545454e-06,0.0,False,0,0.0,True,0,peripheral,0.2,"узел на 4-м колене без исходящих — вероятный артефакт обрыва обхода, не подтверждённый terminal (in_deg=1)",32,0.1,0.2069,"узел на 4-м колене без исходящих — вероятный артефакт обрыва обхода, не подтверждённый terminal (in_deg=1) Кластер 32 (0 seed)  объём входящих 197 000 KZT."
100000002242066100,4,False,1,0,60000.0,0.0,1,0,0.0005361178711651809,-0.0,-3.37748182183627e-19,0.0,False,0,0.0,True,0,peripheral,0.2,"узел на 4-м колене без исходящих — вероятный артефакт обрыва обхода, не подтверждённый terminal (in_deg=1)",34,0.1,0.1875,"узел на 4-м колене без исходящих — вероятный артефакт обрыва обхода, не подтверждённый terminal (in_deg=1) Кластер 34 (0 seed)  объём входящих 60 000 KZT."
100000008027922100,4,False,1,0,70000.0,0.0,1,0,0.000504707881496433,-0.0,1.8064593226992727e-19,0.0,False,0,0.0,True,0,peripheral,0.2,"узел на 4-м колене без исходящих — вероятный артефакт обрыва обхода, не подтверждённый terminal (in_deg=1)",11,0.1,0.1901,"узел на 4-м колене без исходящих — вероятный артефакт обрыва обхода, не подтверждённый terminal (in_deg=1) Кластер 11 (0 seed)  объём входящих 70 000 KZT."
100000002686226100,4,False,1,0,430000.0,0.0,2,0,0.000657422564333951,-0.0,3.8783308312873343e-19,0.0,False,0,0.0,True,0,peripheral,0.2,"узел на 4-м колене без исходящих — вероятный артефакт обрыва обхода, не подтверждённый terminal (in_deg=1)",41,0.1,0.2197,"узел на 4-м колене без исходящих — вероятный артефакт обрыва обхода, не подтверждённый terminal (in_deg=1) Кластер 41 (0 seed)  объём входящих 430 000 KZT."
100000001065234100,4,False,1,0,360000.0,0.0,1,0,0.000551059341975592,-0.0,4.994846779531853e-19,0.0,False,0,0.0,True,0,peripheral,0.2,"узел на 4-м колене без исходящих — вероятный артефакт обрыва обхода, не подтверждённый terminal (in_deg=1)",66,0.1,0.2168,"узел на 4-м колене без исходящих — вероятный артефакт обрыва обхода, не подтверждённый terminal (in_deg=1) Кластер 66 (0 seed)  объём входящих 360 000 KZT."
100000000424935100,4,False,1,0,15000.0,0.0,1,0,0.000302789035369116,-0.0,3.038680521831899e-11,0.0,False,0,0.0,True,0,peripheral,0.2,"узел на 4-м колене без исходящих — вероятный артефакт обрыва обхода, не подтверждённый terminal (in_deg=1)",57,0.1,0.1649,"узел на 4-м колене без исходящих — вероятный артефакт обрыва обхода, не подтверждённый terminal (in_deg=1) Кластер 57 (0 seed)  объём входящих 15 000 KZT."
100000005723580100,4,False,1,0,35000.0,0.0,1,0,0.0003458774245758717,-0.0,1.458163634199115e-19,0.0,False,0,0.0,True,0,peripheral,0.2,"узел на 4-м колене без исходящих — вероятный артефакт обрыва обхода, не подтверждённый terminal (in_deg=1)",32,0.1,0.1787,"узел на 4-м колене без исходящих — вероятный артефакт обрыва обхода, не подтверждённый terminal (in_deg=1) Кластер 32 (0 seed)  объём входящих 35 000 KZT."
100000000704700100,4,False,1,0,10000.0,0.0,1,0,0.000535589944745787,-0.0,-1.1346949868673892e-19,0.0,False,4,0.0,True,0,peripheral,0.2,"узел на 4-м колене без исходящих — вероятный артефакт обрыва обхода, не подтверждённый terminal (in_deg=1)",44,0.1,0.1583,"узел на 4-м колене без исходящих — вероятный артефакт обрыва обхода, не подтверждённый terminal (in_deg=1) Кластер 44 (1 seed)  объём входящих 10 000 KZT."
100000005293969100,4,False,1,0,5466.97,0.0,1,0,0.0005328142094654642,-0.0,3.934367752688643e-19,0.0,False,0,0.0,True,0,peripheral,0.2,"узел на 4-м колене без исходящих — вероятный артефакт обрыва обхода, не подтверждённый terminal (in_deg=1)",8,0.1,0.1485,"узел на 4-м колене без исходящих — вероятный артефакт обрыва обхода, не подтверждённый terminal (in_deg=1) Кластер 8 (1 seed)  объём входящих 5 467 KZT."
100000002512742100,4,False,1,0,6000.0,0.0,1,0,0.0002900734104943234,-0.0,3.687381946528126e-06,0.0,False,0,0.0,True,0,peripheral,0.2,"узел на 4-м колене без исходящих — вероятный артефакт обрыва обхода, не подтверждённый terminal (in_deg=1)",29,0.1,0.15,"узел на 4-м колене без исходящих — вероятный артефакт обрыва обхода, не подтверждённый terminal (in_deg=1) Кластер 29 (0 seed)  объём входящих 6 000 KZT."
100000001816678100,4,False,1,0,60000.0,0.0,1,0,0.0003110373276412958,-0.0,2.308582546005927e-05,0.0,False,0,0.0,True,0,peripheral,0.2,"узел на 4-м колене без исходящих — вероятный артефакт обрыва обхода, не подтверждённый terminal (in_deg=1)",15,0.1,0.1875,"узел на 4-м колене без исходящих — вероятный артефакт обрыва обхода, не подтверждённый terminal (in_deg=1) Кластер 15 (5 seed)  объём входящих 60 000 KZT."
100000004586598100,4,False,1,0,761255.0,0.0,4,0,0.0005416234594243446,-0.0,1.969726531243108e-19,0.0,False,0,0.0,True,0,peripheral,0.2,"узел на 4-м колене без исходящих — вероятный артефакт обрыва обхода, не подтверждённый terminal (in_deg=1)",50,0.1,0.229,"узел на 4-м колене без исходящих — вероятный артефакт обрыва обхода, не подтверждённый terminal (in_deg=1) Кластер 50 (0 seed)  объём входящих 761 255 KZT."
100000005782886100,4,False,1,0,14000.0,0.0,1,0,0.00036513904304066056,-0.0,2.212783253423325e-19,0.0,False,0,0.0,True,0,peripheral,0.2,"узел на 4-м колене без исходящих — вероятный артефакт обрыва обхода, не подтверждённый terminal (in_deg=1)",32,0.1,0.1638,"узел на 4-м колене без исходящих — вероятный артефакт обрыва обхода, не подтверждённый terminal (in_deg=1) Кластер 32 (0 seed)  объём входящих 14 000 KZT."
100000002622822100,4,False,1,0,750000.0,0.0,1,0,0.0009115195603749135,-0.0,7.723971212347126e-19,0.0,False,0,0.0,True,0,peripheral,0.2,"узел на 4-м колене без исходящих — вероятный артефакт обрыва обхода, не подтверждённый terminal (in_deg=1)",21,0.1,0.2288,"узел на 4-м колене без исходящих — вероятный артефакт обрыва обхода, не подтверждённый terminal (in_deg=1) Кластер 21 (0 seed)  объём входящих 750 000 KZT."
100000003718715100,4,False,1,0,915000.0,0.0,3,0,0.0005780729063882122,-0.0,-5.418781401574102e-19,0.0,False,0,0.0,True,0,peripheral,0.2,"узел на 4-м колене без исходящих — вероятный артефакт обрыва обхода, не подтверждённый terminal (in_deg=1)",31,0.1,0.232,"узел на 4-м колене без исходящих — вероятный артефакт обрыва обхода, не подтверждённый terminal (in_deg=1) Кластер 31 (3 seed)  объём входящих 915 000 KZT."
100000006491963100,4,False,1,0,16000.0,0.0,3,0,0.00029544767685963264,-0.0,3.687381946528126e-06,0.0,False,0,0.0,True,0,peripheral,0.2,"узел на 4-м колене без исходящих — вероятный артефакт обрыва обхода, не подтверждённый terminal (in_deg=1)",29,0.1,0.166,"узел на 4-м колене без исходящих — вероятный артефакт обрыва обхода, не подтверждённый terminal (in_deg=1) Кластер 29 (0 seed)  объём входящих 16 000 KZT."
100000004526651100,4,False,1,0,33000.0,0.0,1,0,0.00029120880889901097,-0.0,1.2761480262545454e-06,0.0,False,0,0.0,True,0,peripheral,0.2,"узел на 4-м колене без исходящих — вероятный артефакт обрыва обхода, не подтверждённый terminal (in_deg=1)",32,0.1,0.1778,"узел на 4-м колене без исходящих — вероятный артефакт обрыва обхода, не подтверждённый terminal (in_deg=1) Кластер 32 (0 seed)  объём входящих 33 000 KZT."
100000008331280100,4,False,1,0,41000.0,0.0,2,0,0.00031947686361663124,-0.0,-2.5803029506612833e-19,0.0,False,0,0.0,True,0,peripheral,0.2,"узел на 4-м колене без исходящих — вероятный артефакт обрыва обхода, не подтверждённый terminal (in_deg=1)",45,0.1,0.1813,"узел на 4-м колене без исходящих — вероятный артефакт обрыва обхода, не подтверждённый terminal (in_deg=1) Кластер 45 (0 seed)  объём входящих 41 000 KZT."
100000004177936100,4,False,1,0,10000.0,0.0,1,0,0.00033850457340797626,-0.0,1.9647728954401283e-05,0.0,False,0,0.0,True,0,peripheral,0.2,"узел на 4-м колене без исходящих — вероятный артефакт обрыва обхода, не подтверждённый terminal (in_deg=1)",17,0.1,0.1583,"узел на 4-м колене без исходящих — вероятный артефакт обрыва обхода, не подтверждённый terminal (in_deg=1) Кластер 17 (0 seed)  объём входящих 10 000 KZT."
100000002922000100,4,False,1,0,448000.0,0.0,1,0,0.00046177042790428147,-0.0,7.661109445085255e-07,0.0,False,0,0.0,True,0,peripheral,0.2,"узел на 4-м колене без исходящих — вероятный артефакт обрыва обхода, не подтверждённый terminal (in_deg=1)",58,0.1,0.2204,"узел на 4-м колене без исходящих — вероятный артефакт обрыва обхода, не подтверждённый terminal (in_deg=1) Кластер 58 (0 seed)  объём входящих 448 000 KZT."
100000002404112100,4,False,1,0,60000.0,0.0,1,0,0.00033153415459718637,-0.0,4.0337774958288006e-08,0.0,False,0,0.0,True,0,peripheral,0.2,"узел на 4-м колене без исходящих — вероятный артефакт обрыва обхода, не подтверждённый terminal (in_deg=1)",45,0.1,0.1875,"узел на 4-м колене без исходящих — вероятный артефакт обрыва обхода, не подтверждённый terminal (in_deg=1) Кластер 45 (0 seed)  объём входящих 60 000 KZT."
100000000634341100,4,False,1,0,24000.0,0.0,2,0,0.0005573539003533433,-0.0,1.8881062464583145e-19,0.0,False,0,0.0,True,0,peripheral,0.2,"узел на 4-м колене без исходящих — вероятный артефакт обрыва обхода, не подтверждённый terminal (in_deg=1)",8,0.1,0.1726,"узел на 4-м колене без исходящих — вероятный артефакт обрыва обхода, не подтверждённый terminal (in_deg=1) Кластер 8 (1 seed)  объём входящих 24 000 KZT."
100000001822650100,4,False,1,0,112000.0,0.0,1,0,0.00030727065406595434,-0.0,3.3095990625202033e-07,0.0,False,0,0.0,True,0,peripheral,0.2,"узел на 4-м колене без исходящих — вероятный артефакт обрыва обхода, не подтверждённый terminal (in_deg=1)",32,0.1,0.1977,"узел на 4-м колене без исходящих — вероятный артефакт обрыва обхода, не подтверждённый terminal (in_deg=1) Кластер 32 (0 seed)  объём входящих 112 000 KZT."
100000004791226100,4,False,1,0,20000.0,0.0,1,0,0.0005438507021136129,-0.0,-1.2062701293100242e-19,0.0,False,0,0.0,True,0,peripheral,0.2,"узел на 4-м колене без исходящих — вероятный артефакт обрыва обхода, не подтверждённый terminal (in_deg=1)",8,0.1,0.1696,"узел на 4-м колене без исходящих — вероятный артефакт обрыва обхода, не подтверждённый terminal (in_deg=1) Кластер 8 (1 seed)  объём входящих 20 000 KZT."
100000007841978100,4,False,1,0,449000.0,0.0,1,0,0.0005085344625420965,-0.0,-9.645025172105707e-19,0.0,False,0,0.0,True,0,peripheral,0.2,"узел на 4-м колене без исходящих — вероятный артефакт обрыва обхода, не подтверждённый terminal (in_deg=1)",9,0.1,0.2204,"узел на 4-м колене без исходящих — вероятный артефакт обрыва обхода, не подтверждённый terminal (in_deg=1) Кластер 9 (0 seed)  объём входящих 449 000 KZT."
100000006866831100,4,False,1,0,16500.0,0.0,1,0,0.0003693041098975185,-0.0,-3.567773804611269e-20,0.0,False,0,0.0,True,0,peripheral,0.2,"узел на 4-м колене без исходящих — вероятный артефакт обрыва обхода, не подтверждённый terminal (in_deg=1)",17,0.1,0.1665,"узел на 4-м колене без исходящих — вероятный артефакт обрыва обхода, не подтверждённый terminal (in_deg=1) Кластер 17 (0 seed)  объём входящих 16 500 KZT."
100000002999140100,4,False,1,0,10000.0,0.0,2,0,0.0002907787555485696,-0.0,2.369785447943299e-06,0.0,False,0,0.0,True,0,peripheral,0.2,"узел на 4-м колене без исходящих — вероятный артефакт обрыва обхода, не подтверждённый terminal (in_deg=1)",13,0.1,0.1583,"узел на 4-м колене без исходящих — вероятный артефакт обрыва обхода, не подтверждённый terminal (in_deg=1) Кластер 13 (1 seed)  объём входящих 10 000 KZT."
100000002884708100,4,False,1,0,1171644.0,0.0,2,0,0.0005650270040464904,-0.0,-2.5813458789275956e-20,0.0,False,0,0.0,True,0,peripheral,0.2,"узел на 4-м колене без исходящих — вероятный артефакт обрыва обхода, не подтверждённый terminal (in_deg=1)",32,0.1,0.236,"узел на 4-м колене без исходящих — вероятный артефакт обрыва обхода, не подтверждённый terminal (in_deg=1) Кластер 32 (0 seed)  объём входящих 1 171 644 KZT."
100000001130553100,4,False,1,0,18000.0,0.0,2,0,0.0005459673279026691,-0.0,-8.23808984889237e-19,0.0,False,0,0.0,True,0,peripheral,0.2,"узел на 4-м колене без исходящих — вероятный артефакт обрыва обхода, не подтверждённый terminal (in_deg=1)",9,0.1,0.1679,"узел на 4-м колене без исходящих — вероятный артефакт обрыва обхода, не подтверждённый terminal (in_deg=1) Кластер 9 (0 seed)  объём входящих 18 000 KZT."
100000006351075100,4,False,1,0,40000.0,0.0,2,0,0.0002923884266111348,-0.0,-2.724994670538405e-20,0.0,False,0,0.0,True,0,peripheral,0.2,"узел на 4-м колене без исходящих — вероятный артефакт обрыва обхода, не подтверждённый terminal (in_deg=1)",54,0.1,0.1809,"узел на 4-м колене без исходящих — вероятный артефакт обрыва обхода, не подтверждённый terminal (in_deg=1) Кластер 54 (0 seed)  объём входящих 40 000 KZT."
100000005616568100,4,False,1,0,530000.0,0.0,1,0,0.00043385516839323303,-0.0,3.5050620507293534e-19,0.0,False,0,0.0,True,0,peripheral,0.2,"узел на 4-м колене без исходящих — вероятный артефакт обрыва обхода, не подтверждённый terminal (in_deg=1)",9,0.1,0.2231,"узел на 4-м колене без исходящих — вероятный артефакт обрыва обхода, не подтверждённый terminal (in_deg=1) Кластер 9 (0 seed)  объём входящих 530 000 KZT."
100000006381453100,4,False,1,0,45000.0,0.0,1,0,0.0005787091993217518,-0.0,-2.6413428305956215e-19,0.0,False,0,0.0,True,0,peripheral,0.2,"узел на 4-м колене без исходящих — вероятный артефакт обрыва обхода, не подтверждённый terminal (in_deg=1)",32,0.1,0.1828,"узел на 4-м колене без исходящих — вероятный артефакт обрыва обхода, не подтверждённый terminal (in_deg=1) Кластер 32 (0 seed)  объём входящих 45 000 KZT."
100000004616845100,4,False,1,0,20200.0,0.0,2,0,0.00029011117484757973,-0.0,-5.224534970342741e-19,0.0,False,0,0.0,True,0,peripheral,0.2,"узел на 4-м колене без исходящих — вероятный артефакт обрыва обхода, не подтверждённый terminal (in_deg=1)",53,0.1,0.1698,"узел на 4-м колене без исходящих — вероятный артефакт обрыва обхода, не подтверждённый terminal (in_deg=1) Кластер 53 (0 seed)  объём входящих 20 200 KZT."
100000004908173100,4,False,1,0,21000.0,0.0,1,0,0.00032226599501557814,-0.0,1.458163634199115e-19,0.0,False,0,0.0,True,0,peripheral,0.2,"узел на 4-м колене без исходящих — вероятный артефакт обрыва обхода, не подтверждённый terminal (in_deg=1)",32,0.1,0.1704,"узел на 4-м колене без исходящих — вероятный артефакт обрыва обхода, не подтверждённый terminal (in_deg=1) Кластер 32 (0 seed)  объём входящих 21 000 KZT."
100000004433250100,4,False,1,0,8000.0,0.0,1,0,0.00030793930150589736,-0.0,-4.437315299397589e-20,0.0,False,0,0.0,True,0,peripheral,0.2,"узел на 4-м колене без исходящих — вероятный артефакт обрыва обхода, не подтверждённый terminal (in_deg=1)",8,0.1,0.1547,"узел на 4-м колене без исходящих — вероятный артефакт обрыва обхода, не подтверждённый terminal (in_deg=1) Кластер 8 (1 seed)  объём входящих 8 000 KZT."
100000003664994100,4,False,1,0,338271.0,0.0,2,0,0.00039283565744490946,-0.0,1.207235624057228e-06,0.0,False,0,0.0,True,0,peripheral,0.2,"узел на 4-м колене без исходящих — вероятный артефакт обрыва обхода, не подтверждённый terminal (in_deg=1)",65,0.1,0.2158,"узел на 4-м колене без исходящих — вероятный артефакт обрыва обхода, не подтверждённый terminal (in_deg=1) Кластер 65 (0 seed)  объём входящих 338 271 KZT."
100000004673335100,4,False,1,0,80000.0,0.0,1,0,0.0004962127063303444,-0.0,4.500602285482716e-05,0.0,False,0,0.0,True,0,peripheral,0.2,"узел на 4-м колене без исходящих — вероятный артефакт обрыва обхода, не подтверждённый terminal (in_deg=1)",60,0.1,0.1922,"узел на 4-м колене без исходящих — вероятный артефакт обрыва обхода, не подтверждённый terminal (in_deg=1) Кластер 60 (0 seed)  объём входящих 80 000 KZT."
100000002487222100,4,False,1,0,90000.0,0.0,2,0,0.00031181218764613514,-0.0,3.5050620507293534e-19,0.0,False,0,0.0,True,0,peripheral,0.2,"узел на 4-м колене без исходящих — вероятный артефакт обрыва обхода, не подтверждённый terminal (in_deg=1)",9,0.1,0.1942,"узел на 4-м колене без исходящих — вероятный артефакт обрыва обхода, не подтверждённый terminal (in_deg=1) Кластер 9 (0 seed)  объём входящих 90 000 KZT."
100000000018102100,4,False,1,0,7000.0,0.0,1,0,0.0003218298697391782,-0.0,-3.567773804611269e-20,0.0,False,0,0.0,True,0,peripheral,0.2,"узел на 4-м колене без исходящих — вероятный артефакт обрыва обхода, не подтверждённый terminal (in_deg=1)",17,0.1,0.1525,"узел на 4-м колене без исходящих — вероятный артефакт обрыва обхода, не подтверждённый terminal (in_deg=1) Кластер 17 (0 seed)  объём входящих 7 000 KZT."
100000008638859100,4,False,1,0,34000.0,0.0,1,0,0.0005419497123214285,-0.0,3.553646270048967e-05,0.0,False,0,0.0,True,0,peripheral,0.2,"узел на 4-м колене без исходящих — вероятный артефакт обрыва обхода, не подтверждённый terminal (in_deg=1)",49,0.1,0.1783,"узел на 4-м колене без исходящих — вероятный артефакт обрыва обхода, не подтверждённый terminal (in_deg=1) Кластер 49 (1 seed)  объём входящих 34 000 KZT."
100000001131403100,4,False,1,0,1570000.0,0.0,3,0,0.0005404057294243341,-0.0,-5.224534970342741e-19,0.0,False,0,0.0,True,0,peripheral,0.2,"узел на 4-м колене без исходящих — вероятный артефакт обрыва обхода, не подтверждённый terminal (in_deg=1)",53,0.1,0.2408,"узел на 4-м колене без исходящих — вероятный артефакт обрыва обхода, не подтверждённый terminal (in_deg=1) Кластер 53 (0 seed)  объём входящих 1 570 000 KZT."
100000001733216100,4,False,1,0,60000.0,0.0,2,0,0.00040945353341038894,-0.0,-2.4288968215524666e-19,0.0,False,0,0.0,True,0,peripheral,0.2,"узел на 4-м колене без исходящих — вероятный артефакт обрыва обхода, не подтверждённый terminal (in_deg=1)",8,0.1,0.1875,"узел на 4-м колене без исходящих — вероятный артефакт обрыва обхода, не подтверждённый terminal (in_deg=1) Кластер 8 (1 seed)  объём входящих 60 000 KZT."
100000004400480100,4,False,1,0,21700.0,0.0,1,0,0.0004866968416971746,-0.0,1.4359477054835956e-19,0.0,False,0,0.0,True,0,peripheral,0.2,"узел на 4-м колене без исходящих — вероятный артефакт обрыва обхода, не подтверждённый terminal (in_deg=1)",48,0.1,0.1709,"узел на 4-м колене без исходящих — вероятный артефакт обрыва обхода, не подтверждённый terminal (in_deg=1) Кластер 48 (0 seed)  объём входящих 21 700 KZT."
100000007539296100,4,False,1,0,46000.0,0.0,2,0,0.0005597526869806093,-0.0,2.4491301319294944e-20,0.0,False,0,0.0,True,0,peripheral,0.2,"узел на 4-м колене без исходящих — вероятный артефакт обрыва обхода, не подтверждённый terminal (in_deg=1)",9,0.1,0.1832,"узел на 4-м колене без исходящих — вероятный артефакт обрыва обхода, не подтверждённый terminal (in_deg=1) Кластер 9 (0 seed)  объём входящих 46 000 KZT."
100000008757301100,4,False,1,0,58398.0,0.0,3,0,0.000532870629678765,-0.0,-4.1663728283789785e-20,0.0,False,0,0.0,True,0,peripheral,0.2,"узел на 4-м колене без исходящих — вероятный артефакт обрыва обхода, не подтверждённый terminal (in_deg=1)",8,0.1,0.1871,"узел на 4-м колене без исходящих — вероятный артефакт обрыва обхода, не подтверждённый terminal (in_deg=1) Кластер 8 (1 seed)  объём входящих 58 398 KZT."
100000002752565100,4,False,1,0,57000.0,0.0,1,0,0.00033973572253054356,-0.0,8.448980848062896e-20,0.0,False,0,0.0,True,0,peripheral,0.2,"узел на 4-м колене без исходящих — вероятный артефакт обрыва обхода, не подтверждённый terminal (in_deg=1)",17,0.1,0.1867,"узел на 4-м колене без исходящих — вероятный артефакт обрыва обхода, не подтверждённый terminal (in_deg=1) Кластер 17 (0 seed)  объём входящих 57 000 KZT."
100000002734815100,4,False,1,0,110000.0,0.0,1,0,0.000313589037662223,-0.0,3.09069752626555e-08,0.0,False,0,0.0,True,0,peripheral,0.2,"узел на 4-м колене без исходящих — вероятный артефакт обрыва обхода, не подтверждённый terminal (in_deg=1)",32,0.1,0.1974,"узел на 4-м колене без исходящих — вероятный артефакт обрыва обхода, не подтверждённый terminal (in_deg=1) Кластер 32 (0 seed)  объём входящих 110 000 KZT."
100000008333492100,4,False,1,0,216400.0,0.0,1,0,0.0004399409299864769,-0.0,-6.872385986203126e-20,0.0,False,0,0.0,True,0,peripheral,0.2,"узел на 4-м колене без исходящих — вероятный артефакт обрыва обхода, не подтверждённый terminal (in_deg=1)",22,0.1,0.2085,"узел на 4-м колене без исходящих — вероятный артефакт обрыва обхода, не подтверждённый terminal (in_deg=1) Кластер 22 (0 seed)  объём входящих 216 400 KZT."
100000006527156100,4,False,1,0,48500.0,0.0,1,0,0.00029740102648613743,-0.0,2.5468927032645624e-20,0.0,False,0,0.0,True,0,peripheral,0.2,"узел на 4-м колене без исходящих — вероятный артефакт обрыва обхода, не подтверждённый terminal (in_deg=1)",16,0.1,0.1841,"узел на 4-м колене без исходящих — вероятный артефакт обрыва обхода, не подтверждённый terminal (in_deg=1) Кластер 16 (0 seed)  объём входящих 48 500 KZT."
100000003448713100,4,False,1,0,266750.0,0.0,1,0,0.0003048101172056621,-0.0,0.00011365723689489736,0.0,False,0,0.0,True,0,peripheral,0.2,"узел на 4-м колене без исходящих — вероятный артефакт обрыва обхода, не подтверждённый terminal (in_deg=1)",17,0.1,0.2119,"узел на 4-м колене без исходящих — вероятный артефакт обрыва обхода, не подтверждённый terminal (in_deg=1) Кластер 17 (0 seed)  объём входящих 266 750 KZT."
100000004780083100,4,False,1,0,9999.0,0.0,1,0,0.0002946979045255726,-0.0,-2.0524971379570852e-20,0.0,False,0,0.0,True,0,peripheral,0.2,"узел на 4-м колене без исходящих — вероятный артефакт обрыва обхода, не подтверждённый terminal (in_deg=1)",67,0.1,0.1583,"узел на 4-м колене без исходящих — вероятный артефакт обрыва обхода, не подтверждённый terminal (in_deg=1) Кластер 67 (0 seed)  объём входящих 9 999 KZT."
100000004798515100,4,False,1,0,200000.0,0.0,2,0,0.00036544694814377303,-0.0,2.369785447943299e-06,0.0,False,0,0.0,True,0,peripheral,0.2,"узел на 4-м колене без исходящих — вероятный артефакт обрыва обхода, не подтверждённый terminal (in_deg=1)",13,0.1,0.2072,"узел на 4-м колене без исходящих — вероятный артефакт обрыва обхода, не подтверждённый terminal (in_deg=1) Кластер 13 (1 seed)  объём входящих 200 000 KZT."
100000004232712100,4,False,1,0,12500.0,0.0,1,0,0.0005315954812987935,-0.0,4.770068154035443e-20,0.0,False,0,0.0,True,0,peripheral,0.2,"узел на 4-м колене без исходящих — вероятный артефакт обрыва обхода, не подтверждённый terminal (in_deg=1)",9,0.1,0.1619,"узел на 4-м колене без исходящих — вероятный артефакт обрыва обхода, не подтверждённый terminal (in_deg=1) Кластер 9 (0 seed)  объём входящих 12 500 KZT."
100000005209352100,4,False,1,0,5000.0,0.0,1,0,0.0004221278003184255,-0.0,3.2690575970775206e-19,0.0,False,0,0.0,True,0,peripheral,0.2,"узел на 4-м колене без исходящих — вероятный артефакт обрыва обхода, не подтверждённый terminal (in_deg=1)",8,0.1,0.147,"узел на 4-м колене без исходящих — вероятный артефакт обрыва обхода, не подтверждённый terminal (in_deg=1) Кластер 8 (1 seed)  объём входящих 5 000 KZT."
100000000561160100,4,False,1,0,240000.0,0.0,1,0,0.0004381643803221745,-0.0,1.198735881053226e-05,0.0,False,0,0.0,True,0,peripheral,0.2,"узел на 4-м колене без исходящих — вероятный артефакт обрыва обхода, не подтверждённый terminal (in_deg=1)",15,0.1,0.2102,"узел на 4-м колене без исходящих — вероятный артефакт обрыва обхода, не подтверждённый terminal (in_deg=1) Кластер 15 (5 seed)  объём входящих 240 000 KZT."
100000003568904100,4,False,1,0,49000.0,0.0,1,0,0.0005340597144097779,-0.0,-6.641851279335782e-20,0.0,False,0,0.0,True,0,peripheral,0.2,"узел на 4-м колене без исходящих — вероятный артефакт обрыва обхода, не подтверждённый terminal (in_deg=1)",31,0.1,0.1842,"узел на 4-м колене без исходящих — вероятный артефакт обрыва обхода, не подтверждённый terminal (in_deg=1) Кластер 31 (3 seed)  объём входящих 49 000 KZT."
100000000470237100,4,False,1,0,32500.0,0.0,1,0,0.0005874891550959067,-0.0,-2.9241253673812287e-19,0.0,False,0,0.0,True,0,peripheral,0.2,"узел на 4-м колене без исходящих — вероятный артефакт обрыва обхода, не подтверждённый terminal (in_deg=1)",57,0.1,0.1775,"узел на 4-м колене без исходящих — вероятный артефакт обрыва обхода, не подтверждённый terminal (in_deg=1) Кластер 57 (0 seed)  объём входящих 32 500 KZT."
100000008560263100,4,False,1,0,100000.0,0.0,1,0,0.00031458589175402374,-0.0,3.5050620507293534e-19,0.0,False,0,0.0,True,0,peripheral,0.2,"узел на 4-м колене без исходящих — вероятный артефакт обрыва обхода, не подтверждённый terminal (in_deg=1)",9,0.1,0.1959,"узел на 4-м колене без исходящих — вероятный артефакт обрыва обхода, не подтверждённый terminal (in_deg=1) Кластер 9 (0 seed)  объём входящих 100 000 KZT."
100000000542087100,4,False,1,0,8506.91,0.0,1,0,0.00028769776072608104,-0.0,-7.864792801464619e-20,0.0,False,0,0.0,True,0,peripheral,0.2,"узел на 4-м колене без исходящих — вероятный артефакт обрыва обхода, не подтверждённый terminal (in_deg=1)",69,0.1,0.1557,"узел на 4-м колене без исходящих — вероятный артефакт обрыва обхода, не подтверждённый terminal (in_deg=1) Кластер 69 (0 seed)  объём входящих 8 507 KZT."
100000004403548100,4,False,1,0,5000.0,0.0,1,0,0.00036949572515425523,-0.0,1.766633211913558e-19,0.0,False,0,0.0,True,0,peripheral,0.2,"узел на 4-м колене без исходящих — вероятный артефакт обрыва обхода, не подтверждённый terminal (in_deg=1)",17,0.1,0.147,"узел на 4-м колене без исходящих — вероятный артефакт обрыва обхода, не подтверждённый terminal (in_deg=1) Кластер 17 (0 seed)  объём входящих 5 000 KZT."
100000003010908100,4,False,1,0,17000.0,0.0,1,0,0.0004011725717375634,-0.0,2.1678034372453476e-06,0.0,False,0,0.0,True,0,peripheral,0.2,"узел на 4-м колене без исходящих — вероятный артефакт обрыва обхода, не подтверждённый terminal (in_deg=1)",29,0.1,0.167,"узел на 4-м колене без исходящих — вероятный артефакт обрыва обхода, не подтверждённый terminal (in_deg=1) Кластер 29 (0 seed)  объём входящих 17 000 KZT."
100000006756956100,4,False,1,0,121200.0,0.0,9,0,0.00031233192132253763,-0.0,9.170991618779548e-05,0.0,False,0,0.0,True,0,peripheral,0.2,"узел на 4-м колене без исходящих — вероятный артефакт обрыва обхода, не подтверждённый terminal (in_deg=1)",8,0.1,0.199,"узел на 4-м колене без исходящих — вероятный артефакт обрыва обхода, не подтверждённый terminal (in_deg=1) Кластер 8 (1 seed)  объём входящих 121 200 KZT."
100000007357489100,4,False,2,0,164500.0,0.0,2,0,0.00031435760399258953,-0.0,1.6071079325061875e-06,0.0,False,0,0.0,True,0,peripheral,0.2,"узел на 4-м колене без исходящих — вероятный артефакт обрыва обхода, не подтверждённый terminal (in_deg=2)",32,0.1,0.204,"узел на 4-м колене без исходящих — вероятный артефакт обрыва обхода, не подтверждённый terminal (in_deg=2) Кластер 32 (0 seed)  объём входящих 164 500 KZT."
100000002599729100,4,False,1,0,65000.0,0.0,2,0,0.00048791952362156144,-0.0,-3.751870677366619e-19,0.0,False,0,0.0,True,0,peripheral,0.2,"узел на 4-м колене без исходящих — вероятный артефакт обрыва обхода, не подтверждённый terminal (in_deg=1)",8,0.1,0.1888,"узел на 4-м колене без исходящих — вероятный артефакт обрыва обхода, не подтверждённый terminal (in_deg=1) Кластер 8 (1 seed)  объём входящих 65 000 KZT."
100000005849862100,4,False,1,0,13000.0,0.0,2,0,0.0005508281363852517,-0.0,9.298786383127704e-19,0.0,False,0,0.0,True,0,peripheral,0.2,"узел на 4-м колене без исходящих — вероятный артефакт обрыва обхода, не подтверждённый terminal (in_deg=1)",24,0.1,0.1626,"узел на 4-м колене без исходящих — вероятный артефакт обрыва обхода, не подтверждённый terminal (in_deg=1) Кластер 24 (2 seed)  объём входящих 13 000 KZT."
100000008762843100,4,False,1,0,7000.0,0.0,1,0,0.00028855049893795236,-0.0,3.09069752626555e-08,0.0,False,0,0.0,True,0,peripheral,0.2,"узел на 4-м колене без исходящих — вероятный артефакт обрыва обхода, не подтверждённый terminal (in_deg=1)",32,0.1,0.1525,"узел на 4-м колене без исходящих — вероятный артефакт обрыва обхода, не подтверждённый terminal (in_deg=1) Кластер 32 (0 seed)  объём входящих 7 000 KZT."
100000002723674100,4,False,1,0,30000.0,0.0,1,0,0.0003286204436086749,-0.0,-1.8111134716790626e-19,0.0,False,0,0.0,True,0,peripheral,0.2,"узел на 4-м колене без исходящих — вероятный артефакт обрыва обхода, не подтверждённый terminal (in_deg=1)",46,0.1,0.1762,"узел на 4-м колене без исходящих — вероятный артефакт обрыва обхода, не подтверждённый terminal (in_deg=1) Кластер 46 (0 seed)  объём входящих 30 000 KZT."
100000008758106100,4,False,1,0,10000.0,0.0,1,0,0.0002881700501369176,-0.0,1.2761480262545454e-06,0.0,False,0,0.0,True,0,peripheral,0.2,"узел на 4-м колене без исходящих — вероятный артефакт обрыва обхода, не подтверждённый terminal (in_deg=1)",32,0.1,0.1583,"узел на 4-м колене без исходящих — вероятный артефакт обрыва обхода, не подтверждённый terminal (in_deg=1) Кластер 32 (0 seed)  объём входящих 10 000 KZT."
100000001286703100,4,False,1,0,20500.0,0.0,1,0,0.0002885264901584041,-0.0,-6.856578103802038e-20,0.0,False,0,0.0,True,0,peripheral,0.2,"узел на 4-м колене без исходящих — вероятный артефакт обрыва обхода, не подтверждённый terminal (in_deg=1)",64,0.1,0.17,"узел на 4-м колене без исходящих — вероятный артефакт обрыва обхода, не подтверждённый terminal (in_deg=1) Кластер 64 (0 seed)  объём входящих 20 500 KZT."
